path,scientific,tier,lat,lon,taken_at,source,kind,license,attribution
/Users/outman/workspace/personal/bioscan/data/inat/Odocoileus_hemionus/402639365_739180123.jpg,Odocoileus hemionus,inat,38.733425,-123.4876866667,2021-07-14T14:18:34-07:00,https://www.inaturalist.org/observations/402639365,mammal,cc-by-nc,"(c) greg3llis, some rights reserved (CC BY-NC)"
/Users/outman/workspace/personal/bioscan/data/inat/Odocoileus_hemionus/402617365_739134704.jpg,Odocoileus hemionus,inat,35.3266616667,-120.4932466667,2026-09-20T18:26:17-07:00,https://www.inaturalist.org/observations/402617365,mammal,cc-by-nc,"(c) Kim Pivetti, some rights reserved (CC BY-NC)"
/Users/outman/workspace/personal/bioscan/data/inat/Odocoileus_hemionus/402615996_739131489.jpg,Odocoileus hemionus,inat,37.879425,-122.264555,2026-09-22T17:57:16-07:00,https://www.inaturalist.org/observations/402615996,mammal,cc-by-nc,"(c) ncarlos30, some rights reserved (CC BY-NC)"
/Users/outman/workspace/personal/bioscan/data/inat/Odocoileus_hemionus/402601579_739102989.jpg,Odocoileus hemionus,inat,39.2038383333,-120.9542383333,2022-06-30T19:44:12-07:00,https://www.inaturalist.org/observations/402601579,mammal,cc-by-nc,"(c) jriendeau, some rights reserved (CC BY-NC)"
/Users/outman/workspace/personal/bioscan/data/inat/Odocoileus_hemionus/402591206_739081997.jpg,Odocoileus hemionus,inat,34.2931416667,-117.9980783333,2026-09-22T07:41:32-07:00,https://www.inaturalist.org/observations/402591206,mammal,cc-by-nc,"(c) Jeff Fenwick, some rights reserved (CC BY-NC)"
/Users/outman/workspace/personal/bioscan/data/inat/Odocoileus_hemionus/402546286_738992942.jpg,Odocoileus hemionus,inat,36.5508583333,-118.763725,2026-09-15T17:15:37-07:00,https://www.inaturalist.org/observations/402546286,mammal,cc-by-nc,"(c) saradlc, some rights reserved (CC BY-NC)"
/Users/outman/workspace/personal/bioscan/data/inat/Odocoileus_hemionus/402537386_738976498.jpg,Odocoileus hemionus,inat,40.7670914997,-124.139052,2026-09-22T12:14:22-07:00,https://www.inaturalist.org/observations/402537386,mammal,cc-by,"(c) Mandy Hackney, some rights reserved (CC BY)"
/Users/outman/workspace/personal/bioscan/data/inat/Odocoileus_hemionus/402535472_738972607.jpg,Odocoileus hemionus,inat,35.2069987683,-120.4102110939,2026-09-21T12:25:49-07:00,https://www.inaturalist.org/observations/402535472,mammal,cc-by-nc,"(c) fern224, some rights reserved (CC BY-NC)"
/Users/outman/workspace/personal/bioscan/data/inat/Odocoileus_hemionus/402515762_738932785.jpg,Odocoileus hemionus,inat,37.8726305556,-122.2586444444,2026-09-12T23:13:00-07:00,https://www.inaturalist.org/observations/402515762,mammal,cc-by-nc,"(c) aaronlawberkeley, some rights reserved (CC BY-NC)"
/Users/outman/workspace/personal/bioscan/data/inat/Odocoileus_hemionus/402509607_738922165.jpg,Odocoileus hemionus,inat,36.9956016541,-122.059387207,2026-09-21T16:49:41-07:00,https://www.inaturalist.org/observations/402509607,mammal,cc-by-nc,"(c) Sofia Stoddard, some rights reserved (CC BY-NC)"
/Users/outman/workspace/personal/bioscan/data/inat/Odocoileus_hemionus/402492945_738888697.jpg,Odocoileus hemionus,inat,35.3283694444,-120.7455222222,2026-09-22T09:05:00-07:00,https://www.inaturalist.org/observations/402492945,mammal,cc-by-nc,"(c) Marcella Munson, some rights reserved (CC BY-NC)"
/Users/outman/workspace/personal/bioscan/data/inat/Odocoileus_hemionus/402490323_738886557.jpg,Odocoileus hemionus,inat,37.8746194444,-122.2556527778,2026-09-21T16:37:00-07:00,https://www.inaturalist.org/observations/402490323,mammal,cc-by-nc,"(c) khaveen, some rights reserved (CC BY-NC)"
/Users/outman/workspace/personal/bioscan/data/inat/Odocoileus_hemionus/402481271_738869786.jpg,Odocoileus hemionus,inat,34.892199149,-118.8545366114,2026-09-22T07:22:35-07:00,https://www.inaturalist.org/observations/402481271,mammal,cc-by-nc,"(c) Calvin J., some rights reserved (CC BY-NC)"
/Users/outman/workspace/personal/bioscan/data/inat/Odocoileus_hemionus/402471571_738851833.jpg,Odocoileus hemionus,inat,38.3098806026,-122.2672842166,2026-09-22T08:02:11-07:00,https://www.inaturalist.org/observations/402471571,mammal,cc-by-nc,"(c) Jessica S, some rights reserved (CC BY-NC)"
/Users/outman/workspace/personal/bioscan/data/inat/Odocoileus_hemionus/402451627_738812918.jpg,Odocoileus hemionus,inat,36.7950239554,-121.3127047918,2026-09-21T09:04:00-07:00,https://www.inaturalist.org/observations/402451627,mammal,cc-by-nc,"(c) James Maughn, some rights reserved (CC BY-NC)"
/Users/outman/workspace/personal/bioscan/data/inat/Odocoileus_hemionus/402451626_738812916.jpg,Odocoileus hemionus,inat,36.7949764695,-121.3127079308,2026-09-21T09:04:00-07:00,https://www.inaturalist.org/observations/402451626,mammal,cc-by-nc,"(c) James Maughn, some rights reserved (CC BY-NC)"
/Users/outman/workspace/personal/bioscan/data/inat/Odocoileus_hemionus/402402276_738717798.jpg,Odocoileus hemionus,inat,40.597231437,-124.2740118768,2026-09-20T16:24:00-07:00,https://www.inaturalist.org/observations/402402276,mammal,cc-by-nc,"(c) Jonny Sperling, some rights reserved (CC BY-NC)"
/Users/outman/workspace/personal/bioscan/data/inat/Odocoileus_hemionus/402397454_738710173.jpg,Odocoileus hemionus,inat,39.4306082762,-122.8228294469,2026-09-18T10:54:25-07:00,https://www.inaturalist.org/observations/402397454,mammal,cc-by-nc,"(c) gnarlyshields, some rights reserved (CC BY-NC)"
/Users/outman/workspace/personal/bioscan/data/inat/Odocoileus_hemionus/402392681_738700573.jpg,Odocoileus hemionus,inat,37.6286888889,-122.4696055556,2026-09-21T19:21:00-07:00,https://www.inaturalist.org/observations/402392681,mammal,cc-by-nc,"(c) nature_finder26, some rights reserved (CC BY-NC)"
/Users/outman/workspace/personal/bioscan/data/inat/Odocoileus_hemionus/402392215_738699923.jpg,Odocoileus hemionus,inat,37.8987668137,-122.2460753194,2026-09-12T08:26:49-07:00,https://www.inaturalist.org/observations/402392215,mammal,cc-by-nc,"(c) kentatogo, some rights reserved (CC BY-NC)"
/Users/outman/workspace/personal/bioscan/data/inat/Odocoileus_hemionus/402389071_738694795.jpg,Odocoileus hemionus,inat,37.1441166667,-121.7937783333,2026-06-27T07:59:50-07:00,https://www.inaturalist.org/observations/402389071,mammal,cc-by-nc,"(c) Elliot Liu, some rights reserved (CC BY-NC)"
/Users/outman/workspace/personal/bioscan/data/inat/Odocoileus_hemionus/402386734_738689006.jpg,Odocoileus hemionus,inat,37.8551216667,-119.947555,2026-05-18T20:11:05-07:00,https://www.inaturalist.org/observations/402386734,mammal,cc-by-nc,"(c) dylan_feldman, some rights reserved (CC BY-NC)"
/Users/outman/workspace/personal/bioscan/data/inat/Odocoileus_hemionus/402372618_738660660.jpg,Odocoileus hemionus,inat,38.0069222167,-122.4909083333,2026-09-21T18:29:20-07:00,https://www.inaturalist.org/observations/402372618,mammal,cc-by,"(c) Karen Offereins, some rights reserved (CC BY)"
/Users/outman/workspace/personal/bioscan/data/inat/Odocoileus_hemionus/402372375_738660042.jpg,Odocoileus hemionus,inat,38.0034833333,-122.49548,2026-09-21T17:30:33-07:00,https://www.inaturalist.org/observations/402372375,mammal,cc-by,"(c) Karen Offereins, some rights reserved (CC BY)"
/Users/outman/workspace/personal/bioscan/data/inat/Odocoileus_hemionus/402370662_738653613.jpg,Odocoileus hemionus,inat,34.0743054179,-118.4548967928,2026-09-06T06:39:00-07:00,https://www.inaturalist.org/observations/402370662,mammal,cc0,no rights reserved
/Users/outman/workspace/personal/bioscan/data/inat/Canis_latrans/402640837_739183395.jpg,Canis latrans,inat,37.8982472451,-122.5524989516,2026-09-22T13:38:22-07:00,https://www.inaturalist.org/observations/402640837,mammal,cc-by-nc,"(c) afreiden, some rights reserved (CC BY-NC)"
/Users/outman/workspace/personal/bioscan/data/inat/Canis_latrans/402635012_739171712.jpg,Canis latrans,inat,33.6051935114,-116.4389551503,2026-09-21T17:50:44-07:00,https://www.inaturalist.org/observations/402635012,mammal,cc-by-nc,"(c) dalemeister, some rights reserved (CC BY-NC)"
/Users/outman/workspace/personal/bioscan/data/inat/Canis_latrans/402601056_739101794.jpg,Canis latrans,inat,33.2492616667,-117.238045,2026-01-03T15:58:12-08:00,https://www.inaturalist.org/observations/402601056,mammal,cc-by-nc,"(c) jriendeau, some rights reserved (CC BY-NC)"
/Users/outman/workspace/personal/bioscan/data/inat/Canis_latrans/402595884_739091923.jpg,Canis latrans,inat,33.6053637327,-116.439159015,2026-09-22T13:56:15-07:00,https://www.inaturalist.org/observations/402595884,mammal,cc-by-nc,"(c) dalemeister, some rights reserved (CC BY-NC)"
/Users/outman/workspace/personal/bioscan/data/inat/Canis_latrans/402559506_739017568.jpg,Canis latrans,inat,37.0045083333,-122.0472638333,2026-09-20T18:03:30-07:00,https://www.inaturalist.org/observations/402559506,mammal,cc-by-nc,"(c) Lionel Lara, some rights reserved (CC BY-NC)"
/Users/outman/workspace/personal/bioscan/data/inat/Canis_latrans/402557501_739014257.jpg,Canis latrans,inat,36.4484629275,-116.852730699,2025-05-02T10:27:30-07:00,https://www.inaturalist.org/observations/402557501,mammal,cc-by-nc,"(c) Jordi14FCB, some rights reserved (CC BY-NC)"
/Users/outman/workspace/personal/bioscan/data/inat/Canis_latrans/402547729_738995561.jpg,Canis latrans,inat,34.6928067064,-120.0406397134,2026-01-30T15:20:11-08:00,https://www.inaturalist.org/observations/402547729,mammal,cc-by-nc,"(c) mikewthomas, some rights reserved (CC BY-NC)"
/Users/outman/workspace/personal/bioscan/data/inat/Canis_latrans/402524112_738950171.jpg,Canis latrans,inat,37.42968,-122.16265,2026-09-22T10:57:29-07:00,https://www.inaturalist.org/observations/402524112,mammal,cc-by-nc,"(c) Miriam Cheng, some rights reserved (CC BY-NC)"
/Users/outman/workspace/personal/bioscan/data/inat/Canis_latrans/402440545_738792662.jpg,Canis latrans,inat,37.7502995997,-122.4666313,2026-09-21T14:45:53-07:00,https://www.inaturalist.org/observations/402440545,mammal,cc-by-nc,"(c) magharding, some rights reserved (CC BY-NC)"
/Users/outman/workspace/personal/bioscan/data/inat/Canis_latrans/402397101_738709382.jpg,Canis latrans,inat,39.4283653669,-122.8156248684,2026-09-19T17:38:37-07:00,https://www.inaturalist.org/observations/402397101,mammal,cc-by-nc,"(c) gnarlyshields, some rights reserved (CC BY-NC)"
/Users/outman/workspace/personal/bioscan/data/inat/Canis_latrans/402379352_738673977.jpg,Canis latrans,inat,37.2262277778,-121.8459472222,2026-09-20T08:07:00-07:00,https://www.inaturalist.org/observations/402379352,mammal,cc-by-nc,"(c) eeya, some rights reserved (CC BY-NC)"
/Users/outman/workspace/personal/bioscan/data/inat/Canis_latrans/402376452_738668479.jpg,Canis latrans,inat,37.7209383333,-119.6472333333,2016-03-30T11:28:41-07:00,https://www.inaturalist.org/observations/402376452,mammal,cc-by-nc,"(c) Dominick Mcgrath, some rights reserved (CC BY-NC)"
/Users/outman/workspace/personal/bioscan/data/inat/Canis_latrans/402374994_738665066.jpg,Canis latrans,inat,37.4103259437,-121.7994337278,2026-09-21T09:53:00-07:00,https://www.inaturalist.org/observations/402374994,mammal,cc-by-nc,"(c) edwardrooks, some rights reserved (CC BY-NC)"
/Users/outman/workspace/personal/bioscan/data/inat/Canis_latrans/402370671_738653669.jpg,Canis latrans,inat,34.0739790532,-118.4543666496,2026-09-19T06:07:00-07:00,https://www.inaturalist.org/observations/402370671,mammal,cc0,no rights reserved
/Users/outman/workspace/personal/bioscan/data/inat/Canis_latrans/402370670_738653692.jpg,Canis latrans,inat,34.0743054179,-118.4548967928,2026-09-19T07:12:00-07:00,https://www.inaturalist.org/observations/402370670,mammal,cc0,no rights reserved
/Users/outman/workspace/personal/bioscan/data/inat/Canis_latrans/402370663_738653640.jpg,Canis latrans,inat,34.0743054179,-118.4548967928,2026-09-08T07:08:00-07:00,https://www.inaturalist.org/observations/402370663,mammal,cc0,no rights reserved
/Users/outman/workspace/personal/bioscan/data/inat/Canis_latrans/402367209_738648647.jpg,Canis latrans,inat,37.5857753929,-122.3169559219,2026-09-21T10:34:00-07:00,https://www.inaturalist.org/observations/402367209,mammal,cc-by-nc,"(c) Donna Pomeroy, some rights reserved (CC BY-NC)"
/Users/outman/workspace/personal/bioscan/data/inat/Canis_latrans/402363986_738642271.jpg,Canis latrans,inat,32.8792868923,-116.8234199844,2026-09-21T17:04:04-07:00,https://www.inaturalist.org/observations/402363986,mammal,cc-by-nc,"(c) quercuscircus, some rights reserved (CC BY-NC)"
/Users/outman/workspace/personal/bioscan/data/inat/Canis_latrans/402359141_738632673.jpg,Canis latrans,inat,33.5514333333,-117.6417,2026-09-21T07:09:50-07:00,https://www.inaturalist.org/observations/402359141,mammal,cc-by-nc,"(c) lylaapte, some rights reserved (CC BY-NC)"
/Users/outman/workspace/personal/bioscan/data/inat/Canis_latrans/402341411_738597035.jpg,Canis latrans,inat,33.6052857226,-116.4390263177,2026-09-21T17:50:40-07:00,https://www.inaturalist.org/observations/402341411,mammal,cc-by-nc,"(c) dalemeister, some rights reserved (CC BY-NC)"
/Users/outman/workspace/personal/bioscan/data/inat/Canis_latrans/402334866_738582906.jpg,Canis latrans,inat,32.86838,-117.239555,2026-09-20T10:14:29-07:00,https://www.inaturalist.org/observations/402334866,mammal,cc-by-nc,"(c) ljenny, some rights reserved (CC BY-NC)"
/Users/outman/workspace/personal/bioscan/data/inat/Canis_latrans/402327032_738566604.jpg,Canis latrans,inat,34.0196892708,-118.2906273936,2026-09-20T01:38:39-07:00,https://www.inaturalist.org/observations/402327032,mammal,cc-by-nc,"(c) angelinahongthong, some rights reserved (CC BY-NC)"
/Users/outman/workspace/personal/bioscan/data/inat/Canis_latrans/402303416_738519613.jpg,Canis latrans,inat,34.154320671,-117.4948019162,2026-07-28T07:20:51-07:00,https://www.inaturalist.org/observations/402303416,mammal,cc-by-nc,"(c) kdkirtley, some rights reserved (CC BY-NC)"
/Users/outman/workspace/personal/bioscan/data/inat/Canis_latrans/402303367_738519551.jpg,Canis latrans,inat,37.6193806644,-119.074300155,2026-08-22T08:51:19-07:00,https://www.inaturalist.org/observations/402303367,mammal,cc-by-nc,"(c) kdkirtley, some rights reserved (CC BY-NC)"
/Users/outman/workspace/personal/bioscan/data/inat/Canis_latrans/402274810_738461526.jpg,Canis latrans,inat,37.2861869837,-121.7572869943,2026-09-20T17:56:37-07:00,https://www.inaturalist.org/observations/402274810,mammal,cc-by-nc,"(c) thebestwildlifefinder, some rights reserved (CC BY-NC)"
/Users/outman/workspace/personal/bioscan/data/inat/Procyon_lotor/402653080_739207710.jpg,Procyon lotor,inat,37.8071033333,-122.26082,2026-07-30T21:29:50-07:00,https://www.inaturalist.org/observations/402653080,mammal,cc-by-nc,"(c) numberoneforager, some rights reserved (CC BY-NC)"
/Users/outman/workspace/personal/bioscan/data/inat/Procyon_lotor/402645135_739192652.jpg,Procyon lotor,inat,33.9773116667,-117.3247,2026-09-22T20:55:01-07:00,https://www.inaturalist.org/observations/402645135,mammal,cc-by-nc,"(c) calvin, some rights reserved (CC BY-NC)"
/Users/outman/workspace/personal/bioscan/data/inat/Procyon_lotor/402500504_738903036.jpg,Procyon lotor,inat,35.0318913379,-120.6191233053,2026-09-02T13:44:00-07:00,https://www.inaturalist.org/observations/402500504,mammal,cc-by-nc,"(c) weissfamman, some rights reserved (CC BY-NC)"
/Users/outman/workspace/personal/bioscan/data/inat/Procyon_lotor/402386828_738689293.jpg,Procyon lotor,inat,33.9771633333,-117.3220583333,2026-09-21T22:29:21-07:00,https://www.inaturalist.org/observations/402386828,mammal,cc-by-nc,"(c) calvin, some rights reserved (CC BY-NC)"
/Users/outman/workspace/personal/bioscan/data/inat/Procyon_lotor/402358641_738639001.jpg,Procyon lotor,inat,33.8698383333,-118.3642583333,2026-09-21T19:30:15-07:00,https://www.inaturalist.org/observations/402358641,mammal,cc-by-nc,"(c) han, some rights reserved (CC BY-NC)"
/Users/outman/workspace/personal/bioscan/data/inat/Procyon_lotor/402325318_738563042.jpg,Procyon lotor,inat,34.1639176989,-119.0357920994,2026-09-21T16:42:00-07:00,https://www.inaturalist.org/observations/402325318,mammal,cc-by-nc,"(c) Dominick Mcgrath, some rights reserved (CC BY-NC)"
/Users/outman/workspace/personal/bioscan/data/inat/Procyon_lotor/402315734_738544253.jpg,Procyon lotor,inat,38.6705969504,-121.1222962835,2026-09-20T07:57:23-07:00,https://www.inaturalist.org/observations/402315734,mammal,cc-by-nc,"(c) Rohan B, some rights reserved (CC BY-NC)"
/Users/outman/workspace/personal/bioscan/data/inat/Procyon_lotor/402296424_738469275.jpg,Procyon lotor,inat,32.942425,-117.1222833333,2026-09-21T11:03:00-07:00,https://www.inaturalist.org/observations/402296424,mammal,cc0,no rights reserved
/Users/outman/workspace/personal/bioscan/data/inat/Procyon_lotor/402284576_738427827.jpg,Procyon lotor,inat,33.9990638889,-118.4159361111,2026-08-18T23:03:00-07:00,https://www.inaturalist.org/observations/402284576,mammal,cc-by-nc,"(c) maiz, some rights reserved (CC BY-NC)"
/Users/outman/workspace/personal/bioscan/data/inat/Procyon_lotor/402256684_738425557.jpg,Procyon lotor,inat,40.8752666667,-124.0785305,2026-09-21T11:46:44-07:00,https://www.inaturalist.org/observations/402256684,mammal,cc-by-nc,"(c) harryflett, some rights reserved (CC BY-NC)"
/Users/outman/workspace/personal/bioscan/data/inat/Procyon_lotor/402201005_738317821.jpg,Procyon lotor,inat,33.7497425494,-116.7011340677,2026-09-21T07:28:19-07:00,https://www.inaturalist.org/observations/402201005,mammal,cc-by-nc,"(c) idymark, some rights reserved (CC BY-NC)"
/Users/outman/workspace/personal/bioscan/data/inat/Procyon_lotor/402192111_738301500.jpg,Procyon lotor,inat,41.0282924345,-124.018847669,2026-09-21T00:33:00-07:00,https://www.inaturalist.org/observations/402192111,mammal,cc-by-nc,"(c) Tiffany, some rights reserved (CC BY-NC)"
/Users/outman/workspace/personal/bioscan/data/inat/Procyon_lotor/402112948_738147591.jpg,Procyon lotor,inat,36.9773,-122.0503611667,2026-09-20T13:21:36-07:00,https://www.inaturalist.org/observations/402112948,mammal,cc-by-nc,"(c) breezygamer117, some rights reserved (CC BY-NC)"
/Users/outman/workspace/personal/bioscan/data/inat/Procyon_lotor/402110066_738141612.jpg,Procyon lotor,inat,38.2029068456,-121.008310035,2026-09-03T14:00:00-07:00,https://www.inaturalist.org/observations/402110066,mammal,cc-by-nc,"(c) sin_nombre, some rights reserved (CC BY-NC)"
/Users/outman/workspace/personal/bioscan/data/inat/Procyon_lotor/402093171_738107842.jpg,Procyon lotor,inat,33.973075,-117.3292383333,2026-09-20T21:00:39-07:00,https://www.inaturalist.org/observations/402093171,mammal,cc-by-nc,"(c) calvin, some rights reserved (CC BY-NC)"
/Users/outman/workspace/personal/bioscan/data/inat/Procyon_lotor/402027235_737972885.jpg,Procyon lotor,inat,34.1723241773,-118.4716335532,2026-09-20T12:48:00-07:00,https://www.inaturalist.org/observations/402027235,mammal,cc-by-nc,"(c) Malik Vest-Walton, some rights reserved (CC BY-NC)"
/Users/outman/workspace/personal/bioscan/data/inat/Procyon_lotor/402018785_737954595.jpg,Procyon lotor,inat,34.5358012011,-119.7961784192,2026-09-05T15:25:00-07:00,https://www.inaturalist.org/observations/402018785,mammal,cc-by-nc,"(c) Cristina Sandoval, some rights reserved (CC BY-NC)"
/Users/outman/workspace/personal/bioscan/data/inat/Procyon_lotor/401955654_737827791.jpg,Procyon lotor,inat,36.7794922663,-120.7999804495,2026-09-18T09:52:18-07:00,https://www.inaturalist.org/observations/401955654,mammal,cc-by-nc,"(c) kendalloei, some rights reserved (CC BY-NC)"
/Users/outman/workspace/personal/bioscan/data/inat/Procyon_lotor/401884008_737685455.jpg,Procyon lotor,inat,37.877525,-122.2625583333,2025-06-30T05:59:00-07:00,https://www.inaturalist.org/observations/401884008,mammal,cc-by-nc,"(c) Marcos Longo, some rights reserved (CC BY-NC)"
/Users/outman/workspace/personal/bioscan/data/inat/Procyon_lotor/401840908_737601404.jpg,Procyon lotor,inat,33.711035,-117.8527859722,2018-12-04T21:48:00-08:00,https://www.inaturalist.org/observations/401840908,mammal,cc-by-nc,"(c) tamu Yama, some rights reserved (CC BY-NC)"
/Users/outman/workspace/personal/bioscan/data/inat/Procyon_lotor/401778845_737479167.jpg,Procyon lotor,inat,33.9780527778,-117.3249138889,2026-09-19T21:30:21-07:00,https://www.inaturalist.org/observations/401778845,mammal,cc-by-nc,"(c) Adith R, some rights reserved (CC BY-NC)"
/Users/outman/workspace/personal/bioscan/data/inat/Procyon_lotor/401777459_737476001.jpg,Procyon lotor,inat,37.7266246,-122.4796331997,2026-09-19T22:59:08-07:00,https://www.inaturalist.org/observations/401777459,mammal,cc-by-nc,"(c) edie, some rights reserved (CC BY-NC)"
/Users/outman/workspace/personal/bioscan/data/inat/Procyon_lotor/401765705_737452265.jpg,Procyon lotor,inat,37.7003374202,-122.4196372969,2026-09-19T21:44:50-07:00,https://www.inaturalist.org/observations/401765705,mammal,cc-by-nc,"(c) cchloe_lii, some rights reserved (CC BY-NC)"
/Users/outman/workspace/personal/bioscan/data/inat/Procyon_lotor/401758262_737437387.jpg,Procyon lotor,inat,37.7824333333,-122.4730916667,2026-09-19T21:00:35-07:00,https://www.inaturalist.org/observations/401758262,mammal,cc-by-nc,"(c) Marah, some rights reserved (CC BY-NC)"
/Users/outman/workspace/personal/bioscan/data/inat/Procyon_lotor/401732776_737384510.jpg,Procyon lotor,inat,37.7269111111,-122.5001305556,2026-09-19T16:59:31-07:00,https://www.inaturalist.org/observations/401732776,mammal,cc-by-nc,"(c) Arianna Love, some rights reserved (CC BY-NC)"
/Users/outman/workspace/personal/bioscan/data/inat/Otospermophilus_beecheyi/402637812_739176431.jpg,Otospermophilus beecheyi,inat,32.8750802,-116.4649440267,2026-09-22T09:31:00-07:00,https://www.inaturalist.org/observations/402637812,mammal,cc-by-nc,"(c) kingsgate, some rights reserved (CC BY-NC)"
/Users/outman/workspace/personal/bioscan/data/inat/Otospermophilus_beecheyi/402614542_739128359.jpg,Otospermophilus beecheyi,inat,37.7155466,-119.6769058,2026-09-17T06:15:00-07:00,https://www.inaturalist.org/observations/402614542,mammal,cc-by-nc,"(c) sophiathyme, some rights reserved (CC BY-NC)"
/Users/outman/workspace/personal/bioscan/data/inat/Otospermophilus_beecheyi/402592092_739083856.jpg,Otospermophilus beecheyi,inat,38.722343206,-121.1668533772,2026-09-22T07:32:00-07:00,https://www.inaturalist.org/observations/402592092,mammal,cc-by-nc,"(c) mateowagner, some rights reserved (CC BY-NC)"
/Users/outman/workspace/personal/bioscan/data/inat/Otospermophilus_beecheyi/402569558_739038590.jpg,Otospermophilus beecheyi,inat,33.9441701349,-118.4416086772,2026-03-31T12:42:56-07:00,https://www.inaturalist.org/observations/402569558,mammal,cc-by-nc,"(c) stevenshep, some rights reserved (CC BY-NC)"
/Users/outman/workspace/personal/bioscan/data/inat/Otospermophilus_beecheyi/402540196_738981731.jpg,Otospermophilus beecheyi,inat,34.4402324003,-119.716048368,2026-09-22T12:24:23-07:00,https://www.inaturalist.org/observations/402540196,mammal,cc-by-nc,"(c) Delaney, some rights reserved (CC BY-NC)"
/Users/outman/workspace/personal/bioscan/data/inat/Otospermophilus_beecheyi/402527203_738956924.jpg,Otospermophilus beecheyi,inat,33.605342016,-116.4392545754,2026-09-22T09:28:30-07:00,https://www.inaturalist.org/observations/402527203,mammal,cc-by-nc,"(c) dalemeister, some rights reserved (CC BY-NC)"
/Users/outman/workspace/personal/bioscan/data/inat/Otospermophilus_beecheyi/402527051_738956139.jpg,Otospermophilus beecheyi,inat,33.5451270693,-117.7056406698,2026-09-21T12:07:00-07:00,https://www.inaturalist.org/observations/402527051,mammal,cc-by-nc,"(c) mooseandsquirrel, some rights reserved (CC BY-NC)"
/Users/outman/workspace/personal/bioscan/data/inat/Otospermophilus_beecheyi/402525606_738953256.jpg,Otospermophilus beecheyi,inat,34.0750472222,-118.1891555556,2026-09-20T10:41:54-07:00,https://www.inaturalist.org/observations/402525606,mammal,cc-by-nc,"(c) JM, some rights reserved (CC BY-NC)"
/Users/outman/workspace/personal/bioscan/data/inat/Otospermophilus_beecheyi/402496427_738897451.jpg,Otospermophilus beecheyi,inat,33.5456137587,-117.7057105571,2026-09-21T11:53:00-07:00,https://www.inaturalist.org/observations/402496427,mammal,cc-by-nc,"(c) mooseandsquirrel, some rights reserved (CC BY-NC)"
/Users/outman/workspace/personal/bioscan/data/inat/Otospermophilus_beecheyi/402496279_738896398.jpg,Otospermophilus beecheyi,inat,35.3713107298,-120.8667635396,2026-09-12T09:37:00-07:00,https://www.inaturalist.org/observations/402496279,mammal,cc-by-nc,"(c) skreling, some rights reserved (CC BY-NC)"
/Users/outman/workspace/personal/bioscan/data/inat/Otospermophilus_beecheyi/402478183_738864042.jpg,Otospermophilus beecheyi,inat,34.5007232557,-118.6120673366,2026-09-22T08:28:23-07:00,https://www.inaturalist.org/observations/402478183,mammal,cc-by-nc,"(c) exploringplants, some rights reserved (CC BY-NC)"
/Users/outman/workspace/personal/bioscan/data/inat/Otospermophilus_beecheyi/402466644_738843188.jpg,Otospermophilus beecheyi,inat,37.4096593302,-121.78823286,2026-09-21T11:51:00-07:00,https://www.inaturalist.org/observations/402466644,mammal,cc-by-nc,"(c) edwardrooks, some rights reserved (CC BY-NC)"
/Users/outman/workspace/personal/bioscan/data/inat/Otospermophilus_beecheyi/402449846_738808769.jpg,Otospermophilus beecheyi,inat,36.9523438162,-122.0823219236,2026-09-21T14:37:00-07:00,https://www.inaturalist.org/observations/402449846,mammal,cc-by-nc,"(c) James Maughn, some rights reserved (CC BY-NC)"
/Users/outman/workspace/personal/bioscan/data/inat/Otospermophilus_beecheyi/402381291_738678551.jpg,Otospermophilus beecheyi,inat,37.6785828344,-121.7966962073,2026-09-15T17:47:18-07:00,https://www.inaturalist.org/observations/402381291,mammal,cc-by-nc,"(c) Levon Harutyunyan, some rights reserved (CC BY-NC)"
/Users/outman/workspace/personal/bioscan/data/inat/Otospermophilus_beecheyi/402380152_738676376.jpg,Otospermophilus beecheyi,inat,36.6263126011,-121.9159271237,2026-09-19T14:26:30-07:00,https://www.inaturalist.org/observations/402380152,mammal,cc-by-nc,"(c) kayla3024, some rights reserved (CC BY-NC)"
/Users/outman/workspace/personal/bioscan/data/inat/Otospermophilus_beecheyi/402376046_738667506.jpg,Otospermophilus beecheyi,inat,37.4032116007,-120.0948617419,2026-09-21T13:21:00-07:00,https://www.inaturalist.org/observations/402376046,mammal,cc-by-nc,"(c) Sean Werle, some rights reserved (CC BY-NC)"
/Users/outman/workspace/personal/bioscan/data/inat/Otospermophilus_beecheyi/402375737_738665044.jpg,Otospermophilus beecheyi,inat,34.0744324064,-118.4547235658,2026-09-01T16:12:00-07:00,https://www.inaturalist.org/observations/402375737,mammal,cc0,no rights reserved
/Users/outman/workspace/personal/bioscan/data/inat/Otospermophilus_beecheyi/402363074_738623917.jpg,Otospermophilus beecheyi,inat,37.7483180371,-119.5872628706,2017-04-11T13:40:00-07:00,https://www.inaturalist.org/observations/402363074,mammal,cc-by-nc,"(c) Diego Tamayo, some rights reserved (CC BY-NC)"
/Users/outman/workspace/personal/bioscan/data/inat/Otospermophilus_beecheyi/402362206_738638030.jpg,Otospermophilus beecheyi,inat,33.9624546007,-118.4537753534,2026-09-21T16:51:00-07:00,https://www.inaturalist.org/observations/402362206,mammal,cc-by-nc,"(c) Tom, some rights reserved (CC BY-NC)"
/Users/outman/workspace/personal/bioscan/data/inat/Otospermophilus_beecheyi/402339086_738591877.jpg,Otospermophilus beecheyi,inat,32.9352030272,-117.2608951852,2026-09-19T11:48:04-07:00,https://www.inaturalist.org/observations/402339086,mammal,cc-by-nc,"(c) EAllen, some rights reserved (CC BY-NC)"
/Users/outman/workspace/personal/bioscan/data/inat/Otospermophilus_beecheyi/402323490_738559441.jpg,Otospermophilus beecheyi,inat,33.235295,-117.1440361667,2026-09-21T16:31:04-07:00,https://www.inaturalist.org/observations/402323490,mammal,cc-by-nc,"(c) tmedley316, some rights reserved (CC BY-NC)"
/Users/outman/workspace/personal/bioscan/data/inat/Otospermophilus_beecheyi/402309350_738531147.jpg,Otospermophilus beecheyi,inat,39.5724976981,-122.9631828296,2026-09-18T12:18:00-07:00,https://www.inaturalist.org/observations/402309350,mammal,cc-by-nc,"(c) gnarlyshields, some rights reserved (CC BY-NC)"
/Users/outman/workspace/personal/bioscan/data/inat/Otospermophilus_beecheyi/402299166_738508017.jpg,Otospermophilus beecheyi,inat,37.4268278229,-122.0862735018,2026-09-16T18:02:00-07:00,https://www.inaturalist.org/observations/402299166,mammal,cc-by-nc,"(c) Sarah Coty, some rights reserved (CC BY-NC)"
/Users/outman/workspace/personal/bioscan/data/inat/Otospermophilus_beecheyi/402299156_738506851.jpg,Otospermophilus beecheyi,inat,37.4280901739,-122.0861831525,2026-09-16T18:07:00-07:00,https://www.inaturalist.org/observations/402299156,mammal,cc-by-nc,"(c) Sarah Coty, some rights reserved (CC BY-NC)"
/Users/outman/workspace/personal/bioscan/data/inat/Otospermophilus_beecheyi/402272136_738456348.jpg,Otospermophilus beecheyi,inat,33.6052018897,-116.4391379417,2026-09-21T11:39:00-07:00,https://www.inaturalist.org/observations/402272136,mammal,cc-by-nc,"(c) dalemeister, some rights reserved (CC BY-NC)"
/Users/outman/workspace/personal/bioscan/data/inat/Sciurus_griseus/402645170_739187275.jpg,Sciurus griseus,inat,38.4458861116,-122.7965776137,2026-09-12T19:55:00-07:00,https://www.inaturalist.org/observations/402645170,mammal,cc-by,"(c) Alex, some rights reserved (CC BY)"
/Users/outman/workspace/personal/bioscan/data/inat/Sciurus_griseus/402645169_739187262.jpg,Sciurus griseus,inat,38.4458861116,-122.7965776137,2026-09-12T19:56:00-07:00,https://www.inaturalist.org/observations/402645169,mammal,cc-by,"(c) Alex, some rights reserved (CC BY)"
/Users/outman/workspace/personal/bioscan/data/inat/Sciurus_griseus/402645166_739187259.jpg,Sciurus griseus,inat,38.4458861116,-122.7965776137,2026-09-12T19:59:00-07:00,https://www.inaturalist.org/observations/402645166,mammal,cc-by,"(c) Alex, some rights reserved (CC BY)"
/Users/outman/workspace/personal/bioscan/data/inat/Sciurus_griseus/402645165_739187240.jpg,Sciurus griseus,inat,38.4458861116,-122.7965776137,2026-09-12T19:59:00-07:00,https://www.inaturalist.org/observations/402645165,mammal,cc-by,"(c) Alex, some rights reserved (CC BY)"
/Users/outman/workspace/personal/bioscan/data/inat/Sciurus_griseus/402645151_739187107.jpg,Sciurus griseus,inat,38.4458861116,-122.7965776137,2026-09-12T20:33:00-07:00,https://www.inaturalist.org/observations/402645151,mammal,cc-by,"(c) Alex, some rights reserved (CC BY)"
/Users/outman/workspace/personal/bioscan/data/inat/Sciurus_griseus/402598846_739097016.jpg,Sciurus griseus,inat,34.32721,-117.8309483333,2026-09-17T09:20:00-07:00,https://www.inaturalist.org/observations/402598846,mammal,cc-by-nc,"(c) Mary Fenwick, some rights reserved (CC BY-NC)"
/Users/outman/workspace/personal/bioscan/data/inat/Sciurus_griseus/402586882_739073312.jpg,Sciurus griseus,inat,34.372245,-117.75377,2026-09-22T08:14:34-07:00,https://www.inaturalist.org/observations/402586882,mammal,cc-by-nc,"(c) mojavemama, some rights reserved (CC BY-NC)"
/Users/outman/workspace/personal/bioscan/data/inat/Sciurus_griseus/402586613_739072743.jpg,Sciurus griseus,inat,34.3712616667,-117.7543416667,2026-09-22T08:27:00-07:00,https://www.inaturalist.org/observations/402586613,mammal,cc-by-nc,"(c) mojavemama, some rights reserved (CC BY-NC)"
/Users/outman/workspace/personal/bioscan/data/inat/Sciurus_griseus/402561822_739022577.jpg,Sciurus griseus,inat,34.4403494974,-119.715984034,2026-09-22T13:46:58-07:00,https://www.inaturalist.org/observations/402561822,mammal,cc-by-nc,"(c) Megan Vega, some rights reserved (CC BY-NC)"
/Users/outman/workspace/personal/bioscan/data/inat/Sciurus_griseus/402498714_738898151.jpg,Sciurus griseus,inat,38.363259465,-122.6038265842,2026-09-21T12:03:00-07:00,https://www.inaturalist.org/observations/402498714,mammal,cc-by-nc,"(c) Di, some rights reserved (CC BY-NC)"
/Users/outman/workspace/personal/bioscan/data/inat/Sciurus_griseus/402325540_738563613.jpg,Sciurus griseus,inat,39.711605,-121.5420533333,2026-09-18T09:04:45-07:00,https://www.inaturalist.org/observations/402325540,mammal,cc-by-nc,"(c) monkeyflower4ever, some rights reserved (CC BY-NC)"
/Users/outman/workspace/personal/bioscan/data/inat/Sciurus_griseus/402264048_738440963.jpg,Sciurus griseus,inat,36.5211868286,-121.9416656494,2026-09-21T12:17:34-07:00,https://www.inaturalist.org/observations/402264048,mammal,cc-by-nc,"(c) Eric Johnson, some rights reserved (CC BY-NC)"
/Users/outman/workspace/personal/bioscan/data/inat/Sciurus_griseus/402130549_738181998.jpg,Sciurus griseus,inat,38.9266975822,-119.9714484031,2026-09-18T10:36:12-07:00,https://www.inaturalist.org/observations/402130549,mammal,cc-by-nc,"(c) vanda_paradox, some rights reserved (CC BY-NC)"
/Users/outman/workspace/personal/bioscan/data/inat/Sciurus_griseus/402009241_737936414.jpg,Sciurus griseus,inat,33.0488590985,-116.6310034053,2026-09-20T07:34:00-07:00,https://www.inaturalist.org/observations/402009241,mammal,cc-by-nc,"(c) Bill Palmer, some rights reserved (CC BY-NC)"
/Users/outman/workspace/personal/bioscan/data/inat/Sciurus_griseus/401682827_737281409.jpg,Sciurus griseus,inat,38.4498300933,-122.6511051561,2026-09-18T18:21:00-07:00,https://www.inaturalist.org/observations/401682827,mammal,cc-by-nc,"(c) electriceye64, some rights reserved (CC BY-NC)"
/Users/outman/workspace/personal/bioscan/data/inat/Sciurus_griseus/401638113_737194619.jpg,Sciurus griseus,inat,34.06425,-117.1643305,2026-09-12T12:50:53-07:00,https://www.inaturalist.org/observations/401638113,mammal,cc-by-nc,"(c) miles, some rights reserved (CC BY-NC)"
/Users/outman/workspace/personal/bioscan/data/inat/Sciurus_griseus/401530106_736992098.jpg,Sciurus griseus,inat,38.4603833333,-122.7346111111,2026-09-16T17:21:28-07:00,https://www.inaturalist.org/observations/401530106,mammal,cc-by-nc,"(c) Matthew Schmahl, some rights reserved (CC BY-NC)"
/Users/outman/workspace/personal/bioscan/data/inat/Sciurus_griseus/401379803_736692229.jpg,Sciurus griseus,inat,39.1630197575,-123.2678267673,2026-09-16T14:19:37-07:00,https://www.inaturalist.org/observations/401379803,mammal,cc-by-nc,"(c) Jamie, some rights reserved (CC BY-NC)"
/Users/outman/workspace/personal/bioscan/data/inat/Sciurus_griseus/401323469_736577413.jpg,Sciurus griseus,inat,36.5546360206,-118.7457704603,2026-09-08T14:56:00-07:00,https://www.inaturalist.org/observations/401323469,mammal,cc-by-nc,"(c) bcnico, some rights reserved (CC BY-NC)"
/Users/outman/workspace/personal/bioscan/data/inat/Sciurus_griseus/401322541_736578814.jpg,Sciurus griseus,inat,34.521647,-119.838323,2026-09-11T13:40:00-07:00,https://www.inaturalist.org/observations/401322541,mammal,cc-by-nc,"(c) patanat, some rights reserved (CC BY-NC)"
/Users/outman/workspace/personal/bioscan/data/inat/Sciurus_griseus/401305201_736546086.jpg,Sciurus griseus,inat,34.1124638333,-117.7142033333,2026-09-17T15:50:47-07:00,https://www.inaturalist.org/observations/401305201,mammal,cc-by-nc,"(c) Chris Elgabalawi, some rights reserved (CC BY-NC)"
/Users/outman/workspace/personal/bioscan/data/inat/Sciurus_griseus/401126848_736206784.jpg,Sciurus griseus,inat,38.5533463284,-121.3501930609,2026-09-17T16:39:30-07:00,https://www.inaturalist.org/observations/401126848,mammal,cc-by-nc,"(c) Clifford Hawley, some rights reserved (CC BY-NC)"
/Users/outman/workspace/personal/bioscan/data/inat/Sciurus_griseus/401090827_736124842.jpg,Sciurus griseus,inat,37.7455701,-119.5936038,2026-09-16T15:42:00-07:00,https://www.inaturalist.org/observations/401090827,mammal,cc-by-nc,"(c) Paul Donahue, some rights reserved (CC BY-NC)"
/Users/outman/workspace/personal/bioscan/data/inat/Sciurus_griseus/401039063_736033072.jpg,Sciurus griseus,inat,40.7784101317,-122.2385025702,2026-09-17T11:40:57-07:00,https://www.inaturalist.org/observations/401039063,mammal,cc-by-nc,"(c) khabukie, some rights reserved (CC BY-NC)"
/Users/outman/workspace/personal/bioscan/data/inat/Sciurus_griseus/400893397_735745936.jpg,Sciurus griseus,inat,38.2690040705,-122.6345584775,2026-09-16T12:42:10-07:00,https://www.inaturalist.org/observations/400893397,mammal,cc-by-nc,"(c) Frank D. Gruber, some rights reserved (CC BY-NC)"
/Users/outman/workspace/personal/bioscan/data/inat/Sciurus_niger/402658949_739218584.jpg,Sciurus niger,inat,37.7169383333,-121.874855,2026-09-22T17:45:42-07:00,https://www.inaturalist.org/observations/402658949,mammal,cc-by,"(c) Irina Mitine, some rights reserved (CC BY)"
/Users/outman/workspace/personal/bioscan/data/inat/Sciurus_niger/402645358_739193005.jpg,Sciurus niger,inat,33.8969533333,-117.98452,2025-05-07T17:22:33-07:00,https://www.inaturalist.org/observations/402645358,mammal,cc-by-nc,"(c) eye4life, some rights reserved (CC BY-NC)"
/Users/outman/workspace/personal/bioscan/data/inat/Sciurus_niger/402645164_739187211.jpg,Sciurus niger,inat,38.4458861116,-122.7965776137,2026-09-12T20:18:00-07:00,https://www.inaturalist.org/observations/402645164,mammal,cc-by,"(c) Alex, some rights reserved (CC BY)"
/Users/outman/workspace/personal/bioscan/data/inat/Sciurus_niger/402645159_739187169.jpg,Sciurus niger,inat,38.4458861116,-122.7965776137,2026-09-12T20:19:00-07:00,https://www.inaturalist.org/observations/402645159,mammal,cc-by,"(c) Alex, some rights reserved (CC BY)"
/Users/outman/workspace/personal/bioscan/data/inat/Sciurus_niger/402645158_739187139.jpg,Sciurus niger,inat,38.4458861116,-122.7965776137,2026-09-12T20:21:00-07:00,https://www.inaturalist.org/observations/402645158,mammal,cc-by,"(c) Alex, some rights reserved (CC BY)"
/Users/outman/workspace/personal/bioscan/data/inat/Sciurus_niger/402645156_739187114.jpg,Sciurus niger,inat,38.4458861116,-122.7965776137,2026-09-12T20:26:00-07:00,https://www.inaturalist.org/observations/402645156,mammal,cc-by,"(c) Alex, some rights reserved (CC BY)"
/Users/outman/workspace/personal/bioscan/data/inat/Sciurus_niger/402645150_739187085.jpg,Sciurus niger,inat,38.4458861116,-122.7965776137,2026-09-12T20:39:00-07:00,https://www.inaturalist.org/observations/402645150,mammal,cc-by,"(c) Alex, some rights reserved (CC BY)"
/Users/outman/workspace/personal/bioscan/data/inat/Sciurus_niger/402645149_739187072.jpg,Sciurus niger,inat,38.4458861116,-122.7965776137,2026-09-12T20:39:00-07:00,https://www.inaturalist.org/observations/402645149,mammal,cc-by,"(c) Alex, some rights reserved (CC BY)"
/Users/outman/workspace/personal/bioscan/data/inat/Sciurus_niger/402645144_739187052.jpg,Sciurus niger,inat,38.4458861116,-122.7965776137,2026-09-12T20:41:00-07:00,https://www.inaturalist.org/observations/402645144,mammal,cc-by,"(c) Alex, some rights reserved (CC BY)"
/Users/outman/workspace/personal/bioscan/data/inat/Sciurus_niger/402645143_739186935.jpg,Sciurus niger,inat,38.4458861116,-122.7965776137,2026-09-12T20:52:00-07:00,https://www.inaturalist.org/observations/402645143,mammal,cc-by,"(c) Alex, some rights reserved (CC BY)"
/Users/outman/workspace/personal/bioscan/data/inat/Sciurus_niger/402639914_739181468.jpg,Sciurus niger,inat,33.5832813701,-117.7365897592,2026-09-22T13:40:00-07:00,https://www.inaturalist.org/observations/402639914,mammal,cc-by-nc,"(c) mooseandsquirrel, some rights reserved (CC BY-NC)"
/Users/outman/workspace/personal/bioscan/data/inat/Sciurus_niger/402634976_739171205.jpg,Sciurus niger,inat,34.1402854,-118.167294,2026-09-07T11:13:00-07:00,https://www.inaturalist.org/observations/402634976,mammal,cc-by-nc,"(c) Wendy Cheng, some rights reserved (CC BY-NC)"
/Users/outman/workspace/personal/bioscan/data/inat/Sciurus_niger/402631444_739163821.jpg,Sciurus niger,inat,32.732553,-117.1479089722,2026-09-22T17:43:12-07:00,https://www.inaturalist.org/observations/402631444,mammal,cc-by-nc,"(c) gumowa_kaczuszka, some rights reserved (CC BY-NC)"
/Users/outman/workspace/personal/bioscan/data/inat/Sciurus_niger/402622061_739144050.jpg,Sciurus niger,inat,37.8715226,-122.273042,2026-09-22T18:38:00-07:00,https://www.inaturalist.org/observations/402622061,mammal,cc-by-nc,"(c) isabellapankow200716, some rights reserved (CC BY-NC)"
/Users/outman/workspace/personal/bioscan/data/inat/Sciurus_niger/402617087_739143351.jpg,Sciurus niger,inat,38.542479023,-121.5006563299,2026-09-19T09:36:00-07:00,https://www.inaturalist.org/observations/402617087,mammal,cc-by-nc,"(c) Roslyn Mack Bell, some rights reserved (CC BY-NC)"
/Users/outman/workspace/personal/bioscan/data/inat/Sciurus_niger/402615815_739131129.jpg,Sciurus niger,inat,34.0339044222,-118.1585085019,2026-09-22T09:56:24-07:00,https://www.inaturalist.org/observations/402615815,mammal,cc-by-nc,"(c) boazsolorio, some rights reserved (CC BY-NC)"
/Users/outman/workspace/personal/bioscan/data/inat/Sciurus_niger/402610544_739120394.jpg,Sciurus niger,inat,33.9207638889,-117.8285444444,2026-09-19T16:05:00-07:00,https://www.inaturalist.org/observations/402610544,mammal,cc-by-nc,"(c) cristiansanchez06, some rights reserved (CC BY-NC)"
/Users/outman/workspace/personal/bioscan/data/inat/Sciurus_niger/402609847_739119272.jpg,Sciurus niger,inat,38.7503169074,-121.297439196,2026-09-22T17:31:11-07:00,https://www.inaturalist.org/observations/402609847,mammal,cc-by-nc,"(c) BugsAreLife, some rights reserved (CC BY-NC)"
/Users/outman/workspace/personal/bioscan/data/inat/Sciurus_niger/402607559_739114274.jpg,Sciurus niger,inat,33.6478283333,-117.7436666667,2026-09-19T09:43:20-07:00,https://www.inaturalist.org/observations/402607559,mammal,cc-by-nc,"(c) ladykingbird, some rights reserved (CC BY-NC)"
/Users/outman/workspace/personal/bioscan/data/inat/Sciurus_niger/402599883_739098615.jpg,Sciurus niger,inat,34.0204771738,-118.2844654326,2026-09-21T08:51:00-07:00,https://www.inaturalist.org/observations/402599883,mammal,cc-by-nc,"(c) imramos, some rights reserved (CC BY-NC)"
/Users/outman/workspace/personal/bioscan/data/inat/Sciurus_niger/402596397_739204922.jpg,Sciurus niger,inat,33.7121238708,-118.0395278931,2026-09-22T16:20:04-07:00,https://www.inaturalist.org/observations/402596397,mammal,cc-by-nc,"(c) cheetos4160, some rights reserved (CC BY-NC)"
/Users/outman/workspace/personal/bioscan/data/inat/Sciurus_niger/402581036_739061660.jpg,Sciurus niger,inat,32.7475783333,-117.1474833333,2026-09-21T16:05:33-07:00,https://www.inaturalist.org/observations/402581036,mammal,cc-by-nc,"(c) biancalovescats, some rights reserved (CC BY-NC)"
/Users/outman/workspace/personal/bioscan/data/inat/Sciurus_niger/402576578_739052266.jpg,Sciurus niger,inat,33.8835116886,-117.8853314121,2026-09-14T12:51:14-07:00,https://www.inaturalist.org/observations/402576578,mammal,cc-by-nc,"(c) sierrapowe2026, some rights reserved (CC BY-NC)"
/Users/outman/workspace/personal/bioscan/data/inat/Sciurus_niger/402567372_739033598.jpg,Sciurus niger,inat,34.4407116667,-119.7138283333,2026-09-22T12:13:55-07:00,https://www.inaturalist.org/observations/402567372,mammal,cc-by-nc,"(c) barbara831, some rights reserved (CC BY-NC)"
/Users/outman/workspace/personal/bioscan/data/inat/Sciurus_niger/402561826_739022586.jpg,Sciurus niger,inat,33.9203248561,-118.4121747551,2025-11-09T14:07:50-08:00,https://www.inaturalist.org/observations/402561826,mammal,cc-by-nc,"(c) stevenshep, some rights reserved (CC BY-NC)"
/Users/outman/workspace/personal/bioscan/data/inat/Lynx_rufus/402617683_739135534.jpg,Lynx rufus,inat,37.438741,-122.4435749722,2026-09-22T18:12:39-07:00,https://www.inaturalist.org/observations/402617683,mammal,cc-by-nc,"(c) Eabensol Dart, some rights reserved (CC BY-NC)"
/Users/outman/workspace/personal/bioscan/data/inat/Lynx_rufus/402608587_739116467.jpg,Lynx rufus,inat,38.6493853421,-121.2157573923,2026-09-22T17:21:13-07:00,https://www.inaturalist.org/observations/402608587,mammal,cc-by-nc,"(c) Erica Blankenbehler, some rights reserved (CC BY-NC)"
/Users/outman/workspace/personal/bioscan/data/inat/Lynx_rufus/402590969_739081552.jpg,Lynx rufus,inat,38.4440574572,-122.5760249421,2026-09-22T15:49:04-07:00,https://www.inaturalist.org/observations/402590969,mammal,cc-by-nc,"(c) Isaac Vargas, some rights reserved (CC BY-NC)"
/Users/outman/workspace/personal/bioscan/data/inat/Lynx_rufus/402359642_738633712.jpg,Lynx rufus,inat,38.5350799713,-121.2849795149,2026-09-21T19:38:31-07:00,https://www.inaturalist.org/observations/402359642,mammal,cc-by-nc,"(c) Zach Cava, some rights reserved (CC BY-NC)"
/Users/outman/workspace/personal/bioscan/data/inat/Lynx_rufus/402323845_738562926.jpg,Lynx rufus,inat,34.1261208875,-117.5236621499,2025-02-06T12:19:27-08:00,https://www.inaturalist.org/observations/402323845,mammal,cc-by-nc,"(c) kdkirtley, some rights reserved (CC BY-NC)"
/Users/outman/workspace/personal/bioscan/data/inat/Lynx_rufus/402215236_738345040.jpg,Lynx rufus,inat,38.3033280933,-123.0560426366,2026-09-20T18:45:11-07:00,https://www.inaturalist.org/observations/402215236,mammal,cc-by-nc,"(c) anya-westerfield, some rights reserved (CC BY-NC)"
/Users/outman/workspace/personal/bioscan/data/inat/Lynx_rufus/401990282_737898309.jpg,Lynx rufus,inat,37.7234638889,-122.0838722222,2026-09-20T12:57:31-07:00,https://www.inaturalist.org/observations/401990282,mammal,cc-by-nc,"(c) rmoss78, some rights reserved (CC BY-NC)"
/Users/outman/workspace/personal/bioscan/data/inat/Lynx_rufus/401976038_737868890.jpg,Lynx rufus,inat,37.5782498915,-121.695290657,2026-09-20T13:09:43-07:00,https://www.inaturalist.org/observations/401976038,mammal,cc-by,"(c) Alex C, some rights reserved (CC BY)"
/Users/outman/workspace/personal/bioscan/data/inat/Lynx_rufus/401760904_737443108.jpg,Lynx rufus,inat,37.020078069,-118.2121054256,2026-09-19T10:22:15-07:00,https://www.inaturalist.org/observations/401760904,mammal,cc-by-nc,"(c) ghost_spoor, some rights reserved (CC BY-NC)"
/Users/outman/workspace/personal/bioscan/data/inat/Lynx_rufus/401701670_737320668.jpg,Lynx rufus,inat,37.579088818,-121.6957049324,2026-09-19T15:39:26-07:00,https://www.inaturalist.org/observations/401701670,mammal,cc-by-nc,"(c) Jack Baird, some rights reserved (CC BY-NC)"
/Users/outman/workspace/personal/bioscan/data/inat/Lynx_rufus/401680531_737278377.jpg,Lynx rufus,inat,34.1122137997,-118.4462434997,2026-09-19T15:16:40-07:00,https://www.inaturalist.org/observations/401680531,mammal,cc-by-nc,"(c) mchambr, some rights reserved (CC BY-NC)"
/Users/outman/workspace/personal/bioscan/data/inat/Lynx_rufus/401571139_737068065.jpg,Lynx rufus,inat,33.1836445733,-116.3262162978,2026-09-19T08:29:40-07:00,https://www.inaturalist.org/observations/401571139,mammal,cc-by-nc,"(c) W. Terry Hunefeld, some rights reserved (CC BY-NC)"
/Users/outman/workspace/personal/bioscan/data/inat/Lynx_rufus/401411048_736756214.jpg,Lynx rufus,inat,33.6961173089,-116.4031108075,2026-09-18T19:25:10-07:00,https://www.inaturalist.org/observations/401411048,mammal,cc-by-nc,"(c) socalhikergal, some rights reserved (CC BY-NC)"
/Users/outman/workspace/personal/bioscan/data/inat/Lynx_rufus/401399748_736732317.jpg,Lynx rufus,inat,36.9850476541,-122.06224719,2026-09-18T18:08:13-07:00,https://www.inaturalist.org/observations/401399748,mammal,cc-by-nc,"(c) finchluvr, some rights reserved (CC BY-NC)"
/Users/outman/workspace/personal/bioscan/data/inat/Lynx_rufus/401390586_736714258.jpg,Lynx rufus,inat,38.5652631699,-121.3930849358,2026-09-18T09:53:41-07:00,https://www.inaturalist.org/observations/401390586,mammal,cc-by-nc,"(c) L.C Falcone, some rights reserved (CC BY-NC)"
/Users/outman/workspace/personal/bioscan/data/inat/Lynx_rufus/401376180_736684530.jpg,Lynx rufus,inat,33.363446689,-116.9962142237,2026-09-18T14:06:34-07:00,https://www.inaturalist.org/observations/401376180,mammal,cc-by-nc,"(c) Aaron Tupac, some rights reserved (CC BY-NC)"
/Users/outman/workspace/personal/bioscan/data/inat/Lynx_rufus/401346016_736622248.jpg,Lynx rufus,inat,33.0775964355,-116.6025967614,2026-09-14T03:02:00-07:00,https://www.inaturalist.org/observations/401346016,mammal,cc-by-nc,"(c) docprt, some rights reserved (CC BY-NC)"
/Users/outman/workspace/personal/bioscan/data/inat/Lynx_rufus/401346014_736622207.jpg,Lynx rufus,inat,33.0775964355,-116.6025967614,2026-09-12T05:22:00-07:00,https://www.inaturalist.org/observations/401346014,mammal,cc-by-nc,"(c) docprt, some rights reserved (CC BY-NC)"
/Users/outman/workspace/personal/bioscan/data/inat/Lynx_rufus/401345995_736619660.jpg,Lynx rufus,inat,33.0775964355,-116.6025967614,2026-09-12T15:24:00-07:00,https://www.inaturalist.org/observations/401345995,mammal,cc-by-nc,"(c) docprt, some rights reserved (CC BY-NC)"
/Users/outman/workspace/personal/bioscan/data/inat/Lynx_rufus/401320607_736575659.jpg,Lynx rufus,inat,37.6867049418,-122.0301602093,2026-09-18T12:18:40-07:00,https://www.inaturalist.org/observations/401320607,mammal,cc0,no rights reserved
/Users/outman/workspace/personal/bioscan/data/inat/Lynx_rufus/401138094_736227920.jpg,Lynx rufus,inat,38.13889159,-122.91463123,2026-09-17T13:15:00-07:00,https://www.inaturalist.org/observations/401138094,mammal,cc-by-nc,"(c) Ross Millikan, some rights reserved (CC BY-NC)"
/Users/outman/workspace/personal/bioscan/data/inat/Lynx_rufus/401125457_736204102.jpg,Lynx rufus,inat,35.2741394,-120.8859429997,2026-09-03T10:16:37-07:00,https://www.inaturalist.org/observations/401125457,mammal,cc-by-nc,"(c) jgunther, some rights reserved (CC BY-NC)"
/Users/outman/workspace/personal/bioscan/data/inat/Lynx_rufus/401122410_736197930.jpg,Lynx rufus,inat,37.3405414781,-122.3189529355,2026-09-16T10:30:00-07:00,https://www.inaturalist.org/observations/401122410,mammal,cc-by-nc,"(c) Josh Walker, some rights reserved (CC BY-NC)"
/Users/outman/workspace/personal/bioscan/data/inat/Lynx_rufus/401037842_736030524.jpg,Lynx rufus,inat,35.1740583333,-118.6674333333,2024-12-28T13:58:47-08:00,https://www.inaturalist.org/observations/401037842,mammal,cc-by-nc,"(c) Erik Refsdal, some rights reserved (CC BY-NC)"
/Users/outman/workspace/personal/bioscan/data/inat/Lynx_rufus/401032442_736017251.jpg,Lynx rufus,inat,37.5811963337,-121.9377712324,2026-09-16T06:34:00-07:00,https://www.inaturalist.org/observations/401032442,mammal,cc-by-nc,"(c) kahunamcginty, some rights reserved (CC BY-NC)"
/Users/outman/workspace/personal/bioscan/data/inat/Urocyon_cinereoargenteus/402632900_739167045.jpg,Urocyon cinereoargenteus,inat,37.8729503329,-122.005250042,2026-09-22T19:24:27-07:00,https://www.inaturalist.org/observations/402632900,mammal,cc-by-nc,"(c) mattnature5, some rights reserved (CC BY-NC)"
/Users/outman/workspace/personal/bioscan/data/inat/Urocyon_cinereoargenteus/402631428_739163641.jpg,Urocyon cinereoargenteus,inat,33.8852693401,-117.3267002798,2026-09-21T02:28:00-07:00,https://www.inaturalist.org/observations/402631428,mammal,cc-by-nc,"(c) John F. Green, some rights reserved (CC BY-NC)"
/Users/outman/workspace/personal/bioscan/data/inat/Urocyon_cinereoargenteus/402538301_738978201.jpg,Urocyon cinereoargenteus,inat,38.3218240292,-122.9105225578,2025-09-27T17:17:18-07:00,https://www.inaturalist.org/observations/402538301,mammal,cc-by-nc,"(c) bio_alchemist, some rights reserved (CC BY-NC)"
/Users/outman/workspace/personal/bioscan/data/inat/Urocyon_cinereoargenteus/402524624_738951433.jpg,Urocyon cinereoargenteus,inat,35.0070554688,-118.4555957188,2026-09-19T20:41:00-07:00,https://www.inaturalist.org/observations/402524624,mammal,cc-by-nc,"(c) Chris L, some rights reserved (CC BY-NC)"
/Users/outman/workspace/personal/bioscan/data/inat/Urocyon_cinereoargenteus/402511070_738925364.jpg,Urocyon cinereoargenteus,inat,40.5908120613,-120.6432366587,2026-09-17T22:21:11-07:00,https://www.inaturalist.org/observations/402511070,mammal,cc-by-nc,"(c) Vince Golder, some rights reserved (CC BY-NC)"
/Users/outman/workspace/personal/bioscan/data/inat/Urocyon_cinereoargenteus/402378822_738673266.jpg,Urocyon cinereoargenteus,inat,37.1500078959,-121.7802379927,2026-09-20T18:00:22-07:00,https://www.inaturalist.org/observations/402378822,mammal,cc-by-nc,"(c) Daisy Arciniega, some rights reserved (CC BY-NC)"
/Users/outman/workspace/personal/bioscan/data/inat/Urocyon_cinereoargenteus/402283191_738478317.jpg,Urocyon cinereoargenteus,inat,38.0281638333,-119.2404416667,2026-09-20T11:41:09-07:00,https://www.inaturalist.org/observations/402283191,mammal,cc-by-nc,"(c) outdoorgigi, some rights reserved (CC BY-NC)"
/Users/outman/workspace/personal/bioscan/data/inat/Urocyon_cinereoargenteus/402274986_738461974.jpg,Urocyon cinereoargenteus,inat,41.1117547951,-121.4671078075,2026-09-17T18:21:01-07:00,https://www.inaturalist.org/observations/402274986,mammal,cc-by-nc,"(c) jrmorris, some rights reserved (CC BY-NC)"
/Users/outman/workspace/personal/bioscan/data/inat/Urocyon_cinereoargenteus/402193400_738303665.jpg,Urocyon cinereoargenteus,inat,41.1398265812,-124.097713869,2026-09-20T01:15:00-07:00,https://www.inaturalist.org/observations/402193400,mammal,cc-by-nc,"(c) Tiffany, some rights reserved (CC BY-NC)"
/Users/outman/workspace/personal/bioscan/data/inat/Urocyon_cinereoargenteus/402089722_738101026.jpg,Urocyon cinereoargenteus,inat,38.3519834031,-122.7078854195,2026-09-20T20:38:41-07:00,https://www.inaturalist.org/observations/402089722,mammal,cc-by-nc,"(c) Raymango, some rights reserved (CC BY-NC)"
/Users/outman/workspace/personal/bioscan/data/inat/Urocyon_cinereoargenteus/402060837_738043342.jpg,Urocyon cinereoargenteus,inat,33.6711833333,-117.65593,2026-09-20T08:33:27-07:00,https://www.inaturalist.org/observations/402060837,mammal,cc-by-nc,"(c) grace peek, some rights reserved (CC BY-NC)"
/Users/outman/workspace/personal/bioscan/data/inat/Urocyon_cinereoargenteus/401968935_737840158.jpg,Urocyon cinereoargenteus,inat,38.7226,-121.2992,2026-09-02T09:48:00-07:00,https://www.inaturalist.org/observations/401968935,mammal,cc-by-nc,"(c) Glen W. Forister, some rights reserved (CC BY-NC)"
/Users/outman/workspace/personal/bioscan/data/inat/Urocyon_cinereoargenteus/401907172_737729378.jpg,Urocyon cinereoargenteus,inat,33.9686851,-117.31739231,2026-09-20T09:31:07-07:00,https://www.inaturalist.org/observations/401907172,mammal,cc0,no rights reserved
/Users/outman/workspace/personal/bioscan/data/inat/Urocyon_cinereoargenteus/401903733_738023950.jpg,Urocyon cinereoargenteus,inat,33.27900859,-116.4307324,2026-09-20T07:38:50-07:00,https://www.inaturalist.org/observations/401903733,mammal,cc-by-nc,"(c) srood, some rights reserved (CC BY-NC)"
/Users/outman/workspace/personal/bioscan/data/inat/Urocyon_cinereoargenteus/401899465_737713748.jpg,Urocyon cinereoargenteus,inat,36.544655,-121.1565333333,2026-09-10T19:14:51-07:00,https://www.inaturalist.org/observations/401899465,mammal,cc-by-nc,"(c) Amelia Ryan, some rights reserved (CC BY-NC)"
/Users/outman/workspace/personal/bioscan/data/inat/Urocyon_cinereoargenteus/401766690_737453078.jpg,Urocyon cinereoargenteus,inat,40.1851288711,-123.5855069927,2026-09-13T22:27:00-07:00,https://www.inaturalist.org/observations/401766690,mammal,cc-by-nc,"(c) Shashank Uma Deepak, some rights reserved (CC BY-NC)"
/Users/outman/workspace/personal/bioscan/data/inat/Urocyon_cinereoargenteus/401734448_737388232.jpg,Urocyon cinereoargenteus,inat,34.4095413589,-119.3313965946,2026-08-12T11:00:00-07:00,https://www.inaturalist.org/observations/401734448,mammal,cc-by-nc,"(c) emilyver2, some rights reserved (CC BY-NC)"
/Users/outman/workspace/personal/bioscan/data/inat/Urocyon_cinereoargenteus/401718472_737355056.jpg,Urocyon cinereoargenteus,inat,38.8830383333,-122.2345916667,2026-09-14T14:26:00-07:00,https://www.inaturalist.org/observations/401718472,mammal,cc-by-nc,"(c) edoswalt, some rights reserved (CC BY-NC)"
/Users/outman/workspace/personal/bioscan/data/inat/Urocyon_cinereoargenteus/401346009_736622193.jpg,Urocyon cinereoargenteus,inat,33.0775964355,-116.6025967614,2026-09-12T05:04:00-07:00,https://www.inaturalist.org/observations/401346009,mammal,cc-by-nc,"(c) docprt, some rights reserved (CC BY-NC)"
/Users/outman/workspace/personal/bioscan/data/inat/Urocyon_cinereoargenteus/401345997_736619694.jpg,Urocyon cinereoargenteus,inat,33.0775964355,-116.6025967614,2026-09-14T10:57:00-07:00,https://www.inaturalist.org/observations/401345997,mammal,cc-by-nc,"(c) docprt, some rights reserved (CC BY-NC)"
/Users/outman/workspace/personal/bioscan/data/inat/Urocyon_cinereoargenteus/401244098_736431519.jpg,Urocyon cinereoargenteus,inat,37.8986425077,-122.0747827739,2026-09-18T07:22:39-07:00,https://www.inaturalist.org/observations/401244098,mammal,cc-by-nc,"(c) natura_inspirati, some rights reserved (CC BY-NC)"
/Users/outman/workspace/personal/bioscan/data/inat/Urocyon_cinereoargenteus/401147084_736246911.jpg,Urocyon cinereoargenteus,inat,37.1274476627,-118.3516758665,2026-09-13T14:39:38-07:00,https://www.inaturalist.org/observations/401147084,mammal,cc-by-nc,"(c) ghost_spoor, some rights reserved (CC BY-NC)"
/Users/outman/workspace/personal/bioscan/data/inat/Urocyon_cinereoargenteus/401140034_736232993.jpg,Urocyon cinereoargenteus,inat,34.1626778333,-119.0443333333,2026-09-17T19:20:41-07:00,https://www.inaturalist.org/observations/401140034,mammal,cc-by-nc,"(c) Dominick Mcgrath, some rights reserved (CC BY-NC)"
/Users/outman/workspace/personal/bioscan/data/inat/Urocyon_cinereoargenteus/401096270_736144307.jpg,Urocyon cinereoargenteus,inat,33.0785846,-116.6024251,2024-10-01T05:26:00-07:00,https://www.inaturalist.org/observations/401096270,mammal,cc-by-nc,"(c) docprt, some rights reserved (CC BY-NC)"
/Users/outman/workspace/personal/bioscan/data/inat/Urocyon_cinereoargenteus/401072649_736099045.jpg,Urocyon cinereoargenteus,inat,39.1990127658,-123.1645188065,2026-09-17T09:11:00-07:00,https://www.inaturalist.org/observations/401072649,mammal,cc-by-nc,"(c) georgegibbs, some rights reserved (CC BY-NC)"
/Users/outman/workspace/personal/bioscan/data/inat/Mephitis_mephitis/402612220_739123999.jpg,Mephitis mephitis,inat,40.5776267067,-124.1400548816,2026-09-22T17:43:54-07:00,https://www.inaturalist.org/observations/402612220,mammal,cc-by-nc,"(c) Snapdragon 64, some rights reserved (CC BY-NC)"
/Users/outman/workspace/personal/bioscan/data/inat/Mephitis_mephitis/402583805_739067949.jpg,Mephitis mephitis,inat,38.1361283057,-120.4564712942,2026-09-22T15:05:11-07:00,https://www.inaturalist.org/observations/402583805,mammal,cc-by-nc,"(c) Murwood Keyspot, some rights reserved (CC BY-NC)"
/Users/outman/workspace/personal/bioscan/data/inat/Mephitis_mephitis/402486266_738879090.jpg,Mephitis mephitis,inat,39.2622805556,-121.0145777778,2026-09-21T23:17:55-07:00,https://www.inaturalist.org/observations/402486266,mammal,cc-by,"(c) Shaun Case, some rights reserved (CC BY)"
/Users/outman/workspace/personal/bioscan/data/inat/Mephitis_mephitis/402477163_738862018.jpg,Mephitis mephitis,inat,38.0892509,-122.5645805997,2026-09-22T08:19:08-07:00,https://www.inaturalist.org/observations/402477163,mammal,cc-by-nc,"(c) Bill Webb, some rights reserved (CC BY-NC)"
/Users/outman/workspace/personal/bioscan/data/inat/Mephitis_mephitis/402396169_738707232.jpg,Mephitis mephitis,inat,37.92665,-122.37899,2026-09-21T23:54:56-07:00,https://www.inaturalist.org/observations/402396169,mammal,cc-by-nc,"(c) Eabensol Dart, some rights reserved (CC BY-NC)"
/Users/outman/workspace/personal/bioscan/data/inat/Mephitis_mephitis/402207942_738330871.jpg,Mephitis mephitis,inat,38.5908783333,-121.4851533333,2026-09-21T08:38:44-07:00,https://www.inaturalist.org/observations/402207942,mammal,cc-by,"(c) Amelia Tauber, some rights reserved (CC BY)"
/Users/outman/workspace/personal/bioscan/data/inat/Mephitis_mephitis/402192644_738302437.jpg,Mephitis mephitis,inat,41.0808868196,-124.1614301901,2026-09-20T03:36:00-07:00,https://www.inaturalist.org/observations/402192644,mammal,cc-by-nc,"(c) Tiffany, some rights reserved (CC BY-NC)"
/Users/outman/workspace/personal/bioscan/data/inat/Mephitis_mephitis/402186121_738108999.jpg,Mephitis mephitis,inat,37.3952982058,-121.8097723926,2026-07-10T10:56:00-07:00,https://www.inaturalist.org/observations/402186121,mammal,cc-by-nc,"(c) Howard Friedman, some rights reserved (CC BY-NC)"
/Users/outman/workspace/personal/bioscan/data/inat/Mephitis_mephitis/402024179_737966668.jpg,Mephitis mephitis,inat,40.1924243051,-123.5213977886,2025-06-30T06:56:00-07:00,https://www.inaturalist.org/observations/402024179,mammal,cc-by-nc,"(c) Shashank Uma Deepak, some rights reserved (CC BY-NC)"
/Users/outman/workspace/personal/bioscan/data/inat/Mephitis_mephitis/401996247_737909957.jpg,Mephitis mephitis,inat,34.0567926965,-118.3413783115,2026-09-20T13:24:51-07:00,https://www.inaturalist.org/observations/401996247,mammal,cc-by-nc,"(c) Brooke Benjamin, some rights reserved (CC BY-NC)"
/Users/outman/workspace/personal/bioscan/data/inat/Mephitis_mephitis/401918729_737753301.jpg,Mephitis mephitis,inat,37.2833092356,-121.9413512573,2026-09-20T07:02:00-07:00,https://www.inaturalist.org/observations/401918729,mammal,cc-by-nc,"(c) raincctv, some rights reserved (CC BY-NC)"
/Users/outman/workspace/personal/bioscan/data/inat/Mephitis_mephitis/401792250_737506944.jpg,Mephitis mephitis,inat,38.0121027833,-122.29695,2026-09-19T19:52:33-07:00,https://www.inaturalist.org/observations/401792250,mammal,cc-by-nc,"(c) wildcatdogs, some rights reserved (CC BY-NC)"
/Users/outman/workspace/personal/bioscan/data/inat/Mephitis_mephitis/401780226_737482662.jpg,Mephitis mephitis,inat,40.8790888743,-124.0782683797,2026-09-19T22:00:00-07:00,https://www.inaturalist.org/observations/401780226,mammal,cc-by-nc,"(c) soleilo, some rights reserved (CC BY-NC)"
/Users/outman/workspace/personal/bioscan/data/inat/Mephitis_mephitis/401778883_737479272.jpg,Mephitis mephitis,inat,33.9776027778,-117.3271111111,2026-09-19T22:14:06-07:00,https://www.inaturalist.org/observations/401778883,mammal,cc-by-nc,"(c) Adith R, some rights reserved (CC BY-NC)"
/Users/outman/workspace/personal/bioscan/data/inat/Mephitis_mephitis/401764274_737449625.jpg,Mephitis mephitis,inat,40.8791933883,-124.0781052582,2026-09-19T21:37:35-07:00,https://www.inaturalist.org/observations/401764274,mammal,cc-by-nc,"(c) Derek Schmidt, some rights reserved (CC BY-NC)"
/Users/outman/workspace/personal/bioscan/data/inat/Mephitis_mephitis/401671474_737260106.jpg,Mephitis mephitis,inat,37.6468407534,-122.1458274499,2026-09-19T10:09:36-07:00,https://www.inaturalist.org/observations/401671474,mammal,cc-by-nc,"(c) Ben, some rights reserved (CC BY-NC)"
/Users/outman/workspace/personal/bioscan/data/inat/Mephitis_mephitis/401593272_737109226.jpg,Mephitis mephitis,inat,34.0314555,-118.2694866667,2026-09-05T19:09:00-07:00,https://www.inaturalist.org/observations/401593272,mammal,cc-by-nc,"(c) Fernanda Garcia-Martinez, some rights reserved (CC BY-NC)"
/Users/outman/workspace/personal/bioscan/data/inat/Mephitis_mephitis/401538365_737007471.jpg,Mephitis mephitis,inat,40.0342825019,-122.1487297022,2026-09-19T01:56:59-07:00,https://www.inaturalist.org/observations/401538365,mammal,cc-by-nc,"(c) Scott Hardage, some rights reserved (CC BY-NC)"
/Users/outman/workspace/personal/bioscan/data/inat/Mephitis_mephitis/401408859_736751774.jpg,Mephitis mephitis,inat,38.1042090599,-122.5407273836,2026-09-18T19:17:14-07:00,https://www.inaturalist.org/observations/401408859,mammal,cc-by-nc,"(c) liam2_0, some rights reserved (CC BY-NC)"
/Users/outman/workspace/personal/bioscan/data/inat/Mephitis_mephitis/401346000_736619762.jpg,Mephitis mephitis,inat,33.0775964355,-116.6025967614,2026-09-15T14:06:00-07:00,https://www.inaturalist.org/observations/401346000,mammal,cc-by-nc,"(c) docprt, some rights reserved (CC BY-NC)"
/Users/outman/workspace/personal/bioscan/data/inat/Mephitis_mephitis/401340042_736611475.jpg,Mephitis mephitis,inat,34.642646,-120.507386,2026-09-12T10:43:00-07:00,https://www.inaturalist.org/observations/401340042,mammal,cc-by-nc,"(c) patanat, some rights reserved (CC BY-NC)"
/Users/outman/workspace/personal/bioscan/data/inat/Mephitis_mephitis/401326352_736586804.jpg,Mephitis mephitis,inat,34.2243692609,-118.5665961676,2026-09-18T02:41:00-07:00,https://www.inaturalist.org/observations/401326352,mammal,cc-by-nc,"(c) Michelle Tapia, some rights reserved (CC BY-NC)"
/Users/outman/workspace/personal/bioscan/data/inat/Mephitis_mephitis/401160748_736273428.jpg,Mephitis mephitis,inat,34.0751583333,-118.2716533333,2026-01-21T07:43:01-08:00,https://www.inaturalist.org/observations/401160748,mammal,cc-by-nc,"(c) Tommy Tenenbaum, some rights reserved (CC BY-NC)"
/Users/outman/workspace/personal/bioscan/data/inat/Mephitis_mephitis/401135124_736223748.jpg,Mephitis mephitis,inat,39.3099360167,-123.7291518599,2026-09-17T19:03:02-07:00,https://www.inaturalist.org/observations/401135124,mammal,cc-by-nc,"(c) zolimarsn, some rights reserved (CC BY-NC)"
/Users/outman/workspace/personal/bioscan/data/inat/Mephitis_mephitis/401099305_736148021.jpg,Mephitis mephitis,inat,38.3487041893,-122.6452531547,2026-09-17T10:59:00-07:00,https://www.inaturalist.org/observations/401099305,mammal,cc-by-nc,"(c) Di, some rights reserved (CC BY-NC)"
/Users/outman/workspace/personal/bioscan/data/inat/Didelphis_virginiana/402631787_739164646.jpg,Didelphis virginiana,inat,37.8516533333,-122.2719116667,2026-09-22T18:21:19-07:00,https://www.inaturalist.org/observations/402631787,mammal,cc-by,"(c) nebrooks, some rights reserved (CC BY)"
/Users/outman/workspace/personal/bioscan/data/inat/Didelphis_virginiana/402619044_739133455.jpg,Didelphis virginiana,inat,38.5539166667,-121.2560583333,2026-09-18,https://www.inaturalist.org/observations/402619044,mammal,cc-by-nc,"(c) abcdefgewing, some rights reserved (CC BY-NC)"
/Users/outman/workspace/personal/bioscan/data/inat/Didelphis_virginiana/402317336_738546006.jpg,Didelphis virginiana,inat,37.839687,-122.28392,2026-09-21T13:40:00-07:00,https://www.inaturalist.org/observations/402317336,mammal,cc0,no rights reserved
/Users/outman/workspace/personal/bioscan/data/inat/Didelphis_virginiana/402259919_738432284.jpg,Didelphis virginiana,inat,33.6483276964,-117.8298806899,2026-09-20T20:59:23-07:00,https://www.inaturalist.org/observations/402259919,mammal,cc-by-nc,"(c) yuccabomberian, some rights reserved (CC BY-NC)"
/Users/outman/workspace/personal/bioscan/data/inat/Didelphis_virginiana/401788673_737499351.jpg,Didelphis virginiana,inat,38.24078,-120.9484166667,2026-09-20T00:20:02-07:00,https://www.inaturalist.org/observations/401788673,mammal,cc-by-nc,"(c) bradwarren, some rights reserved (CC BY-NC)"
/Users/outman/workspace/personal/bioscan/data/inat/Didelphis_virginiana/401782659_737487620.jpg,Didelphis virginiana,inat,37.4033476441,-120.094919242,2026-09-19T20:12:00-07:00,https://www.inaturalist.org/observations/401782659,mammal,cc-by-nc,"(c) Sean Werle, some rights reserved (CC BY-NC)"
/Users/outman/workspace/personal/bioscan/data/inat/Didelphis_virginiana/401750499_737420882.jpg,Didelphis virginiana,inat,38.2804924353,-122.0159134341,2026-08-10T19:34:11-07:00,https://www.inaturalist.org/observations/401750499,mammal,cc-by-nc,"(c) Michael Haskin, some rights reserved (CC BY-NC)"
/Users/outman/workspace/personal/bioscan/data/inat/Didelphis_virginiana/401713929_737346827.jpg,Didelphis virginiana,inat,32.7351633333,-117.1468111667,2026-09-19T17:33:45-07:00,https://www.inaturalist.org/observations/401713929,mammal,cc-by-nc,"(c) anolefriend1990, some rights reserved (CC BY-NC)"
/Users/outman/workspace/personal/bioscan/data/inat/Didelphis_virginiana/401710040_737337699.jpg,Didelphis virginiana,inat,37.9143704777,-121.2365843818,2026-09-08T18:57:00-07:00,https://www.inaturalist.org/observations/401710040,mammal,cc-by-nc,"(c) sin_nombre, some rights reserved (CC BY-NC)"
/Users/outman/workspace/personal/bioscan/data/inat/Didelphis_virginiana/401655416_737229529.jpg,Didelphis virginiana,inat,37.9176633982,-122.3116235062,2026-09-19T13:49:27-07:00,https://www.inaturalist.org/observations/401655416,mammal,cc-by-nc,"(c) Monica Boedigheimer, some rights reserved (CC BY-NC)"
/Users/outman/workspace/personal/bioscan/data/inat/Didelphis_virginiana/401453230_736840215.jpg,Didelphis virginiana,inat,38.24075,-120.9484633333,2026-09-19T00:02:56-07:00,https://www.inaturalist.org/observations/401453230,mammal,cc-by-nc,"(c) bradwarren, some rights reserved (CC BY-NC)"
/Users/outman/workspace/personal/bioscan/data/inat/Didelphis_virginiana/401430078_736792844.jpg,Didelphis virginiana,inat,37.3740307032,-121.8554469362,2026-09-17T07:36:18-07:00,https://www.inaturalist.org/observations/401430078,mammal,cc-by-nc,"(c) MushroomKetchup, some rights reserved (CC BY-NC)"
/Users/outman/workspace/personal/bioscan/data/inat/Didelphis_virginiana/401417974_736770061.jpg,Didelphis virginiana,inat,36.952854891,-119.9254481326,2026-09-18T19:43:56-07:00,https://www.inaturalist.org/observations/401417974,mammal,cc-by-nc,"(c) felinealli, some rights reserved (CC BY-NC)"
/Users/outman/workspace/personal/bioscan/data/inat/Didelphis_virginiana/401414866_736763349.jpg,Didelphis virginiana,inat,33.9525955136,-117.3944478674,2026-09-16T23:40:00-07:00,https://www.inaturalist.org/observations/401414866,mammal,cc-by-nc,"(c) John F. Green, some rights reserved (CC BY-NC)"
/Users/outman/workspace/personal/bioscan/data/inat/Didelphis_virginiana/401390412_736713803.jpg,Didelphis virginiana,inat,37.647275,-122.1179361667,2026-09-10T23:12:12-07:00,https://www.inaturalist.org/observations/401390412,mammal,cc-by-nc,"(c) aydin420, some rights reserved (CC BY-NC)"
/Users/outman/workspace/personal/bioscan/data/inat/Didelphis_virginiana/401390390_736713761.jpg,Didelphis virginiana,inat,37.6473,-122.1178971667,2026-08-22T22:03:29-07:00,https://www.inaturalist.org/observations/401390390,mammal,cc-by-nc,"(c) aydin420, some rights reserved (CC BY-NC)"
/Users/outman/workspace/personal/bioscan/data/inat/Didelphis_virginiana/401301927_736539075.jpg,Didelphis virginiana,inat,33.6468077775,-117.8401616265,2026-09-17T22:09:00-07:00,https://www.inaturalist.org/observations/401301927,mammal,cc-by-nc,"(c) Yimo Yang, some rights reserved (CC BY-NC)"
/Users/outman/workspace/personal/bioscan/data/inat/Didelphis_virginiana/401299489_736535749.jpg,Didelphis virginiana,inat,37.4033439154,-120.0949370116,2026-09-18T00:55:00-07:00,https://www.inaturalist.org/observations/401299489,mammal,cc-by-nc,"(c) Sean Werle, some rights reserved (CC BY-NC)"
/Users/outman/workspace/personal/bioscan/data/inat/Didelphis_virginiana/401183772_736316976.jpg,Didelphis virginiana,inat,34.5672976037,-119.6023862039,2026-09-17T19:05:33-07:00,https://www.inaturalist.org/observations/401183772,mammal,cc-by,"(c) Bennett Grappone, some rights reserved (CC BY)"
/Users/outman/workspace/personal/bioscan/data/inat/Didelphis_virginiana/401156314_736264404.jpg,Didelphis virginiana,inat,37.917503906,-122.310689427,2026-09-17T19:27:33-07:00,https://www.inaturalist.org/observations/401156314,mammal,cc-by-nc,"(c) Monica Boedigheimer, some rights reserved (CC BY-NC)"
/Users/outman/workspace/personal/bioscan/data/inat/Didelphis_virginiana/401150555_736253788.jpg,Didelphis virginiana,inat,38.24075,-120.9484333333,2026-09-17T20:43:37-07:00,https://www.inaturalist.org/observations/401150555,mammal,cc-by-nc,"(c) bradwarren, some rights reserved (CC BY-NC)"
/Users/outman/workspace/personal/bioscan/data/inat/Didelphis_virginiana/401009079_736758527.jpg,Didelphis virginiana,inat,33.8456416667,-118.3895866667,2026-09-16T20:49:46-07:00,https://www.inaturalist.org/observations/401009079,mammal,cc-by-nc,"(c) blue_tortuga, some rights reserved (CC BY-NC)"
/Users/outman/workspace/personal/bioscan/data/inat/Didelphis_virginiana/400996185_735949064.jpg,Didelphis virginiana,inat,37.4033473778,-120.0949239358,2026-09-17T04:23:00-07:00,https://www.inaturalist.org/observations/400996185,mammal,cc-by-nc,"(c) Sean Werle, some rights reserved (CC BY-NC)"
/Users/outman/workspace/personal/bioscan/data/inat/Didelphis_virginiana/400977523_736446214.jpg,Didelphis virginiana,inat,33.527455,-117.7621216667,2026-09-14T10:19:34-07:00,https://www.inaturalist.org/observations/400977523,mammal,cc-by-nc,"(c) Ryan Neace, some rights reserved (CC BY-NC)"
/Users/outman/workspace/personal/bioscan/data/inat/Didelphis_virginiana/400919362_735799057.jpg,Didelphis virginiana,inat,38.24078,-120.9484033333,2026-09-17T00:42:54-07:00,https://www.inaturalist.org/observations/400919362,mammal,cc-by-nc,"(c) bradwarren, some rights reserved (CC BY-NC)"
/Users/outman/workspace/personal/bioscan/data/inat/Lepus_californicus/402637706_739176596.jpg,Lepus californicus,inat,38.731445,-123.4857466667,2026-07-31T19:36:29-07:00,https://www.inaturalist.org/observations/402637706,mammal,cc-by-nc,"(c) greg3llis, some rights reserved (CC BY-NC)"
/Users/outman/workspace/personal/bioscan/data/inat/Lepus_californicus/402392444_738700252.jpg,Lepus californicus,inat,37.5530054655,-122.0904003038,2026-08-22T08:47:17-07:00,https://www.inaturalist.org/observations/402392444,mammal,cc-by-nc,"(c) kentatogo, some rights reserved (CC BY-NC)"
/Users/outman/workspace/personal/bioscan/data/inat/Lepus_californicus/402299165_738507997.jpg,Lepus californicus,inat,37.4272722882,-122.0860800269,2026-09-16T18:04:00-07:00,https://www.inaturalist.org/observations/402299165,mammal,cc-by-nc,"(c) Sarah Coty, some rights reserved (CC BY-NC)"
/Users/outman/workspace/personal/bioscan/data/inat/Lepus_californicus/402299158_738507791.jpg,Lepus californicus,inat,37.4277605368,-122.0861765864,2026-09-16T18:06:00-07:00,https://www.inaturalist.org/observations/402299158,mammal,cc-by-nc,"(c) Sarah Coty, some rights reserved (CC BY-NC)"
/Users/outman/workspace/personal/bioscan/data/inat/Lepus_californicus/402086935_738096556.jpg,Lepus californicus,inat,38.51858,-123.0655055,2026-07-29T19:42:03-07:00,https://www.inaturalist.org/observations/402086935,mammal,cc-by-nc,"(c) cadenhazard, some rights reserved (CC BY-NC)"
/Users/outman/workspace/personal/bioscan/data/inat/Lepus_californicus/401974010_737853187.jpg,Lepus californicus,inat,38.2055977483,-122.5212432683,2026-09-15T08:54:00-07:00,https://www.inaturalist.org/observations/401974010,mammal,cc-by-nc,"(c) Paul Barnett, some rights reserved (CC BY-NC)"
/Users/outman/workspace/personal/bioscan/data/inat/Lepus_californicus/401945980_737787864.jpg,Lepus californicus,inat,34.0912327783,-116.158866945,2026-05-18T17:57:00-07:00,https://www.inaturalist.org/observations/401945980,mammal,cc-by-nc,"(c) Andrea Carpio, some rights reserved (CC BY-NC)"
/Users/outman/workspace/personal/bioscan/data/inat/Lepus_californicus/401777756_737473222.jpg,Lepus californicus,inat,38.7506513759,-121.1799722694,2026-05-27T19:24:00-07:00,https://www.inaturalist.org/observations/401777756,mammal,cc-by,"(c) Hawk T., some rights reserved (CC BY)"
/Users/outman/workspace/personal/bioscan/data/inat/Lepus_californicus/401522488_736976123.jpg,Lepus californicus,inat,37.5566285,-122.0940598,2026-09-18T08:54:00-07:00,https://www.inaturalist.org/observations/401522488,mammal,cc-by-nc,"(c) Angie, some rights reserved (CC BY-NC)"
/Users/outman/workspace/personal/bioscan/data/inat/Lepus_californicus/401436940_736806836.jpg,Lepus californicus,inat,38.0907166667,-122.9546966667,2026-07-28T16:13:08-07:00,https://www.inaturalist.org/observations/401436940,mammal,cc-by-nc,"(c) tavimaes, some rights reserved (CC BY-NC)"
/Users/outman/workspace/personal/bioscan/data/inat/Lepus_californicus/401415417_736764722.jpg,Lepus californicus,inat,38.71653,-120.67643,2026-08-12T06:54:58-07:00,https://www.inaturalist.org/observations/401415417,mammal,cc-by-nc,"(c) whipplem, some rights reserved (CC BY-NC)"
/Users/outman/workspace/personal/bioscan/data/inat/Lepus_californicus/401049751_736053509.jpg,Lepus californicus,inat,34.6937883333,-114.77672,2026-09-15T09:09:40-07:00,https://www.inaturalist.org/observations/401049751,mammal,cc-by-nc,"(c) jacqsmith, some rights reserved (CC BY-NC)"
/Users/outman/workspace/personal/bioscan/data/inat/Lepus_californicus/401034463_736022551.jpg,Lepus californicus,inat,34.1685859721,-116.3976473361,2026-09-17T07:28:53-07:00,https://www.inaturalist.org/observations/401034463,mammal,cc-by-nc,"(c) Michelle Huelle, some rights reserved (CC BY-NC)"
/Users/outman/workspace/personal/bioscan/data/inat/Lepus_californicus/400469153_734891566.jpg,Lepus californicus,inat,38.0292865786,-122.5150552265,2026-03-16T13:25:00-07:00,https://www.inaturalist.org/observations/400469153,mammal,cc-by-nc,"(c) William King, some rights reserved (CC BY-NC)"
/Users/outman/workspace/personal/bioscan/data/inat/Lepus_californicus/400376043_734708567.jpg,Lepus californicus,inat,37.4255527882,-122.0872540663,2026-09-14T08:34:00-07:00,https://www.inaturalist.org/observations/400376043,mammal,cc-by-nc,"(c) Sarah Coty, some rights reserved (CC BY-NC)"
/Users/outman/workspace/personal/bioscan/data/inat/Lepus_californicus/400364896_734685116.jpg,Lepus californicus,inat,38.5964705001,-122.5714082848,2026-08-28T08:17:00-07:00,https://www.inaturalist.org/observations/400364896,mammal,cc-by-nc,"(c) Jed Smith, some rights reserved (CC BY-NC)"
/Users/outman/workspace/personal/bioscan/data/inat/Lepus_californicus/400329477_734608196.jpg,Lepus californicus,inat,38.9449916667,-121.33953,2026-09-14T11:59:18-07:00,https://www.inaturalist.org/observations/400329477,mammal,cc-by-nc,"(c) Jack Kilcourse, some rights reserved (CC BY-NC)"
/Users/outman/workspace/personal/bioscan/data/inat/Lepus_californicus/400109101_734157653.jpg,Lepus californicus,inat,37.4484723576,-121.9755140245,2026-06-30T11:10:00-07:00,https://www.inaturalist.org/observations/400109101,mammal,cc-by-nc,"(c) Howard Friedman, some rights reserved (CC BY-NC)"
/Users/outman/workspace/personal/bioscan/data/inat/Lepus_californicus/400061516_734063499.jpg,Lepus californicus,inat,34.1093,-116.3397133333,2026-09-13T17:14:02-07:00,https://www.inaturalist.org/observations/400061516,mammal,cc-by-nc,"(c) dashaantarctica, some rights reserved (CC BY-NC)"
/Users/outman/workspace/personal/bioscan/data/inat/Lepus_californicus/399752013_733444765.jpg,Lepus californicus,inat,39.0901637874,-123.0940278099,2026-09-09T07:27:00-07:00,https://www.inaturalist.org/observations/399752013,mammal,cc-by-nc,"(c) Marcus Cosentino, some rights reserved (CC BY-NC)"
/Users/outman/workspace/personal/bioscan/data/inat/Lepus_californicus/399441065_732855927.jpg,Lepus californicus,inat,37.5292717624,-122.320303113,2026-09-11T19:17:52-07:00,https://www.inaturalist.org/observations/399441065,mammal,cc-by-nc,"(c) abalonecreature, some rights reserved (CC BY-NC)"
/Users/outman/workspace/personal/bioscan/data/inat/Lepus_californicus/399139040_731742152.jpg,Lepus californicus,inat,37.4594466284,-121.8755438205,2026-06-25T08:31:00-07:00,https://www.inaturalist.org/observations/399139040,mammal,cc-by-nc,"(c) Howard Friedman, some rights reserved (CC BY-NC)"
/Users/outman/workspace/personal/bioscan/data/inat/Lepus_californicus/398910964_731833025.jpg,Lepus californicus,inat,40.0496387462,-124.0788306055,2026-09-05T13:50:00-07:00,https://www.inaturalist.org/observations/398910964,mammal,cc-by,"(c) Garth Harwood, some rights reserved (CC BY)"
/Users/outman/workspace/personal/bioscan/data/inat/Lepus_californicus/398910575_731829696.jpg,Lepus californicus,inat,40.0504172597,-124.078907815,2026-09-05T14:23:00-07:00,https://www.inaturalist.org/observations/398910575,mammal,cc-by,"(c) Garth Harwood, some rights reserved (CC BY)"
/Users/outman/workspace/personal/bioscan/data/inat/Lepus_californicus/398857065_731723695.jpg,Lepus californicus,inat,37.4927416667,-122.1744916667,2026-09-08T13:04:56-07:00,https://www.inaturalist.org/observations/398857065,mammal,cc-by-nc,"(c) angelr408, some rights reserved (CC BY-NC)"
/Users/outman/workspace/personal/bioscan/data/inat/Sylvilagus_audubonii/402622062_739144272.jpg,Sylvilagus audubonii,inat,33.7764866667,-116.2675383333,2026-09-22T18:38:24-07:00,https://www.inaturalist.org/observations/402622062,mammal,cc-by-nc,"(c) Alexander Jones, some rights reserved (CC BY-NC)"
/Users/outman/workspace/personal/bioscan/data/inat/Sylvilagus_audubonii/402619902_739139720.jpg,Sylvilagus audubonii,inat,33.6050900092,-116.4387383449,2026-09-22T17:19:01-07:00,https://www.inaturalist.org/observations/402619902,mammal,cc-by-nc,"(c) dalemeister, some rights reserved (CC BY-NC)"
/Users/outman/workspace/personal/bioscan/data/inat/Sylvilagus_audubonii/402615507_739130459.jpg,Sylvilagus audubonii,inat,34.4402716667,-117.9344033333,2026-09-22T18:02:51-07:00,https://www.inaturalist.org/observations/402615507,mammal,cc-by-nc,"(c) mojavemama, some rights reserved (CC BY-NC)"
/Users/outman/workspace/personal/bioscan/data/inat/Sylvilagus_audubonii/402602118_739104078.jpg,Sylvilagus audubonii,inat,33.2705416667,-116.4188833333,2026-02-10T15:35:59-08:00,https://www.inaturalist.org/observations/402602118,mammal,cc-by-nc,"(c) jriendeau, some rights reserved (CC BY-NC)"
/Users/outman/workspace/personal/bioscan/data/inat/Sylvilagus_audubonii/402548112_738996279.jpg,Sylvilagus audubonii,inat,32.9726361111,-117.2553,2026-09-20T11:32:10-07:00,https://www.inaturalist.org/observations/402548112,mammal,cc-by-nc,"(c) Emily Baltz, some rights reserved (CC BY-NC)"
/Users/outman/workspace/personal/bioscan/data/inat/Sylvilagus_audubonii/402376050_738667313.jpg,Sylvilagus audubonii,inat,37.4031807056,-120.0948724707,2026-09-21T13:29:00-07:00,https://www.inaturalist.org/observations/402376050,mammal,cc-by-nc,"(c) Sean Werle, some rights reserved (CC BY-NC)"
/Users/outman/workspace/personal/bioscan/data/inat/Sylvilagus_audubonii/402367807_738650295.jpg,Sylvilagus audubonii,inat,33.5133533333,-117.7478,2026-09-16T17:24:00-07:00,https://www.inaturalist.org/observations/402367807,mammal,cc-by,"(c) Jonathan Eisen, some rights reserved (CC BY)"
/Users/outman/workspace/personal/bioscan/data/inat/Sylvilagus_audubonii/402367791_738650135.jpg,Sylvilagus audubonii,inat,33.5121138981,-117.7482655219,2026-09-16T07:25:00-07:00,https://www.inaturalist.org/observations/402367791,mammal,cc-by,"(c) Jonathan Eisen, some rights reserved (CC BY)"
/Users/outman/workspace/personal/bioscan/data/inat/Sylvilagus_audubonii/402350687_738616740.jpg,Sylvilagus audubonii,inat,32.7370633333,-117.209695,2026-09-21T18:17:26-07:00,https://www.inaturalist.org/observations/402350687,mammal,cc-by-nc,"(c) Ryan Israel, some rights reserved (CC BY-NC)"
/Users/outman/workspace/personal/bioscan/data/inat/Sylvilagus_audubonii/402308547_738528658.jpg,Sylvilagus audubonii,inat,32.7957523988,-117.1843345815,2026-06-16T15:50:00-07:00,https://www.inaturalist.org/observations/402308547,mammal,cc-by-nc,"(c) Daniel Hetzel, some rights reserved (CC BY-NC)"
/Users/outman/workspace/personal/bioscan/data/inat/Sylvilagus_audubonii/402302483_738517868.jpg,Sylvilagus audubonii,inat,33.5124516667,-117.7477483333,2026-09-15T17:53:00-07:00,https://www.inaturalist.org/observations/402302483,mammal,cc-by,"(c) Jonathan Eisen, some rights reserved (CC BY)"
/Users/outman/workspace/personal/bioscan/data/inat/Sylvilagus_audubonii/402287292_738487261.jpg,Sylvilagus audubonii,inat,33.2212674944,-117.2914952506,2026-09-06T17:35:34-07:00,https://www.inaturalist.org/observations/402287292,mammal,cc-by-nc,"(c) cincyfritz, some rights reserved (CC BY-NC)"
/Users/outman/workspace/personal/bioscan/data/inat/Sylvilagus_audubonii/402246915_738389402.jpg,Sylvilagus audubonii,inat,37.432843026,-122.0505805187,2026-09-21T09:17:00-07:00,https://www.inaturalist.org/observations/402246915,mammal,cc-by-nc,"(c) Sheldon Logan, some rights reserved (CC BY-NC)"
/Users/outman/workspace/personal/bioscan/data/inat/Sylvilagus_audubonii/402214818_738344209.jpg,Sylvilagus audubonii,inat,33.0131484506,-117.2742676662,2026-09-21T07:53:29-07:00,https://www.inaturalist.org/observations/402214818,mammal,cc-by-nc,"(c) ibhappy, some rights reserved (CC BY-NC)"
/Users/outman/workspace/personal/bioscan/data/inat/Sylvilagus_audubonii/402105322_738132468.jpg,Sylvilagus audubonii,inat,34.1223026403,-117.8543423116,2026-09-20T08:43:32-07:00,https://www.inaturalist.org/observations/402105322,mammal,cc-by-nc,"(c) boazsolorio, some rights reserved (CC BY-NC)"
/Users/outman/workspace/personal/bioscan/data/inat/Sylvilagus_audubonii/402007475_737933071.jpg,Sylvilagus audubonii,inat,33.0786539,-116.6039261,2026-09-19T17:43:00-07:00,https://www.inaturalist.org/observations/402007475,mammal,cc-by-nc,"(c) Bill Palmer, some rights reserved (CC BY-NC)"
/Users/outman/workspace/personal/bioscan/data/inat/Sylvilagus_audubonii/401945995_737788151.jpg,Sylvilagus audubonii,inat,34.0860344486,-116.14025841,2026-05-19T08:54:00-07:00,https://www.inaturalist.org/observations/401945995,mammal,cc-by-nc,"(c) Andrea Carpio, some rights reserved (CC BY-NC)"
/Users/outman/workspace/personal/bioscan/data/inat/Sylvilagus_audubonii/401774349_737462777.jpg,Sylvilagus audubonii,inat,33.7190281,-117.9382728,2026-09-18T08:40:00-07:00,https://www.inaturalist.org/observations/401774349,mammal,cc-by-nc,"(c) Tracy Drake, some rights reserved (CC BY-NC)"
/Users/outman/workspace/personal/bioscan/data/inat/Sylvilagus_audubonii/401753372_737426815.jpg,Sylvilagus audubonii,inat,34.152699,-118.56649,2026-09-19T18:18:00-07:00,https://www.inaturalist.org/observations/401753372,mammal,cc-by-nc,"(c) Phil Calvert, some rights reserved (CC BY-NC)"
/Users/outman/workspace/personal/bioscan/data/inat/Sylvilagus_audubonii/401731092_737379750.jpg,Sylvilagus audubonii,inat,37.9041993741,-121.2423112911,2026-09-09T20:02:00-07:00,https://www.inaturalist.org/observations/401731092,mammal,cc-by-nc,"(c) sin_nombre, some rights reserved (CC BY-NC)"
/Users/outman/workspace/personal/bioscan/data/inat/Sylvilagus_audubonii/401717943_737372896.jpg,Sylvilagus audubonii,inat,32.8604283333,-117.2273783333,2026-09-19T17:50:08-07:00,https://www.inaturalist.org/observations/401717943,mammal,cc-by-nc,"(c) patrick van thull, some rights reserved (CC BY-NC)"
/Users/outman/workspace/personal/bioscan/data/inat/Sylvilagus_audubonii/401709683_737307439.jpg,Sylvilagus audubonii,inat,32.9871914259,-116.5780301048,2026-09-19T07:05:00-07:00,https://www.inaturalist.org/observations/401709683,mammal,cc0,no rights reserved
/Users/outman/workspace/personal/bioscan/data/inat/Sylvilagus_audubonii/401600171_737121630.jpg,Sylvilagus audubonii,inat,32.7772441157,-117.1846781294,2026-09-12T18:17:19-07:00,https://www.inaturalist.org/observations/401600171,mammal,cc-by-nc,"(c) miles_hoover, some rights reserved (CC BY-NC)"
/Users/outman/workspace/personal/bioscan/data/inat/Sylvilagus_audubonii/401592872_737108604.jpg,Sylvilagus audubonii,inat,37.6358916667,-121.7654583333,2026-08-17T19:34:10-07:00,https://www.inaturalist.org/observations/401592872,mammal,cc-by-nc,"(c) Levon Harutyunyan, some rights reserved (CC BY-NC)"
/Users/outman/workspace/personal/bioscan/data/inat/Sylvilagus_audubonii/401436071_736804999.jpg,Sylvilagus audubonii,inat,34.211522692,-118.1736435011,2026-09-18T17:44:32-07:00,https://www.inaturalist.org/observations/401436071,mammal,cc-by-nc,"(c) Linus K., some rights reserved (CC BY-NC)"
/Users/outman/workspace/personal/bioscan/data/inat/Ursus_americanus/402643767_739189339.jpg,Ursus americanus,inat,36.5676116667,-118.7692866667,2026-09-20T11:14:38-07:00,https://www.inaturalist.org/observations/402643767,mammal,cc-by-nc,"(c) mateoan, some rights reserved (CC BY-NC)"
/Users/outman/workspace/personal/bioscan/data/inat/Ursus_americanus/402628268_739158049.jpg,Ursus americanus,inat,35.2609583333,-120.4133083333,2026-09-17T10:47:06-07:00,https://www.inaturalist.org/observations/402628268,mammal,cc-by-nc,"(c) Kim Pivetti, some rights reserved (CC BY-NC)"
/Users/outman/workspace/personal/bioscan/data/inat/Ursus_americanus/402592088_739128868.jpg,Ursus americanus,inat,38.9415089646,-120.1078315638,2026-09-22T15:30:55-07:00,https://www.inaturalist.org/observations/402592088,mammal,cc-by-nc,"(c) Greg Briska, some rights reserved (CC BY-NC)"
/Users/outman/workspace/personal/bioscan/data/inat/Ursus_americanus/402581913_739063752.jpg,Ursus americanus,inat,36.762572953,-118.5410232296,2026-09-18T15:15:39-07:00,https://www.inaturalist.org/observations/402581913,mammal,cc-by-nc,"(c) Sofie B, some rights reserved (CC BY-NC)"
/Users/outman/workspace/personal/bioscan/data/inat/Ursus_americanus/402558164_739015523.jpg,Ursus americanus,inat,37.8455766674,-119.5574106172,2025-04-30T17:03:48-07:00,https://www.inaturalist.org/observations/402558164,mammal,cc-by-nc,"(c) Jordi14FCB, some rights reserved (CC BY-NC)"
/Users/outman/workspace/personal/bioscan/data/inat/Ursus_americanus/402504279_738912497.jpg,Ursus americanus,inat,39.5078083333,-121.0193166667,2026-09-20T17:09:11-07:00,https://www.inaturalist.org/observations/402504279,mammal,cc-by-nc,"(c) pepipig, some rights reserved (CC BY-NC)"
/Users/outman/workspace/personal/bioscan/data/inat/Ursus_americanus/402477332_738862278.jpg,Ursus americanus,inat,37.6455582814,-118.9687990099,2026-09-22T07:26:02-07:00,https://www.inaturalist.org/observations/402477332,mammal,cc-by-nc,"(c) Calvin J., some rights reserved (CC BY-NC)"
/Users/outman/workspace/personal/bioscan/data/inat/Ursus_americanus/402376936_738669327.jpg,Ursus americanus,inat,40.9610583333,-124.1219666667,2026-09-21T08:10:33-07:00,https://www.inaturalist.org/observations/402376936,mammal,cc-by-nc,"(c) Liam Hutcheson, some rights reserved (CC BY-NC)"
/Users/outman/workspace/personal/bioscan/data/inat/Ursus_americanus/402314062_738540870.jpg,Ursus americanus,inat,41.1066793156,-121.4214890729,2026-09-13T18:34:45-07:00,https://www.inaturalist.org/observations/402314062,mammal,cc-by-nc,"(c) jrmorris, some rights reserved (CC BY-NC)"
/Users/outman/workspace/personal/bioscan/data/inat/Ursus_americanus/402094870_738111627.jpg,Ursus americanus,inat,38.7163374562,-120.6766033357,2026-09-20T21:10:55-07:00,https://www.inaturalist.org/observations/402094870,mammal,cc-by-nc,"(c) whipplem, some rights reserved (CC BY-NC)"
/Users/outman/workspace/personal/bioscan/data/inat/Ursus_americanus/402059159_738036688.jpg,Ursus americanus,inat,36.6047249712,-118.7378922384,2026-09-06T15:39:00-07:00,https://www.inaturalist.org/observations/402059159,mammal,cc-by-nc,"(c) john-loves-biota, some rights reserved (CC BY-NC)"
/Users/outman/workspace/personal/bioscan/data/inat/Ursus_americanus/402032818_737984051.jpg,Ursus americanus,inat,37.7212228297,-119.6440431266,2019-06-17T22:27:00-07:00,https://www.inaturalist.org/observations/402032818,mammal,cc-by-nc,"(c) Tavenner, some rights reserved (CC BY-NC)"
/Users/outman/workspace/personal/bioscan/data/inat/Ursus_americanus/402018935_737954486.jpg,Ursus americanus,inat,38.6153953968,-119.9162136569,2026-09-13T10:32:00-07:00,https://www.inaturalist.org/observations/402018935,mammal,cc-by-nc,"(c) sin_nombre, some rights reserved (CC BY-NC)"
/Users/outman/workspace/personal/bioscan/data/inat/Ursus_americanus/401997756_737913449.jpg,Ursus americanus,inat,40.7888112952,-124.0686376632,2026-09-10T21:05:00-07:00,https://www.inaturalist.org/observations/401997756,mammal,cc-by-nc,"(c) ren pedersen, some rights reserved (CC BY-NC)"
/Users/outman/workspace/personal/bioscan/data/inat/Ursus_americanus/401893065_737702027.jpg,Ursus americanus,inat,37.8762972222,-119.3663333333,2026-07-28T12:07:00-07:00,https://www.inaturalist.org/observations/401893065,mammal,cc-by-nc,"(c) Amelia Ryan, some rights reserved (CC BY-NC)"
/Users/outman/workspace/personal/bioscan/data/inat/Ursus_americanus/401787063_737496172.jpg,Ursus americanus,inat,34.1766705989,-118.0740833765,2023-05-16T11:35:00-07:00,https://www.inaturalist.org/observations/401787063,mammal,cc-by-nc,"(c) rwilcox11, some rights reserved (CC BY-NC)"
/Users/outman/workspace/personal/bioscan/data/inat/Ursus_americanus/401786586_737495585.jpg,Ursus americanus,inat,34.180105303,-118.0762946096,2024-04-17T12:30:00-07:00,https://www.inaturalist.org/observations/401786586,mammal,cc-by-nc,"(c) rwilcox11, some rights reserved (CC BY-NC)"
/Users/outman/workspace/personal/bioscan/data/inat/Ursus_americanus/401678173_737273534.jpg,Ursus americanus,inat,35.3870787581,-120.5853965222,2026-09-19T12:50:31-07:00,https://www.inaturalist.org/observations/401678173,mammal,cc-by-nc,"(c) Isaac Capp, some rights reserved (CC BY-NC)"
/Users/outman/workspace/personal/bioscan/data/inat/Ursus_americanus/401678050_737273241.jpg,Ursus americanus,inat,35.390487859,-120.4388551556,2026-09-19T12:25:17-07:00,https://www.inaturalist.org/observations/401678050,mammal,cc-by-nc,"(c) Isaac Capp, some rights reserved (CC BY-NC)"
/Users/outman/workspace/personal/bioscan/data/inat/Ursus_americanus/401677906_737272875.jpg,Ursus americanus,inat,35.2639826257,-120.5735541585,2026-09-19T12:16:13-07:00,https://www.inaturalist.org/observations/401677906,mammal,cc-by-nc,"(c) Isaac Capp, some rights reserved (CC BY-NC)"
/Users/outman/workspace/personal/bioscan/data/inat/Ursus_americanus/401677639_737272266.jpg,Ursus americanus,inat,35.3340213587,-120.5157661387,2026-09-19T12:10:35-07:00,https://www.inaturalist.org/observations/401677639,mammal,cc-by-nc,"(c) Isaac Capp, some rights reserved (CC BY-NC)"
/Users/outman/workspace/personal/bioscan/data/inat/Ursus_americanus/401676906_737270627.jpg,Ursus americanus,inat,35.2469214601,-120.5057991278,2026-09-19T12:03:20-07:00,https://www.inaturalist.org/observations/401676906,mammal,cc-by-nc,"(c) Isaac Capp, some rights reserved (CC BY-NC)"
/Users/outman/workspace/personal/bioscan/data/inat/Ursus_americanus/401627772_737232101.jpg,Ursus americanus,inat,39.363359683,-123.3851700579,2026-09-18T13:01:31-07:00,https://www.inaturalist.org/observations/401627772,mammal,cc-by-nc,"(c) Jamie, some rights reserved (CC BY-NC)"
/Users/outman/workspace/personal/bioscan/data/inat/Ursus_americanus/401627318_737230120.jpg,Ursus americanus,inat,39.3665862271,-123.3260134878,2026-09-18T12:15:34-07:00,https://www.inaturalist.org/observations/401627318,mammal,cc-by-nc,"(c) Jamie, some rights reserved (CC BY-NC)"
/Users/outman/workspace/personal/bioscan/data/inat/Ursus_americanus/401622331_737222220.jpg,Ursus americanus,inat,39.2117819779,-123.3754128914,2026-09-18T11:50:30-07:00,https://www.inaturalist.org/observations/401622331,mammal,cc-by-nc,"(c) Jamie, some rights reserved (CC BY-NC)"
/Users/outman/workspace/personal/bioscan/data/inat/Cervus_canadensis/402653005_739207528.jpg,Cervus canadensis,inat,38.1960116667,-122.9635166667,2026-09-22T13:50:45-07:00,https://www.inaturalist.org/observations/402653005,mammal,cc-by-nc,"(c) Star-flower, some rights reserved (CC BY-NC)"
/Users/outman/workspace/personal/bioscan/data/inat/Cervus_canadensis/402617344_739134641.jpg,Cervus canadensis,inat,35.21583,-120.1980883333,2026-09-21T09:11:30-07:00,https://www.inaturalist.org/observations/402617344,mammal,cc-by-nc,"(c) Kim Pivetti, some rights reserved (CC BY-NC)"
/Users/outman/workspace/personal/bioscan/data/inat/Cervus_canadensis/402548728_738996507.jpg,Cervus canadensis,inat,39.9537819407,-123.972836474,2025-06-29T00:32:00-07:00,https://www.inaturalist.org/observations/402548728,mammal,cc-by-nc,"(c) Shashank Uma Deepak, some rights reserved (CC BY-NC)"
/Users/outman/workspace/personal/bioscan/data/inat/Cervus_canadensis/402372921_738661229.jpg,Cervus canadensis,inat,39.6693116667,-123.4759616667,2026-09-21T18:51:26-07:00,https://www.inaturalist.org/observations/402372921,mammal,cc-by-nc,"(c) threehyenas, some rights reserved (CC BY-NC)"
/Users/outman/workspace/personal/bioscan/data/inat/Cervus_canadensis/402345936_738606549.jpg,Cervus canadensis,inat,38.2071133333,-122.9674133333,2026-09-20T10:04:42-07:00,https://www.inaturalist.org/observations/402345936,mammal,cc0,no rights reserved
/Users/outman/workspace/personal/bioscan/data/inat/Cervus_canadensis/402344459_738603399.jpg,Cervus canadensis,inat,38.225405,-122.98085,2026-09-20T07:54:17-07:00,https://www.inaturalist.org/observations/402344459,mammal,cc0,no rights reserved
/Users/outman/workspace/personal/bioscan/data/inat/Cervus_canadensis/402344049_738602658.jpg,Cervus canadensis,inat,38.1970366667,-122.9634783333,2026-09-20T07:01:50-07:00,https://www.inaturalist.org/observations/402344049,mammal,cc0,no rights reserved
/Users/outman/workspace/personal/bioscan/data/inat/Cervus_canadensis/402337177_738587620.jpg,Cervus canadensis,inat,38.2143777,-122.974766,2026-09-21T11:24:00-07:00,https://www.inaturalist.org/observations/402337177,mammal,cc-by-nc,"(c) Natalie Clark, some rights reserved (CC BY-NC)"
/Users/outman/workspace/personal/bioscan/data/inat/Cervus_canadensis/402315032_738542183.jpg,Cervus canadensis,inat,39.9398934021,-123.9612437583,2025-06-29T03:47:00-07:00,https://www.inaturalist.org/observations/402315032,mammal,cc-by-nc,"(c) Shashank Uma Deepak, some rights reserved (CC BY-NC)"
/Users/outman/workspace/personal/bioscan/data/inat/Cervus_canadensis/402315030_738542156.jpg,Cervus canadensis,inat,39.9541621865,-123.9738022762,2025-06-29T02:49:00-07:00,https://www.inaturalist.org/observations/402315030,mammal,cc-by-nc,"(c) Shashank Uma Deepak, some rights reserved (CC BY-NC)"
/Users/outman/workspace/personal/bioscan/data/inat/Cervus_canadensis/402193452_738303689.jpg,Cervus canadensis,inat,39.6523831047,-123.4764727097,2026-09-05T18:45:27-07:00,https://www.inaturalist.org/observations/402193452,mammal,cc-by,"(c) Adam Kamal, some rights reserved (CC BY)"
/Users/outman/workspace/personal/bioscan/data/inat/Cervus_canadensis/402098647_738116322.jpg,Cervus canadensis,inat,38.0605950817,-122.9193658617,2026-09-17T12:21:00-07:00,https://www.inaturalist.org/observations/402098647,mammal,cc-by-nc,"(c) Paul Barnett, some rights reserved (CC BY-NC)"
/Users/outman/workspace/personal/bioscan/data/inat/Cervus_canadensis/402098567_738110936.jpg,Cervus canadensis,inat,38.075133235,-122.9130415183,2026-09-17T10:24:00-07:00,https://www.inaturalist.org/observations/402098567,mammal,cc-by-nc,"(c) Paul Barnett, some rights reserved (CC BY-NC)"
/Users/outman/workspace/personal/bioscan/data/inat/Cervus_canadensis/402086973_738096242.jpg,Cervus canadensis,inat,38.2108285909,-122.975782618,2026-09-05T14:40:00-07:00,https://www.inaturalist.org/observations/402086973,mammal,cc-by-nc,"(c) Greg, some rights reserved (CC BY-NC)"
/Users/outman/workspace/personal/bioscan/data/inat/Cervus_canadensis/402051288_738023225.jpg,Cervus canadensis,inat,38.2149353413,-122.9729429185,2026-09-06T08:18:00-07:00,https://www.inaturalist.org/observations/402051288,mammal,cc-by-nc,"(c) cjmatheson, some rights reserved (CC BY-NC)"
/Users/outman/workspace/personal/bioscan/data/inat/Cervus_canadensis/402051284_738023221.jpg,Cervus canadensis,inat,38.2149353413,-122.9729429185,2026-09-06T08:32:00-07:00,https://www.inaturalist.org/observations/402051284,mammal,cc-by-nc,"(c) cjmatheson, some rights reserved (CC BY-NC)"
/Users/outman/workspace/personal/bioscan/data/inat/Cervus_canadensis/402022102_737960194.jpg,Cervus canadensis,inat,38.1595768099,-122.93822198,2026-09-20T12:02:00-07:00,https://www.inaturalist.org/observations/402022102,mammal,cc-by,"(c) yongestation, some rights reserved (CC BY)"
/Users/outman/workspace/personal/bioscan/data/inat/Cervus_canadensis/402000030_737917563.jpg,Cervus canadensis,inat,40.0201385772,-123.961509585,2026-09-14T01:46:00-07:00,https://www.inaturalist.org/observations/402000030,mammal,cc-by-nc,"(c) Shashank Uma Deepak, some rights reserved (CC BY-NC)"
/Users/outman/workspace/personal/bioscan/data/inat/Cervus_canadensis/402000029_737917562.jpg,Cervus canadensis,inat,40.0194093373,-123.9595211736,2025-06-29T05:36:00-07:00,https://www.inaturalist.org/observations/402000029,mammal,cc-by-nc,"(c) Shashank Uma Deepak, some rights reserved (CC BY-NC)"
/Users/outman/workspace/personal/bioscan/data/inat/Cervus_canadensis/401935232_737787053.jpg,Cervus canadensis,inat,37.0709845413,-121.076142137,2026-09-04T13:03:01-07:00,https://www.inaturalist.org/observations/401935232,mammal,cc-by-nc,"(c) katmak, some rights reserved (CC BY-NC)"
/Users/outman/workspace/personal/bioscan/data/inat/Cervus_canadensis/401888981_737693868.jpg,Cervus canadensis,inat,38.2144998593,-122.9750213014,2026-04-20T16:00:00-07:00,https://www.inaturalist.org/observations/401888981,mammal,cc-by-nc,"(c) poulam_s, some rights reserved (CC BY-NC)"
/Users/outman/workspace/personal/bioscan/data/inat/Cervus_canadensis/401767173_737453817.jpg,Cervus canadensis,inat,38.0397913857,-122.9779230798,2026-09-19T14:35:00-07:00,https://www.inaturalist.org/observations/401767173,mammal,cc-by-nc,"(c) James Maughn, some rights reserved (CC BY-NC)"
/Users/outman/workspace/personal/bioscan/data/inat/Cervus_canadensis/401469919_736873711.jpg,Cervus canadensis,inat,38.2148545116,-122.9748711252,2024-11-30T18:30:00-08:00,https://www.inaturalist.org/observations/401469919,mammal,cc-by-nc,"(c) Brady DuBoe, some rights reserved (CC BY-NC)"
/Users/outman/workspace/personal/bioscan/data/inat/Cervus_canadensis/401430206_736793148.jpg,Cervus canadensis,inat,38.0169638333,-122.98797,2026-09-18T07:35:48-07:00,https://www.inaturalist.org/observations/401430206,mammal,cc-by-nc,"(c) SammyT, some rights reserved (CC BY-NC)"
/Users/outman/workspace/personal/bioscan/data/inat/Cervus_canadensis/401400180_736733203.jpg,Cervus canadensis,inat,41.3290783333,-124.0299305,2026-09-16T19:20:52-07:00,https://www.inaturalist.org/observations/401400180,mammal,cc-by-nc,"(c) Michelle K, some rights reserved (CC BY-NC)"
/Users/outman/workspace/personal/bioscan/data/inat/Zalophus_californianus/402632212_739165068.jpg,Zalophus californianus,inat,34.14915,-119.2178277778,2026-09-22T17:14:00-07:00,https://www.inaturalist.org/observations/402632212,mammal,cc-by-nc,"(c) Kolin Campbell, some rights reserved (CC BY-NC)"
/Users/outman/workspace/personal/bioscan/data/inat/Zalophus_californianus/402611976_739121861.jpg,Zalophus californianus,inat,32.8506057468,-117.2741163734,2026-09-06T12:04:00-07:00,https://www.inaturalist.org/observations/402611976,mammal,cc-by-nc,"(c) jspaulding, some rights reserved (CC BY-NC)"
/Users/outman/workspace/personal/bioscan/data/inat/Zalophus_californianus/402611969_739121840.jpg,Zalophus californianus,inat,32.8506057468,-117.2741163734,2026-09-06T11:59:00-07:00,https://www.inaturalist.org/observations/402611969,mammal,cc-by-nc,"(c) jspaulding, some rights reserved (CC BY-NC)"
/Users/outman/workspace/personal/bioscan/data/inat/Zalophus_californianus/402611960_739121794.jpg,Zalophus californianus,inat,32.8506057468,-117.2741163734,2026-09-06T11:56:00-07:00,https://www.inaturalist.org/observations/402611960,mammal,cc-by-nc,"(c) jspaulding, some rights reserved (CC BY-NC)"
/Users/outman/workspace/personal/bioscan/data/inat/Zalophus_californianus/402606385_739112083.jpg,Zalophus californianus,inat,37.8106283333,-122.4112033333,2026-09-22T17:13:36-07:00,https://www.inaturalist.org/observations/402606385,mammal,cc-by-nc,"(c) Gillian Houston, some rights reserved (CC BY-NC)"
/Users/outman/workspace/personal/bioscan/data/inat/Zalophus_californianus/402496306_738896426.jpg,Zalophus californianus,inat,35.3658074669,-120.8555153664,2026-09-12T09:37:00-07:00,https://www.inaturalist.org/observations/402496306,mammal,cc-by-nc,"(c) skreling, some rights reserved (CC BY-NC)"
/Users/outman/workspace/personal/bioscan/data/inat/Zalophus_californianus/402449867_738809089.jpg,Zalophus californianus,inat,36.9526452314,-122.0866664054,2026-09-21T15:44:00-07:00,https://www.inaturalist.org/observations/402449867,mammal,cc-by-nc,"(c) James Maughn, some rights reserved (CC BY-NC)"
/Users/outman/workspace/personal/bioscan/data/inat/Zalophus_californianus/402435267_738782683.jpg,Zalophus californianus,inat,37.8109272,-122.4113983,2026-09-17T07:25:29-07:00,https://www.inaturalist.org/observations/402435267,mammal,cc-by-nc,"(c) Rosie B, some rights reserved (CC BY-NC)"
/Users/outman/workspace/personal/bioscan/data/inat/Zalophus_californianus/402368649_738652219.jpg,Zalophus californianus,inat,32.8481220102,-117.2778066935,2026-09-21T09:43:29-07:00,https://www.inaturalist.org/observations/402368649,mammal,cc-by-nc,"(c) amelia907, some rights reserved (CC BY-NC)"
/Users/outman/workspace/personal/bioscan/data/inat/Zalophus_californianus/402367659_738650280.jpg,Zalophus californianus,inat,32.8483725286,-117.2782266808,2026-09-21T09:47:36-07:00,https://www.inaturalist.org/observations/402367659,mammal,cc-by-nc,"(c) amelia907, some rights reserved (CC BY-NC)"
/Users/outman/workspace/personal/bioscan/data/inat/Zalophus_californianus/402356251_738627611.jpg,Zalophus californianus,inat,37.4727121193,-122.4479786287,2026-09-15T09:39:37-07:00,https://www.inaturalist.org/observations/402356251,mammal,cc-by-nc,"(c) Leslie Flint, some rights reserved (CC BY-NC)"
/Users/outman/workspace/personal/bioscan/data/inat/Zalophus_californianus/402335040_738582754.jpg,Zalophus californianus,inat,37.4930105667,-122.4995654472,2026-09-20T20:11:00-07:00,https://www.inaturalist.org/observations/402335040,mammal,cc-by,"(c) Cricket Raspet, some rights reserved (CC BY)"
/Users/outman/workspace/personal/bioscan/data/inat/Zalophus_californianus/402327709_738563834.jpg,Zalophus californianus,inat,40.2396658624,-124.3358875417,2026-04-17T11:44:00-07:00,https://www.inaturalist.org/observations/402327709,mammal,cc-by-nc,"(c) Lee Minicuci, some rights reserved (CC BY-NC)"
/Users/outman/workspace/personal/bioscan/data/inat/Zalophus_californianus/402315994_738543821.jpg,Zalophus californianus,inat,36.856601755,-121.8143517723,2026-08-27T07:56:00-07:00,https://www.inaturalist.org/observations/402315994,mammal,cc-by-nc,"(c) bmoribio, some rights reserved (CC BY-NC)"
/Users/outman/workspace/personal/bioscan/data/inat/Zalophus_californianus/402310967_738534280.jpg,Zalophus californianus,inat,37.6303166667,-122.1526195,2026-09-13T12:20:00-07:00,https://www.inaturalist.org/observations/402310967,mammal,cc-by-nc,"(c) Daniel Perez, some rights reserved (CC BY-NC)"
/Users/outman/workspace/personal/bioscan/data/inat/Zalophus_californianus/402299868_738512418.jpg,Zalophus californianus,inat,37.8108439,-122.4113265,2026-09-21T13:52:08-07:00,https://www.inaturalist.org/observations/402299868,mammal,cc-by-nc,"(c) Jason R Dong, some rights reserved (CC BY-NC)"
/Users/outman/workspace/personal/bioscan/data/inat/Zalophus_californianus/402290572_738493806.jpg,Zalophus californianus,inat,37.8107833333,-122.4112694444,2018-03-30T17:55:00-07:00,https://www.inaturalist.org/observations/402290572,mammal,cc-by-nc,"(c) taternation, some rights reserved (CC BY-NC)"
/Users/outman/workspace/personal/bioscan/data/inat/Zalophus_californianus/402224806_738364021.jpg,Zalophus californianus,inat,36.6227849946,-121.9127211069,2026-09-21T09:45:04-07:00,https://www.inaturalist.org/observations/402224806,mammal,cc-by-nc,"(c) thebetterdaniel, some rights reserved (CC BY-NC)"
/Users/outman/workspace/personal/bioscan/data/inat/Zalophus_californianus/402223216_738364410.jpg,Zalophus californianus,inat,36.6208464699,-121.9088640065,2026-09-21T09:39:15-07:00,https://www.inaturalist.org/observations/402223216,mammal,cc-by-nc,"(c) thebetterdaniel, some rights reserved (CC BY-NC)"
/Users/outman/workspace/personal/bioscan/data/inat/Zalophus_californianus/402200289_738316534.jpg,Zalophus californianus,inat,39.4232961038,-123.8031473011,2026-09-20T18:35:04-07:00,https://www.inaturalist.org/observations/402200289,mammal,cc-by-nc,"(c) bigshaun, some rights reserved (CC BY-NC)"
/Users/outman/workspace/personal/bioscan/data/inat/Zalophus_californianus/402189074_738295163.jpg,Zalophus californianus,inat,36.799975,-121.7876133333,2026-09-21T07:14:33-07:00,https://www.inaturalist.org/observations/402189074,mammal,cc-by-nc,"(c) Jackson Coldiron, some rights reserved (CC BY-NC)"
/Users/outman/workspace/personal/bioscan/data/inat/Zalophus_californianus/402184779_738287104.jpg,Zalophus californianus,inat,36.9727692027,-121.9953164498,2026-09-21T07:04:17-07:00,https://www.inaturalist.org/observations/402184779,mammal,cc-by-nc,"(c) Kate Stringfield, some rights reserved (CC BY-NC)"
/Users/outman/workspace/personal/bioscan/data/inat/Zalophus_californianus/402116309_738154700.jpg,Zalophus californianus,inat,38.3283358045,-123.044648756,2026-09-11T18:36:45-07:00,https://www.inaturalist.org/observations/402116309,mammal,cc-by-nc,"(c) mhmt-abad, some rights reserved (CC BY-NC)"
/Users/outman/workspace/personal/bioscan/data/inat/Zalophus_californianus/402097973_738118069.jpg,Zalophus californianus,inat,37.8103916667,-122.4110333333,2026-09-20T15:33:09-07:00,https://www.inaturalist.org/observations/402097973,mammal,cc-by-nc,"(c) algebrafish, some rights reserved (CC BY-NC)"
/Users/outman/workspace/personal/bioscan/data/inat/Zalophus_californianus/402087663_738097584.jpg,Zalophus californianus,inat,37.81065,-122.411195,2026-09-20T14:39:33-07:00,https://www.inaturalist.org/observations/402087663,mammal,cc-by-nc,"(c) Lauren Gonzalez, some rights reserved (CC BY-NC)"
/Users/outman/workspace/personal/bioscan/data/inat/Phoca_vitulina/402653848_739208822.jpg,Phoca vitulina,inat,40.63535,-124.2813866667,2026-09-20T13:33:44-07:00,https://www.inaturalist.org/observations/402653848,mammal,cc-by-nc,"(c) jazzyandrea, some rights reserved (CC BY-NC)"
/Users/outman/workspace/personal/bioscan/data/inat/Phoca_vitulina/402646327_739194473.jpg,Phoca vitulina,inat,37.1559,-122.3544716667,2026-09-20T15:41:49-07:00,https://www.inaturalist.org/observations/402646327,mammal,cc-by-nc,"(c) Cat Chang, some rights reserved (CC BY-NC)"
/Users/outman/workspace/personal/bioscan/data/inat/Phoca_vitulina/402611949_739121766.jpg,Phoca vitulina,inat,32.8477034774,-117.2784802144,2026-09-06T11:47:00-07:00,https://www.inaturalist.org/observations/402611949,mammal,cc-by-nc,"(c) jspaulding, some rights reserved (CC BY-NC)"
/Users/outman/workspace/personal/bioscan/data/inat/Phoca_vitulina/402580628_739060765.jpg,Phoca vitulina,inat,40.6451589641,-124.3060125925,2026-09-20T11:29:21-07:00,https://www.inaturalist.org/observations/402580628,mammal,cc-by-nc,"(c) Bob Ferris, some rights reserved (CC BY-NC)"
/Users/outman/workspace/personal/bioscan/data/inat/Phoca_vitulina/402577311_739053907.jpg,Phoca vitulina,inat,36.6184659722,-121.901283,2026-09-22T14:18:12-07:00,https://www.inaturalist.org/observations/402577311,mammal,cc-by-nc,"(c) Eabensol Dart, some rights reserved (CC BY-NC)"
/Users/outman/workspace/personal/bioscan/data/inat/Phoca_vitulina/402455397_738822593.jpg,Phoca vitulina,inat,36.9538038028,-122.0884530127,2026-09-21T14:58:00-07:00,https://www.inaturalist.org/observations/402455397,mammal,cc-by-nc,"(c) James Maughn, some rights reserved (CC BY-NC)"
/Users/outman/workspace/personal/bioscan/data/inat/Phoca_vitulina/402441264_738794232.jpg,Phoca vitulina,inat,39.3033958997,-123.7722593,2026-09-19T10:53:58-07:00,https://www.inaturalist.org/observations/402441264,mammal,cc-by-nc,"(c) magharding, some rights reserved (CC BY-NC)"
/Users/outman/workspace/personal/bioscan/data/inat/Phoca_vitulina/402375082_738626722.jpg,Phoca vitulina,inat,37.8107127602,-122.5392057843,2026-09-21T08:47:00-07:00,https://www.inaturalist.org/observations/402375082,mammal,cc-by-nc,"(c) Beatrix AuYeung, some rights reserved (CC BY-NC)"
/Users/outman/workspace/personal/bioscan/data/inat/Phoca_vitulina/402370612_738655616.jpg,Phoca vitulina,inat,35.5773383333,-121.1162195,2014-07-13T14:45:14-07:00,https://www.inaturalist.org/observations/402370612,mammal,cc-by-nc,"(c) Dominick Mcgrath, some rights reserved (CC BY-NC)"
/Users/outman/workspace/personal/bioscan/data/inat/Phoca_vitulina/402368377_738651721.jpg,Phoca vitulina,inat,32.8481735869,-117.2785724687,2026-09-21T09:20:23-07:00,https://www.inaturalist.org/observations/402368377,mammal,cc-by-nc,"(c) amelia907, some rights reserved (CC BY-NC)"
/Users/outman/workspace/personal/bioscan/data/inat/Phoca_vitulina/402356561_738784348.jpg,Phoca vitulina,inat,37.8320562217,-122.475438433,2026-09-21T18:51:14-07:00,https://www.inaturalist.org/observations/402356561,mammal,cc-by-nc,"(c) Nathan Green, some rights reserved (CC BY-NC)"
/Users/outman/workspace/personal/bioscan/data/inat/Phoca_vitulina/402335029_738582558.jpg,Phoca vitulina,inat,37.4948139087,-122.4956479367,2026-09-20T20:04:00-07:00,https://www.inaturalist.org/observations/402335029,mammal,cc-by,"(c) Cricket Raspet, some rights reserved (CC BY)"
/Users/outman/workspace/personal/bioscan/data/inat/Phoca_vitulina/402335024_738582490.jpg,Phoca vitulina,inat,37.4949612795,-122.4957017209,2026-09-20T20:07:00-07:00,https://www.inaturalist.org/observations/402335024,mammal,cc-by,"(c) Cricket Raspet, some rights reserved (CC BY)"
/Users/outman/workspace/personal/bioscan/data/inat/Phoca_vitulina/402321494_738552487.jpg,Phoca vitulina,inat,37.4176049636,-122.4351120303,2026-09-20T16:07:00-07:00,https://www.inaturalist.org/observations/402321494,mammal,cc-by,"(c) Cricket Raspet, some rights reserved (CC BY)"
/Users/outman/workspace/personal/bioscan/data/inat/Phoca_vitulina/402319232_738551157.jpg,Phoca vitulina,inat,36.8295466667,-121.7766116667,2026-09-19T11:12:50-07:00,https://www.inaturalist.org/observations/402319232,mammal,cc-by-nc,"(c) Kelly Strickland, some rights reserved (CC BY-NC)"
/Users/outman/workspace/personal/bioscan/data/inat/Phoca_vitulina/402297518_738507677.jpg,Phoca vitulina,inat,36.6185168476,-121.901233111,2026-09-21T21:29:04-07:00,https://www.inaturalist.org/observations/402297518,mammal,cc-by-nc,"(c) Sebastian, some rights reserved (CC BY-NC)"
/Users/outman/workspace/personal/bioscan/data/inat/Phoca_vitulina/402292768_738492264.jpg,Phoca vitulina,inat,38.3715293335,-123.0766879585,2026-09-05T19:05:00-07:00,https://www.inaturalist.org/observations/402292768,mammal,cc-by-nc,"(c) Merav Vonshak, some rights reserved (CC BY-NC)"
/Users/outman/workspace/personal/bioscan/data/inat/Phoca_vitulina/402127154_738175756.jpg,Phoca vitulina,inat,32.8473205556,-117.2782821389,2026-09-20T12:15:56-07:00,https://www.inaturalist.org/observations/402127154,mammal,cc-by-nc,"(c) Alexandra L., some rights reserved (CC BY-NC)"
/Users/outman/workspace/personal/bioscan/data/inat/Phoca_vitulina/402086668_738095957.jpg,Phoca vitulina,inat,38.726995,-123.4834666667,2026-09-20T14:18:05-07:00,https://www.inaturalist.org/observations/402086668,mammal,cc-by-nc,"(c) shannoncmorrow, some rights reserved (CC BY-NC)"
/Users/outman/workspace/personal/bioscan/data/inat/Phoca_vitulina/402074406_738071104.jpg,Phoca vitulina,inat,38.328505,-123.057175,2026-09-20T14:35:53-07:00,https://www.inaturalist.org/observations/402074406,mammal,cc-by-nc,"(c) k8tg, some rights reserved (CC BY-NC)"
/Users/outman/workspace/personal/bioscan/data/inat/Phoca_vitulina/402069639_738061353.jpg,Phoca vitulina,inat,38.3284133333,-123.0571833333,2026-09-20T14:35:49-07:00,https://www.inaturalist.org/observations/402069639,mammal,cc-by-nc,"(c) Oscar Ortega Flores, some rights reserved (CC BY-NC)"
/Users/outman/workspace/personal/bioscan/data/inat/Phoca_vitulina/402065447_738053503.jpg,Phoca vitulina,inat,38.3285091997,-123.0570761,2026-09-20T14:35:55-07:00,https://www.inaturalist.org/observations/402065447,mammal,cc-by-nc,"(c) sarahokuno, some rights reserved (CC BY-NC)"
/Users/outman/workspace/personal/bioscan/data/inat/Phoca_vitulina/402039436_737998223.jpg,Phoca vitulina,inat,38.328455,-123.0572583333,2026-09-20T14:35:59-07:00,https://www.inaturalist.org/observations/402039436,mammal,cc-by-nc,"(c) hollytremain018, some rights reserved (CC BY-NC)"
/Users/outman/workspace/personal/bioscan/data/inat/Phoca_vitulina/401989691_737897211.jpg,Phoca vitulina,inat,36.627175,-121.919145,2026-09-20T13:51:57-07:00,https://www.inaturalist.org/observations/401989691,mammal,cc-by-nc,"(c) heyerlifeform, some rights reserved (CC BY-NC)"
/Users/outman/workspace/personal/bioscan/data/inat/Phoca_vitulina/401989345_737896676.jpg,Phoca vitulina,inat,36.6271466667,-121.9191366667,2026-09-20T13:51:02-07:00,https://www.inaturalist.org/observations/401989345,mammal,cc-by-nc,"(c) heyerlifeform, some rights reserved (CC BY-NC)"
/Users/outman/workspace/personal/bioscan/data/inat/Mirounga_angustirostris/402373876_738663058.jpg,Mirounga angustirostris,inat,35.6638033333,-121.25882,2014-07-11T18:55:08-07:00,https://www.inaturalist.org/observations/402373876,mammal,cc-by-nc,"(c) Dominick Mcgrath, some rights reserved (CC BY-NC)"
/Users/outman/workspace/personal/bioscan/data/inat/Mirounga_angustirostris/402357874_738630323.jpg,Mirounga angustirostris,inat,37.9974416667,-122.98227,2025-10-26T18:03:00-07:00,https://www.inaturalist.org/observations/402357874,mammal,cc-by-nc,"(c) Kevin Wilson, some rights reserved (CC BY-NC)"
/Users/outman/workspace/personal/bioscan/data/inat/Mirounga_angustirostris/402327718_738564595.jpg,Mirounga angustirostris,inat,40.2491147946,-124.3507984483,2026-04-17T12:52:00-07:00,https://www.inaturalist.org/observations/402327718,mammal,cc-by-nc,"(c) Lee Minicuci, some rights reserved (CC BY-NC)"
/Users/outman/workspace/personal/bioscan/data/inat/Mirounga_angustirostris/402045079_738011269.jpg,Mirounga angustirostris,inat,37.9905848107,-122.9670373877,2026-09-19T08:03:00-07:00,https://www.inaturalist.org/observations/402045079,mammal,cc-by-nc,"(c) Blake Rodgers, some rights reserved (CC BY-NC)"
/Users/outman/workspace/personal/bioscan/data/inat/Mirounga_angustirostris/401928099_737765520.jpg,Mirounga angustirostris,inat,35.66284,-121.2568655,2013-10-22T09:06:00-07:00,https://www.inaturalist.org/observations/401928099,mammal,cc-by-nc,"(c) tim_david, some rights reserved (CC BY-NC)"
/Users/outman/workspace/personal/bioscan/data/inat/Mirounga_angustirostris/401743445_737405533.jpg,Mirounga angustirostris,inat,36.6097,-121.8956,2026-09-19T13:27:51-07:00,https://www.inaturalist.org/observations/401743445,mammal,cc-by-nc,"(c) khiara gapasangra, some rights reserved (CC BY-NC)"
/Users/outman/workspace/personal/bioscan/data/inat/Mirounga_angustirostris/401651680_737222033.jpg,Mirounga angustirostris,inat,33.788062,-118.156068,2026-09-13T13:39:00-07:00,https://www.inaturalist.org/observations/401651680,mammal,cc-by-nc,"(c) Coco Xu, some rights reserved (CC BY-NC)"
/Users/outman/workspace/personal/bioscan/data/inat/Mirounga_angustirostris/401496023_736926492.jpg,Mirounga angustirostris,inat,35.5923481562,-121.1250515587,2024-11-18T14:00:00-08:00,https://www.inaturalist.org/observations/401496023,mammal,cc-by-nc,"(c) Brady DuBoe, some rights reserved (CC BY-NC)"
/Users/outman/workspace/personal/bioscan/data/inat/Mirounga_angustirostris/401157036_736266040.jpg,Mirounga angustirostris,inat,35.6637116667,-121.2586366667,2026-08-05T16:14:14-07:00,https://www.inaturalist.org/observations/401157036,mammal,cc-by-nc,"(c) Tommy Tenenbaum, some rights reserved (CC BY-NC)"
/Users/outman/workspace/personal/bioscan/data/inat/Mirounga_angustirostris/401086787_736127950.jpg,Mirounga angustirostris,inat,40.2495935,-124.3510531,2026-09-12T10:35:41-07:00,https://www.inaturalist.org/observations/401086787,mammal,cc-by-nc,"(c) Brad Nissen, some rights reserved (CC BY-NC)"
/Users/outman/workspace/personal/bioscan/data/inat/Mirounga_angustirostris/400897102_735748926.jpg,Mirounga angustirostris,inat,37.9980848712,-122.9831599052,2026-06-30T12:35:00-07:00,https://www.inaturalist.org/observations/400897102,mammal,cc-by-nc,"(c) Brian Johnson, some rights reserved (CC BY-NC)"
/Users/outman/workspace/personal/bioscan/data/inat/Mirounga_angustirostris/400469149_734891568.jpg,Mirounga angustirostris,inat,38.0274211049,-122.963464023,2026-02-07T14:56:00-08:00,https://www.inaturalist.org/observations/400469149,mammal,cc-by-nc,"(c) William King, some rights reserved (CC BY-NC)"
/Users/outman/workspace/personal/bioscan/data/inat/Mirounga_angustirostris/400394087_734747406.jpg,Mirounga angustirostris,inat,36.60945,-121.89512,2026-09-12T16:09:47-07:00,https://www.inaturalist.org/observations/400394087,mammal,cc-by-nc,"(c) breezygamer117, some rights reserved (CC BY-NC)"
/Users/outman/workspace/personal/bioscan/data/inat/Mirounga_angustirostris/400393459_734746043.jpg,Mirounga angustirostris,inat,36.60908,-121.8940416667,2026-09-14T23:09:00-07:00,https://www.inaturalist.org/observations/400393459,mammal,cc-by-nc,"(c) Morgan Dougherty, some rights reserved (CC BY-NC)"
/Users/outman/workspace/personal/bioscan/data/inat/Mirounga_angustirostris/400385987_734730189.jpg,Mirounga angustirostris,inat,35.6637533333,-121.258605,2025-10-11T14:31:49-07:00,https://www.inaturalist.org/observations/400385987,mammal,cc-by-nc,"(c) blackberryio, some rights reserved (CC BY-NC)"
/Users/outman/workspace/personal/bioscan/data/inat/Mirounga_angustirostris/400351350_734654470.jpg,Mirounga angustirostris,inat,35.6209174864,-121.2222505824,2025-11-27T13:23:04-08:00,https://www.inaturalist.org/observations/400351350,mammal,cc-by-nc,"(c) Leo Ben David, some rights reserved (CC BY-NC)"
/Users/outman/workspace/personal/bioscan/data/inat/Mirounga_angustirostris/400313694_734577576.jpg,Mirounga angustirostris,inat,35.6635074396,-121.2584902265,2026-09-14T15:11:31-07:00,https://www.inaturalist.org/observations/400313694,mammal,cc-by-nc,"(c) suejvarner, some rights reserved (CC BY-NC)"
/Users/outman/workspace/personal/bioscan/data/inat/Mirounga_angustirostris/399901550_733753260.jpg,Mirounga angustirostris,inat,37.1186419762,-122.3344933746,2026-09-12T12:06:30-07:00,https://www.inaturalist.org/observations/399901550,mammal,cc-by-nc,"(c) heldoyle, some rights reserved (CC BY-NC)"
/Users/outman/workspace/personal/bioscan/data/inat/Mirounga_angustirostris/399900857_733752026.jpg,Mirounga angustirostris,inat,37.1171081462,-122.3297269378,2026-09-12T09:53:08-07:00,https://www.inaturalist.org/observations/399900857,mammal,cc-by-nc,"(c) heldoyle, some rights reserved (CC BY-NC)"
/Users/outman/workspace/personal/bioscan/data/inat/Mirounga_angustirostris/399900809_733751954.jpg,Mirounga angustirostris,inat,37.1170385108,-122.329732001,2026-09-12T09:52:49-07:00,https://www.inaturalist.org/observations/399900809,mammal,cc-by-nc,"(c) heldoyle, some rights reserved (CC BY-NC)"
/Users/outman/workspace/personal/bioscan/data/inat/Mirounga_angustirostris/399776468_733505130.jpg,Mirounga angustirostris,inat,35.6630996987,-121.2577190719,2026-09-05T15:24:00-07:00,https://www.inaturalist.org/observations/399776468,mammal,cc-by-nc,"(c) niff82, some rights reserved (CC BY-NC)"
/Users/outman/workspace/personal/bioscan/data/inat/Mirounga_angustirostris/399751505_733455873.jpg,Mirounga angustirostris,inat,35.6440139508,-121.189321205,2026-01-01T13:45:44-08:00,https://www.inaturalist.org/observations/399751505,mammal,cc-by-nc,"(c) Figen Selli, some rights reserved (CC BY-NC)"
/Users/outman/workspace/personal/bioscan/data/inat/Mirounga_angustirostris/399709484_733370546.jpg,Mirounga angustirostris,inat,35.6629650647,-121.2577245757,2026-09-12T15:48:54-07:00,https://www.inaturalist.org/observations/399709484,mammal,cc-by-nc,"(c) su, some rights reserved (CC BY-NC)"
/Users/outman/workspace/personal/bioscan/data/inat/Mirounga_angustirostris/399702321_733354266.jpg,Mirounga angustirostris,inat,36.6097862911,-121.895498747,2026-09-11T10:27:00-07:00,https://www.inaturalist.org/observations/399702321,mammal,cc-by-nc,"(c) Don Roberson, some rights reserved (CC BY-NC)"
/Users/outman/workspace/personal/bioscan/data/inat/Mirounga_angustirostris/399419420_732812932.jpg,Mirounga angustirostris,inat,37.997455,-122.98227,2026-09-11T14:14:13-07:00,https://www.inaturalist.org/observations/399419420,mammal,cc-by-nc,"(c) Henry Holden, some rights reserved (CC BY-NC)"
/Users/outman/workspace/personal/bioscan/data/inat/Enhydra_lutris/402581492_739062719.jpg,Enhydra lutris,inat,36.7090462315,-121.9845492394,2026-09-22T14:02:33-07:00,https://www.inaturalist.org/observations/402581492,mammal,cc-by-nc,"(c) Jason R Dong, some rights reserved (CC BY-NC)"
/Users/outman/workspace/personal/bioscan/data/inat/Enhydra_lutris/402558931_739016685.jpg,Enhydra lutris,inat,35.2455985778,-120.8492429928,2025-05-11T11:11:01-07:00,https://www.inaturalist.org/observations/402558931,mammal,cc-by-nc,"(c) Jordi14FCB, some rights reserved (CC BY-NC)"
/Users/outman/workspace/personal/bioscan/data/inat/Enhydra_lutris/402558607_739016213.jpg,Enhydra lutris,inat,36.6948005801,-121.9943144127,2026-09-22T13:35:45-07:00,https://www.inaturalist.org/observations/402558607,mammal,cc-by-nc,"(c) perriarda211, some rights reserved (CC BY-NC)"
/Users/outman/workspace/personal/bioscan/data/inat/Enhydra_lutris/402496278_738896397.jpg,Enhydra lutris,inat,35.3148646236,-120.8586832431,2026-09-12T09:37:00-07:00,https://www.inaturalist.org/observations/402496278,mammal,cc-by-nc,"(c) skreling, some rights reserved (CC BY-NC)"
/Users/outman/workspace/personal/bioscan/data/inat/Enhydra_lutris/402408708_738732325.jpg,Enhydra lutris,inat,36.5363163794,-121.9327627499,2026-09-10T10:28:28-07:00,https://www.inaturalist.org/observations/402408708,mammal,cc-by-nc,"(c) Alex Lamoreaux, some rights reserved (CC BY-NC)"
/Users/outman/workspace/personal/bioscan/data/inat/Enhydra_lutris/402356621_738628264.jpg,Enhydra lutris,inat,38.1689502633,-122.1629672364,2025-10-22T08:03:50-07:00,https://www.inaturalist.org/observations/402356621,mammal,cc-by-nc,"(c) Kevin Wilson, some rights reserved (CC BY-NC)"
/Users/outman/workspace/personal/bioscan/data/inat/Enhydra_lutris/402321734_738555550.jpg,Enhydra lutris,inat,36.802666465,-121.6557085585,2007-11-08T11:38:00-08:00,https://www.inaturalist.org/observations/402321734,mammal,cc-by-nc,"(c) bomacro, some rights reserved (CC BY-NC)"
/Users/outman/workspace/personal/bioscan/data/inat/Enhydra_lutris/402021392_737960926.jpg,Enhydra lutris,inat,36.6162822522,-121.6763198794,2026-09-20T15:03:38-07:00,https://www.inaturalist.org/observations/402021392,mammal,cc-by-nc,"(c) Jason Guo 郭紫宸, some rights reserved (CC BY-NC)"
/Users/outman/workspace/personal/bioscan/data/inat/Enhydra_lutris/401878803_737675118.jpg,Enhydra lutris,inat,36.660862935,-121.8677868147,2026-09-20T07:59:41-07:00,https://www.inaturalist.org/observations/401878803,mammal,cc-by-nc,"(c) brock, some rights reserved (CC BY-NC)"
/Users/outman/workspace/personal/bioscan/data/inat/Enhydra_lutris/401738109_737395579.jpg,Enhydra lutris,inat,36.7087644965,-121.8471553922,2026-09-19T12:51:00-07:00,https://www.inaturalist.org/observations/401738109,mammal,cc-by-nc,"(c) steven_bach, some rights reserved (CC BY-NC)"
/Users/outman/workspace/personal/bioscan/data/inat/Enhydra_lutris/401731391_737380747.jpg,Enhydra lutris,inat,36.868640943,-122.0766813134,2026-09-19T18:35:16-07:00,https://www.inaturalist.org/observations/401731391,mammal,cc-by-nc,"(c) talleyj_211, some rights reserved (CC BY-NC)"
/Users/outman/workspace/personal/bioscan/data/inat/Enhydra_lutris/401665731_737247440.jpg,Enhydra lutris,inat,36.7209638033,-121.9549855485,2026-09-19T10:00:00-07:00,https://www.inaturalist.org/observations/401665731,mammal,cc-by-nc,"(c) Angie, some rights reserved (CC BY-NC)"
/Users/outman/workspace/personal/bioscan/data/inat/Enhydra_lutris/401443470_736819698.jpg,Enhydra lutris,inat,36.8361192728,-121.7320133251,2026-09-09T11:35:00-07:00,https://www.inaturalist.org/observations/401443470,mammal,cc-by-nc,"(c) Jess Morton, some rights reserved (CC BY-NC)"
/Users/outman/workspace/personal/bioscan/data/inat/Enhydra_lutris/401294593_736525925.jpg,Enhydra lutris,inat,36.6257312679,-121.9134764153,2026-09-18T10:37:21-07:00,https://www.inaturalist.org/observations/401294593,mammal,cc-by-nc,"(c) pmpasillas211l, some rights reserved (CC BY-NC)"
/Users/outman/workspace/personal/bioscan/data/inat/Enhydra_lutris/401218145_736383679.jpg,Enhydra lutris,inat,36.8901575214,-121.6603329967,2026-02-06T14:51:00-08:00,https://www.inaturalist.org/observations/401218145,mammal,cc-by-nc,"(c) shiru22, some rights reserved (CC BY-NC)"
/Users/outman/workspace/personal/bioscan/data/inat/Enhydra_lutris/401197434_736344573.jpg,Enhydra lutris,inat,35.3048331929,-120.9181730806,2026-08-05T14:40:20-07:00,https://www.inaturalist.org/observations/401197434,mammal,cc-by-nc,"(c) Tommy Tenenbaum, some rights reserved (CC BY-NC)"
/Users/outman/workspace/personal/bioscan/data/inat/Enhydra_lutris/401126813_736206690.jpg,Enhydra lutris,inat,36.5329289201,-121.8947936459,2026-09-17T15:03:44-07:00,https://www.inaturalist.org/observations/401126813,mammal,cc-by-nc,"(c) khiara gapasangra, some rights reserved (CC BY-NC)"
/Users/outman/workspace/personal/bioscan/data/inat/Enhydra_lutris/401025147_736003988.jpg,Enhydra lutris,inat,35.2209421305,-120.9376892304,2026-09-15T06:36:09-07:00,https://www.inaturalist.org/observations/401025147,mammal,cc-by-nc,"(c) Newt Beetle, some rights reserved (CC BY-NC)"
/Users/outman/workspace/personal/bioscan/data/inat/Enhydra_lutris/401022567_735999253.jpg,Enhydra lutris,inat,36.7573748724,-121.9231335306,2026-09-07T16:42:59-07:00,https://www.inaturalist.org/observations/401022567,mammal,cc-by-nc,"(c) iayala211l, some rights reserved (CC BY-NC)"
/Users/outman/workspace/personal/bioscan/data/inat/Enhydra_lutris/400742533_734941411.jpg,Enhydra lutris,inat,36.659436484,-121.9867747116,2026-09-01T17:02:00-07:00,https://www.inaturalist.org/observations/400742533,mammal,cc-by-nc,"(c) Anna Krylova, some rights reserved (CC BY-NC)"
/Users/outman/workspace/personal/bioscan/data/inat/Enhydra_lutris/400653863_735274881.jpg,Enhydra lutris,inat,36.889012082,-121.8187725035,2026-09-15T10:56:00-07:00,https://www.inaturalist.org/observations/400653863,mammal,cc-by-nc,"(c) ldjaffe, some rights reserved (CC BY-NC)"
/Users/outman/workspace/personal/bioscan/data/inat/Enhydra_lutris/400618840_735204201.jpg,Enhydra lutris,inat,35.2520494902,-120.8775207877,2026-08-28T14:01:39-07:00,https://www.inaturalist.org/observations/400618840,mammal,cc-by-nc,"(c) Lexine Schroeder, some rights reserved (CC BY-NC)"
/Users/outman/workspace/personal/bioscan/data/inat/Enhydra_lutris/400561175_735083195.jpg,Enhydra lutris,inat,36.4960864561,-121.9366730816,2026-09-06T11:53:26-07:00,https://www.inaturalist.org/observations/400561175,mammal,cc-by-nc,"(c) gamboac211, some rights reserved (CC BY-NC)"
/Users/outman/workspace/personal/bioscan/data/inat/Enhydra_lutris/400549966_735061033.jpg,Enhydra lutris,inat,36.6006690694,-121.8781285941,2026-09-15T13:37:42-07:00,https://www.inaturalist.org/observations/400549966,mammal,cc-by-nc,"(c) romerod211, some rights reserved (CC BY-NC)"
/Users/outman/workspace/personal/bioscan/data/inat/Enhydra_lutris/400492354_734938745.jpg,Enhydra lutris,inat,36.7514125302,-121.9566065047,2026-09-01T13:51:00-07:00,https://www.inaturalist.org/observations/400492354,mammal,cc-by-nc,"(c) Anna Krylova, some rights reserved (CC BY-NC)"
/Users/outman/workspace/personal/bioscan/data/inat/Marmota_flaviventris/402364713_738644778.jpg,Marmota flaviventris,inat,40.4667283333,-121.51255,2019-10-04T16:35:41-07:00,https://www.inaturalist.org/observations/402364713,mammal,cc-by-nc,"(c) Hannah C., some rights reserved (CC BY-NC)"
/Users/outman/workspace/personal/bioscan/data/inat/Marmota_flaviventris/402331032_738575468.jpg,Marmota flaviventris,inat,36.4996081583,-118.2329639081,2026-09-15T15:38:01-07:00,https://www.inaturalist.org/observations/402331032,mammal,cc-by-nc,"(c) alysestuck, some rights reserved (CC BY-NC)"
/Users/outman/workspace/personal/bioscan/data/inat/Marmota_flaviventris/401961930_737838724.jpg,Marmota flaviventris,inat,39.3074444444,-120.3173972222,2026-08-01T08:19:00-07:00,https://www.inaturalist.org/observations/401961930,mammal,cc-by-nc,"(c) jamiecatchfly, some rights reserved (CC BY-NC)"
/Users/outman/workspace/personal/bioscan/data/inat/Marmota_flaviventris/401898794_737705962.jpg,Marmota flaviventris,inat,36.4451251486,-118.5954317119,2026-07-18T20:49:00-07:00,https://www.inaturalist.org/observations/401898794,mammal,cc-by-nc,"(c) Roel Bierhoff, some rights reserved (CC BY-NC)"
/Users/outman/workspace/personal/bioscan/data/inat/Marmota_flaviventris/401852966_737620342.jpg,Marmota flaviventris,inat,39.3008111305,-120.3162385503,2026-09-19T10:57:00-07:00,https://www.inaturalist.org/observations/401852966,mammal,cc-by-nc,"(c) Jared Manninen, some rights reserved (CC BY-NC)"
/Users/outman/workspace/personal/bioscan/data/inat/Marmota_flaviventris/401787043_737496152.jpg,Marmota flaviventris,inat,37.8791352887,-119.2940623964,2024-07-23T21:30:00-07:00,https://www.inaturalist.org/observations/401787043,mammal,cc-by-nc,"(c) Brady DuBoe, some rights reserved (CC BY-NC)"
/Users/outman/workspace/personal/bioscan/data/inat/Marmota_flaviventris/401488265_736909953.jpg,Marmota flaviventris,inat,37.8058595085,-119.4607716407,2026-07-15T20:35:00-07:00,https://www.inaturalist.org/observations/401488265,mammal,cc-by-nc,"(c) Brady DuBoe, some rights reserved (CC BY-NC)"
/Users/outman/workspace/personal/bioscan/data/inat/Marmota_flaviventris/401474956_736884434.jpg,Marmota flaviventris,inat,37.8021512459,-119.458646085,2026-07-15T12:30:00-07:00,https://www.inaturalist.org/observations/401474956,mammal,cc-by-nc,"(c) Brady DuBoe, some rights reserved (CC BY-NC)"
/Users/outman/workspace/personal/bioscan/data/inat/Marmota_flaviventris/401384830_736698915.jpg,Marmota flaviventris,inat,36.6115656743,-118.6945134427,2026-08-22T12:14:00-07:00,https://www.inaturalist.org/observations/401384830,mammal,cc-by-nc,"(c) P Wei, some rights reserved (CC BY-NC)"
/Users/outman/workspace/personal/bioscan/data/inat/Marmota_flaviventris/401337963_736608712.jpg,Marmota flaviventris,inat,36.5990783333,-118.7056416667,2026-09-18T11:18:59-07:00,https://www.inaturalist.org/observations/401337963,mammal,cc-by-nc,"(c) lasagnalover710, some rights reserved (CC BY-NC)"
/Users/outman/workspace/personal/bioscan/data/inat/Marmota_flaviventris/401337935_736608657.jpg,Marmota flaviventris,inat,36.598975,-118.71737,2026-09-18T12:07:08-07:00,https://www.inaturalist.org/observations/401337935,mammal,cc-by-nc,"(c) lasagnalover710, some rights reserved (CC BY-NC)"
/Users/outman/workspace/personal/bioscan/data/inat/Marmota_flaviventris/401169174_736287595.jpg,Marmota flaviventris,inat,37.8109250255,-119.4841933476,2003-06-24,https://www.inaturalist.org/observations/401169174,mammal,cc-by-nc,"(c) Kurt Rademacher, some rights reserved (CC BY-NC)"
/Users/outman/workspace/personal/bioscan/data/inat/Marmota_flaviventris/401112925_736179355.jpg,Marmota flaviventris,inat,37.1203888333,-118.5449616667,2026-09-13T13:09:15-07:00,https://www.inaturalist.org/observations/401112925,mammal,cc-by-nc,"(c) scottbaz, some rights reserved (CC BY-NC)"
/Users/outman/workspace/personal/bioscan/data/inat/Marmota_flaviventris/401089455_736132567.jpg,Marmota flaviventris,inat,36.5635283333,-118.2763133333,2026-09-14T13:29:14-07:00,https://www.inaturalist.org/observations/401089455,mammal,cc-by-nc,"(c) Ryan Johnston, some rights reserved (CC BY-NC)"
/Users/outman/workspace/personal/bioscan/data/inat/Marmota_flaviventris/401003762_735938918.jpg,Marmota flaviventris,inat,36.7267918974,-118.6700375596,2005-05-22T11:34:00-07:00,https://www.inaturalist.org/observations/401003762,mammal,cc-by-nc,"(c) David Moore, some rights reserved (CC BY-NC)"
/Users/outman/workspace/personal/bioscan/data/inat/Marmota_flaviventris/400801087_735558125.jpg,Marmota flaviventris,inat,36.5786486101,-118.292096716,2026-09-11T10:43:06-07:00,https://www.inaturalist.org/observations/400801087,mammal,cc-by-nc,"(c) hiker42, some rights reserved (CC BY-NC)"
/Users/outman/workspace/personal/bioscan/data/inat/Marmota_flaviventris/400750848_735456970.jpg,Marmota flaviventris,inat,36.5861318231,-118.277262088,2026-09-14T14:28:41-07:00,https://www.inaturalist.org/observations/400750848,mammal,cc-by-nc,"(c) campc, some rights reserved (CC BY-NC)"
/Users/outman/workspace/personal/bioscan/data/inat/Marmota_flaviventris/400750703_735460103.jpg,Marmota flaviventris,inat,36.5631116667,-118.278755,2026-09-14T13:57:26-07:00,https://www.inaturalist.org/observations/400750703,mammal,cc-by-nc,"(c) campc, some rights reserved (CC BY-NC)"
/Users/outman/workspace/personal/bioscan/data/inat/Marmota_flaviventris/400502997_734967704.jpg,Marmota flaviventris,inat,36.91478,-118.3961866667,2026-08-11T19:46:07-07:00,https://www.inaturalist.org/observations/400502997,mammal,cc-by-nc,"(c) larryrush, some rights reserved (CC BY-NC)"
/Users/outman/workspace/personal/bioscan/data/inat/Marmota_flaviventris/400472356_734901130.jpg,Marmota flaviventris,inat,36.8105666667,-118.4000466667,2026-08-11T08:27:21-07:00,https://www.inaturalist.org/observations/400472356,mammal,cc-by-nc,"(c) larryrush, some rights reserved (CC BY-NC)"
/Users/outman/workspace/personal/bioscan/data/inat/Marmota_flaviventris/400332109_734613917.jpg,Marmota flaviventris,inat,36.5679783333,-118.7557916667,2026-09-13T16:13:32-07:00,https://www.inaturalist.org/observations/400332109,mammal,cc-by-nc,"(c) Allyssa Anthony, some rights reserved (CC BY-NC)"
/Users/outman/workspace/personal/bioscan/data/inat/Marmota_flaviventris/400125429_734198743.jpg,Marmota flaviventris,inat,36.6068616667,-118.373055,2026-08-07T14:20:18-07:00,https://www.inaturalist.org/observations/400125429,mammal,cc-by-nc,"(c) larryrush, some rights reserved (CC BY-NC)"
/Users/outman/workspace/personal/bioscan/data/inat/Marmota_flaviventris/400120536_734188376.jpg,Marmota flaviventris,inat,36.5713383333,-118.30918,2026-08-06T07:19:06-07:00,https://www.inaturalist.org/observations/400120536,mammal,cc-by-nc,"(c) larryrush, some rights reserved (CC BY-NC)"
/Users/outman/workspace/personal/bioscan/data/inat/Marmota_flaviventris/399716994_733384481.jpg,Marmota flaviventris,inat,37.58925,-118.2387866667,2026-09-09T10:45:37-07:00,https://www.inaturalist.org/observations/399716994,mammal,cc-by-nc,"(c) planetboom, some rights reserved (CC BY-NC)"
/Users/outman/workspace/personal/bioscan/data/inat/Marmota_flaviventris/399707437_733366008.jpg,Marmota flaviventris,inat,37.5985366667,-118.2432333333,2026-09-09T16:48:24-07:00,https://www.inaturalist.org/observations/399707437,mammal,cc-by-nc,"(c) planetboom, some rights reserved (CC BY-NC)"
/Users/outman/workspace/personal/bioscan/data/inat/Puma_concolor/402582815_739065912.jpg,Puma concolor,inat,38.1361283057,-120.4564712942,2026-09-22T15:04:57-07:00,https://www.inaturalist.org/observations/402582815,mammal,cc-by-nc,"(c) Murwood Keyspot, some rights reserved (CC BY-NC)"
/Users/outman/workspace/personal/bioscan/data/inat/Puma_concolor/402480920_738869059.jpg,Puma concolor,inat,33.0419202928,-117.0241953348,2026-09-22T07:23:25-07:00,https://www.inaturalist.org/observations/402480920,mammal,cc-by-nc,"(c) Calvin J., some rights reserved (CC BY-NC)"
/Users/outman/workspace/personal/bioscan/data/inat/Puma_concolor/402472262_738853229.jpg,Puma concolor,inat,37.3911861111,-122.1665861111,2026-09-22T07:48:05-07:00,https://www.inaturalist.org/observations/402472262,mammal,cc-by,"(c) Monica Ventrice, some rights reserved (CC BY)"
/Users/outman/workspace/personal/bioscan/data/inat/Puma_concolor/401761636_737444597.jpg,Puma concolor,inat,34.125775,-118.969545,2026-09-19T09:29:43-07:00,https://www.inaturalist.org/observations/401761636,mammal,cc-by-nc,"(c) dmfilgas, some rights reserved (CC BY-NC)"
/Users/outman/workspace/personal/bioscan/data/inat/Puma_concolor/401617609_737155486.jpg,Puma concolor,inat,35.1325138333,-120.1220861667,2026-09-14T15:50:57-07:00,https://www.inaturalist.org/observations/401617609,mammal,cc-by-nc,"(c) possiblybuddha, some rights reserved (CC BY-NC)"
/Users/outman/workspace/personal/bioscan/data/inat/Puma_concolor/401583617_737091994.jpg,Puma concolor,inat,37.7390660911,-122.5023942813,2026-09-18T11:40:12-07:00,https://www.inaturalist.org/observations/401583617,mammal,cc-by-nc,"(c) beastsofthebayarea, some rights reserved (CC BY-NC)"
/Users/outman/workspace/personal/bioscan/data/inat/Puma_concolor/401416344_736766487.jpg,Puma concolor,inat,38.7163383075,-120.6764828326,2026-09-18T19:57:15-07:00,https://www.inaturalist.org/observations/401416344,mammal,cc-by-nc,"(c) whipplem, some rights reserved (CC BY-NC)"
/Users/outman/workspace/personal/bioscan/data/inat/Puma_concolor/401352475_736636946.jpg,Puma concolor,inat,37.6055076429,-122.491149569,2020-09-10T17:39:00-07:00,https://www.inaturalist.org/observations/401352475,mammal,cc-by-nc,"(c) spiderwebbed, some rights reserved (CC BY-NC)"
/Users/outman/workspace/personal/bioscan/data/inat/Puma_concolor/401346025_736622347.jpg,Puma concolor,inat,33.0775964355,-116.6025967614,2026-09-17T06:00:00-07:00,https://www.inaturalist.org/observations/401346025,mammal,cc-by-nc,"(c) docprt, some rights reserved (CC BY-NC)"
/Users/outman/workspace/personal/bioscan/data/inat/Puma_concolor/401346001_736619795.jpg,Puma concolor,inat,33.0775964355,-116.6025967614,2026-09-16T17:43:00-07:00,https://www.inaturalist.org/observations/401346001,mammal,cc-by-nc,"(c) docprt, some rights reserved (CC BY-NC)"
/Users/outman/workspace/personal/bioscan/data/inat/Puma_concolor/401325086_736582278.jpg,Puma concolor,inat,37.16177002,-122.3606542245,2026-09-15T10:25:00-07:00,https://www.inaturalist.org/observations/401325086,mammal,cc-by,"(c) Garth Harwood, some rights reserved (CC BY)"
/Users/outman/workspace/personal/bioscan/data/inat/Puma_concolor/400904815_735769727.jpg,Puma concolor,inat,32.825655,-117.0528945,2026-09-16T16:25:09-07:00,https://www.inaturalist.org/observations/400904815,mammal,cc-by-nc,"(c) dbshark, some rights reserved (CC BY-NC)"
/Users/outman/workspace/personal/bioscan/data/inat/Puma_concolor/400613944_735192615.jpg,Puma concolor,inat,37.8461181948,-120.2155968155,2026-09-15T18:52:02-07:00,https://www.inaturalist.org/observations/400613944,mammal,cc-by-nc,"(c) Kristen, some rights reserved (CC BY-NC)"
/Users/outman/workspace/personal/bioscan/data/inat/Puma_concolor/400294223_734534933.jpg,Puma concolor,inat,33.7139516678,-116.5281079921,2026-08-24T00:12:00-07:00,https://www.inaturalist.org/observations/400294223,mammal,cc-by-nc,"(c) Chris W., some rights reserved (CC BY-NC)"
/Users/outman/workspace/personal/bioscan/data/inat/Puma_concolor/400278047_734503533.jpg,Puma concolor,inat,33.0290472,-117.2557669,2026-09-11,https://www.inaturalist.org/observations/400278047,mammal,cc-by-nc,"(c) Skylar Feltman, some rights reserved (CC BY-NC)"
/Users/outman/workspace/personal/bioscan/data/inat/Puma_concolor/399250897_732480535.jpg,Puma concolor,inat,34.4736448016,-114.4070199887,2026-09-11T06:23:00-07:00,https://www.inaturalist.org/observations/399250897,mammal,cc-by-nc,"(c) spongebob7122026, some rights reserved (CC BY-NC)"
/Users/outman/workspace/personal/bioscan/data/inat/Puma_concolor/399141408_732274046.jpg,Puma concolor,inat,40.129825815,-123.822616903,2026-09-10T11:55:25-07:00,https://www.inaturalist.org/observations/399141408,mammal,cc-by-nc,"(c) Jamie, some rights reserved (CC BY-NC)"
/Users/outman/workspace/personal/bioscan/data/inat/Puma_concolor/399053856_732098277.jpg,Puma concolor,inat,38.5199550059,-122.9168830507,2026-07-30T19:57:00-07:00,https://www.inaturalist.org/observations/399053856,mammal,cc-by-nc,"(c) Ted Judah, some rights reserved (CC BY-NC)"
/Users/outman/workspace/personal/bioscan/data/inat/Puma_concolor/398230737_730496288.jpg,Puma concolor,inat,39.2429034993,-120.9577760008,2026-09-07T13:39:14-07:00,https://www.inaturalist.org/observations/398230737,mammal,cc-by-nc,"(c) Entomemeology, some rights reserved (CC BY-NC)"
/Users/outman/workspace/personal/bioscan/data/inat/Puma_concolor/397941220_729928875.jpg,Puma concolor,inat,41.1398586932,-120.2710486131,2026-09-05T21:27:00-07:00,https://www.inaturalist.org/observations/397941220,mammal,cc-by-nc,"(c) Tom Rickman, some rights reserved (CC BY-NC)"
/Users/outman/workspace/personal/bioscan/data/inat/Puma_concolor/397240005_729135469.jpg,Puma concolor,inat,35.0544457821,-118.5988081616,2026-09-04T07:39:00-07:00,https://www.inaturalist.org/observations/397240005,mammal,cc-by-nc,"(c) Chris L, some rights reserved (CC BY-NC)"
/Users/outman/workspace/personal/bioscan/data/inat/Puma_concolor/396510727_727146960.jpg,Puma concolor,inat,37.941125,-122.5664133333,2026-09-01T16:04:40-07:00,https://www.inaturalist.org/observations/396510727,mammal,cc-by-nc,"(c) dircasandderelicts, some rights reserved (CC BY-NC)"
/Users/outman/workspace/personal/bioscan/data/inat/Puma_concolor/395645700_725467668.jpg,Puma concolor,inat,35.022579449,-118.4865083698,2026-08-28T01:16:00-07:00,https://www.inaturalist.org/observations/395645700,mammal,cc-by-nc,"(c) Chris L, some rights reserved (CC BY-NC)"
/Users/outman/workspace/personal/bioscan/data/inat/Puma_concolor/395535053_725265514.jpg,Puma concolor,inat,35.4679230904,-120.8112319931,2026-08-25T03:05:14-07:00,https://www.inaturalist.org/observations/395535053,mammal,cc0,no rights reserved
/Users/outman/workspace/personal/bioscan/data/inat/Puma_concolor/395138020_724490164.jpg,Puma concolor,inat,39.491925,-120.5937888889,2026-08-27T11:53:22-07:00,https://www.inaturalist.org/observations/395138020,mammal,cc-by-nc,"(c) Matt Delheimer, some rights reserved (CC BY-NC)"
/Users/outman/workspace/personal/bioscan/data/inat/Rangifer_tarandus/402551400_739002347.jpg,Rangifer tarandus,inat,59.0853551,-125.8131311,2026-09-21T13:11:31-07:00,https://www.inaturalist.org/observations/402551400,mammal,cc-by-nc,"(c) Robert, some rights reserved (CC BY-NC)"
/Users/outman/workspace/personal/bioscan/data/inat/Rangifer_tarandus/402551299_739002179.jpg,Rangifer tarandus,inat,58.7855615,-125.6417151997,2026-09-21T12:23:35-07:00,https://www.inaturalist.org/observations/402551299,mammal,cc-by-nc,"(c) Robert, some rights reserved (CC BY-NC)"
/Users/outman/workspace/personal/bioscan/data/inat/Rangifer_tarandus/402413178_738740873.jpg,Rangifer tarandus,inat,65.2602264613,-14.0095468238,2026-09-04T12:05:52+00:00,https://www.inaturalist.org/observations/402413178,mammal,cc-by-nc,"(c) MasterMikado, some rights reserved (CC BY-NC)"
/Users/outman/workspace/personal/bioscan/data/inat/Rangifer_tarandus/402334439_738578464.jpg,Rangifer tarandus,inat,48.4931738891,-53.9469670101,2026-09-11T13:58:00-02:30,https://www.inaturalist.org/observations/402334439,mammal,cc-by-nc,"(c) alexws, some rights reserved (CC BY-NC)"
/Users/outman/workspace/personal/bioscan/data/inat/Rangifer_tarandus/402276425_738787953.jpg,Rangifer tarandus,inat,50.6958198547,-57.3977584839,2026-09-21T11:54:35-02:30,https://www.inaturalist.org/observations/402276425,mammal,cc-by-nc,"(c) tigsniffs, some rights reserved (CC BY-NC)"
/Users/outman/workspace/personal/bioscan/data/inat/Rangifer_tarandus/402251699_738407621.jpg,Rangifer tarandus,inat,65.2884820696,-146.5366057381,2026-09-14T12:02:00-08:00,https://www.inaturalist.org/observations/402251699,mammal,cc-by-nc,"(c) R. Hoffman, some rights reserved (CC BY-NC)"
/Users/outman/workspace/personal/bioscan/data/inat/Rangifer_tarandus/402236600_738385647.jpg,Rangifer tarandus,inat,50.69741,-57.38191,2026-09-16T11:05:00-02:30,https://www.inaturalist.org/observations/402236600,mammal,cc-by-nc,"(c) TBedard, some rights reserved (CC BY-NC)"
/Users/outman/workspace/personal/bioscan/data/inat/Rangifer_tarandus/402176389_738270842.jpg,Rangifer tarandus,inat,78.2396444444,15.4933058333,2026-09-18T11:21:00+02:00,https://www.inaturalist.org/observations/402176389,mammal,cc-by,"(c) Matthew Blissett, some rights reserved (CC BY)"
/Users/outman/workspace/personal/bioscan/data/inat/Rangifer_tarandus/402142709_738205481.jpg,Rangifer tarandus,inat,51.31015115,105.24064887,2026-08-13T17:01:00+08:00,https://www.inaturalist.org/observations/402142709,mammal,cc-by-nc,"(c) Наталья Гамова, some rights reserved (CC BY-NC)"
/Users/outman/workspace/personal/bioscan/data/inat/Rangifer_tarandus/402142708_738205030.jpg,Rangifer tarandus,inat,51.3250218777,105.2508428059,2026-08-13T12:46:00+08:00,https://www.inaturalist.org/observations/402142708,mammal,cc-by-nc,"(c) Наталья Гамова, some rights reserved (CC BY-NC)"
/Users/outman/workspace/personal/bioscan/data/inat/Rangifer_tarandus/402142707_738204651.jpg,Rangifer tarandus,inat,51.3142608878,105.2917737818,2026-08-13T12:20:00+08:00,https://www.inaturalist.org/observations/402142707,mammal,cc-by-nc,"(c) Наталья Гамова, some rights reserved (CC BY-NC)"
/Users/outman/workspace/personal/bioscan/data/inat/Rangifer_tarandus/402142704_738204354.jpg,Rangifer tarandus,inat,51.3105804379,105.3068061852,2026-08-13T10:57:00+08:00,https://www.inaturalist.org/observations/402142704,mammal,cc-by-nc,"(c) Наталья Гамова, some rights reserved (CC BY-NC)"
/Users/outman/workspace/personal/bioscan/data/inat/Rangifer_tarandus/402142703_738203796.jpg,Rangifer tarandus,inat,51.3126154626,105.3096339109,2026-08-13T10:52:00+08:00,https://www.inaturalist.org/observations/402142703,mammal,cc-by-nc,"(c) Наталья Гамова, some rights reserved (CC BY-NC)"
/Users/outman/workspace/personal/bioscan/data/inat/Rangifer_tarandus/402142702_738203763.jpg,Rangifer tarandus,inat,51.3117927824,105.3105745393,2026-08-13T10:51:00+08:00,https://www.inaturalist.org/observations/402142702,mammal,cc-by-nc,"(c) Наталья Гамова, some rights reserved (CC BY-NC)"
/Users/outman/workspace/personal/bioscan/data/inat/Rangifer_tarandus/402117058_738155936.jpg,Rangifer tarandus,inat,63.8011216577,-109.2862667434,2026-09-20T23:35:09-06:00,https://www.inaturalist.org/observations/402117058,mammal,cc-by-nc,"(c) Calvin J., some rights reserved (CC BY-NC)"
/Users/outman/workspace/personal/bioscan/data/inat/Rangifer_tarandus/402114189_738150337.jpg,Rangifer tarandus,inat,69.6902864,18.8622684,2024-05-30T16:11:31+02:00,https://www.inaturalist.org/observations/402114189,mammal,cc-by-nc,"(c) ossesso, some rights reserved (CC BY-NC)"
/Users/outman/workspace/personal/bioscan/data/inat/Rangifer_tarandus/402110952_738143294.jpg,Rangifer tarandus,inat,66.8488040858,64.9615595923,2026-08-05T08:58:00+05:00,https://www.inaturalist.org/observations/402110952,mammal,cc-by-nc,"(c) Сергей, some rights reserved (CC BY-NC)"
/Users/outman/workspace/personal/bioscan/data/inat/Rangifer_tarandus/402110620_738142973.jpg,Rangifer tarandus,inat,70.2419883522,-148.3816309646,2026-08-03T12:26:44-08:00,https://www.inaturalist.org/observations/402110620,mammal,cc-by-nc,"(c) Nick Ponsonby, some rights reserved (CC BY-NC)"
/Users/outman/workspace/personal/bioscan/data/inat/Rangifer_tarandus/402097066_738115847.jpg,Rangifer tarandus,inat,61.9335335502,11.9593341806,2026-07-12T19:48:00+02:00,https://www.inaturalist.org/observations/402097066,mammal,cc-by-nc,"(c) benjamin_petra_schattanek-wiesmair, some rights reserved (CC BY-NC)"
/Users/outman/workspace/personal/bioscan/data/inat/Rangifer_tarandus/401981189_737897011.jpg,Rangifer tarandus,inat,64.6588416997,-14.3417586,2026-09-20T16:11:57+00:00,https://www.inaturalist.org/observations/401981189,mammal,cc-by-nc,"(c) whale_nerd, some rights reserved (CC BY-NC)"
/Users/outman/workspace/personal/bioscan/data/inat/Rangifer_tarandus/401822643_737566444.jpg,Rangifer tarandus,inat,62.26352,13.529895,2026-08-19T16:42:05+02:00,https://www.inaturalist.org/observations/401822643,mammal,cc-by-nc,"(c) alinavagyok, some rights reserved (CC BY-NC)"
/Users/outman/workspace/personal/bioscan/data/inat/Rangifer_tarandus/401766581_737454065.jpg,Rangifer tarandus,inat,58.651963558,-124.6509422734,2026-08-08T20:32:59-07:00,https://www.inaturalist.org/observations/401766581,mammal,cc-by-nc,"(c) Roanan DeMeyer, some rights reserved (CC BY-NC)"
/Users/outman/workspace/personal/bioscan/data/inat/Rangifer_tarandus/401738376_737396553.jpg,Rangifer tarandus,inat,47.6094648293,-54.6727857053,2026-07-31T05:46:23-02:30,https://www.inaturalist.org/observations/401738376,mammal,cc-by-nc,"(c) collins108, some rights reserved (CC BY-NC)"
/Users/outman/workspace/personal/bioscan/data/inat/Rangifer_tarandus/401670549_737257985.jpg,Rangifer tarandus,inat,67.5428268867,17.2973893482,2026-09-01T13:37:00+02:00,https://www.inaturalist.org/observations/401670549,mammal,cc-by-nc,"(c) rikeover, some rights reserved (CC BY-NC)"
/Users/outman/workspace/personal/bioscan/data/inat/Rangifer_tarandus/401420288_736774370.jpg,Rangifer tarandus,inat,48.99753,-65.9414666667,2026-08-29T11:21:59-04:00,https://www.inaturalist.org/observations/401420288,mammal,cc-by-nc,"(c) fnoiseux, some rights reserved (CC BY-NC)"
/Users/outman/workspace/personal/bioscan/data/inat/Alces_alces/402515684_738933639.jpg,Alces alces,inat,33.6237333333,-117.9470283333,2026-09-22T09:06:32-07:00,https://www.inaturalist.org/observations/402515684,mammal,cc-by-nc,"(c) ev3olution, some rights reserved (CC BY-NC)"
/Users/outman/workspace/personal/bioscan/data/inat/Alces_alces/402515545_738933307.jpg,Alces alces,inat,33.62658,-117.9532866667,2026-09-22T09:18:30-07:00,https://www.inaturalist.org/observations/402515545,mammal,cc-by-nc,"(c) ev3olution, some rights reserved (CC BY-NC)"
/Users/outman/workspace/personal/bioscan/data/inat/Alces_alces/402510857_738924995.jpg,Alces alces,inat,33.8349484103,-118.3902616704,2026-09-22T10:32:30-07:00,https://www.inaturalist.org/observations/402510857,mammal,cc-by-nc,"(c) Keith P, some rights reserved (CC BY-NC)"
/Users/outman/workspace/personal/bioscan/data/inat/Alces_alces/401707066_737332084.jpg,Alces alces,inat,32.8070457938,-117.2640167544,2026-05-23T18:40:49-07:00,https://www.inaturalist.org/observations/401707066,mammal,cc-by-nc,"(c) Stephanie S. Jarvis, MSc, some rights reserved (CC BY-NC)"
/Users/outman/workspace/personal/bioscan/data/inat/Alces_alces/401522775_736977493.jpg,Alces alces,inat,32.79732,-117.2580466667,2026-09-14T08:41:34-07:00,https://www.inaturalist.org/observations/401522775,mammal,cc-by-nc,"(c) Leo Di Vita Morris, some rights reserved (CC BY-NC)"
/Users/outman/workspace/personal/bioscan/data/inat/Alces_alces/401522284_736976694.jpg,Alces alces,inat,32.7992366667,-117.2587883333,2026-09-14T08:36:24-07:00,https://www.inaturalist.org/observations/401522284,mammal,cc-by-nc,"(c) Leo Di Vita Morris, some rights reserved (CC BY-NC)"
/Users/outman/workspace/personal/bioscan/data/inat/Alces_alces/401284467_736506425.jpg,Alces alces,inat,34.2598757061,-119.2730402667,2026-09-18T09:49:34-07:00,https://www.inaturalist.org/observations/401284467,mammal,cc-by-nc,"(c) Regional!, some rights reserved (CC BY-NC)"
/Users/outman/workspace/personal/bioscan/data/inat/Alces_alces/401093238_736139829.jpg,Alces alces,inat,33.1281555,-117.3331533333,2026-09-16T16:16:05-07:00,https://www.inaturalist.org/observations/401093238,mammal,cc-by-nc,"(c) Corey Anderson, some rights reserved (CC BY-NC)"
/Users/outman/workspace/personal/bioscan/data/inat/Alces_alces/400871851_735701045.jpg,Alces alces,inat,32.7997961979,-117.2592016454,2026-09-16T17:41:31-07:00,https://www.inaturalist.org/observations/400871851,mammal,cc-by-nc,"(c) rspector, some rights reserved (CC BY-NC)"
/Users/outman/workspace/personal/bioscan/data/inat/Alces_alces/400238069_734420322.jpg,Alces alces,inat,32.8079691864,-117.2656178371,2026-09-14T06:39:46-07:00,https://www.inaturalist.org/observations/400238069,mammal,cc-by-nc,"(c) breeana juarez, some rights reserved (CC BY-NC)"
/Users/outman/workspace/personal/bioscan/data/inat/Alces_alces/400236054_734416235.jpg,Alces alces,inat,32.8077556354,-117.2663418753,2026-09-14T06:58:43-07:00,https://www.inaturalist.org/observations/400236054,mammal,cc-by-nc,"(c) hsuppa31, some rights reserved (CC BY-NC)"
/Users/outman/workspace/personal/bioscan/data/inat/Alces_alces/400201317_734348898.jpg,Alces alces,inat,32.80785939,-117.26614459,2026-09-14T07:16:21-07:00,https://www.inaturalist.org/observations/400201317,mammal,cc-by-nc,"(c) Carlos Arango, some rights reserved (CC BY-NC)"
/Users/outman/workspace/personal/bioscan/data/inat/Alces_alces/400199976_734346473.jpg,Alces alces,inat,32.80773925,-117.26636422,2026-09-14T07:07:49-07:00,https://www.inaturalist.org/observations/400199976,mammal,cc-by-nc,"(c) Lavenza, some rights reserved (CC BY-NC)"
/Users/outman/workspace/personal/bioscan/data/inat/Alces_alces/400198280_734342799.jpg,Alces alces,inat,32.807801327,-117.2661838308,2026-09-14T06:37:58-07:00,https://www.inaturalist.org/observations/400198280,mammal,cc-by-nc,"(c) josephmunoz2766, some rights reserved (CC BY-NC)"
/Users/outman/workspace/personal/bioscan/data/inat/Alces_alces/400198128_734342527.jpg,Alces alces,inat,32.8077051458,-117.266544313,2026-09-14T07:02:54-07:00,https://www.inaturalist.org/observations/400198128,mammal,cc-by-nc,"(c) Luis F Valenzuela, some rights reserved (CC BY-NC)"
/Users/outman/workspace/personal/bioscan/data/inat/Alces_alces/400198019_734342262.jpg,Alces alces,inat,32.8077661227,-117.2662552645,2026-09-14T06:32:43-07:00,https://www.inaturalist.org/observations/400198019,mammal,cc-by-nc,"(c) Jesus R, some rights reserved (CC BY-NC)"
/Users/outman/workspace/personal/bioscan/data/inat/Alces_alces/400192337_734330749.jpg,Alces alces,inat,32.80776121,-117.2663278449,2026-09-14T06:37:50-07:00,https://www.inaturalist.org/observations/400192337,mammal,cc-by-nc,"(c) Alonso Vazquez, some rights reserved (CC BY-NC)"
/Users/outman/workspace/personal/bioscan/data/inat/Alces_alces/400190878_734328222.jpg,Alces alces,inat,32.8003106,-117.2588552,2026-09-14T06:31:00-07:00,https://www.inaturalist.org/observations/400190878,mammal,cc-by-nc,"(c) scottbroman, some rights reserved (CC BY-NC)"
/Users/outman/workspace/personal/bioscan/data/inat/Alces_alces/400190166_734326609.jpg,Alces alces,inat,32.8077409364,-117.2663312706,2026-09-14T06:24:42-07:00,https://www.inaturalist.org/observations/400190166,mammal,cc-by-nc,"(c) Leela Rae Palmer, some rights reserved (CC BY-NC)"
/Users/outman/workspace/personal/bioscan/data/inat/Alces_alces/400188773_734323707.jpg,Alces alces,inat,32.8078630743,-117.2660946077,2026-09-14T06:20:43-07:00,https://www.inaturalist.org/observations/400188773,mammal,cc-by-nc,"(c) Alonso Vazquez, some rights reserved (CC BY-NC)"
/Users/outman/workspace/personal/bioscan/data/inat/Alces_alces/400046633_734032925.jpg,Alces alces,inat,32.9595133333,-117.26828,2026-09-13T13:01:47-07:00,https://www.inaturalist.org/observations/400046633,mammal,cc-by-nc,"(c) Clarissa Rodriguez, some rights reserved (CC BY-NC)"
/Users/outman/workspace/personal/bioscan/data/inat/Alces_alces/400044781_734029113.jpg,Alces alces,inat,32.8479436846,-117.2800259848,2026-09-13T16:07:52-07:00,https://www.inaturalist.org/observations/400044781,mammal,cc-by-nc,"(c) Seth Crawford, some rights reserved (CC BY-NC)"
/Users/outman/workspace/personal/bioscan/data/inat/Alces_alces/399917226_733782876.jpg,Alces alces,inat,32.9254283333,-117.2596583333,2026-09-13T07:55:57-07:00,https://www.inaturalist.org/observations/399917226,mammal,cc-by-nc,"(c) cjackson, some rights reserved (CC BY-NC)"
/Users/outman/workspace/personal/bioscan/data/inat/Alces_alces/399797364_733547887.jpg,Alces alces,inat,32.9216138889,-117.2595027778,2026-09-12T18:56:13-07:00,https://www.inaturalist.org/observations/399797364,mammal,cc-by-nc,"(c) Kristin Sweeney, some rights reserved (CC BY-NC)"
/Users/outman/workspace/personal/bioscan/data/inat/Alces_alces/399728239_733407124.jpg,Alces alces,inat,32.9278216667,-117.2602,2026-09-12T16:56:54-07:00,https://www.inaturalist.org/observations/399728239,mammal,cc0,no rights reserved
/Users/outman/workspace/personal/bioscan/data/inat/Ursus_arctos/402657002_739215618.jpg,Ursus arctos,inat,49.2250620081,19.8889585013,2024-07-16T16:20:00+02:00,https://www.inaturalist.org/observations/402657002,mammal,cc-by-nc,"(c) reywen, some rights reserved (CC BY-NC)"
/Users/outman/workspace/personal/bioscan/data/inat/Ursus_arctos/402636987_739175424.jpg,Ursus arctos,inat,44.5847865271,-110.5761276125,2026-09-21T16:43:55-06:00,https://www.inaturalist.org/observations/402636987,mammal,cc-by-nc,"(c) sweesaw, some rights reserved (CC BY-NC)"
/Users/outman/workspace/personal/bioscan/data/inat/Ursus_arctos/402636903_739175262.jpg,Ursus arctos,inat,44.4577547919,-110.5615492788,2026-09-18T09:44:58-06:00,https://www.inaturalist.org/observations/402636903,mammal,cc-by-nc,"(c) sweesaw, some rights reserved (CC BY-NC)"
/Users/outman/workspace/personal/bioscan/data/inat/Ursus_arctos/402621633_739143039.jpg,Ursus arctos,inat,65.7678650407,-171.8931413472,2026-03-14T09:36:00+12:00,https://www.inaturalist.org/observations/402621633,mammal,cc-by-nc,"(c) Maksim Antipin, some rights reserved (CC BY-NC)"
/Users/outman/workspace/personal/bioscan/data/inat/Ursus_arctos/402618389_739136949.jpg,Ursus arctos,inat,60.825050354,-148.9839782715,2026-09-22T17:20:20-08:00,https://www.inaturalist.org/observations/402618389,mammal,cc-by-nc,"(c) craysoul, some rights reserved (CC BY-NC)"
/Users/outman/workspace/personal/bioscan/data/inat/Ursus_arctos/402615818_739131102.jpg,Ursus arctos,inat,52.3657621432,-126.0516645399,2026-09-22T17:42:41-07:00,https://www.inaturalist.org/observations/402615818,mammal,cc-by-nc,"(c) mvanleuken, some rights reserved (CC BY-NC)"
/Users/outman/workspace/personal/bioscan/data/inat/Ursus_arctos/402593455_739086721.jpg,Ursus arctos,inat,69.2212479043,-124.3445175025,2026-07-27T10:19:31-06:00,https://www.inaturalist.org/observations/402593455,mammal,cc-by-nc,"(c) meganfrancisco, some rights reserved (CC BY-NC)"
/Users/outman/workspace/personal/bioscan/data/inat/Ursus_arctos/402593405_739086655.jpg,Ursus arctos,inat,69.2334178448,-124.1341478958,2026-07-27T09:30:52-06:00,https://www.inaturalist.org/observations/402593405,mammal,cc-by-nc,"(c) meganfrancisco, some rights reserved (CC BY-NC)"
/Users/outman/workspace/personal/bioscan/data/inat/Ursus_arctos/402581327_739062360.jpg,Ursus arctos,inat,41.9939815441,13.6164638856,2026-09-21T05:41:56+02:00,https://www.inaturalist.org/observations/402581327,mammal,cc-by-nc,"(c) pleistocene, some rights reserved (CC BY-NC)"
/Users/outman/workspace/personal/bioscan/data/inat/Ursus_arctos/402541697_738984439.jpg,Ursus arctos,inat,,,2026-09-21T17:42:00+02:00,https://www.inaturalist.org/observations/402541697,mammal,cc-by-nc,"(c) mauretti, some rights reserved (CC BY-NC)"
/Users/outman/workspace/personal/bioscan/data/inat/Ursus_arctos/402533670_738969225.jpg,Ursus arctos,inat,42.7692360219,20.1439231262,2022-06-16,https://www.inaturalist.org/observations/402533670,mammal,cc-by-nc,"(c) Nicolas Boese, some rights reserved (CC BY-NC)"
/Users/outman/workspace/personal/bioscan/data/inat/Ursus_arctos/402496617_738896274.jpg,Ursus arctos,inat,57.2147698101,72.0284502327,2026-09-22T14:31:00+06:00,https://www.inaturalist.org/observations/402496617,mammal,cc-by-nc,"(c) Владимир, some rights reserved (CC BY-NC)"
/Users/outman/workspace/personal/bioscan/data/inat/Ursus_arctos/402455301_738822630.jpg,Ursus arctos,inat,60.4911714121,-134.5250237492,2026-09-14T12:05:31-07:00,https://www.inaturalist.org/observations/402455301,mammal,cc-by-nc,"(c) huffylu, some rights reserved (CC BY-NC)"
/Users/outman/workspace/personal/bioscan/data/inat/Ursus_arctos/402436791_738785456.jpg,Ursus arctos,inat,42.7153530776,-6.0993393646,2026-09-22T14:25:35+02:00,https://www.inaturalist.org/observations/402436791,mammal,cc-by-nc,"(c) irene, some rights reserved (CC BY-NC)"
/Users/outman/workspace/personal/bioscan/data/inat/Ursus_arctos/402422429_738758815.jpg,Ursus arctos,inat,48.5760849537,-113.480370529,2026-09-09T22:59:00-06:00,https://www.inaturalist.org/observations/402422429,mammal,cc-by-nc,"(c) laniuscollurio, some rights reserved (CC BY-NC)"
/Users/outman/workspace/personal/bioscan/data/inat/Ursus_arctos/402414450_738743334.jpg,Ursus arctos,inat,40.5745303369,30.6042432413,2026-09-12T02:35:37+03:00,https://www.inaturalist.org/observations/402414450,mammal,cc-by-nc,"(c) ENSAR ÖZÇELİK, some rights reserved (CC BY-NC)"
/Users/outman/workspace/personal/bioscan/data/inat/Ursus_arctos/402373381_738660998.jpg,Ursus arctos,inat,44.6259778968,-110.6588160405,2026-09-21T18:52:00-06:00,https://www.inaturalist.org/observations/402373381,mammal,cc-by-nc,"(c) ktw, some rights reserved (CC BY-NC)"
/Users/outman/workspace/personal/bioscan/data/inat/Ursus_arctos/402278279_738469471.jpg,Ursus arctos,inat,45.7305749446,25.1743175296,2026-09-21T19:37:23+03:00,https://www.inaturalist.org/observations/402278279,mammal,cc-by,"(c) Caroline Quinn, some rights reserved (CC BY)"
/Users/outman/workspace/personal/bioscan/data/inat/Ursus_arctos/402245000_738404198.jpg,Ursus arctos,inat,45.9974583243,14.5271950506,2026-09-21T18:10:33+02:00,https://www.inaturalist.org/observations/402245000,mammal,cc-by-nc,"(c) Zala Drnovšek, some rights reserved (CC BY-NC)"
/Users/outman/workspace/personal/bioscan/data/inat/Ursus_arctos/402235210_738384948.jpg,Ursus arctos,inat,52.9968007167,-117.8424083901,2026-09-12T17:00:00-06:00,https://www.inaturalist.org/observations/402235210,mammal,cc-by-nc,"(c) Alex Gaimster, some rights reserved (CC BY-NC)"
/Users/outman/workspace/personal/bioscan/data/inat/Ursus_arctos/402218886_738352400.jpg,Ursus arctos,inat,42.4363962545,70.5944328098,2026-09-14T11:59:27+05:00,https://www.inaturalist.org/observations/402218886,mammal,cc-by-nc,"(c) borealoides, some rights reserved (CC BY-NC)"
/Users/outman/workspace/personal/bioscan/data/inat/Ursus_arctos/402217615_738349800.jpg,Ursus arctos,inat,42.5660221484,70.5657556169,2026-09-14T10:17:05+05:00,https://www.inaturalist.org/observations/402217615,mammal,cc-by-nc,"(c) borealoides, some rights reserved (CC BY-NC)"
/Users/outman/workspace/personal/bioscan/data/inat/Ursus_arctos/402188699_738294368.jpg,Ursus arctos,inat,50.4910234849,-114.8483522157,2026-07-31T22:12:31-06:00,https://www.inaturalist.org/observations/402188699,mammal,cc-by-nc,"(c) naya_m, some rights reserved (CC BY-NC)"
/Users/outman/workspace/personal/bioscan/data/inat/Ursus_arctos/402159905_738240450.jpg,Ursus arctos,inat,49.7688568664,18.9788351263,2011-03-29T12:21:00+02:00,https://www.inaturalist.org/observations/402159905,mammal,cc-by-nc,"(c) dr Maciej Buchalik, some rights reserved (CC BY-NC)"
/Users/outman/workspace/personal/bioscan/data/inat/Ursus_arctos/402130650_738182421.jpg,Ursus arctos,inat,45.6098908265,25.69124243,2026-09-21T10:17:44+03:00,https://www.inaturalist.org/observations/402130650,mammal,cc-by-nc,"(c) bioinigo, some rights reserved (CC BY-NC)"
/Users/outman/workspace/personal/bioscan/data/inat/Buteo_jamaicensis/402663999_739228939.jpg,Buteo jamaicensis,inat,33.877055,-117.8825783333,2026-09-15T08:13:46-07:00,https://www.inaturalist.org/observations/402663999,bird,cc-by-nc,"(c) gerardlet, some rights reserved (CC BY-NC)"
/Users/outman/workspace/personal/bioscan/data/inat/Buteo_jamaicensis/402656386_739213222.jpg,Buteo jamaicensis,inat,37.7162866667,-121.875275,2026-09-22T18:10:41-07:00,https://www.inaturalist.org/observations/402656386,bird,cc-by,"(c) Irina Mitine, some rights reserved (CC BY)"
/Users/outman/workspace/personal/bioscan/data/inat/Buteo_jamaicensis/402648297_739198537.jpg,Buteo jamaicensis,inat,35.1260532189,-120.5683005623,2026-09-22T15:37:08-07:00,https://www.inaturalist.org/observations/402648297,bird,cc-by-nc,"(c) clarinohana245, some rights reserved (CC BY-NC)"
/Users/outman/workspace/personal/bioscan/data/inat/Buteo_jamaicensis/402647415_739196475.jpg,Buteo jamaicensis,inat,32.8761013433,-116.46661119,2026-09-22T09:40:00-07:00,https://www.inaturalist.org/observations/402647415,bird,cc-by-nc,"(c) kingsgate, some rights reserved (CC BY-NC)"
/Users/outman/workspace/personal/bioscan/data/inat/Buteo_jamaicensis/402645735_739194362.jpg,Buteo jamaicensis,inat,38.1306583333,-122.936295,2026-09-22T15:42:21-07:00,https://www.inaturalist.org/observations/402645735,bird,cc0,no rights reserved
/Users/outman/workspace/personal/bioscan/data/inat/Buteo_jamaicensis/402643630_739188990.jpg,Buteo jamaicensis,inat,37.6970583333,-121.8769083333,2026-09-22T16:13:33-07:00,https://www.inaturalist.org/observations/402643630,bird,cc-by,"(c) Irina Mitine, some rights reserved (CC BY)"
/Users/outman/workspace/personal/bioscan/data/inat/Buteo_jamaicensis/402640290_739182521.jpg,Buteo jamaicensis,inat,33.6489416667,-117.8925333333,2026-09-16T18:19:14-07:00,https://www.inaturalist.org/observations/402640290,bird,cc-by-nc,"(c) getlaam, some rights reserved (CC BY-NC)"
/Users/outman/workspace/personal/bioscan/data/inat/Buteo_jamaicensis/402639422_739180270.jpg,Buteo jamaicensis,inat,33.625075,-117.885345,2023-12-09T11:10:09-08:00,https://www.inaturalist.org/observations/402639422,bird,cc-by-nc,"(c) getlaam, some rights reserved (CC BY-NC)"
/Users/outman/workspace/personal/bioscan/data/inat/Buteo_jamaicensis/402638112_739177432.jpg,Buteo jamaicensis,inat,37.6312215683,-121.7730751733,2026-09-07T02:46:59-07:00,https://www.inaturalist.org/observations/402638112,bird,cc-by-nc,"(c) Rachel Boyes, some rights reserved (CC BY-NC)"
/Users/outman/workspace/personal/bioscan/data/inat/Buteo_jamaicensis/402637436_739176035.jpg,Buteo jamaicensis,inat,33.8472929026,-118.2724646595,2026-09-22T16:22:26-07:00,https://www.inaturalist.org/observations/402637436,bird,cc-by-nc,"(c) hal r, some rights reserved (CC BY-NC)"
/Users/outman/workspace/personal/bioscan/data/inat/Buteo_jamaicensis/402637245_739172933.jpg,Buteo jamaicensis,inat,38.6624533251,-121.7184887427,2026-09-22T17:42:00-07:00,https://www.inaturalist.org/observations/402637245,bird,cc-by-nc,"(c) Alex, some rights reserved (CC BY-NC)"
/Users/outman/workspace/personal/bioscan/data/inat/Buteo_jamaicensis/402632820_739166820.jpg,Buteo jamaicensis,inat,34.2501813829,-117.6362381503,2026-09-20T14:09:32-07:00,https://www.inaturalist.org/observations/402632820,bird,cc-by-nc,"(c) Great Ace, some rights reserved (CC BY-NC)"
/Users/outman/workspace/personal/bioscan/data/inat/Buteo_jamaicensis/402628938_739159431.jpg,Buteo jamaicensis,inat,37.452125,-122.108475,2026-09-22T10:49:44-07:00,https://www.inaturalist.org/observations/402628938,bird,cc-by-nc,"(c) anouchkagaillard, some rights reserved (CC BY-NC)"
/Users/outman/workspace/personal/bioscan/data/inat/Buteo_jamaicensis/402623166_739146432.jpg,Buteo jamaicensis,inat,34.0349474479,-118.1586248428,2026-09-22T10:32:53-07:00,https://www.inaturalist.org/observations/402623166,bird,cc-by-nc,"(c) boazsolorio, some rights reserved (CC BY-NC)"
/Users/outman/workspace/personal/bioscan/data/inat/Buteo_jamaicensis/402623106_739146294.jpg,Buteo jamaicensis,inat,34.0349474479,-118.1586248428,2026-09-22T10:32:53-07:00,https://www.inaturalist.org/observations/402623106,bird,cc-by-nc,"(c) boazsolorio, some rights reserved (CC BY-NC)"
/Users/outman/workspace/personal/bioscan/data/inat/Buteo_jamaicensis/402609826_739118980.jpg,Buteo jamaicensis,inat,33.9130055556,-117.8364861111,2026-09-19T16:55:00-07:00,https://www.inaturalist.org/observations/402609826,bird,cc-by-nc,"(c) cristiansanchez06, some rights reserved (CC BY-NC)"
/Users/outman/workspace/personal/bioscan/data/inat/Buteo_jamaicensis/402596014_739092148.jpg,Buteo jamaicensis,inat,33.8551081826,-117.1206784232,2026-09-21T13:08:36-07:00,https://www.inaturalist.org/observations/402596014,bird,cc-by-nc,"(c) vizz_5oh, some rights reserved (CC BY-NC)"
/Users/outman/workspace/personal/bioscan/data/inat/Buteo_jamaicensis/402594113_739088111.jpg,Buteo jamaicensis,inat,36.7838512311,-121.7932869494,2026-09-22T12:59:45-07:00,https://www.inaturalist.org/observations/402594113,bird,cc-by-nc,"(c) melissajd, some rights reserved (CC BY-NC)"
/Users/outman/workspace/personal/bioscan/data/inat/Buteo_jamaicensis/402572583_739044586.jpg,Buteo jamaicensis,inat,34.0547963873,-118.1413785741,2026-09-21T10:50:24-07:00,https://www.inaturalist.org/observations/402572583,bird,cc-by-nc,"(c) boazsolorio, some rights reserved (CC BY-NC)"
/Users/outman/workspace/personal/bioscan/data/inat/Buteo_jamaicensis/402564663_739025138.jpg,Buteo jamaicensis,inat,37.3515524602,-121.9418967518,2026-09-22T10:59:00-07:00,https://www.inaturalist.org/observations/402564663,bird,cc-by-nc,"(c) Elliot W, some rights reserved (CC BY-NC)"
/Users/outman/workspace/personal/bioscan/data/inat/Buteo_jamaicensis/402564641_739025054.jpg,Buteo jamaicensis,inat,37.3515170999,-121.9420216502,2026-09-22T09:26:00-07:00,https://www.inaturalist.org/observations/402564641,bird,cc-by-nc,"(c) Elliot W, some rights reserved (CC BY-NC)"
/Users/outman/workspace/personal/bioscan/data/inat/Buteo_jamaicensis/402564596_739024830.jpg,Buteo jamaicensis,inat,37.3486087,-121.9367173,2026-09-22T07:24:00-07:00,https://www.inaturalist.org/observations/402564596,bird,cc-by-nc,"(c) Elliot W, some rights reserved (CC BY-NC)"
/Users/outman/workspace/personal/bioscan/data/inat/Buteo_jamaicensis/402558703_739013131.jpg,Buteo jamaicensis,inat,37.9673289996,-122.2675790891,2026-09-22T10:11:00-07:00,https://www.inaturalist.org/observations/402558703,bird,cc-by-nc,"(c) Michael Warner, some rights reserved (CC BY-NC)"
/Users/outman/workspace/personal/bioscan/data/inat/Buteo_jamaicensis/402556697_739012470.jpg,Buteo jamaicensis,inat,38.40945,-122.8139633333,2026-09-22T08:23:15-07:00,https://www.inaturalist.org/observations/402556697,bird,cc-by-nc,"(c) Darvin DeShazer, some rights reserved (CC BY-NC)"
/Users/outman/workspace/personal/bioscan/data/inat/Buteo_jamaicensis/402554381_739020939.jpg,Buteo jamaicensis,inat,33.6525888755,-118.046592928,2026-09-22T10:43:11-07:00,https://www.inaturalist.org/observations/402554381,bird,cc-by-nc,"(c) christopher, some rights reserved (CC BY-NC)"
/Users/outman/workspace/personal/bioscan/data/inat/Buteo_lineatus/402665336_739231478.jpg,Buteo lineatus,inat,36.6328883333,-121.9241633333,2026-09-04T18:59:26-07:00,https://www.inaturalist.org/observations/402665336,bird,cc-by-nc,"(c) Riley Wild, some rights reserved (CC BY-NC)"
/Users/outman/workspace/personal/bioscan/data/inat/Buteo_lineatus/402661306_739223304.jpg,Buteo lineatus,inat,36.4903756094,-121.1482927948,2026-07-08T14:43:50-07:00,https://www.inaturalist.org/observations/402661306,bird,cc-by-nc,"(c) mclachlanrmorgan, some rights reserved (CC BY-NC)"
/Users/outman/workspace/personal/bioscan/data/inat/Buteo_lineatus/402657650_739215855.jpg,Buteo lineatus,inat,38.2366616807,-122.6501739398,2025-12-06T16:00:46-08:00,https://www.inaturalist.org/observations/402657650,bird,cc-by-nc,"(c) bio_alchemist, some rights reserved (CC BY-NC)"
/Users/outman/workspace/personal/bioscan/data/inat/Buteo_lineatus/402633600_739168595.jpg,Buteo lineatus,inat,36.2396133333,-119.8560416667,2026-09-22T18:48:02-07:00,https://www.inaturalist.org/observations/402633600,bird,cc-by-nc,"(c) babypotatobug, some rights reserved (CC BY-NC)"
/Users/outman/workspace/personal/bioscan/data/inat/Buteo_lineatus/402626229_739153632.jpg,Buteo lineatus,inat,37.9346616667,-122.5216366667,2026-09-22T18:29:46-07:00,https://www.inaturalist.org/observations/402626229,bird,cc-by-nc,"(c) Jackie O'Connor, some rights reserved (CC BY-NC)"
/Users/outman/workspace/personal/bioscan/data/inat/Buteo_lineatus/402626154_739152439.jpg,Buteo lineatus,inat,38.5685359968,-121.5026936431,2026-09-20,https://www.inaturalist.org/observations/402626154,bird,cc-by-nc,"(c) abcdefgewing, some rights reserved (CC BY-NC)"
/Users/outman/workspace/personal/bioscan/data/inat/Buteo_lineatus/402620648_739141054.jpg,Buteo lineatus,inat,37.9346616667,-122.521645,2026-09-22T18:30:04-07:00,https://www.inaturalist.org/observations/402620648,bird,cc-by-nc,"(c) Jackie O'Connor, some rights reserved (CC BY-NC)"
/Users/outman/workspace/personal/bioscan/data/inat/Buteo_lineatus/402619058_739134644.jpg,Buteo lineatus,inat,38.5545977906,-121.2610562362,2026-09-18,https://www.inaturalist.org/observations/402619058,bird,cc-by-nc,"(c) abcdefgewing, some rights reserved (CC BY-NC)"
/Users/outman/workspace/personal/bioscan/data/inat/Buteo_lineatus/402612120_739123543.jpg,Buteo lineatus,inat,32.863775,-116.462917,2026-09-22T07:11:00-07:00,https://www.inaturalist.org/observations/402612120,bird,cc-by-nc,"(c) kingsgate, some rights reserved (CC BY-NC)"
/Users/outman/workspace/personal/bioscan/data/inat/Buteo_lineatus/402562769_739024602.jpg,Buteo lineatus,inat,37.7605546007,-122.4869994419,2026-09-22T13:51:06-07:00,https://www.inaturalist.org/observations/402562769,bird,cc-by-nc,"(c) Megan C, some rights reserved (CC BY-NC)"
/Users/outman/workspace/personal/bioscan/data/inat/Buteo_lineatus/402562243_739023476.jpg,Buteo lineatus,inat,33.8523124878,-117.8290243241,2026-09-22T09:15:04-07:00,https://www.inaturalist.org/observations/402562243,bird,cc-by-nc,"(c) Max Watkins, some rights reserved (CC BY-NC)"
/Users/outman/workspace/personal/bioscan/data/inat/Buteo_lineatus/402561989_739022873.jpg,Buteo lineatus,inat,36.6581266222,-121.7718906744,2026-09-22T13:37:21-07:00,https://www.inaturalist.org/observations/402561989,bird,cc-by-nc,"(c) romerod211, some rights reserved (CC BY-NC)"
/Users/outman/workspace/personal/bioscan/data/inat/Buteo_lineatus/402545510_738991089.jpg,Buteo lineatus,inat,34.0575555,-117.824875,2026-09-22T12:43:05-07:00,https://www.inaturalist.org/observations/402545510,bird,cc-by-nc,"(c) Andrew Martinez, some rights reserved (CC BY-NC)"
/Users/outman/workspace/personal/bioscan/data/inat/Buteo_lineatus/402528923_738960069.jpg,Buteo lineatus,inat,35.5577583333,-121.0964216667,2026-09-22T10:41:50-07:00,https://www.inaturalist.org/observations/402528923,bird,cc-by-nc,"(c) old_timer, some rights reserved (CC BY-NC)"
/Users/outman/workspace/personal/bioscan/data/inat/Buteo_lineatus/402502578_738905474.jpg,Buteo lineatus,inat,37.851408774,-122.2959816786,2026-09-19T09:46:00-07:00,https://www.inaturalist.org/observations/402502578,bird,cc-by,"(c) Hydrocycler (Elizabeth Dougherty), some rights reserved (CC BY)"
/Users/outman/workspace/personal/bioscan/data/inat/Buteo_lineatus/402502538_738908982.jpg,Buteo lineatus,inat,34.157026988,-118.2937901487,2026-09-19T13:10:00-07:00,https://www.inaturalist.org/observations/402502538,bird,cc-by-nc,"(c) gregslak, some rights reserved (CC BY-NC)"
/Users/outman/workspace/personal/bioscan/data/inat/Buteo_lineatus/402479391_738866176.jpg,Buteo lineatus,inat,38.2292283333,-122.5983116667,2026-09-21T18:50:37-07:00,https://www.inaturalist.org/observations/402479391,bird,cc-by-nc,"(c) Tyler nelsen, some rights reserved (CC BY-NC)"
/Users/outman/workspace/personal/bioscan/data/inat/Buteo_lineatus/402468478_738863487.jpg,Buteo lineatus,inat,32.7777552732,-117.1015663508,2026-09-22T07:45:51-07:00,https://www.inaturalist.org/observations/402468478,bird,cc-by-nc,"(c) Mason Clark, some rights reserved (CC BY-NC)"
/Users/outman/workspace/personal/bioscan/data/inat/Buteo_lineatus/402458228_738827384.jpg,Buteo lineatus,inat,37.4080743912,-121.7966533602,2026-09-21T10:48:00-07:00,https://www.inaturalist.org/observations/402458228,bird,cc-by-nc,"(c) edwardrooks, some rights reserved (CC BY-NC)"
/Users/outman/workspace/personal/bioscan/data/inat/Buteo_lineatus/402454439_738820838.jpg,Buteo lineatus,inat,38.3267705458,-122.6642823592,2025-09-08T08:20:22-07:00,https://www.inaturalist.org/observations/402454439,bird,cc-by-nc,"(c) bio_alchemist, some rights reserved (CC BY-NC)"
/Users/outman/workspace/personal/bioscan/data/inat/Buteo_lineatus/402386918_738689503.jpg,Buteo lineatus,inat,36.9741193343,-122.0288070291,2026-09-21T17:10:27-07:00,https://www.inaturalist.org/observations/402386918,bird,cc-by-nc,"(c) Zedory, some rights reserved (CC BY-NC)"
/Users/outman/workspace/personal/bioscan/data/inat/Buteo_lineatus/402380976_738677117.jpg,Buteo lineatus,inat,33.0090800201,-117.2662340745,2026-09-20T14:55:00-07:00,https://www.inaturalist.org/observations/402380976,bird,cc-by-nc,"(c) olafhansen_bretzenheim, some rights reserved (CC BY-NC)"
/Users/outman/workspace/personal/bioscan/data/inat/Buteo_lineatus/402379738_738675271.jpg,Buteo lineatus,inat,37.2891186356,-122.0856091124,2026-09-15T09:31:00-07:00,https://www.inaturalist.org/observations/402379738,bird,cc-by-nc,"(c) Melanie Barnett, some rights reserved (CC BY-NC)"
/Users/outman/workspace/personal/bioscan/data/inat/Buteo_lineatus/402353472_738622211.jpg,Buteo lineatus,inat,34.046931598,-118.1508015096,2026-09-21T08:52:46-07:00,https://www.inaturalist.org/observations/402353472,bird,cc-by-nc,"(c) boazsolorio, some rights reserved (CC BY-NC)"
/Users/outman/workspace/personal/bioscan/data/inat/Buteo_lineatus/402350912_738617034.jpg,Buteo lineatus,inat,37.3865823452,-122.1398611298,2026-09-21T18:42:04-07:00,https://www.inaturalist.org/observations/402350912,bird,cc-by-nc,"(c) mixedberries, some rights reserved (CC BY-NC)"
/Users/outman/workspace/personal/bioscan/data/inat/Astur_cooperii/402639575_739180766.jpg,Astur cooperii,inat,33.65487,-117.88762,2023-12-05T08:55:07-08:00,https://www.inaturalist.org/observations/402639575,bird,cc-by-nc,"(c) getlaam, some rights reserved (CC BY-NC)"
/Users/outman/workspace/personal/bioscan/data/inat/Astur_cooperii/402638790_739178283.jpg,Astur cooperii,inat,34.2554311461,-119.0671783345,2026-09-22T08:33:00-07:00,https://www.inaturalist.org/observations/402638790,bird,cc-by,"(c) Zack Abbey, some rights reserved (CC BY)"
/Users/outman/workspace/personal/bioscan/data/inat/Astur_cooperii/402629733_739160507.jpg,Astur cooperii,inat,32.5740944323,-117.1252067934,2026-09-22T17:29:04-07:00,https://www.inaturalist.org/observations/402629733,bird,cc-by-nc,"(c) jpatton5, some rights reserved (CC BY-NC)"
/Users/outman/workspace/personal/bioscan/data/inat/Astur_cooperii/402610766_739121276.jpg,Astur cooperii,inat,34.217913615,-118.2505144799,2026-09-22T17:34:26-07:00,https://www.inaturalist.org/observations/402610766,bird,cc-by-nc,"(c) nbrun, some rights reserved (CC BY-NC)"
/Users/outman/workspace/personal/bioscan/data/inat/Astur_cooperii/402582374_739064874.jpg,Astur cooperii,inat,37.8912888434,-121.8912832902,2026-09-22T10:09:11-07:00,https://www.inaturalist.org/observations/402582374,bird,cc-by-nc,"(c) meg810, some rights reserved (CC BY-NC)"
/Users/outman/workspace/personal/bioscan/data/inat/Astur_cooperii/402549792_738999529.jpg,Astur cooperii,inat,33.7832216667,-116.5256116667,2026-09-20T07:39:00-07:00,https://www.inaturalist.org/observations/402549792,bird,cc-by-nc,"(c) quandary, some rights reserved (CC BY-NC)"
/Users/outman/workspace/personal/bioscan/data/inat/Astur_cooperii/402476127_738859495.jpg,Astur cooperii,inat,33.6612612404,-116.318127658,2026-09-22T08:06:00-07:00,https://www.inaturalist.org/observations/402476127,bird,cc-by-nc,"(c) Cameron W Barrows, some rights reserved (CC BY-NC)"
/Users/outman/workspace/personal/bioscan/data/inat/Astur_cooperii/402459697_738829551.jpg,Astur cooperii,inat,37.7896113197,-122.4734652045,2026-09-21T10:15:00-07:00,https://www.inaturalist.org/observations/402459697,bird,cc-by-nc,"(c) keithcooley, some rights reserved (CC BY-NC)"
/Users/outman/workspace/personal/bioscan/data/inat/Astur_cooperii/402454266_738819705.jpg,Astur cooperii,inat,37.4080743912,-121.7966533602,2026-09-21T10:20:00-07:00,https://www.inaturalist.org/observations/402454266,bird,cc-by-nc,"(c) edwardrooks, some rights reserved (CC BY-NC)"
/Users/outman/workspace/personal/bioscan/data/inat/Astur_cooperii/402397127_738709435.jpg,Astur cooperii,inat,39.4749388007,-122.8317943964,2026-09-19T14:07:31-07:00,https://www.inaturalist.org/observations/402397127,bird,cc-by-nc,"(c) gnarlyshields, some rights reserved (CC BY-NC)"
/Users/outman/workspace/personal/bioscan/data/inat/Astur_cooperii/402391362_738698058.jpg,Astur cooperii,inat,37.570995,-122.0747305,2026-09-19T18:15:36-07:00,https://www.inaturalist.org/observations/402391362,bird,cc-by-nc,"(c) Max Thien, some rights reserved (CC BY-NC)"
/Users/outman/workspace/personal/bioscan/data/inat/Astur_cooperii/402371635_738658087.jpg,Astur cooperii,inat,38.0068361167,-122.4919616667,2026-09-21T16:40:12-07:00,https://www.inaturalist.org/observations/402371635,bird,cc-by,"(c) Karen Offereins, some rights reserved (CC BY)"
/Users/outman/workspace/personal/bioscan/data/inat/Astur_cooperii/402368297_738651577.jpg,Astur cooperii,inat,34.2007466667,-118.2114966667,2026-09-17T18:09:51-07:00,https://www.inaturalist.org/observations/402368297,bird,cc-by-nc,"(c) tjotjog, some rights reserved (CC BY-NC)"
/Users/outman/workspace/personal/bioscan/data/inat/Astur_cooperii/402342471_738599175.jpg,Astur cooperii,inat,37.4058410278,-121.9543841378,2026-09-21T11:01:00-07:00,https://www.inaturalist.org/observations/402342471,bird,cc-by-nc,"(c) Erica Fleniken, some rights reserved (CC BY-NC)"
/Users/outman/workspace/personal/bioscan/data/inat/Astur_cooperii/402246919_738407076.jpg,Astur cooperii,inat,37.2268783333,-121.930205,2025-03-11T15:55:54-07:00,https://www.inaturalist.org/observations/402246919,bird,cc-by-nc,"(c) lgblossomhill, some rights reserved (CC BY-NC)"
/Users/outman/workspace/personal/bioscan/data/inat/Astur_cooperii/402231518_738377648.jpg,Astur cooperii,inat,35.3736296744,-120.8468078077,2026-09-19T07:50:34-07:00,https://www.inaturalist.org/observations/402231518,bird,cc-by-nc,"(c) jthomasinslo, some rights reserved (CC BY-NC)"
/Users/outman/workspace/personal/bioscan/data/inat/Astur_cooperii/402217415_738349423.jpg,Astur cooperii,inat,38.136111305,-122.3715044496,2026-09-20T18:38:28-07:00,https://www.inaturalist.org/observations/402217415,bird,cc-by-nc,"(c) saiquatica, some rights reserved (CC BY-NC)"
/Users/outman/workspace/personal/bioscan/data/inat/Astur_cooperii/402186098_738108240.jpg,Astur cooperii,inat,37.3931682727,-121.8112451769,2026-07-10T09:27:00-07:00,https://www.inaturalist.org/observations/402186098,bird,cc-by-nc,"(c) Howard Friedman, some rights reserved (CC BY-NC)"
/Users/outman/workspace/personal/bioscan/data/inat/Astur_cooperii/402105455_738132722.jpg,Astur cooperii,inat,34.1226604088,-117.8568555415,2026-09-20T08:49:54-07:00,https://www.inaturalist.org/observations/402105455,bird,cc-by-nc,"(c) boazsolorio, some rights reserved (CC BY-NC)"
/Users/outman/workspace/personal/bioscan/data/inat/Astur_cooperii/402096521_738115088.jpg,Astur cooperii,inat,37.6598423081,-120.9094553738,2026-09-20T21:20:37-07:00,https://www.inaturalist.org/observations/402096521,bird,cc-by-nc,"(c) evanc7, some rights reserved (CC BY-NC)"
/Users/outman/workspace/personal/bioscan/data/inat/Astur_cooperii/402079354_738079479.jpg,Astur cooperii,inat,33.6278278191,-117.9798687135,2026-09-14T08:13:00-07:00,https://www.inaturalist.org/observations/402079354,bird,cc-by-nc,"(c) Sean, some rights reserved (CC BY-NC)"
/Users/outman/workspace/personal/bioscan/data/inat/Astur_cooperii/401982393_737881609.jpg,Astur cooperii,inat,34.1946314648,-118.1734168064,2026-09-20T11:36:00-07:00,https://www.inaturalist.org/observations/401982393,bird,cc-by-nc,"(c) Alicia Di Rado, some rights reserved (CC BY-NC)"
/Users/outman/workspace/personal/bioscan/data/inat/Astur_cooperii/401980173_737873277.jpg,Astur cooperii,inat,32.75423,-117.240875,2026-09-20T08:19:00-07:00,https://www.inaturalist.org/observations/401980173,bird,cc-by,"(c) Millie Basden, some rights reserved (CC BY)"
/Users/outman/workspace/personal/bioscan/data/inat/Astur_cooperii/401971097_737858829.jpg,Astur cooperii,inat,34.2497898877,-118.6194301517,2026-09-20T08:00:00-07:00,https://www.inaturalist.org/observations/401971097,bird,cc-by-nc,"(c) fr0gl0ver, some rights reserved (CC BY-NC)"
/Users/outman/workspace/personal/bioscan/data/inat/Astur_cooperii/401915084_737748794.jpg,Astur cooperii,inat,34.03535,-118.0410694444,2026-09-20T09:57:48-07:00,https://www.inaturalist.org/observations/401915084,bird,cc-by-nc,"(c) Dolan Hunter, some rights reserved (CC BY-NC)"
/Users/outman/workspace/personal/bioscan/data/inat/Falco_sparverius/402654928_739206866.jpg,Falco sparverius,inat,33.0085710272,-117.272624961,2026-09-12T11:46:00-07:00,https://www.inaturalist.org/observations/402654928,bird,cc-by-nc,"(c) dumplingbug, some rights reserved (CC BY-NC)"
/Users/outman/workspace/personal/bioscan/data/inat/Falco_sparverius/402651205_739203160.jpg,Falco sparverius,inat,37.4683369305,-121.8735167423,2026-09-22T10:58:00-07:00,https://www.inaturalist.org/observations/402651205,bird,cc-by-nc,"(c) Charlie L, some rights reserved (CC BY-NC)"
/Users/outman/workspace/personal/bioscan/data/inat/Falco_sparverius/402637700_739176334.jpg,Falco sparverius,inat,38.6411500897,-121.7247821835,2026-09-22T18:30:00-07:00,https://www.inaturalist.org/observations/402637700,bird,cc-by-nc,"(c) Alex, some rights reserved (CC BY-NC)"
/Users/outman/workspace/personal/bioscan/data/inat/Falco_sparverius/402611508_739122797.jpg,Falco sparverius,inat,37.439574,-122.4413669722,2026-09-22T17:02:48-07:00,https://www.inaturalist.org/observations/402611508,bird,cc-by-nc,"(c) Eabensol Dart, some rights reserved (CC BY-NC)"
/Users/outman/workspace/personal/bioscan/data/inat/Falco_sparverius/402596396_739092794.jpg,Falco sparverius,inat,33.8863228656,-117.1081605304,2026-09-21T12:44:40-07:00,https://www.inaturalist.org/observations/402596396,bird,cc-by-nc,"(c) vizz_5oh, some rights reserved (CC BY-NC)"
/Users/outman/workspace/personal/bioscan/data/inat/Falco_sparverius/402594013_739087933.jpg,Falco sparverius,inat,33.8266666667,-118.34217,2026-09-19T14:45:35-07:00,https://www.inaturalist.org/observations/402594013,bird,cc-by-nc,"(c) denisseg, some rights reserved (CC BY-NC)"
/Users/outman/workspace/personal/bioscan/data/inat/Falco_sparverius/402582318_739064694.jpg,Falco sparverius,inat,40.7325049198,-124.2478261565,2026-09-22T13:43:50-07:00,https://www.inaturalist.org/observations/402582318,bird,cc-by-nc,"(c) Bob Ferris, some rights reserved (CC BY-NC)"
/Users/outman/workspace/personal/bioscan/data/inat/Falco_sparverius/402582097_739064141.jpg,Falco sparverius,inat,40.5184033333,-122.3053966667,2026-09-22T08:49:43-07:00,https://www.inaturalist.org/observations/402582097,bird,cc-by-nc,"(c) Dennis Wahlman, some rights reserved (CC BY-NC)"
/Users/outman/workspace/personal/bioscan/data/inat/Falco_sparverius/402548714_738996320.jpg,Falco sparverius,inat,39.9500858003,-123.9696143999,2025-06-28T23:51:00-07:00,https://www.inaturalist.org/observations/402548714,bird,cc-by-nc,"(c) Shashank Uma Deepak, some rights reserved (CC BY-NC)"
/Users/outman/workspace/personal/bioscan/data/inat/Falco_sparverius/402529165_738960943.jpg,Falco sparverius,inat,34.3978794533,-118.5695066768,2026-09-21T10:44:00-07:00,https://www.inaturalist.org/observations/402529165,bird,cc-by,"(c) arquivi, some rights reserved (CC BY)"
/Users/outman/workspace/personal/bioscan/data/inat/Falco_sparverius/402477372_738862313.jpg,Falco sparverius,inat,37.4080743912,-121.7966533602,2026-09-21T10:40:00-07:00,https://www.inaturalist.org/observations/402477372,bird,cc-by-nc,"(c) edwardrooks, some rights reserved (CC BY-NC)"
/Users/outman/workspace/personal/bioscan/data/inat/Falco_sparverius/402457160_738826442.jpg,Falco sparverius,inat,37.4080743912,-121.7966533602,2026-09-21T10:40:00-07:00,https://www.inaturalist.org/observations/402457160,bird,cc-by-nc,"(c) edwardrooks, some rights reserved (CC BY-NC)"
/Users/outman/workspace/personal/bioscan/data/inat/Falco_sparverius/402449881_738809120.jpg,Falco sparverius,inat,36.9614223928,-122.0810180712,2026-09-21T16:22:00-07:00,https://www.inaturalist.org/observations/402449881,bird,cc-by-nc,"(c) James Maughn, some rights reserved (CC BY-NC)"
/Users/outman/workspace/personal/bioscan/data/inat/Falco_sparverius/402401792_738717818.jpg,Falco sparverius,inat,33.6607821237,-117.8450372998,2026-09-21T17:06:00-07:00,https://www.inaturalist.org/observations/402401792,bird,cc-by-nc,"(c) Bhalpriya, some rights reserved (CC BY-NC)"
/Users/outman/workspace/personal/bioscan/data/inat/Falco_sparverius/402396047_738707018.jpg,Falco sparverius,inat,34.1767673205,-118.4796457855,2026-09-21T19:18:47-07:00,https://www.inaturalist.org/observations/402396047,bird,cc-by-nc,"(c) Tommy Tenenbaum, some rights reserved (CC BY-NC)"
/Users/outman/workspace/personal/bioscan/data/inat/Falco_sparverius/402374349_738663794.jpg,Falco sparverius,inat,37.4103259437,-121.7994337278,2026-09-21T09:30:00-07:00,https://www.inaturalist.org/observations/402374349,bird,cc-by-nc,"(c) edwardrooks, some rights reserved (CC BY-NC)"
/Users/outman/workspace/personal/bioscan/data/inat/Falco_sparverius/402368797_738652396.jpg,Falco sparverius,inat,41.8950332037,-121.995777972,2026-09-21T17:46:39-07:00,https://www.inaturalist.org/observations/402368797,bird,cc-by-nc,"(c) Jason Coatney, some rights reserved (CC BY-NC)"
/Users/outman/workspace/personal/bioscan/data/inat/Falco_sparverius/402364116_738641544.jpg,Falco sparverius,inat,32.7511914,-117.2280701,2026-09-21T09:46:00-07:00,https://www.inaturalist.org/observations/402364116,bird,cc0,no rights reserved
/Users/outman/workspace/personal/bioscan/data/inat/Falco_sparverius/402358115_738630019.jpg,Falco sparverius,inat,38.3257908283,-123.0571647132,2026-09-20T13:19:00-07:00,https://www.inaturalist.org/observations/402358115,bird,cc-by-nc,"(c) Phil Warren, some rights reserved (CC BY-NC)"
/Users/outman/workspace/personal/bioscan/data/inat/Falco_sparverius/402342069_738598379.jpg,Falco sparverius,inat,32.567912143,-117.1231121147,2026-09-21T16:09:11-07:00,https://www.inaturalist.org/observations/402342069,bird,cc-by-nc,"(c) ibhappy, some rights reserved (CC BY-NC)"
/Users/outman/workspace/personal/bioscan/data/inat/Falco_sparverius/402341438_738594290.jpg,Falco sparverius,inat,37.9013042762,-121.5088270353,2026-09-21T17:08:00-07:00,https://www.inaturalist.org/observations/402341438,bird,cc-by-nc,"(c) Russell Marotzke, some rights reserved (CC BY-NC)"
/Users/outman/workspace/personal/bioscan/data/inat/Falco_sparverius/402341434_738594209.jpg,Falco sparverius,inat,37.8973544656,-121.5075675983,2026-09-21T17:11:00-07:00,https://www.inaturalist.org/observations/402341434,bird,cc-by-nc,"(c) Russell Marotzke, some rights reserved (CC BY-NC)"
/Users/outman/workspace/personal/bioscan/data/inat/Falco_sparverius/402334194_738581927.jpg,Falco sparverius,inat,38.9055403405,-121.2715434676,2026-09-13T09:15:22-07:00,https://www.inaturalist.org/observations/402334194,bird,cc-by,"(c) A.C, some rights reserved (CC BY)"
/Users/outman/workspace/personal/bioscan/data/inat/Falco_sparverius/402290774_738494843.jpg,Falco sparverius,inat,32.752725,-117.2292033333,2026-09-21T13:19:08-07:00,https://www.inaturalist.org/observations/402290774,bird,cc-by-nc,"(c) sally_brown, some rights reserved (CC BY-NC)"
/Users/outman/workspace/personal/bioscan/data/inat/Falco_sparverius/402190772_738298905.jpg,Falco sparverius,inat,37.6380533333,-121.776825,2026-09-20T15:23:55-07:00,https://www.inaturalist.org/observations/402190772,bird,cc-by,"(c) Irina Mitine, some rights reserved (CC BY)"
/Users/outman/workspace/personal/bioscan/data/inat/Falco_peregrinus/402590533_739074108.jpg,Falco peregrinus,inat,34.0173116667,-119.359985,2026-09-13T08:45:00-07:00,https://www.inaturalist.org/observations/402590533,bird,cc-by-nc,"(c) Jeff Fenwick, some rights reserved (CC BY-NC)"
/Users/outman/workspace/personal/bioscan/data/inat/Falco_peregrinus/402590521_739073975.jpg,Falco peregrinus,inat,34.0173,-119.3588633333,2026-09-13T08:34:00-07:00,https://www.inaturalist.org/observations/402590521,bird,cc-by-nc,"(c) Jeff Fenwick, some rights reserved (CC BY-NC)"
/Users/outman/workspace/personal/bioscan/data/inat/Falco_peregrinus/402562626_739024709.jpg,Falco peregrinus,inat,33.8522601979,-117.8320280542,2026-09-22T08:35:23-07:00,https://www.inaturalist.org/observations/402562626,bird,cc-by-nc,"(c) Max Watkins, some rights reserved (CC BY-NC)"
/Users/outman/workspace/personal/bioscan/data/inat/Falco_peregrinus/402546722_738993601.jpg,Falco peregrinus,inat,34.6928067064,-120.0406397134,2026-01-30T15:32:40-08:00,https://www.inaturalist.org/observations/402546722,bird,cc-by-nc,"(c) mikewthomas, some rights reserved (CC BY-NC)"
/Users/outman/workspace/personal/bioscan/data/inat/Falco_peregrinus/402355282_738625836.jpg,Falco peregrinus,inat,35.3499624945,-120.628248789,2026-08-29T11:17:00-07:00,https://www.inaturalist.org/observations/402355282,bird,cc-by-nc,"(c) Noah M. Morales, some rights reserved (CC BY-NC)"
/Users/outman/workspace/personal/bioscan/data/inat/Falco_peregrinus/402309389_738530826.jpg,Falco peregrinus,inat,37.9872745965,-122.598634845,2026-09-06T09:23:00-07:00,https://www.inaturalist.org/observations/402309389,bird,cc-by-nc,"(c) mayoung01, some rights reserved (CC BY-NC)"
/Users/outman/workspace/personal/bioscan/data/inat/Falco_peregrinus/402057508_738012710.jpg,Falco peregrinus,inat,32.6138861111,-117.0901888889,2026-09-20T09:12:00-07:00,https://www.inaturalist.org/observations/402057508,bird,cc-by-nc,"(c) docprt, some rights reserved (CC BY-NC)"
/Users/outman/workspace/personal/bioscan/data/inat/Falco_peregrinus/402043356_738007087.jpg,Falco peregrinus,inat,33.7064602087,-118.0439483713,2026-09-20T11:18:23-07:00,https://www.inaturalist.org/observations/402043356,bird,cc-by-nc,"(c) hal r, some rights reserved (CC BY-NC)"
/Users/outman/workspace/personal/bioscan/data/inat/Falco_peregrinus/401966350_737837172.jpg,Falco peregrinus,inat,37.8207003483,-122.4985227517,2026-09-12T09:39:00-07:00,https://www.inaturalist.org/observations/401966350,bird,cc-by-nc,"(c) Paul Barnett, some rights reserved (CC BY-NC)"
/Users/outman/workspace/personal/bioscan/data/inat/Falco_peregrinus/401926903_737770385.jpg,Falco peregrinus,inat,36.9588883333,-122.0258778333,2026-09-18T09:18:41-07:00,https://www.inaturalist.org/observations/401926903,bird,cc-by-nc,"(c) Artem Mikelov, some rights reserved (CC BY-NC)"
/Users/outman/workspace/personal/bioscan/data/inat/Falco_peregrinus/401851545_737622290.jpg,Falco peregrinus,inat,32.5661243349,-117.1324599534,2026-09-17T20:08:52-07:00,https://www.inaturalist.org/observations/401851545,bird,cc-by-nc,"(c) Dave, some rights reserved (CC BY-NC)"
/Users/outman/workspace/personal/bioscan/data/inat/Falco_peregrinus/401799832_737517126.jpg,Falco peregrinus,inat,33.7060551694,-118.0436453078,2026-09-19T18:01:00-07:00,https://www.inaturalist.org/observations/401799832,bird,cc-by-nc,"(c) Shawn O'Neil, some rights reserved (CC BY-NC)"
/Users/outman/workspace/personal/bioscan/data/inat/Falco_peregrinus/401221814_736390839.jpg,Falco peregrinus,inat,34.1030638,-118.413135,2026-01-10T08:47:00-08:00,https://www.inaturalist.org/observations/401221814,bird,cc-by-nc,"(c) shiru22, some rights reserved (CC BY-NC)"
/Users/outman/workspace/personal/bioscan/data/inat/Falco_peregrinus/401151265_736253744.jpg,Falco peregrinus,inat,33.6365202783,-117.953079445,2026-05-24T07:42:00-07:00,https://www.inaturalist.org/observations/401151265,bird,cc-by-nc,"(c) Andrea Carpio, some rights reserved (CC BY-NC)"
/Users/outman/workspace/personal/bioscan/data/inat/Falco_peregrinus/401148394_736248924.jpg,Falco peregrinus,inat,40.8020712,-124.1636729,2022-03-01T17:11:00-08:00,https://www.inaturalist.org/observations/401148394,bird,cc-by-nc,"(c) barnacl, some rights reserved (CC BY-NC)"
/Users/outman/workspace/personal/bioscan/data/inat/Falco_peregrinus/401083253_736120030.jpg,Falco peregrinus,inat,38.2821201053,-119.2212651788,2026-09-16T09:41:00-07:00,https://www.inaturalist.org/observations/401083253,bird,cc-by-nc,"(c) Paul Donahue, some rights reserved (CC BY-NC)"
/Users/outman/workspace/personal/bioscan/data/inat/Falco_peregrinus/400654788_735285975.jpg,Falco peregrinus,inat,33.6989252355,-118.0373751576,2026-09-13T10:12:00-07:00,https://www.inaturalist.org/observations/400654788,bird,cc-by-nc,"(c) Lena Napier, some rights reserved (CC BY-NC)"
/Users/outman/workspace/personal/bioscan/data/inat/Falco_peregrinus/400603559_735167275.jpg,Falco peregrinus,inat,37.643604055,-121.7747786866,2026-09-14T18:44:00-07:00,https://www.inaturalist.org/observations/400603559,bird,cc-by-nc,"(c) mpeasley, some rights reserved (CC BY-NC)"
/Users/outman/workspace/personal/bioscan/data/inat/Falco_peregrinus/400480180_734910064.jpg,Falco peregrinus,inat,33.7560723522,-118.2231810558,2026-06-19T14:37:00-07:00,https://www.inaturalist.org/observations/400480180,bird,cc-by-nc,"(c) William King, some rights reserved (CC BY-NC)"
/Users/outman/workspace/personal/bioscan/data/inat/Falco_peregrinus/400389260_734736199.jpg,Falco peregrinus,inat,34.0157845538,-119.3596525298,2026-09-13T08:32:00-07:00,https://www.inaturalist.org/observations/400389260,bird,cc-by-nc,"(c) Grigory Heaton, some rights reserved (CC BY-NC)"
/Users/outman/workspace/personal/bioscan/data/inat/Falco_peregrinus/400388236_734735265.jpg,Falco peregrinus,inat,33.6733283333,-117.7956083333,2026-09-11T19:49:58-07:00,https://www.inaturalist.org/observations/400388236,bird,cc-by-nc,"(c) AV, some rights reserved (CC BY-NC)"
/Users/outman/workspace/personal/bioscan/data/inat/Falco_peregrinus/400330162_734609871.jpg,Falco peregrinus,inat,38.563922,-122.791126,2026-09-14T08:23:00-07:00,https://www.inaturalist.org/observations/400330162,bird,cc-by-nc,"(c) Alicia Di Rado, some rights reserved (CC BY-NC)"
/Users/outman/workspace/personal/bioscan/data/inat/Falco_peregrinus/400221159_734389239.jpg,Falco peregrinus,inat,37.6738417141,-122.4493179132,2026-09-12T21:32:09-07:00,https://www.inaturalist.org/observations/400221159,bird,cc-by-nc,"(c) SammyT, some rights reserved (CC BY-NC)"
/Users/outman/workspace/personal/bioscan/data/inat/Falco_peregrinus/400126175_734199410.jpg,Falco peregrinus,inat,33.7071,-118.0480195,2026-09-13T17:04:32-07:00,https://www.inaturalist.org/observations/400126175,bird,cc-by-nc,"(c) socalviolinguy, some rights reserved (CC BY-NC)"
/Users/outman/workspace/personal/bioscan/data/inat/Falco_peregrinus/400116892_734175510.jpg,Falco peregrinus,inat,34.016498437,-119.3605489225,2026-09-13T08:33:00-07:00,https://www.inaturalist.org/observations/400116892,bird,cc-by-nc,"(c) Steven Kurniawidjaja, some rights reserved (CC BY-NC)"
/Users/outman/workspace/personal/bioscan/data/inat/Pandion_haliaetus/402661044_739183637.jpg,Pandion haliaetus,inat,36.6302174368,-121.8633763032,2026-09-22T16:10:00-07:00,https://www.inaturalist.org/observations/402661044,bird,cc-by-nc,"(c) James Maughn, some rights reserved (CC BY-NC)"
/Users/outman/workspace/personal/bioscan/data/inat/Pandion_haliaetus/402654945_739206933.jpg,Pandion haliaetus,inat,33.0085710272,-117.272624961,2026-09-12T12:19:00-07:00,https://www.inaturalist.org/observations/402654945,bird,cc-by-nc,"(c) dumplingbug, some rights reserved (CC BY-NC)"
/Users/outman/workspace/personal/bioscan/data/inat/Pandion_haliaetus/402654936_739206907.jpg,Pandion haliaetus,inat,33.0085710272,-117.272624961,2026-09-12T11:56:00-07:00,https://www.inaturalist.org/observations/402654936,bird,cc-by-nc,"(c) dumplingbug, some rights reserved (CC BY-NC)"
/Users/outman/workspace/personal/bioscan/data/inat/Pandion_haliaetus/402654919_739206818.jpg,Pandion haliaetus,inat,33.0085710272,-117.272624961,2026-09-12T11:35:00-07:00,https://www.inaturalist.org/observations/402654919,bird,cc-by-nc,"(c) dumplingbug, some rights reserved (CC BY-NC)"
/Users/outman/workspace/personal/bioscan/data/inat/Pandion_haliaetus/402646297_739194367.jpg,Pandion haliaetus,inat,37.1559,-122.3544716667,2026-09-20T14:59:37-07:00,https://www.inaturalist.org/observations/402646297,bird,cc-by-nc,"(c) Cat Chang, some rights reserved (CC BY-NC)"
/Users/outman/workspace/personal/bioscan/data/inat/Pandion_haliaetus/402635284_739172082.jpg,Pandion haliaetus,inat,33.5310200347,-117.7784737023,2026-09-19T18:28:01-07:00,https://www.inaturalist.org/observations/402635284,bird,cc-by-nc,"(c) Painted lady, some rights reserved (CC BY-NC)"
/Users/outman/workspace/personal/bioscan/data/inat/Pandion_haliaetus/402613401_739126216.jpg,Pandion haliaetus,inat,39.400095,-120.588685,2026-09-20T07:47:55-07:00,https://www.inaturalist.org/observations/402613401,bird,cc-by-nc,"(c) anitarashidi, some rights reserved (CC BY-NC)"
/Users/outman/workspace/personal/bioscan/data/inat/Pandion_haliaetus/402603577_739106751.jpg,Pandion haliaetus,inat,33.5041916667,-117.744995,2026-09-22T07:45:48-07:00,https://www.inaturalist.org/observations/402603577,bird,cc-by-nc,"(c) crustyauklet, some rights reserved (CC BY-NC)"
/Users/outman/workspace/personal/bioscan/data/inat/Pandion_haliaetus/402560603_739019478.jpg,Pandion haliaetus,inat,33.85597278,-117.8293251735,2026-09-22T09:56:11-07:00,https://www.inaturalist.org/observations/402560603,bird,cc-by-nc,"(c) Max Watkins, some rights reserved (CC BY-NC)"
/Users/outman/workspace/personal/bioscan/data/inat/Pandion_haliaetus/402501694_738907058.jpg,Pandion haliaetus,inat,34.1562997856,-118.2960955237,2026-09-19T12:45:00-07:00,https://www.inaturalist.org/observations/402501694,bird,cc-by-nc,"(c) gregslak, some rights reserved (CC BY-NC)"
/Users/outman/workspace/personal/bioscan/data/inat/Pandion_haliaetus/402501489_738904036.jpg,Pandion haliaetus,inat,33.7037519881,-118.0042388047,2026-09-21T10:03:00-07:00,https://www.inaturalist.org/observations/402501489,bird,cc-by-nc,"(c) Tou Mik, some rights reserved (CC BY-NC)"
/Users/outman/workspace/personal/bioscan/data/inat/Pandion_haliaetus/402470807_738850695.jpg,Pandion haliaetus,inat,33.64,-117.9737866667,2026-09-22T07:50:57-07:00,https://www.inaturalist.org/observations/402470807,bird,cc-by-nc,"(c) EdithaM, some rights reserved (CC BY-NC)"
/Users/outman/workspace/personal/bioscan/data/inat/Pandion_haliaetus/402385579_738686848.jpg,Pandion haliaetus,inat,33.9763494693,-118.4321864673,2026-09-21T11:34:25-07:00,https://www.inaturalist.org/observations/402385579,bird,cc-by-nc,"(c) john chang, some rights reserved (CC BY-NC)"
/Users/outman/workspace/personal/bioscan/data/inat/Pandion_haliaetus/402373638_738662322.jpg,Pandion haliaetus,inat,34.0345418686,-118.6825303677,2026-09-20T09:05:00-07:00,https://www.inaturalist.org/observations/402373638,bird,cc0,no rights reserved
/Users/outman/workspace/personal/bioscan/data/inat/Pandion_haliaetus/402353282_738621721.jpg,Pandion haliaetus,inat,33.0119527833,-117.275305,2026-09-21T14:40:32-07:00,https://www.inaturalist.org/observations/402353282,bird,cc-by-nc,"(c) susanbar, some rights reserved (CC BY-NC)"
/Users/outman/workspace/personal/bioscan/data/inat/Pandion_haliaetus/402309764_738582744.jpg,Pandion haliaetus,inat,33.7360182784,-118.3979985469,2026-09-21T09:01:16-07:00,https://www.inaturalist.org/observations/402309764,bird,cc-by-nc,"(c) Keith P, some rights reserved (CC BY-NC)"
/Users/outman/workspace/personal/bioscan/data/inat/Pandion_haliaetus/402284945_738482138.jpg,Pandion haliaetus,inat,41.0359472222,-124.1190666667,2026-09-21T12:47:43-07:00,https://www.inaturalist.org/observations/402284945,bird,cc-by-nc,"(c) Tiffany, some rights reserved (CC BY-NC)"
/Users/outman/workspace/personal/bioscan/data/inat/Pandion_haliaetus/402274576_738461232.jpg,Pandion haliaetus,inat,39.7722861629,-121.7822429538,2026-09-21T12:56:47-07:00,https://www.inaturalist.org/observations/402274576,bird,cc-by-nc,"(c) Oscar E. Rodriguez, some rights reserved (CC BY-NC)"
/Users/outman/workspace/personal/bioscan/data/inat/Pandion_haliaetus/402250315_738413972.jpg,Pandion haliaetus,inat,32.8484716667,-117.2761133333,2026-09-19T16:27:19-07:00,https://www.inaturalist.org/observations/402250315,bird,cc-by-nc,"(c) moniqueafuqua, some rights reserved (CC BY-NC)"
/Users/outman/workspace/personal/bioscan/data/inat/Pandion_haliaetus/402107447_738136322.jpg,Pandion haliaetus,inat,34.085426051,-118.2279924676,2026-09-20T11:28:37-07:00,https://www.inaturalist.org/observations/402107447,bird,cc-by-nc,"(c) boazsolorio, some rights reserved (CC BY-NC)"
/Users/outman/workspace/personal/bioscan/data/inat/Pandion_haliaetus/402102596_738125990.jpg,Pandion haliaetus,inat,33.9810530486,-118.0786559159,2026-09-20T11:09:00-07:00,https://www.inaturalist.org/observations/402102596,bird,cc-by-nc,"(c) celdridge44, some rights reserved (CC BY-NC)"
/Users/outman/workspace/personal/bioscan/data/inat/Pandion_haliaetus/402079376_738079538.jpg,Pandion haliaetus,inat,33.644746062,-117.9650175189,2026-09-14T08:46:00-07:00,https://www.inaturalist.org/observations/402079376,bird,cc-by-nc,"(c) Sean, some rights reserved (CC BY-NC)"
/Users/outman/workspace/personal/bioscan/data/inat/Pandion_haliaetus/402064661_738051745.jpg,Pandion haliaetus,inat,33.6327867391,-117.8842351952,2026-09-20T17:34:14-07:00,https://www.inaturalist.org/observations/402064661,bird,cc-by-nc,"(c) poolnoodles, some rights reserved (CC BY-NC)"
/Users/outman/workspace/personal/bioscan/data/inat/Pandion_haliaetus/402051221_738023606.jpg,Pandion haliaetus,inat,34.1693728565,-118.4755196873,2026-09-20T15:33:44-07:00,https://www.inaturalist.org/observations/402051221,bird,cc-by-nc,"(c) lizardwizard, some rights reserved (CC BY-NC)"
/Users/outman/workspace/personal/bioscan/data/inat/Pandion_haliaetus/402050702_738022343.jpg,Pandion haliaetus,inat,34.1763718847,-118.4732364353,2026-09-20T15:12:38-07:00,https://www.inaturalist.org/observations/402050702,bird,cc-by-nc,"(c) lizardwizard, some rights reserved (CC BY-NC)"
/Users/outman/workspace/personal/bioscan/data/inat/Haliaeetus_leucocephalus/402510992_738925088.jpg,Haliaeetus leucocephalus,inat,40.5415548645,-120.6094614702,2026-09-17T17:02:32-07:00,https://www.inaturalist.org/observations/402510992,bird,cc-by-nc,"(c) Vince Golder, some rights reserved (CC BY-NC)"
/Users/outman/workspace/personal/bioscan/data/inat/Haliaeetus_leucocephalus/402385363_738686460.jpg,Haliaeetus leucocephalus,inat,37.8793195926,-122.5948661752,2026-09-21T18:43:47-07:00,https://www.inaturalist.org/observations/402385363,bird,cc-by-nc,"(c) J. Bagratuni, some rights reserved (CC BY-NC)"
/Users/outman/workspace/personal/bioscan/data/inat/Haliaeetus_leucocephalus/402352948_738620994.jpg,Haliaeetus leucocephalus,inat,41.1099301786,-121.4561553061,2026-09-13T17:26:49-07:00,https://www.inaturalist.org/observations/402352948,bird,cc-by-nc,"(c) jrmorris, some rights reserved (CC BY-NC)"
/Users/outman/workspace/personal/bioscan/data/inat/Haliaeetus_leucocephalus/402276487_738465854.jpg,Haliaeetus leucocephalus,inat,37.4227222222,-122.1739722222,2026-09-21T13:03:41-07:00,https://www.inaturalist.org/observations/402276487,bird,cc-by-nc,"(c) crypyr, some rights reserved (CC BY-NC)"
/Users/outman/workspace/personal/bioscan/data/inat/Haliaeetus_leucocephalus/402089958_738056247.jpg,Haliaeetus leucocephalus,inat,37.3452115817,-121.7158361568,2026-07-09T10:07:00-07:00,https://www.inaturalist.org/observations/402089958,bird,cc-by-nc,"(c) Howard Friedman, some rights reserved (CC BY-NC)"
/Users/outman/workspace/personal/bioscan/data/inat/Haliaeetus_leucocephalus/402089815_738054573.jpg,Haliaeetus leucocephalus,inat,37.343272282,-121.7164630249,2026-07-09T08:12:00-07:00,https://www.inaturalist.org/observations/402089815,bird,cc-by-nc,"(c) Howard Friedman, some rights reserved (CC BY-NC)"
/Users/outman/workspace/personal/bioscan/data/inat/Haliaeetus_leucocephalus/402044228_738009000.jpg,Haliaeetus leucocephalus,inat,38.0700861667,-122.919145,2026-09-19T16:28:28-07:00,https://www.inaturalist.org/observations/402044228,bird,cc-by-nc,"(c) Blake Rodgers, some rights reserved (CC BY-NC)"
/Users/outman/workspace/personal/bioscan/data/inat/Haliaeetus_leucocephalus/401709788_737327420.jpg,Haliaeetus leucocephalus,inat,32.9871914259,-116.5780301048,2026-09-19T10:26:00-07:00,https://www.inaturalist.org/observations/401709788,bird,cc0,no rights reserved
/Users/outman/workspace/personal/bioscan/data/inat/Haliaeetus_leucocephalus/401709753_737321584.jpg,Haliaeetus leucocephalus,inat,32.9871914259,-116.5780301048,2026-09-19T09:17:00-07:00,https://www.inaturalist.org/observations/401709753,bird,cc0,no rights reserved
/Users/outman/workspace/personal/bioscan/data/inat/Haliaeetus_leucocephalus/401453914_736841339.jpg,Haliaeetus leucocephalus,inat,34.04846623,-119.5622293455,2026-08-06T09:30:00-07:00,https://www.inaturalist.org/observations/401453914,bird,cc-by-nc,"(c) Brady DuBoe, some rights reserved (CC BY-NC)"
/Users/outman/workspace/personal/bioscan/data/inat/Haliaeetus_leucocephalus/401360515_736652019.jpg,Haliaeetus leucocephalus,inat,37.9778749269,-119.2808276512,2026-09-17T10:15:00-07:00,https://www.inaturalist.org/observations/401360515,bird,cc-by-nc,"(c) Tim Giller, some rights reserved (CC BY-NC)"
/Users/outman/workspace/personal/bioscan/data/inat/Haliaeetus_leucocephalus/401309414_736553333.jpg,Haliaeetus leucocephalus,inat,37.185099998,-121.674295,2026-09-18T10:39:27-07:00,https://www.inaturalist.org/observations/401309414,bird,cc-by-nc,"(c) hailey04, some rights reserved (CC BY-NC)"
/Users/outman/workspace/personal/bioscan/data/inat/Haliaeetus_leucocephalus/401083254_736120028.jpg,Haliaeetus leucocephalus,inat,38.2821201053,-119.2212651788,2026-09-16T09:45:00-07:00,https://www.inaturalist.org/observations/401083254,bird,cc-by-nc,"(c) Paul Donahue, some rights reserved (CC BY-NC)"
/Users/outman/workspace/personal/bioscan/data/inat/Haliaeetus_leucocephalus/400984234_735925731.jpg,Haliaeetus leucocephalus,inat,38.9383366667,-120.0045611167,2026-09-15T17:59:04-07:00,https://www.inaturalist.org/observations/400984234,bird,cc-by-nc,"(c) jellyfish_friend, some rights reserved (CC BY-NC)"
/Users/outman/workspace/personal/bioscan/data/inat/Haliaeetus_leucocephalus/400898184_735749259.jpg,Haliaeetus leucocephalus,inat,34.9833343738,-119.508271789,2026-03-01T11:58:00-08:00,https://www.inaturalist.org/observations/400898184,bird,cc0,no rights reserved
/Users/outman/workspace/personal/bioscan/data/inat/Haliaeetus_leucocephalus/400604073_735172584.jpg,Haliaeetus leucocephalus,inat,33.0555471667,-117.0838916667,2023-04-11T15:47:11-07:00,https://www.inaturalist.org/observations/400604073,bird,cc-by-nc,"(c) Lindsay Willrick, some rights reserved (CC BY-NC)"
/Users/outman/workspace/personal/bioscan/data/inat/Haliaeetus_leucocephalus/400581448_735126621.jpg,Haliaeetus leucocephalus,inat,32.9881593076,-116.5872627497,2026-09-15T13:29:35-07:00,https://www.inaturalist.org/observations/400581448,bird,cc-by-nc,"(c) Taylor Lessley, some rights reserved (CC BY-NC)"
/Users/outman/workspace/personal/bioscan/data/inat/Haliaeetus_leucocephalus/400581072_735124399.jpg,Haliaeetus leucocephalus,inat,32.988497098,-116.5869682097,2026-09-15T13:23:38-07:00,https://www.inaturalist.org/observations/400581072,bird,cc-by-nc,"(c) aardvarkanjana, some rights reserved (CC BY-NC)"
/Users/outman/workspace/personal/bioscan/data/inat/Haliaeetus_leucocephalus/400481784_734919275.jpg,Haliaeetus leucocephalus,inat,33.8515555556,-117.8305194444,2026-09-15T08:46:58-07:00,https://www.inaturalist.org/observations/400481784,bird,cc-by-nc,"(c) jrcarpenter, some rights reserved (CC BY-NC)"
/Users/outman/workspace/personal/bioscan/data/inat/Haliaeetus_leucocephalus/400247028_734438997.jpg,Haliaeetus leucocephalus,inat,32.6377616667,-116.93222,2026-03-19T15:26:35-07:00,https://www.inaturalist.org/observations/400247028,bird,cc-by-nc,"(c) jpatton5, some rights reserved (CC BY-NC)"
/Users/outman/workspace/personal/bioscan/data/inat/Haliaeetus_leucocephalus/400077545_734097149.jpg,Haliaeetus leucocephalus,inat,38.6703128371,-121.1915330383,2026-09-13T18:20:03-07:00,https://www.inaturalist.org/observations/400077545,bird,cc-by-nc,"(c) Folsom Powerhouse SHP and Folsom Lake SRA, some rights reserved (CC BY-NC)"
/Users/outman/workspace/personal/bioscan/data/inat/Haliaeetus_leucocephalus/400077528_734097089.jpg,Haliaeetus leucocephalus,inat,38.6703055783,-121.1914750828,2026-09-13T18:19:28-07:00,https://www.inaturalist.org/observations/400077528,bird,cc-by-nc,"(c) Folsom Powerhouse SHP and Folsom Lake SRA, some rights reserved (CC BY-NC)"
/Users/outman/workspace/personal/bioscan/data/inat/Haliaeetus_leucocephalus/400023037_733985812.jpg,Haliaeetus leucocephalus,inat,33.0782019901,-116.6206317577,2026-09-13T14:44:25-07:00,https://www.inaturalist.org/observations/400023037,bird,cc-by-nc,"(c) Kyra Wentworth-Glasco, some rights reserved (CC BY-NC)"
/Users/outman/workspace/personal/bioscan/data/inat/Haliaeetus_leucocephalus/399970026_733878931.jpg,Haliaeetus leucocephalus,inat,38.7031116667,-120.051575,2026-09-12T16:22:32-07:00,https://www.inaturalist.org/observations/399970026,bird,cc-by-nc,"(c) skmaxey, some rights reserved (CC BY-NC)"
/Users/outman/workspace/personal/bioscan/data/inat/Haliaeetus_leucocephalus/399946013_733836989.jpg,Haliaeetus leucocephalus,inat,36.9631986573,-122.0302876085,2026-09-13T10:04:28-07:00,https://www.inaturalist.org/observations/399946013,bird,cc-by-nc,"(c) Emilie Watts, some rights reserved (CC BY-NC)"
/Users/outman/workspace/personal/bioscan/data/inat/Elanus_leucurus/402592810_739084542.jpg,Elanus leucurus,inat,38.2657318,-121.43927,2026-09-22T08:23:00-07:00,https://www.inaturalist.org/observations/402592810,bird,cc-by-nc,"(c) Karen Skelton, some rights reserved (CC BY-NC)"
/Users/outman/workspace/personal/bioscan/data/inat/Elanus_leucurus/402582171_739064306.jpg,Elanus leucurus,inat,40.677905167,-124.2733186261,2026-09-22T12:38:29-07:00,https://www.inaturalist.org/observations/402582171,bird,cc-by-nc,"(c) Bob Ferris, some rights reserved (CC BY-NC)"
/Users/outman/workspace/personal/bioscan/data/inat/Elanus_leucurus/402334073_738581739.jpg,Elanus leucurus,inat,38.9067805857,-121.2708771278,2026-09-13T08:39:07-07:00,https://www.inaturalist.org/observations/402334073,bird,cc-by,"(c) A.C, some rights reserved (CC BY)"
/Users/outman/workspace/personal/bioscan/data/inat/Elanus_leucurus/402286569_738485661.jpg,Elanus leucurus,inat,37.460125,-122.44297,2026-09-21T13:16:43-07:00,https://www.inaturalist.org/observations/402286569,bird,cc-by-nc,"(c) mewheler101, some rights reserved (CC BY-NC)"
/Users/outman/workspace/personal/bioscan/data/inat/Elanus_leucurus/402262558_738437691.jpg,Elanus leucurus,inat,38.0864057327,-122.8167800233,2026-09-20T09:35:08-07:00,https://www.inaturalist.org/observations/402262558,bird,cc-by-nc,"(c) Soren Santos, some rights reserved (CC BY-NC)"
/Users/outman/workspace/personal/bioscan/data/inat/Elanus_leucurus/402239951_738371310.jpg,Elanus leucurus,inat,37.4225375776,-122.4298992043,2026-09-20T17:09:00-07:00,https://www.inaturalist.org/observations/402239951,bird,cc-by,"(c) Cricket Raspet, some rights reserved (CC BY)"
/Users/outman/workspace/personal/bioscan/data/inat/Elanus_leucurus/401974147_737861361.jpg,Elanus leucurus,inat,38.206102145,-122.5180288867,2026-09-15T11:17:00-07:00,https://www.inaturalist.org/observations/401974147,bird,cc-by-nc,"(c) Paul Barnett, some rights reserved (CC BY-NC)"
/Users/outman/workspace/personal/bioscan/data/inat/Elanus_leucurus/401937368_737786855.jpg,Elanus leucurus,inat,38.8516836888,-121.2095768922,2026-09-20T08:07:00-07:00,https://www.inaturalist.org/observations/401937368,bird,cc-by-nc,"(c) mateowagner, some rights reserved (CC BY-NC)"
/Users/outman/workspace/personal/bioscan/data/inat/Elanus_leucurus/401780343_737482870.jpg,Elanus leucurus,inat,37.5273594591,-122.040892407,2026-08-01T20:26:57-07:00,https://www.inaturalist.org/observations/401780343,bird,cc-by-nc,"(c) poulam_s, some rights reserved (CC BY-NC)"
/Users/outman/workspace/personal/bioscan/data/inat/Elanus_leucurus/401733732_737384416.jpg,Elanus leucurus,inat,37.6803159833,-121.1956816833,2026-03-01T17:26:00-08:00,https://www.inaturalist.org/observations/401733732,bird,cc-by,"(c) louisiv826, some rights reserved (CC BY)"
/Users/outman/workspace/personal/bioscan/data/inat/Elanus_leucurus/401676186_737269123.jpg,Elanus leucurus,inat,33.6642847163,-117.8487780971,2026-09-18T14:20:49-07:00,https://www.inaturalist.org/observations/401676186,bird,cc-by-nc,"(c) pscharnell, some rights reserved (CC BY-NC)"
/Users/outman/workspace/personal/bioscan/data/inat/Elanus_leucurus/401670116_737257500.jpg,Elanus leucurus,inat,38.4256696323,-122.8251582384,2025-03-07T12:51:29-08:00,https://www.inaturalist.org/observations/401670116,bird,cc-by-nc,"(c) Jenny, some rights reserved (CC BY-NC)"
/Users/outman/workspace/personal/bioscan/data/inat/Elanus_leucurus/401666450_737250976.jpg,Elanus leucurus,inat,37.6468407534,-122.1458274499,2026-09-19T10:26:20-07:00,https://www.inaturalist.org/observations/401666450,bird,cc-by-nc,"(c) Ben, some rights reserved (CC BY-NC)"
/Users/outman/workspace/personal/bioscan/data/inat/Elanus_leucurus/401605736_737131826.jpg,Elanus leucurus,inat,40.9307441573,-124.1059609875,2026-09-18T18:09:58-07:00,https://www.inaturalist.org/observations/401605736,bird,cc-by-nc,"(c) bstar, some rights reserved (CC BY-NC)"
/Users/outman/workspace/personal/bioscan/data/inat/Elanus_leucurus/401522506_736976175.jpg,Elanus leucurus,inat,37.5566285,-122.0940598,2026-09-18T08:54:00-07:00,https://www.inaturalist.org/observations/401522506,bird,cc-by-nc,"(c) Angie, some rights reserved (CC BY-NC)"
/Users/outman/workspace/personal/bioscan/data/inat/Elanus_leucurus/401520228_736972358.jpg,Elanus leucurus,inat,37.6468409,-122.1458273,2026-09-17T15:30:00-07:00,https://www.inaturalist.org/observations/401520228,bird,cc-by-nc,"(c) Angie, some rights reserved (CC BY-NC)"
/Users/outman/workspace/personal/bioscan/data/inat/Elanus_leucurus/401399403_737978231.jpg,Elanus leucurus,inat,38.236541748,-122.0179138184,2026-09-18T18:25:46-07:00,https://www.inaturalist.org/observations/401399403,bird,cc-by-nc,"(c) creampuffpuffo, some rights reserved (CC BY-NC)"
/Users/outman/workspace/personal/bioscan/data/inat/Elanus_leucurus/401399348_736731660.jpg,Elanus leucurus,inat,38.2365455627,-122.0179214478,2026-09-18T18:25:34-07:00,https://www.inaturalist.org/observations/401399348,bird,cc-by-nc,"(c) creampuffpuffo, some rights reserved (CC BY-NC)"
/Users/outman/workspace/personal/bioscan/data/inat/Elanus_leucurus/401345695_736623602.jpg,Elanus leucurus,inat,40.6444065382,-124.3032403548,2026-09-18T10:41:03-07:00,https://www.inaturalist.org/observations/401345695,bird,cc-by-nc,"(c) Bob Ferris, some rights reserved (CC BY-NC)"
/Users/outman/workspace/personal/bioscan/data/inat/Elanus_leucurus/401334670_736597726.jpg,Elanus leucurus,inat,33.6607821237,-117.8450372998,2026-09-17T17:25:00-07:00,https://www.inaturalist.org/observations/401334670,bird,cc-by-nc,"(c) Bhalpriya, some rights reserved (CC BY-NC)"
/Users/outman/workspace/personal/bioscan/data/inat/Elanus_leucurus/401334665_736596914.jpg,Elanus leucurus,inat,33.6607821237,-117.8450372998,2026-09-17T17:08:00-07:00,https://www.inaturalist.org/observations/401334665,bird,cc-by-nc,"(c) Bhalpriya, some rights reserved (CC BY-NC)"
/Users/outman/workspace/personal/bioscan/data/inat/Elanus_leucurus/401330842_736583123.jpg,Elanus leucurus,inat,33.6612156,-117.8404283,2026-09-17T15:33:00-07:00,https://www.inaturalist.org/observations/401330842,bird,cc-by-nc,"(c) Bhalpriya, some rights reserved (CC BY-NC)"
/Users/outman/workspace/personal/bioscan/data/inat/Elanus_leucurus/401221169_736389322.jpg,Elanus leucurus,inat,33.9685341727,-118.4313664524,2026-01-11T10:36:00-08:00,https://www.inaturalist.org/observations/401221169,bird,cc-by-nc,"(c) shiru22, some rights reserved (CC BY-NC)"
/Users/outman/workspace/personal/bioscan/data/inat/Elanus_leucurus/401104993_736163519.jpg,Elanus leucurus,inat,40.6779576104,-124.2703045316,2026-09-17T13:48:43-07:00,https://www.inaturalist.org/observations/401104993,bird,cc-by-nc,"(c) Bob Ferris, some rights reserved (CC BY-NC)"
/Users/outman/workspace/personal/bioscan/data/inat/Elanus_leucurus/401099319_736148601.jpg,Elanus leucurus,inat,38.3503439454,-122.6455048272,2026-09-17T11:10:00-07:00,https://www.inaturalist.org/observations/401099319,bird,cc-by-nc,"(c) Di, some rights reserved (CC BY-NC)"
/Users/outman/workspace/personal/bioscan/data/inat/Circus_hudsonius/402637240_739172840.jpg,Circus hudsonius,inat,38.6644546427,-121.7182535385,2026-09-22T17:42:00-07:00,https://www.inaturalist.org/observations/402637240,bird,cc-by-nc,"(c) Alex, some rights reserved (CC BY-NC)"
/Users/outman/workspace/personal/bioscan/data/inat/Circus_hudsonius/402620250_739140350.jpg,Circus hudsonius,inat,37.417975,-121.9893716667,2026-09-22T18:11:20-07:00,https://www.inaturalist.org/observations/402620250,bird,cc-by-nc,"(c) starriels, some rights reserved (CC BY-NC)"
/Users/outman/workspace/personal/bioscan/data/inat/Circus_hudsonius/402378526_738672547.jpg,Circus hudsonius,inat,41.1108735928,-121.4705301926,2026-09-13T17:05:27-07:00,https://www.inaturalist.org/observations/402378526,bird,cc-by-nc,"(c) jrmorris, some rights reserved (CC BY-NC)"
/Users/outman/workspace/personal/bioscan/data/inat/Circus_hudsonius/402345683_738606022.jpg,Circus hudsonius,inat,38.2181866667,-122.97638,2026-09-20T09:41:15-07:00,https://www.inaturalist.org/observations/402345683,bird,cc0,no rights reserved
/Users/outman/workspace/personal/bioscan/data/inat/Circus_hudsonius/402321484_738550162.jpg,Circus hudsonius,inat,37.4226497309,-122.4293339597,2026-09-20T15:55:00-07:00,https://www.inaturalist.org/observations/402321484,bird,cc-by,"(c) Cricket Raspet, some rights reserved (CC BY)"
/Users/outman/workspace/personal/bioscan/data/inat/Circus_hudsonius/402286706_738485939.jpg,Circus hudsonius,inat,37.4604083333,-122.444695,2026-09-21T13:09:35-07:00,https://www.inaturalist.org/observations/402286706,bird,cc-by-nc,"(c) mewheler101, some rights reserved (CC BY-NC)"
/Users/outman/workspace/personal/bioscan/data/inat/Circus_hudsonius/402260954_738434313.jpg,Circus hudsonius,inat,33.9177997797,-117.6325799239,2026-09-21T10:40:00-07:00,https://www.inaturalist.org/observations/402260954,bird,cc-by-nc,"(c) jrcarpenter, some rights reserved (CC BY-NC)"
/Users/outman/workspace/personal/bioscan/data/inat/Circus_hudsonius/402224148_738363626.jpg,Circus hudsonius,inat,32.5636866667,-117.1231166667,2026-09-20T16:02:28-07:00,https://www.inaturalist.org/observations/402224148,bird,cc-by-nc,"(c) Tom Foster, some rights reserved (CC BY-NC)"
/Users/outman/workspace/personal/bioscan/data/inat/Circus_hudsonius/402098559_738110591.jpg,Circus hudsonius,inat,38.0817383783,-122.914174965,2026-09-17T09:51:00-07:00,https://www.inaturalist.org/observations/402098559,bird,cc-by-nc,"(c) Paul Barnett, some rights reserved (CC BY-NC)"
/Users/outman/workspace/personal/bioscan/data/inat/Circus_hudsonius/401996944_737911357.jpg,Circus hudsonius,inat,37.4538466667,-122.4440216667,2026-09-20T13:51:22-07:00,https://www.inaturalist.org/observations/401996944,bird,cc-by-nc,"(c) lotsaplants, some rights reserved (CC BY-NC)"
/Users/outman/workspace/personal/bioscan/data/inat/Circus_hudsonius/401974046_737855875.jpg,Circus hudsonius,inat,38.2040149917,-122.520176005,2026-09-15T09:13:00-07:00,https://www.inaturalist.org/observations/401974046,bird,cc-by-nc,"(c) Paul Barnett, some rights reserved (CC BY-NC)"
/Users/outman/workspace/personal/bioscan/data/inat/Circus_hudsonius/401974026_737854607.jpg,Circus hudsonius,inat,38.2046183333,-122.5206067167,2026-09-15T09:08:00-07:00,https://www.inaturalist.org/observations/401974026,bird,cc-by-nc,"(c) Paul Barnett, some rights reserved (CC BY-NC)"
/Users/outman/workspace/personal/bioscan/data/inat/Circus_hudsonius/401770949_737460678.jpg,Circus hudsonius,inat,36.7373555654,-121.7933475699,2026-09-19T15:19:00-07:00,https://www.inaturalist.org/observations/401770949,bird,cc-by-nc,"(c) Diego Balbuena, some rights reserved (CC BY-NC)"
/Users/outman/workspace/personal/bioscan/data/inat/Circus_hudsonius/401767172_737453841.jpg,Circus hudsonius,inat,38.1237369446,-122.9378214829,2026-09-19T16:20:00-07:00,https://www.inaturalist.org/observations/401767172,bird,cc-by-nc,"(c) James Maughn, some rights reserved (CC BY-NC)"
/Users/outman/workspace/personal/bioscan/data/inat/Circus_hudsonius/401733731_737384673.jpg,Circus hudsonius,inat,37.6802988,-121.1956450833,2026-03-01T17:29:00-08:00,https://www.inaturalist.org/observations/401733731,bird,cc-by,"(c) louisiv826, some rights reserved (CC BY)"
/Users/outman/workspace/personal/bioscan/data/inat/Circus_hudsonius/401731139_737378104.jpg,Circus hudsonius,inat,37.6175491833,-121.208053,2026-03-01T13:26:00-08:00,https://www.inaturalist.org/observations/401731139,bird,cc-by,"(c) louisiv826, some rights reserved (CC BY)"
/Users/outman/workspace/personal/bioscan/data/inat/Circus_hudsonius/401731138_737378056.jpg,Circus hudsonius,inat,37.6178199,-121.209192,2026-03-01T13:18:00-08:00,https://www.inaturalist.org/observations/401731138,bird,cc-by,"(c) louisiv826, some rights reserved (CC BY)"
/Users/outman/workspace/personal/bioscan/data/inat/Circus_hudsonius/401709684_737308375.jpg,Circus hudsonius,inat,32.9871914259,-116.5780301048,2026-09-19T07:06:00-07:00,https://www.inaturalist.org/observations/401709684,bird,cc0,no rights reserved
/Users/outman/workspace/personal/bioscan/data/inat/Circus_hudsonius/401707534_737333104.jpg,Circus hudsonius,inat,33.5736427307,-117.8389892578,2026-09-19T17:07:54-07:00,https://www.inaturalist.org/observations/401707534,bird,cc-by-nc,"(c) abdarrell, some rights reserved (CC BY-NC)"
/Users/outman/workspace/personal/bioscan/data/inat/Circus_hudsonius/401671005_737246554.jpg,Circus hudsonius,inat,37.4530204706,-121.9738617777,2026-09-12T14:55:00-07:00,https://www.inaturalist.org/observations/401671005,bird,cc-by-nc,"(c) Joe MDO, some rights reserved (CC BY-NC)"
/Users/outman/workspace/personal/bioscan/data/inat/Circus_hudsonius/401414401_736762698.jpg,Circus hudsonius,inat,34.2391416667,-119.2629366667,2026-09-18T10:13:06-07:00,https://www.inaturalist.org/observations/401414401,bird,cc-by-nc,"(c) M.R. Perry, some rights reserved (CC BY-NC)"
/Users/outman/workspace/personal/bioscan/data/inat/Circus_hudsonius/401355806_736773191.jpg,Circus hudsonius,inat,32.5709388586,-117.1274350944,2026-09-18T13:28:20-07:00,https://www.inaturalist.org/observations/401355806,bird,cc-by-nc,"(c) jpatton5, some rights reserved (CC BY-NC)"
/Users/outman/workspace/personal/bioscan/data/inat/Circus_hudsonius/401330864_736595030.jpg,Circus hudsonius,inat,38.42578,-123.1141971667,2026-09-18T10:40:06-07:00,https://www.inaturalist.org/observations/401330864,bird,cc-by-nc,"(c) Kevin Duffy, some rights reserved (CC BY-NC)"
/Users/outman/workspace/personal/bioscan/data/inat/Circus_hudsonius/401304942_736545551.jpg,Circus hudsonius,inat,32.5681728783,-117.1282569319,2026-09-17T20:02:29-07:00,https://www.inaturalist.org/observations/401304942,bird,cc-by-nc,"(c) Dave, some rights reserved (CC BY-NC)"
/Users/outman/workspace/personal/bioscan/data/inat/Circus_hudsonius/401148393_736248902.jpg,Circus hudsonius,inat,40.8020712,-124.1636729,2022-03-01T17:47:00-08:00,https://www.inaturalist.org/observations/401148393,bird,cc-by-nc,"(c) barnacl, some rights reserved (CC BY-NC)"
/Users/outman/workspace/personal/bioscan/data/inat/Cathartes_aura/402654937_739206908.jpg,Cathartes aura,inat,33.0085710272,-117.272624961,2026-09-12T12:00:00-07:00,https://www.inaturalist.org/observations/402654937,bird,cc-by-nc,"(c) dumplingbug, some rights reserved (CC BY-NC)"
/Users/outman/workspace/personal/bioscan/data/inat/Cathartes_aura/402653410_739207534.jpg,Cathartes aura,inat,37.9612996772,-122.2660047095,2026-09-22T16:49:00-07:00,https://www.inaturalist.org/observations/402653410,bird,cc-by-nc,"(c) Michael Warner, some rights reserved (CC BY-NC)"
/Users/outman/workspace/personal/bioscan/data/inat/Cathartes_aura/402643588_739188856.jpg,Cathartes aura,inat,37.693195,-121.9279866667,2026-09-22T13:42:54-07:00,https://www.inaturalist.org/observations/402643588,bird,cc-by,"(c) Irina Mitine, some rights reserved (CC BY)"
/Users/outman/workspace/personal/bioscan/data/inat/Cathartes_aura/402637796_739176758.jpg,Cathartes aura,inat,37.6312215683,-121.7730751733,2026-09-07T02:21:40-07:00,https://www.inaturalist.org/observations/402637796,bird,cc-by-nc,"(c) Rachel Boyes, some rights reserved (CC BY-NC)"
/Users/outman/workspace/personal/bioscan/data/inat/Cathartes_aura/402628243_739157984.jpg,Cathartes aura,inat,36.625568981,-121.9397613205,2026-09-22T16:46:49-07:00,https://www.inaturalist.org/observations/402628243,bird,cc-by-nc,"(c) ethingtona211, some rights reserved (CC BY-NC)"
/Users/outman/workspace/personal/bioscan/data/inat/Cathartes_aura/402616082_739131759.jpg,Cathartes aura,inat,34.0344837282,-118.1586463004,2026-09-22T10:00:53-07:00,https://www.inaturalist.org/observations/402616082,bird,cc-by-nc,"(c) boazsolorio, some rights reserved (CC BY-NC)"
/Users/outman/workspace/personal/bioscan/data/inat/Cathartes_aura/402613722_739126758.jpg,Cathartes aura,inat,37.2801801552,-122.076643316,2026-09-22T06:01:00-07:00,https://www.inaturalist.org/observations/402613722,bird,cc-by-nc,"(c) John Scharpen, some rights reserved (CC BY-NC)"
/Users/outman/workspace/personal/bioscan/data/inat/Cathartes_aura/402610861_739121459.jpg,Cathartes aura,inat,37.438374,-122.4441929722,2026-09-22T17:11:57-07:00,https://www.inaturalist.org/observations/402610861,bird,cc-by-nc,"(c) Eabensol Dart, some rights reserved (CC BY-NC)"
/Users/outman/workspace/personal/bioscan/data/inat/Cathartes_aura/402604751_739109066.jpg,Cathartes aura,inat,32.9872466667,-116.5832833333,2026-09-22T13:39:04-07:00,https://www.inaturalist.org/observations/402604751,bird,cc-by-nc,"(c) pavelbykau, some rights reserved (CC BY-NC)"
/Users/outman/workspace/personal/bioscan/data/inat/Cathartes_aura/402600191_739099925.jpg,Cathartes aura,inat,37.8714416667,-122.24948,2026-09-22T14:01:58-07:00,https://www.inaturalist.org/observations/402600191,bird,cc-by-nc,"(c) kaylee_vg, some rights reserved (CC BY-NC)"
/Users/outman/workspace/personal/bioscan/data/inat/Cathartes_aura/402597958_739096099.jpg,Cathartes aura,inat,38.2199466667,-122.1442638333,2026-09-22T15:07:23-07:00,https://www.inaturalist.org/observations/402597958,bird,cc-by-nc,"(c) Silverado Jim, some rights reserved (CC BY-NC)"
/Users/outman/workspace/personal/bioscan/data/inat/Cathartes_aura/402572736_739044908.jpg,Cathartes aura,inat,34.0540341636,-118.1419874355,2026-09-21T10:53:41-07:00,https://www.inaturalist.org/observations/402572736,bird,cc-by-nc,"(c) boazsolorio, some rights reserved (CC BY-NC)"
/Users/outman/workspace/personal/bioscan/data/inat/Cathartes_aura/402566628_739032572.jpg,Cathartes aura,inat,34.0547138875,-118.1413765624,2026-09-21T10:10:19-07:00,https://www.inaturalist.org/observations/402566628,bird,cc-by-nc,"(c) boazsolorio, some rights reserved (CC BY-NC)"
/Users/outman/workspace/personal/bioscan/data/inat/Cathartes_aura/402564642_739025080.jpg,Cathartes aura,inat,37.3516007423,-121.9418430201,2026-09-22T10:02:00-07:00,https://www.inaturalist.org/observations/402564642,bird,cc-by-nc,"(c) Elliot W, some rights reserved (CC BY-NC)"
/Users/outman/workspace/personal/bioscan/data/inat/Cathartes_aura/402548702_738996203.jpg,Cathartes aura,inat,39.9444430523,-123.9700368485,2025-06-28T23:24:00-07:00,https://www.inaturalist.org/observations/402548702,bird,cc-by-nc,"(c) Shashank Uma Deepak, some rights reserved (CC BY-NC)"
/Users/outman/workspace/personal/bioscan/data/inat/Cathartes_aura/402535855_738973421.jpg,Cathartes aura,inat,37.6341866667,-121.7619466667,2026-09-20T16:39:49-07:00,https://www.inaturalist.org/observations/402535855,bird,cc-by,"(c) Irina Mitine, some rights reserved (CC BY)"
/Users/outman/workspace/personal/bioscan/data/inat/Cathartes_aura/402486341_738878997.jpg,Cathartes aura,inat,33.5502500025,-117.706013347,2026-09-21T12:50:00-07:00,https://www.inaturalist.org/observations/402486341,bird,cc-by-nc,"(c) mooseandsquirrel, some rights reserved (CC BY-NC)"
/Users/outman/workspace/personal/bioscan/data/inat/Cathartes_aura/402398146_738711123.jpg,Cathartes aura,inat,34.1747392528,-118.0546534695,2026-09-21T14:57:33-07:00,https://www.inaturalist.org/observations/402398146,bird,cc-by-nc,"(c) taiseitaiseitaisei, some rights reserved (CC BY-NC)"
/Users/outman/workspace/personal/bioscan/data/inat/Cathartes_aura/402391217_738697443.jpg,Cathartes aura,inat,37.4425916667,-122.1163333333,2026-06-07T09:55:00-07:00,https://www.inaturalist.org/observations/402391217,bird,cc-by-nc,"(c) Reyaan, some rights reserved (CC BY-NC)"
/Users/outman/workspace/personal/bioscan/data/inat/Cathartes_aura/402383791_738683390.jpg,Cathartes aura,inat,36.6559215275,-121.7688834279,2026-09-21T12:33:04-07:00,https://www.inaturalist.org/observations/402383791,bird,cc-by-nc,"(c) talleyj_211, some rights reserved (CC BY-NC)"
/Users/outman/workspace/personal/bioscan/data/inat/Cathartes_aura/402381349_738677882.jpg,Cathartes aura,inat,34.725241862,-115.6811021728,2026-08-14T09:58:00-07:00,https://www.inaturalist.org/observations/402381349,bird,cc-by-nc,"(c) Ken Mateik, some rights reserved (CC BY-NC)"
/Users/outman/workspace/personal/bioscan/data/inat/Cathartes_aura/402380966_738677104.jpg,Cathartes aura,inat,33.0074065561,-117.2673556173,2026-09-20T14:28:00-07:00,https://www.inaturalist.org/observations/402380966,bird,cc-by-nc,"(c) olafhansen_bretzenheim, some rights reserved (CC BY-NC)"
/Users/outman/workspace/personal/bioscan/data/inat/Cathartes_aura/402375522_738665984.jpg,Cathartes aura,inat,36.8867526,-121.8325358,2026-09-19T11:01:00-07:00,https://www.inaturalist.org/observations/402375522,bird,cc-by-nc,"(c) Sarah Coty, some rights reserved (CC BY-NC)"
/Users/outman/workspace/personal/bioscan/data/inat/Cathartes_aura/402375520_738665661.jpg,Cathartes aura,inat,36.8867526,-121.8325358,2026-09-19T12:00:00-07:00,https://www.inaturalist.org/observations/402375520,bird,cc-by-nc,"(c) Sarah Coty, some rights reserved (CC BY-NC)"
/Users/outman/workspace/personal/bioscan/data/inat/Cathartes_aura/402374186_738663596.jpg,Cathartes aura,inat,33.8323295045,-118.0932734006,2026-09-21T17:04:37-07:00,https://www.inaturalist.org/observations/402374186,bird,cc-by-nc,"(c) hal r, some rights reserved (CC BY-NC)"
/Users/outman/workspace/personal/bioscan/data/inat/Megascops_kennicottii/402632735_739165304.jpg,Megascops kennicottii,inat,33.8523660138,-117.2433753976,2026-09-21T03:00:00-07:00,https://www.inaturalist.org/observations/402632735,bird,cc-by-nc,"(c) John F. Green, some rights reserved (CC BY-NC)"
/Users/outman/workspace/personal/bioscan/data/inat/Megascops_kennicottii/402036927_738065663.jpg,Megascops kennicottii,inat,39.3208236694,-123.7655181885,2026-09-20T16:33:57-07:00,https://www.inaturalist.org/observations/402036927,bird,cc-by-nc,"(c) pixelist, some rights reserved (CC BY-NC)"
/Users/outman/workspace/personal/bioscan/data/inat/Megascops_kennicottii/400901632_735763290.jpg,Megascops kennicottii,inat,35.5962083333,-121.1234305556,2026-09-01T00:19:49-07:00,https://www.inaturalist.org/observations/400901632,bird,cc-by-nc,"(c) nnunez23, some rights reserved (CC BY-NC)"
/Users/outman/workspace/personal/bioscan/data/inat/Megascops_kennicottii/400815291_735585898.jpg,Megascops kennicottii,inat,38.2474740909,-122.4579916761,2026-09-13T13:33:00-07:00,https://www.inaturalist.org/observations/400815291,bird,cc-by-nc,"(c) Mollyanne Mira Meyn, some rights reserved (CC BY-NC)"
/Users/outman/workspace/personal/bioscan/data/inat/Megascops_kennicottii/400791678_735538753.jpg,Megascops kennicottii,inat,37.2807533333,-122.0742333333,2026-09-16T11:43:57-07:00,https://www.inaturalist.org/observations/400791678,bird,cc-by-nc,"(c) John Scharpen, some rights reserved (CC BY-NC)"
/Users/outman/workspace/personal/bioscan/data/inat/Megascops_kennicottii/400118855_734183878.jpg,Megascops kennicottii,inat,34.1665333333,-117.181245,2026-09-09T11:08:20-07:00,https://www.inaturalist.org/observations/400118855,bird,cc-by-nc,"(c) bwood001, some rights reserved (CC BY-NC)"
/Users/outman/workspace/personal/bioscan/data/inat/Megascops_kennicottii/400015118_733969234.jpg,Megascops kennicottii,inat,40.5485611,-122.3219823997,2026-09-13T14:16:50-07:00,https://www.inaturalist.org/observations/400015118,bird,cc-by-nc,"(c) Pablo Herrera, some rights reserved (CC BY-NC)"
/Users/outman/workspace/personal/bioscan/data/inat/Megascops_kennicottii/398815197_731639178.jpg,Megascops kennicottii,inat,35.58118,-120.7969966667,2026-09-09T12:16:37-07:00,https://www.inaturalist.org/observations/398815197,bird,cc-by-nc,"(c) Michaela Robbins, some rights reserved (CC BY-NC)"
/Users/outman/workspace/personal/bioscan/data/inat/Megascops_kennicottii/398797875_731604317.jpg,Megascops kennicottii,inat,38.3694,-122.505875,2026-09-09T12:40:09-07:00,https://www.inaturalist.org/observations/398797875,bird,cc-by-nc,"(c) Karisma Wilson, some rights reserved (CC BY-NC)"
/Users/outman/workspace/personal/bioscan/data/inat/Megascops_kennicottii/398600089_731222058.jpg,Megascops kennicottii,inat,38.4457687708,-122.7061871456,2026-09-06T15:00:00-07:00,https://www.inaturalist.org/observations/398600089,bird,cc-by-nc,"(c) The-Pickleball-Realtor.com, some rights reserved (CC BY-NC)"
/Users/outman/workspace/personal/bioscan/data/inat/Megascops_kennicottii/398529206_731077416.jpg,Megascops kennicottii,inat,38.3985571945,-122.3238743458,2026-09-08T12:04:00-07:00,https://www.inaturalist.org/observations/398529206,bird,cc-by-nc,"(c) Aiden Donahue, some rights reserved (CC BY-NC)"
/Users/outman/workspace/personal/bioscan/data/inat/Megascops_kennicottii/398517318_731054579.jpg,Megascops kennicottii,inat,37.2792866667,-122.0760333333,2026-09-08T11:12:37-07:00,https://www.inaturalist.org/observations/398517318,bird,cc-by-nc,"(c) John Scharpen, some rights reserved (CC BY-NC)"
/Users/outman/workspace/personal/bioscan/data/inat/Megascops_kennicottii/398333897_730705239.jpg,Megascops kennicottii,inat,37.7240444444,-121.1190944444,2026-09-07T10:23:00-07:00,https://www.inaturalist.org/observations/398333897,bird,cc-by-nc,"(c) kikeda, some rights reserved (CC BY-NC)"
/Users/outman/workspace/personal/bioscan/data/inat/Megascops_kennicottii/398307184_730650494.jpg,Megascops kennicottii,inat,34.5185383795,-120.3935257306,2026-09-05T11:50:18-07:00,https://www.inaturalist.org/observations/398307184,bird,cc-by-nc,"(c) thepretzelboy, some rights reserved (CC BY-NC)"
/Users/outman/workspace/personal/bioscan/data/inat/Megascops_kennicottii/398270477_730576855.jpg,Megascops kennicottii,inat,37.724551065,-121.1182200583,2026-09-07T10:23:00-07:00,https://www.inaturalist.org/observations/398270477,bird,cc-by-nc,"(c) Jim Gain, some rights reserved (CC BY-NC)"
/Users/outman/workspace/personal/bioscan/data/inat/Megascops_kennicottii/398021135_730094325.jpg,Megascops kennicottii,inat,34.0144719573,-117.8264916271,2026-09-06T22:11:02-07:00,https://www.inaturalist.org/observations/398021135,bird,cc-by-nc,"(c) boazsolorio, some rights reserved (CC BY-NC)"
/Users/outman/workspace/personal/bioscan/data/inat/Megascops_kennicottii/397936966_730266196.jpg,Megascops kennicottii,inat,39.6227330093,-121.2660451627,2026-09-06T13:12:57-07:00,https://www.inaturalist.org/observations/397936966,bird,cc-by-nc,"(c) schnack04, some rights reserved (CC BY-NC)"
/Users/outman/workspace/personal/bioscan/data/inat/Megascops_kennicottii/397597771_729258704.jpg,Megascops kennicottii,inat,34.5184915234,-120.3937786819,2026-09-05T11:40:54-07:00,https://www.inaturalist.org/observations/397597771,bird,cc-by-nc,"(c) nevison, some rights reserved (CC BY-NC)"
/Users/outman/workspace/personal/bioscan/data/inat/Megascops_kennicottii/397597747_729258641.jpg,Megascops kennicottii,inat,34.5184775231,-120.3937591823,2026-09-05T11:39:20-07:00,https://www.inaturalist.org/observations/397597747,bird,cc-by-nc,"(c) nevison, some rights reserved (CC BY-NC)"
/Users/outman/workspace/personal/bioscan/data/inat/Megascops_kennicottii/397446944_728966239.jpg,Megascops kennicottii,inat,35.6245916667,-120.7209633333,2026-09-05T07:24:51-07:00,https://www.inaturalist.org/observations/397446944,bird,cc0,no rights reserved
/Users/outman/workspace/personal/bioscan/data/inat/Megascops_kennicottii/396811525_727723279.jpg,Megascops kennicottii,inat,37.2312007756,-121.7997037992,2026-09-02T18:41:07-07:00,https://www.inaturalist.org/observations/396811525,bird,cc-by-nc,"(c) lightandstorm, some rights reserved (CC BY-NC)"
/Users/outman/workspace/personal/bioscan/data/inat/Megascops_kennicottii/396571852_727272073.jpg,Megascops kennicottii,inat,37.5172894858,-122.299262341,2026-09-01T22:02:57-07:00,https://www.inaturalist.org/observations/396571852,bird,cc-by-nc,"(c) mvolovik27, some rights reserved (CC BY-NC)"
/Users/outman/workspace/personal/bioscan/data/inat/Megascops_kennicottii/396277864_726723409.jpg,Megascops kennicottii,inat,37.2271716667,-121.9214083333,2026-08-31T17:35:38-07:00,https://www.inaturalist.org/observations/396277864,bird,cc-by-nc,"(c) kamedaphor, some rights reserved (CC BY-NC)"
/Users/outman/workspace/personal/bioscan/data/inat/Megascops_kennicottii/396243745_726652647.jpg,Megascops kennicottii,inat,39.024,-122.92,2026-08-31T08:27:00-07:00,https://www.inaturalist.org/observations/396243745,bird,cc-by-nc,"(c) dlwoodward, some rights reserved (CC BY-NC)"
/Users/outman/workspace/personal/bioscan/data/inat/Megascops_kennicottii/396052525_726275060.jpg,Megascops kennicottii,inat,34.126616578,-117.8528627381,2026-08-30T22:46:32-07:00,https://www.inaturalist.org/observations/396052525,bird,cc-by-nc,"(c) boazsolorio, some rights reserved (CC BY-NC)"
/Users/outman/workspace/personal/bioscan/data/inat/Bubo_virginianus/402656561_739213655.jpg,Bubo virginianus,inat,37.2681121126,-121.8767251074,2026-09-21T19:09:26-07:00,https://www.inaturalist.org/observations/402656561,bird,cc-by-nc,"(c) caronen, some rights reserved (CC BY-NC)"
/Users/outman/workspace/personal/bioscan/data/inat/Bubo_virginianus/402652359_739206367.jpg,Bubo virginianus,inat,37.2216083333,-121.8500666667,2026-09-22T19:45:55-07:00,https://www.inaturalist.org/observations/402652359,bird,cc-by-nc,"(c) rylandgrace, some rights reserved (CC BY-NC)"
/Users/outman/workspace/personal/bioscan/data/inat/Bubo_virginianus/402643543_739188709.jpg,Bubo virginianus,inat,37.633745,-121.7644883333,2026-09-20T16:48:04-07:00,https://www.inaturalist.org/observations/402643543,bird,cc-by,"(c) Irina Mitine, some rights reserved (CC BY)"
/Users/outman/workspace/personal/bioscan/data/inat/Bubo_virginianus/402641873_739185328.jpg,Bubo virginianus,inat,34.2451133333,-118.2410666667,2026-09-22T19:30:34-07:00,https://www.inaturalist.org/observations/402641873,bird,cc-by-nc,"(c) theshiz_nite, some rights reserved (CC BY-NC)"
/Users/outman/workspace/personal/bioscan/data/inat/Bubo_virginianus/402633613_739168616.jpg,Bubo virginianus,inat,36.2397533333,-119.8562166667,2026-09-22T18:53:50-07:00,https://www.inaturalist.org/observations/402633613,bird,cc-by-nc,"(c) babypotatobug, some rights reserved (CC BY-NC)"
/Users/outman/workspace/personal/bioscan/data/inat/Bubo_virginianus/402613694_739126762.jpg,Bubo virginianus,inat,37.2982333333,-121.7884916667,2026-09-20T19:05:01-07:00,https://www.inaturalist.org/observations/402613694,bird,cc-by-nc,"(c) Haku Homma, some rights reserved (CC BY-NC)"
/Users/outman/workspace/personal/bioscan/data/inat/Bubo_virginianus/402596650_739093449.jpg,Bubo virginianus,inat,33.8886966378,-117.1073186701,2026-09-21T12:47:14-07:00,https://www.inaturalist.org/observations/402596650,bird,cc-by-nc,"(c) vizz_5oh, some rights reserved (CC BY-NC)"
/Users/outman/workspace/personal/bioscan/data/inat/Bubo_virginianus/402594214_739088325.jpg,Bubo virginianus,inat,34.97996831,-120.453163374,2026-09-22T16:05:28-07:00,https://www.inaturalist.org/observations/402594214,bird,cc-by-nc,"(c) itinerantaesthete, some rights reserved (CC BY-NC)"
/Users/outman/workspace/personal/bioscan/data/inat/Bubo_virginianus/402548423_738997034.jpg,Bubo virginianus,inat,34.4307717469,-119.8128069779,2026-09-22T12:19:17-07:00,https://www.inaturalist.org/observations/402548423,bird,cc-by-nc,"(c) noahgaines, some rights reserved (CC BY-NC)"
/Users/outman/workspace/personal/bioscan/data/inat/Bubo_virginianus/402523430_738948546.jpg,Bubo virginianus,inat,37.8657,-122.2468055556,2026-09-19T19:35:28-07:00,https://www.inaturalist.org/observations/402523430,bird,cc-by-nc,"(c) Alexander Hai-Ping Nicholson, some rights reserved (CC BY-NC)"
/Users/outman/workspace/personal/bioscan/data/inat/Bubo_virginianus/402513513_738929666.jpg,Bubo virginianus,inat,36.881963985,-121.3279176503,2026-08-23T20:14:17-07:00,https://www.inaturalist.org/observations/402513513,bird,cc-by-nc,"(c) Sala (Mae) VTL, some rights reserved (CC BY-NC)"
/Users/outman/workspace/personal/bioscan/data/inat/Bubo_virginianus/402509563_738922026.jpg,Bubo virginianus,inat,34.015548989,-118.4399400562,2026-09-21T20:38:44-07:00,https://www.inaturalist.org/observations/402509563,bird,cc-by-nc,"(c) organzamermaid, some rights reserved (CC BY-NC)"
/Users/outman/workspace/personal/bioscan/data/inat/Bubo_virginianus/402478227_738860510.jpg,Bubo virginianus,inat,37.5427544531,-122.0669597483,2026-09-22T08:24:00-07:00,https://www.inaturalist.org/observations/402478227,bird,cc-by-nc,"(c) raincctv, some rights reserved (CC BY-NC)"
/Users/outman/workspace/personal/bioscan/data/inat/Bubo_virginianus/402477386_738862497.jpg,Bubo virginianus,inat,34.4309716667,-119.8905866667,2026-09-20T12:31:31-07:00,https://www.inaturalist.org/observations/402477386,bird,cc-by-nc,"(c) noahgaines, some rights reserved (CC BY-NC)"
/Users/outman/workspace/personal/bioscan/data/inat/Bubo_virginianus/402396108_738707120.jpg,Bubo virginianus,inat,34.191125,-118.1776416667,2026-09-20T18:12:28-07:00,https://www.inaturalist.org/observations/402396108,bird,cc-by-nc,"(c) Tommy Tenenbaum, some rights reserved (CC BY-NC)"
/Users/outman/workspace/personal/bioscan/data/inat/Bubo_virginianus/402384873_738685691.jpg,Bubo virginianus,inat,37.6372116667,-121.7747583333,2026-09-20T15:34:47-07:00,https://www.inaturalist.org/observations/402384873,bird,cc-by,"(c) Irina Mitine, some rights reserved (CC BY)"
/Users/outman/workspace/personal/bioscan/data/inat/Bubo_virginianus/402378938_738673562.jpg,Bubo virginianus,inat,34.1528904827,-117.7387726975,2026-09-21T20:52:09-07:00,https://www.inaturalist.org/observations/402378938,bird,cc-by-nc,"(c) danielbasurto98, some rights reserved (CC BY-NC)"
/Users/outman/workspace/personal/bioscan/data/inat/Bubo_virginianus/402367986_738650946.jpg,Bubo virginianus,inat,34.2007466667,-118.2114966667,2026-09-21T16:15:52-07:00,https://www.inaturalist.org/observations/402367986,bird,cc-by-nc,"(c) tjotjog, some rights reserved (CC BY-NC)"
/Users/outman/workspace/personal/bioscan/data/inat/Bubo_virginianus/402363638_738641550.jpg,Bubo virginianus,inat,33.7815557907,-118.0999070524,2026-09-21T19:15:16-07:00,https://www.inaturalist.org/observations/402363638,bird,cc-by-nc,"(c) Adam Jay, some rights reserved (CC BY-NC)"
/Users/outman/workspace/personal/bioscan/data/inat/Bubo_virginianus/402338090_738589287.jpg,Bubo virginianus,inat,37.799577239,-122.4727493913,2026-09-21T16:19:00-07:00,https://www.inaturalist.org/observations/402338090,bird,cc-by-nc,"(c) Zoë Ferraris, some rights reserved (CC BY-NC)"
/Users/outman/workspace/personal/bioscan/data/inat/Bubo_virginianus/402331021_738575427.jpg,Bubo virginianus,inat,37.5849274669,-122.032339457,2026-09-21T16:25:00-07:00,https://www.inaturalist.org/observations/402331021,bird,cc-by-nc,"(c) zhen (he/him), some rights reserved (CC BY-NC)"
/Users/outman/workspace/personal/bioscan/data/inat/Bubo_virginianus/402315034_738542187.jpg,Bubo virginianus,inat,39.960409376,-123.9708817099,2025-06-29T04:57:00-07:00,https://www.inaturalist.org/observations/402315034,bird,cc-by-nc,"(c) Shashank Uma Deepak, some rights reserved (CC BY-NC)"
/Users/outman/workspace/personal/bioscan/data/inat/Bubo_virginianus/402284644_738443426.jpg,Bubo virginianus,inat,34.1601011104,-118.4987655538,2026-09-20T14:30:00-07:00,https://www.inaturalist.org/observations/402284644,bird,cc-by-nc,"(c) maiz, some rights reserved (CC BY-NC)"
/Users/outman/workspace/personal/bioscan/data/inat/Bubo_virginianus/402230915_738376448.jpg,Bubo virginianus,inat,38.2754222222,-121.8232833333,2026-09-20T11:53:20-07:00,https://www.inaturalist.org/observations/402230915,bird,cc-by-nc,"(c) Oliver Yung, some rights reserved (CC BY-NC)"
/Users/outman/workspace/personal/bioscan/data/inat/Bubo_virginianus/402225882_738366125.jpg,Bubo virginianus,inat,32.7604833333,-117.1288221667,2026-09-21T09:43:05-07:00,https://www.inaturalist.org/observations/402225882,bird,cc-by-nc,"(c) kittnnn, some rights reserved (CC BY-NC)"
/Users/outman/workspace/personal/bioscan/data/inat/Tyto_furcata/402626807_739154940.jpg,Tyto furcata,inat,37.8969664451,-122.0312024675,2026-09-22T18:07:57-07:00,https://www.inaturalist.org/observations/402626807,bird,cc-by-nc,"(c) Janna, some rights reserved (CC BY-NC)"
/Users/outman/workspace/personal/bioscan/data/inat/Tyto_furcata/402556834_739012816.jpg,Tyto furcata,inat,38.403705,-122.8503283333,2026-09-22T09:02:44-07:00,https://www.inaturalist.org/observations/402556834,bird,cc-by-nc,"(c) Darvin DeShazer, some rights reserved (CC BY-NC)"
/Users/outman/workspace/personal/bioscan/data/inat/Tyto_furcata/402511520_738926256.jpg,Tyto furcata,inat,33.6120416667,-117.635195,2025-03-07T06:49:51-08:00,https://www.inaturalist.org/observations/402511520,bird,cc-by-nc,"(c) ian_p_williams, some rights reserved (CC BY-NC)"
/Users/outman/workspace/personal/bioscan/data/inat/Tyto_furcata/402451653_738812989.jpg,Tyto furcata,inat,36.6053705818,-121.3907311193,2026-09-21T10:35:00-07:00,https://www.inaturalist.org/observations/402451653,bird,cc-by-nc,"(c) James Maughn, some rights reserved (CC BY-NC)"
/Users/outman/workspace/personal/bioscan/data/inat/Tyto_furcata/402379563_738675039.jpg,Tyto furcata,inat,38.25277,-122.4709166667,2026-09-21T18:52:50-07:00,https://www.inaturalist.org/observations/402379563,bird,cc-by-nc,"(c) Mollyanne Mira Meyn, some rights reserved (CC BY-NC)"
/Users/outman/workspace/personal/bioscan/data/inat/Tyto_furcata/401993016_737903078.jpg,Tyto furcata,inat,33.9945133333,-118.4702916667,2026-09-19T22:07:35-07:00,https://www.inaturalist.org/observations/401993016,bird,cc-by-nc,"(c) Kara Donohue, some rights reserved (CC BY-NC)"
/Users/outman/workspace/personal/bioscan/data/inat/Tyto_furcata/401974137_737859861.jpg,Tyto furcata,inat,38.204112145,-122.52031271,2026-09-15T11:00:00-07:00,https://www.inaturalist.org/observations/401974137,bird,cc-by-nc,"(c) Paul Barnett, some rights reserved (CC BY-NC)"
/Users/outman/workspace/personal/bioscan/data/inat/Tyto_furcata/401974102_737858291.jpg,Tyto furcata,inat,38.201943355,-122.5235134233,2026-09-15T10:04:00-07:00,https://www.inaturalist.org/observations/401974102,bird,cc-by-nc,"(c) Paul Barnett, some rights reserved (CC BY-NC)"
/Users/outman/workspace/personal/bioscan/data/inat/Tyto_furcata/401941881_737760129.jpg,Tyto furcata,inat,36.6857722222,-121.7755722222,2026-09-11T13:49:00-07:00,https://www.inaturalist.org/observations/401941881,bird,cc-by-nc,"(c) Merav Vonshak, some rights reserved (CC BY-NC)"
/Users/outman/workspace/personal/bioscan/data/inat/Tyto_furcata/401899935_737715180.jpg,Tyto furcata,inat,33.66082,-117.8463883333,2026-09-20T08:40:58-07:00,https://www.inaturalist.org/observations/401899935,bird,cc-by-nc,"(c) X ㅤㅤㅤㅤ, some rights reserved (CC BY-NC)"
/Users/outman/workspace/personal/bioscan/data/inat/Tyto_furcata/401897683_737707529.jpg,Tyto furcata,inat,37.4641717599,-121.8712076,2026-09-18T10:40:00-07:00,https://www.inaturalist.org/observations/401897683,bird,cc0,no rights reserved
/Users/outman/workspace/personal/bioscan/data/inat/Tyto_furcata/401769665_737460403.jpg,Tyto furcata,inat,41.1097220011,-121.4716402913,2026-09-17T19:44:52-07:00,https://www.inaturalist.org/observations/401769665,bird,cc-by-nc,"(c) jrmorris, some rights reserved (CC BY-NC)"
/Users/outman/workspace/personal/bioscan/data/inat/Tyto_furcata/401709501_737337345.jpg,Tyto furcata,inat,39.6811333333,-120.3363033333,2026-09-19T14:14:08-07:00,https://www.inaturalist.org/observations/401709501,bird,cc-by-nc,"(c) lionessmoon, some rights reserved (CC BY-NC)"
/Users/outman/workspace/personal/bioscan/data/inat/Tyto_furcata/401694647_737307017.jpg,Tyto furcata,inat,34.69267,-120.039825,2026-09-19T15:55:09-07:00,https://www.inaturalist.org/observations/401694647,bird,cc-by-nc,"(c) Garrett Goodrich, some rights reserved (CC BY-NC)"
/Users/outman/workspace/personal/bioscan/data/inat/Tyto_furcata/401693487_737304393.jpg,Tyto furcata,inat,41.70174049,-122.5671833754,2026-09-19T16:10:23-07:00,https://www.inaturalist.org/observations/401693487,bird,cc-by-nc,"(c) Jason Coatney, some rights reserved (CC BY-NC)"
/Users/outman/workspace/personal/bioscan/data/inat/Tyto_furcata/401682598_737276210.jpg,Tyto furcata,inat,39.0731597582,-121.5676134702,2026-09-19T09:58:00-07:00,https://www.inaturalist.org/observations/401682598,bird,cc-by-nc,"(c) Nicky Monroe, some rights reserved (CC BY-NC)"
/Users/outman/workspace/personal/bioscan/data/inat/Tyto_furcata/401608525_737137672.jpg,Tyto furcata,inat,35.1057583333,-120.0628195,2026-09-15T09:28:58-07:00,https://www.inaturalist.org/observations/401608525,bird,cc-by-nc,"(c) possiblybuddha, some rights reserved (CC BY-NC)"
/Users/outman/workspace/personal/bioscan/data/inat/Tyto_furcata/401418275_736770587.jpg,Tyto furcata,inat,33.0188287706,-117.061067218,2026-09-18T19:06:59-07:00,https://www.inaturalist.org/observations/401418275,bird,cc-by-nc,"(c) story_inside, some rights reserved (CC BY-NC)"
/Users/outman/workspace/personal/bioscan/data/inat/Tyto_furcata/401245391_736433998.jpg,Tyto furcata,inat,41.8215013533,-121.6631609951,2026-09-15T12:46:01-07:00,https://www.inaturalist.org/observations/401245391,bird,cc-by-nc,"(c) Zachary Sun Monen, some rights reserved (CC BY-NC)"
/Users/outman/workspace/personal/bioscan/data/inat/Tyto_furcata/401135336_736223933.jpg,Tyto furcata,inat,38.566981938,-121.6907818643,2026-09-17T19:09:55-07:00,https://www.inaturalist.org/observations/401135336,bird,cc-by-nc,"(c) accipiterz, some rights reserved (CC BY-NC)"
/Users/outman/workspace/personal/bioscan/data/inat/Tyto_furcata/400871152_735699759.jpg,Tyto furcata,inat,37.4034603043,-120.0950748101,2026-09-16T17:44:00-07:00,https://www.inaturalist.org/observations/400871152,bird,cc-by-nc,"(c) Sean Werle, some rights reserved (CC BY-NC)"
/Users/outman/workspace/personal/bioscan/data/inat/Tyto_furcata/400820371_735597302.jpg,Tyto furcata,inat,37.6022433951,-121.1473403652,2026-09-15T10:00:32-07:00,https://www.inaturalist.org/observations/400820371,bird,cc-by-nc,"(c) peep_erz, some rights reserved (CC BY-NC)"
/Users/outman/workspace/personal/bioscan/data/inat/Tyto_furcata/400563688_735085046.jpg,Tyto furcata,inat,37.4634787489,-121.8676190428,2026-07-02T10:51:00-07:00,https://www.inaturalist.org/observations/400563688,bird,cc-by-nc,"(c) Howard Friedman, some rights reserved (CC BY-NC)"
/Users/outman/workspace/personal/bioscan/data/inat/Tyto_furcata/400382880_735403267.jpg,Tyto furcata,inat,34.3873398142,-119.330037794,2026-09-14T13:50:58-07:00,https://www.inaturalist.org/observations/400382880,bird,cc-by-nc,"(c) emilybredy, some rights reserved (CC BY-NC)"
/Users/outman/workspace/personal/bioscan/data/inat/Tyto_furcata/400114603_734174937.jpg,Tyto furcata,inat,34.2402216667,-117.266555,2026-09-08T16:40:03-07:00,https://www.inaturalist.org/observations/400114603,bird,cc-by-nc,"(c) bwood001, some rights reserved (CC BY-NC)"
/Users/outman/workspace/personal/bioscan/data/inat/Athene_cunicularia/402613733_739126141.jpg,Athene cunicularia,inat,33.2986497,-115.9561112,2026-09-07T09:21:00-07:00,https://www.inaturalist.org/observations/402613733,bird,cc-by-nc,"(c) Cal, some rights reserved (CC BY-NC)"
/Users/outman/workspace/personal/bioscan/data/inat/Athene_cunicularia/402594952_739089683.jpg,Athene cunicularia,inat,37.709674959,-122.1961242333,2026-09-22T15:54:01-07:00,https://www.inaturalist.org/observations/402594952,bird,cc-by-nc,"(c) darlenecjohnson, some rights reserved (CC BY-NC)"
/Users/outman/workspace/personal/bioscan/data/inat/Athene_cunicularia/401215990_736376629.jpg,Athene cunicularia,inat,33.3009956156,-115.4079029992,2026-02-22T09:15:00-08:00,https://www.inaturalist.org/observations/401215990,bird,cc-by-nc,"(c) shiru22, some rights reserved (CC BY-NC)"
/Users/outman/workspace/personal/bioscan/data/inat/Athene_cunicularia/400856520_735669136.jpg,Athene cunicularia,inat,33.9403444444,-118.4361944444,2026-09-16T12:03:00-07:00,https://www.inaturalist.org/observations/400856520,bird,cc-by-nc,"(c) Gwen Noda, some rights reserved (CC BY-NC)"
/Users/outman/workspace/personal/bioscan/data/inat/Athene_cunicularia/400525543_735010118.jpg,Athene cunicularia,inat,38.8328866667,-121.3407833333,2026-09-15T11:57:50-07:00,https://www.inaturalist.org/observations/400525543,bird,cc-by-nc,"(c) treetim, some rights reserved (CC BY-NC)"
/Users/outman/workspace/personal/bioscan/data/inat/Athene_cunicularia/400486411_734928842.jpg,Athene cunicularia,inat,33.9967033333,-116.57218,2026-09-15T08:59:20-07:00,https://www.inaturalist.org/observations/400486411,bird,cc-by-nc,"(c) astrongstrong, some rights reserved (CC BY-NC)"
/Users/outman/workspace/personal/bioscan/data/inat/Athene_cunicularia/400483291_734922780.jpg,Athene cunicularia,inat,33.9967033333,-116.57218,2026-09-15T08:59:20-07:00,https://www.inaturalist.org/observations/400483291,bird,cc-by-nc,"(c) astrongstrong, some rights reserved (CC BY-NC)"
/Users/outman/workspace/personal/bioscan/data/inat/Athene_cunicularia/400480226_734910561.jpg,Athene cunicularia,inat,38.1407225348,-122.9165733351,2026-03-20T15:17:00-07:00,https://www.inaturalist.org/observations/400480226,bird,cc-by-nc,"(c) William King, some rights reserved (CC BY-NC)"
/Users/outman/workspace/personal/bioscan/data/inat/Athene_cunicularia/400480210_734910302.jpg,Athene cunicularia,inat,33.7536290991,-118.2186761592,2025-10-28T14:18:00-07:00,https://www.inaturalist.org/observations/400480210,bird,cc-by-nc,"(c) William King, some rights reserved (CC BY-NC)"
/Users/outman/workspace/personal/bioscan/data/inat/Athene_cunicularia/400373979_734701730.jpg,Athene cunicularia,inat,37.4272861153,-121.9613699466,2026-07-01T11:33:00-07:00,https://www.inaturalist.org/observations/400373979,bird,cc-by-nc,"(c) Howard Friedman, some rights reserved (CC BY-NC)"
/Users/outman/workspace/personal/bioscan/data/inat/Athene_cunicularia/400373976_734701725.jpg,Athene cunicularia,inat,37.4272320794,-121.9617872227,2026-07-01T11:32:00-07:00,https://www.inaturalist.org/observations/400373976,bird,cc-by-nc,"(c) Howard Friedman, some rights reserved (CC BY-NC)"
/Users/outman/workspace/personal/bioscan/data/inat/Athene_cunicularia/400115470_734176855.jpg,Athene cunicularia,inat,33.6825379079,-118.1056145538,2024-11-20T11:41:49-08:00,https://www.inaturalist.org/observations/400115470,bird,cc-by-nc,"(c) melissabirdgirl, some rights reserved (CC BY-NC)"
/Users/outman/workspace/personal/bioscan/data/inat/Athene_cunicularia/399393696_732759241.jpg,Athene cunicularia,inat,34.5590486313,-117.2587091848,2013-03-29,https://www.inaturalist.org/observations/399393696,bird,cc-by-nc,"(c) mjflem, some rights reserved (CC BY-NC)"
/Users/outman/workspace/personal/bioscan/data/inat/Athene_cunicularia/397298890_728676722.jpg,Athene cunicularia,inat,36.2300063593,-116.7679110993,2026-09-04T15:08:00-07:00,https://www.inaturalist.org/observations/397298890,bird,cc-by-nc,"(c) bighornsheepgirl, some rights reserved (CC BY-NC)"
/Users/outman/workspace/personal/bioscan/data/inat/Athene_cunicularia/397243038_728651014.jpg,Athene cunicularia,inat,34.7800225,-117.7498756667,2026-09-04T10:01:31-07:00,https://www.inaturalist.org/observations/397243038,bird,cc-by-nc,"(c) Jakob Ingle, some rights reserved (CC BY-NC)"
/Users/outman/workspace/personal/bioscan/data/inat/Athene_cunicularia/397084866_728258873.jpg,Athene cunicularia,inat,33.0832471667,-115.6750416667,2026-08-31T11:24:18-07:00,https://www.inaturalist.org/observations/397084866,bird,cc-by-nc,"(c) Justin M. Wood, some rights reserved (CC BY-NC)"
/Users/outman/workspace/personal/bioscan/data/inat/Athene_cunicularia/397084858_728258851.jpg,Athene cunicularia,inat,33.0732028333,-115.6817383333,2026-08-31T11:08:06-07:00,https://www.inaturalist.org/observations/397084858,bird,cc-by-nc,"(c) Justin M. Wood, some rights reserved (CC BY-NC)"
/Users/outman/workspace/personal/bioscan/data/inat/Athene_cunicularia/396507870_727136454.jpg,Athene cunicularia,inat,37.5757012661,-122.3000475388,2026-02-27T17:24:00-08:00,https://www.inaturalist.org/observations/396507870,bird,cc-by-nc,"(c) Sushanta Bhandarkar, some rights reserved (CC BY-NC)"
/Users/outman/workspace/personal/bioscan/data/inat/Athene_cunicularia/395627248_725429845.jpg,Athene cunicularia,inat,33.1398162173,-115.6654594957,2026-08-09T09:39:00-07:00,https://www.inaturalist.org/observations/395627248,bird,cc-by-nc,"(c) Nick Moore, some rights reserved (CC BY-NC)"
/Users/outman/workspace/personal/bioscan/data/inat/Athene_cunicularia/393079656_720447560.jpg,Athene cunicularia,inat,33.7421583424,-116.2258833333,2026-08-20T18:02:54-07:00,https://www.inaturalist.org/observations/393079656,bird,cc-by-nc,"(c) carlosiologist, some rights reserved (CC BY-NC)"
/Users/outman/workspace/personal/bioscan/data/inat/Athene_cunicularia/392245240_718820449.jpg,Athene cunicularia,inat,33.162161584,-115.6357341342,2026-04-14T11:07:52-07:00,https://www.inaturalist.org/observations/392245240,bird,cc-by-nc,"(c) k8, some rights reserved (CC BY-NC)"
/Users/outman/workspace/personal/bioscan/data/inat/Athene_cunicularia/392243891_718810722.jpg,Athene cunicularia,inat,33.171445774,-115.6332698489,2026-04-14T11:16:51-07:00,https://www.inaturalist.org/observations/392243891,bird,cc-by-nc,"(c) k8, some rights reserved (CC BY-NC)"
/Users/outman/workspace/personal/bioscan/data/inat/Athene_cunicularia/391838832_718023186.jpg,Athene cunicularia,inat,37.5740543,-122.3021157,2025-11-16T18:01:00-08:00,https://www.inaturalist.org/observations/391838832,bird,cc-by-nc,"(c) sora, some rights reserved (CC BY-NC)"
/Users/outman/workspace/personal/bioscan/data/inat/Athene_cunicularia/391836519_718015573.jpg,Athene cunicularia,inat,37.4275382117,-121.9618549546,2026-06-05T07:48:00-07:00,https://www.inaturalist.org/observations/391836519,bird,cc-by-nc,"(c) Howard Friedman, some rights reserved (CC BY-NC)"
/Users/outman/workspace/personal/bioscan/data/inat/Athene_cunicularia/391836517_718015528.jpg,Athene cunicularia,inat,37.4269213573,-121.9613820414,2026-06-05T07:48:00-07:00,https://www.inaturalist.org/observations/391836517,bird,cc-by-nc,"(c) Howard Friedman, some rights reserved (CC BY-NC)"
/Users/outman/workspace/personal/bioscan/data/inat/Aphelocoma_californica/402656516_739213525.jpg,Aphelocoma californica,inat,37.2682111013,-121.8765832856,2026-09-21T19:05:42-07:00,https://www.inaturalist.org/observations/402656516,bird,cc-by-nc,"(c) caronen, some rights reserved (CC BY-NC)"
/Users/outman/workspace/personal/bioscan/data/inat/Aphelocoma_californica/402612119_739123545.jpg,Aphelocoma californica,inat,32.864519,-116.46604,2026-09-22T07:26:00-07:00,https://www.inaturalist.org/observations/402612119,bird,cc-by-nc,"(c) kingsgate, some rights reserved (CC BY-NC)"
/Users/outman/workspace/personal/bioscan/data/inat/Aphelocoma_californica/402596169_739092408.jpg,Aphelocoma californica,inat,33.8321383333,-117.7690966667,2026-09-22T12:56:46-07:00,https://www.inaturalist.org/observations/402596169,bird,cc-by-nc,"(c) grace peek, some rights reserved (CC BY-NC)"
/Users/outman/workspace/personal/bioscan/data/inat/Aphelocoma_californica/402579867_739059211.jpg,Aphelocoma californica,inat,35.6858089725,-121.1696658524,2026-09-02T12:27:24-07:00,https://www.inaturalist.org/observations/402579867,bird,cc-by-nc,"(c) jaxonmiranda, some rights reserved (CC BY-NC)"
/Users/outman/workspace/personal/bioscan/data/inat/Aphelocoma_californica/402562230_739023458.jpg,Aphelocoma californica,inat,37.7767033333,-122.4335333333,2026-09-19T11:52:01-07:00,https://www.inaturalist.org/observations/402562230,bird,cc-by-nc,"(c) Jessica Huang AWB®, some rights reserved (CC BY-NC)"
/Users/outman/workspace/personal/bioscan/data/inat/Aphelocoma_californica/402558727_739013242.jpg,Aphelocoma californica,inat,37.9673289996,-122.2675790891,2026-09-22T10:18:00-07:00,https://www.inaturalist.org/observations/402558727,bird,cc-by-nc,"(c) Michael Warner, some rights reserved (CC BY-NC)"
/Users/outman/workspace/personal/bioscan/data/inat/Aphelocoma_californica/402558672_739012953.jpg,Aphelocoma californica,inat,37.9673289996,-122.2675790891,2026-09-22T09:41:00-07:00,https://www.inaturalist.org/observations/402558672,bird,cc-by-nc,"(c) Michael Warner, some rights reserved (CC BY-NC)"
/Users/outman/workspace/personal/bioscan/data/inat/Aphelocoma_californica/402539236_738979711.jpg,Aphelocoma californica,inat,37.7962329328,-122.4540343026,2026-09-19T12:32:00-07:00,https://www.inaturalist.org/observations/402539236,bird,cc-by-nc,"(c) eraiser, some rights reserved (CC BY-NC)"
/Users/outman/workspace/personal/bioscan/data/inat/Aphelocoma_californica/402539194_738979656.jpg,Aphelocoma californica,inat,37.7962157379,-122.4540225598,2026-09-19T12:31:41-07:00,https://www.inaturalist.org/observations/402539194,bird,cc-by-nc,"(c) eraiser, some rights reserved (CC BY-NC)"
/Users/outman/workspace/personal/bioscan/data/inat/Aphelocoma_californica/402535491_738972689.jpg,Aphelocoma californica,inat,37.6302,-121.7586666667,2026-09-20T16:18:56-07:00,https://www.inaturalist.org/observations/402535491,bird,cc-by,"(c) Irina Mitine, some rights reserved (CC BY)"
/Users/outman/workspace/personal/bioscan/data/inat/Aphelocoma_californica/402525406_738952902.jpg,Aphelocoma californica,inat,34.0157944444,-118.2958472222,2026-09-22T11:16:04-07:00,https://www.inaturalist.org/observations/402525406,bird,cc-by-nc,"(c) Testudo Regina, some rights reserved (CC BY-NC)"
/Users/outman/workspace/personal/bioscan/data/inat/Aphelocoma_californica/402510110_739115924.jpg,Aphelocoma californica,inat,33.0311665257,-117.149024941,2026-09-22T10:12:30-07:00,https://www.inaturalist.org/observations/402510110,bird,cc-by-nc,"(c) ehaleyp, some rights reserved (CC BY-NC)"
/Users/outman/workspace/personal/bioscan/data/inat/Aphelocoma_californica/402500842_738905941.jpg,Aphelocoma californica,inat,33.998845,-118.44155,2026-09-20T08:29:01-07:00,https://www.inaturalist.org/observations/402500842,bird,cc-by-nc,"(c) storm6291, some rights reserved (CC BY-NC)"
/Users/outman/workspace/personal/bioscan/data/inat/Aphelocoma_californica/402469756_738848514.jpg,Aphelocoma californica,inat,33.2352666667,-117.1441028333,2026-09-22T07:53:32-07:00,https://www.inaturalist.org/observations/402469756,bird,cc-by-nc,"(c) tmedley316, some rights reserved (CC BY-NC)"
/Users/outman/workspace/personal/bioscan/data/inat/Aphelocoma_californica/402466144_738842350.jpg,Aphelocoma californica,inat,37.4096593302,-121.78823286,2026-09-21T11:37:00-07:00,https://www.inaturalist.org/observations/402466144,bird,cc-by-nc,"(c) edwardrooks, some rights reserved (CC BY-NC)"
/Users/outman/workspace/personal/bioscan/data/inat/Aphelocoma_californica/402464590_738839679.jpg,Aphelocoma californica,inat,41.3300371479,-122.3111348399,2026-09-07T10:16:48-07:00,https://www.inaturalist.org/observations/402464590,bird,cc-by-nc,"(c) V. Nagal, some rights reserved (CC BY-NC)"
/Users/outman/workspace/personal/bioscan/data/inat/Aphelocoma_californica/402385189_738686247.jpg,Aphelocoma californica,inat,37.6367,-121.7744216667,2026-09-20T15:36:10-07:00,https://www.inaturalist.org/observations/402385189,bird,cc-by,"(c) Irina Mitine, some rights reserved (CC BY)"
/Users/outman/workspace/personal/bioscan/data/inat/Aphelocoma_californica/402375839_738664927.jpg,Aphelocoma californica,inat,40.8351934855,-123.7186217269,2026-05-02T12:16:00-07:00,https://www.inaturalist.org/observations/402375839,bird,cc-by-nc,"(c) Lee Minicuci, some rights reserved (CC BY-NC)"
/Users/outman/workspace/personal/bioscan/data/inat/Aphelocoma_californica/402375721_738664893.jpg,Aphelocoma californica,inat,34.0744324064,-118.4547235658,2026-09-08T15:05:00-07:00,https://www.inaturalist.org/observations/402375721,bird,cc0,no rights reserved
/Users/outman/workspace/personal/bioscan/data/inat/Aphelocoma_californica/402375719_738664828.jpg,Aphelocoma californica,inat,34.0744324064,-118.4547235658,2026-09-10T18:36:00-07:00,https://www.inaturalist.org/observations/402375719,bird,cc0,no rights reserved
/Users/outman/workspace/personal/bioscan/data/inat/Aphelocoma_californica/402374240_738663685.jpg,Aphelocoma californica,inat,33.83527,-118.0944471667,2026-09-21T16:42:48-07:00,https://www.inaturalist.org/observations/402374240,bird,cc-by-nc,"(c) hal r, some rights reserved (CC BY-NC)"
/Users/outman/workspace/personal/bioscan/data/inat/Aphelocoma_californica/402362692_738638150.jpg,Aphelocoma californica,inat,32.7176886,-117.2507349,2026-09-21T08:37:00-07:00,https://www.inaturalist.org/observations/402362692,bird,cc0,no rights reserved
/Users/outman/workspace/personal/bioscan/data/inat/Aphelocoma_californica/402358397_738631610.jpg,Aphelocoma californica,inat,34.0481547551,-118.1464026868,2026-09-21T09:11:00-07:00,https://www.inaturalist.org/observations/402358397,bird,cc-by-nc,"(c) boazsolorio, some rights reserved (CC BY-NC)"
/Users/outman/workspace/personal/bioscan/data/inat/Aphelocoma_californica/402358116_738630027.jpg,Aphelocoma californica,inat,38.3262667499,-123.0574950336,2026-09-20T13:44:00-07:00,https://www.inaturalist.org/observations/402358116,bird,cc-by-nc,"(c) Phil Warren, some rights reserved (CC BY-NC)"
/Users/outman/workspace/personal/bioscan/data/inat/Aphelocoma_californica/402337832_738573734.jpg,Aphelocoma californica,inat,32.9442414729,-117.1198911381,2026-09-21T09:30:00-07:00,https://www.inaturalist.org/observations/402337832,bird,cc-by-nc,"(c) poeticdog, some rights reserved (CC BY-NC)"
/Users/outman/workspace/personal/bioscan/data/inat/Cyanocitta_stelleri/402645613_739193344.jpg,Cyanocitta stelleri,inat,38.953502655,-120.1118392944,2026-09-13T10:39:00-07:00,https://www.inaturalist.org/observations/402645613,bird,cc-by-nc,"(c) Tse Hao Lye, some rights reserved (CC BY-NC)"
/Users/outman/workspace/personal/bioscan/data/inat/Cyanocitta_stelleri/402619013_739137988.jpg,Cyanocitta stelleri,inat,36.47792,-121.1841716667,2026-09-22T15:28:02-07:00,https://www.inaturalist.org/observations/402619013,bird,cc-by-nc,"(c) iphilbrick, some rights reserved (CC BY-NC)"
/Users/outman/workspace/personal/bioscan/data/inat/Cyanocitta_stelleri/402598837_739096958.jpg,Cyanocitta stelleri,inat,34.3268695425,-117.8317343591,2026-09-17T08:11:00-07:00,https://www.inaturalist.org/observations/402598837,bird,cc-by-nc,"(c) Mary Fenwick, some rights reserved (CC BY-NC)"
/Users/outman/workspace/personal/bioscan/data/inat/Cyanocitta_stelleri/402566204_739032843.jpg,Cyanocitta stelleri,inat,37.7701087436,-122.4759986624,2026-09-22T13:42:29-07:00,https://www.inaturalist.org/observations/402566204,bird,cc-by-nc,"(c) jefferson_steelflex, some rights reserved (CC BY-NC)"
/Users/outman/workspace/personal/bioscan/data/inat/Cyanocitta_stelleri/402547055_738994150.jpg,Cyanocitta stelleri,inat,34.6928067064,-120.0406397134,2026-01-30T15:25:54-08:00,https://www.inaturalist.org/observations/402547055,bird,cc-by-nc,"(c) mikewthomas, some rights reserved (CC BY-NC)"
/Users/outman/workspace/personal/bioscan/data/inat/Cyanocitta_stelleri/402546391_738993077.jpg,Cyanocitta stelleri,inat,36.6049083333,-118.7171383333,2026-09-15T09:37:39-07:00,https://www.inaturalist.org/observations/402546391,bird,cc-by-nc,"(c) saradlc, some rights reserved (CC BY-NC)"
/Users/outman/workspace/personal/bioscan/data/inat/Cyanocitta_stelleri/402464887_738840118.jpg,Cyanocitta stelleri,inat,34.2377781009,-117.6577499934,2026-09-20T13:13:02-07:00,https://www.inaturalist.org/observations/402464887,bird,cc-by-nc,"(c) jannecat, some rights reserved (CC BY-NC)"
/Users/outman/workspace/personal/bioscan/data/inat/Cyanocitta_stelleri/402393335_738702249.jpg,Cyanocitta stelleri,inat,37.8647223699,-119.5383293554,2024-09-07T10:56:49-07:00,https://www.inaturalist.org/observations/402393335,bird,cc-by-nc,"(c) Sergi Saperas Lopez, some rights reserved (CC BY-NC)"
/Users/outman/workspace/personal/bioscan/data/inat/Cyanocitta_stelleri/402384414_738684567.jpg,Cyanocitta stelleri,inat,37.7674333333,-122.4739383333,2026-09-20T09:24:26-07:00,https://www.inaturalist.org/observations/402384414,bird,cc-by-nc,"(c) Trey Nelson, some rights reserved (CC BY-NC)"
/Users/outman/workspace/personal/bioscan/data/inat/Cyanocitta_stelleri/402363073_738623913.jpg,Cyanocitta stelleri,inat,37.7483908319,-119.5873397337,2017-04-11T13:40:00-07:00,https://www.inaturalist.org/observations/402363073,bird,cc-by-nc,"(c) Diego Tamayo, some rights reserved (CC BY-NC)"
/Users/outman/workspace/personal/bioscan/data/inat/Cyanocitta_stelleri/402351109_738616862.jpg,Cyanocitta stelleri,inat,37.1250918479,-118.4359689659,2026-09-15T10:06:00-07:00,https://www.inaturalist.org/observations/402351109,bird,cc-by-nc,"(c) Paul Donahue, some rights reserved (CC BY-NC)"
/Users/outman/workspace/personal/bioscan/data/inat/Cyanocitta_stelleri/402346427_738607682.jpg,Cyanocitta stelleri,inat,37.7406204576,-119.5649056414,2026-09-16T18:23:20-07:00,https://www.inaturalist.org/observations/402346427,bird,cc-by-nc,"(c) rmuschalek, some rights reserved (CC BY-NC)"
/Users/outman/workspace/personal/bioscan/data/inat/Cyanocitta_stelleri/402341457_738594886.jpg,Cyanocitta stelleri,inat,37.2307244548,-122.0952989645,2026-09-20T07:22:00-07:00,https://www.inaturalist.org/observations/402341457,bird,cc-by-nc,"(c) Russell Marotzke, some rights reserved (CC BY-NC)"
/Users/outman/workspace/personal/bioscan/data/inat/Cyanocitta_stelleri/402333347_738580273.jpg,Cyanocitta stelleri,inat,36.2651752107,-121.8014575817,2026-09-11T07:46:57-07:00,https://www.inaturalist.org/observations/402333347,bird,cc-by-nc,"(c) catherinehensley46, some rights reserved (CC BY-NC)"
/Users/outman/workspace/personal/bioscan/data/inat/Cyanocitta_stelleri/402324658_738561810.jpg,Cyanocitta stelleri,inat,37.21285,-121.986275,2026-09-21T12:46:06-07:00,https://www.inaturalist.org/observations/402324658,bird,cc-by-nc,"(c) Sarah Wang, some rights reserved (CC BY-NC)"
/Users/outman/workspace/personal/bioscan/data/inat/Cyanocitta_stelleri/402302425_738517796.jpg,Cyanocitta stelleri,inat,37.8455232929,-122.2304255439,2026-09-21T13:16:03-07:00,https://www.inaturalist.org/observations/402302425,bird,cc-by-nc,"(c) olivia_kokoefer, some rights reserved (CC BY-NC)"
/Users/outman/workspace/personal/bioscan/data/inat/Cyanocitta_stelleri/402255129_738422869.jpg,Cyanocitta stelleri,inat,34.2441633333,-116.92572,2026-09-21T11:41:23-07:00,https://www.inaturalist.org/observations/402255129,bird,cc-by-nc,"(c) Eric Thorsen, some rights reserved (CC BY-NC)"
/Users/outman/workspace/personal/bioscan/data/inat/Cyanocitta_stelleri/402214189_738343057.jpg,Cyanocitta stelleri,inat,40.8780823974,-124.0779167322,2026-09-14T13:16:23-07:00,https://www.inaturalist.org/observations/402214189,bird,cc-by-nc,"(c) diegoarballo, some rights reserved (CC BY-NC)"
/Users/outman/workspace/personal/bioscan/data/inat/Cyanocitta_stelleri/402186086_738108135.jpg,Cyanocitta stelleri,inat,37.3926397877,-121.8137557246,2026-07-10T08:54:00-07:00,https://www.inaturalist.org/observations/402186086,bird,cc-by-nc,"(c) Howard Friedman, some rights reserved (CC BY-NC)"
/Users/outman/workspace/personal/bioscan/data/inat/Cyanocitta_stelleri/402116420_738154933.jpg,Cyanocitta stelleri,inat,39.2751340752,-123.7886261567,2026-09-20T11:08:39-07:00,https://www.inaturalist.org/observations/402116420,bird,cc-by-nc,"(c) bigshaun, some rights reserved (CC BY-NC)"
/Users/outman/workspace/personal/bioscan/data/inat/Cyanocitta_stelleri/402094991_738111318.jpg,Cyanocitta stelleri,inat,39.18438,-120.1219783333,2026-09-18T17:53:00-07:00,https://www.inaturalist.org/observations/402094991,bird,cc-by,"(c) Jonathan Eisen, some rights reserved (CC BY)"
/Users/outman/workspace/personal/bioscan/data/inat/Cyanocitta_stelleri/402094819_738102920.jpg,Cyanocitta stelleri,inat,37.7473979363,-119.5922023741,2017-04-10T16:33:00-07:00,https://www.inaturalist.org/observations/402094819,bird,cc-by-nc,"(c) Diego Tamayo, some rights reserved (CC BY-NC)"
/Users/outman/workspace/personal/bioscan/data/inat/Cyanocitta_stelleri/402072315_738071245.jpg,Cyanocitta stelleri,inat,41.3734809722,-124.013091,2026-09-20T12:02:42-07:00,https://www.inaturalist.org/observations/402072315,bird,cc-by-nc,"(c) Eabensol Dart, some rights reserved (CC BY-NC)"
/Users/outman/workspace/personal/bioscan/data/inat/Cyanocitta_stelleri/402070467_738053462.jpg,Cyanocitta stelleri,inat,32.9595607698,-116.5804390397,2026-09-20T15:43:00-07:00,https://www.inaturalist.org/observations/402070467,bird,cc-by-nc,"(c) jspaulding, some rights reserved (CC BY-NC)"
/Users/outman/workspace/personal/bioscan/data/inat/Cyanocitta_stelleri/402062801_738047137.jpg,Cyanocitta stelleri,inat,40.888914,-121.6668675,2026-08-04T13:13:39-07:00,https://www.inaturalist.org/observations/402062801,bird,cc-by-nc,"(c) lakespur, some rights reserved (CC BY-NC)"
/Users/outman/workspace/personal/bioscan/data/inat/Corvus_brachyrhynchos/402643847_739189629.jpg,Corvus brachyrhynchos,inat,37.8068383333,-122.43522,2026-09-21T16:39:14-07:00,https://www.inaturalist.org/observations/402643847,bird,cc-by-nc,"(c) mateoan, some rights reserved (CC BY-NC)"
/Users/outman/workspace/personal/bioscan/data/inat/Corvus_brachyrhynchos/402642051_739185200.jpg,Corvus brachyrhynchos,inat,38.0442883414,-122.7931592177,2026-09-18T13:50:00-07:00,https://www.inaturalist.org/observations/402642051,bird,cc-by-nc,"(c) columbidaeperson, some rights reserved (CC BY-NC)"
/Users/outman/workspace/personal/bioscan/data/inat/Corvus_brachyrhynchos/402635022_739166434.jpg,Corvus brachyrhynchos,inat,37.8952221765,-122.6398164054,2026-09-18T12:40:00-07:00,https://www.inaturalist.org/observations/402635022,bird,cc-by-nc,"(c) columbidaeperson, some rights reserved (CC BY-NC)"
/Users/outman/workspace/personal/bioscan/data/inat/Corvus_brachyrhynchos/402626995_739155291.jpg,Corvus brachyrhynchos,inat,33.8814083333,-117.88727,2026-09-21T08:40:58-07:00,https://www.inaturalist.org/observations/402626995,bird,cc-by-nc,"(c) coregel, some rights reserved (CC BY-NC)"
/Users/outman/workspace/personal/bioscan/data/inat/Corvus_brachyrhynchos/402606525_739112341.jpg,Corvus brachyrhynchos,inat,37.740825,-122.4824133333,2026-09-22T09:11:31-07:00,https://www.inaturalist.org/observations/402606525,bird,cc-by-nc,"(c) Maia Kolbeck Cohen, some rights reserved (CC BY-NC)"
/Users/outman/workspace/personal/bioscan/data/inat/Corvus_brachyrhynchos/402562607_739024298.jpg,Corvus brachyrhynchos,inat,33.6605668436,-117.8191307852,2026-05-05T10:45:21-07:00,https://www.inaturalist.org/observations/402562607,bird,cc-by-nc,"(c) julianme, some rights reserved (CC BY-NC)"
/Users/outman/workspace/personal/bioscan/data/inat/Corvus_brachyrhynchos/402504409_738912321.jpg,Corvus brachyrhynchos,inat,34.1562190741,-118.286108302,2026-09-21T09:59:00-07:00,https://www.inaturalist.org/observations/402504409,bird,cc-by-nc,"(c) gregslak, some rights reserved (CC BY-NC)"
/Users/outman/workspace/personal/bioscan/data/inat/Corvus_brachyrhynchos/402375927_738667345.jpg,Corvus brachyrhynchos,inat,34.0048282479,-118.0714046579,2026-09-21T17:27:19-07:00,https://www.inaturalist.org/observations/402375927,bird,cc-by-nc,"(c) cpkan, some rights reserved (CC BY-NC)"
/Users/outman/workspace/personal/bioscan/data/inat/Corvus_brachyrhynchos/402373970_738661024.jpg,Corvus brachyrhynchos,inat,37.2637638962,-122.0101421884,2026-09-17T16:10:00-07:00,https://www.inaturalist.org/observations/402373970,bird,cc-by-nc,"(c) Sarah Coty, some rights reserved (CC BY-NC)"
/Users/outman/workspace/personal/bioscan/data/inat/Corvus_brachyrhynchos/402373969_738660964.jpg,Corvus brachyrhynchos,inat,37.2638028564,-122.0101314697,2026-09-17T16:10:00-07:00,https://www.inaturalist.org/observations/402373969,bird,cc-by-nc,"(c) Sarah Coty, some rights reserved (CC BY-NC)"
/Users/outman/workspace/personal/bioscan/data/inat/Corvus_brachyrhynchos/402373961_738660896.jpg,Corvus brachyrhynchos,inat,37.263791976,-122.0101520785,2026-09-17T16:11:00-07:00,https://www.inaturalist.org/observations/402373961,bird,cc-by-nc,"(c) Sarah Coty, some rights reserved (CC BY-NC)"
/Users/outman/workspace/personal/bioscan/data/inat/Corvus_brachyrhynchos/402373963_738660858.jpg,Corvus brachyrhynchos,inat,37.2637856839,-122.0101232019,2026-09-17T16:11:00-07:00,https://www.inaturalist.org/observations/402373963,bird,cc-by-nc,"(c) Sarah Coty, some rights reserved (CC BY-NC)"
/Users/outman/workspace/personal/bioscan/data/inat/Corvus_brachyrhynchos/402370821_738656135.jpg,Corvus brachyrhynchos,inat,34.000102053,-118.4862212975,2026-09-17T10:50:36-07:00,https://www.inaturalist.org/observations/402370821,bird,cc-by-nc,"(c) Colin Temple, some rights reserved (CC BY-NC)"
/Users/outman/workspace/personal/bioscan/data/inat/Corvus_brachyrhynchos/402367213_738648673.jpg,Corvus brachyrhynchos,inat,37.5857753929,-122.3169559219,2026-09-21T10:41:00-07:00,https://www.inaturalist.org/observations/402367213,bird,cc-by-nc,"(c) Donna Pomeroy, some rights reserved (CC BY-NC)"
/Users/outman/workspace/personal/bioscan/data/inat/Corvus_brachyrhynchos/402360653_738635883.jpg,Corvus brachyrhynchos,inat,34.2830716667,-118.7968883333,2026-09-21T13:40:42-07:00,https://www.inaturalist.org/observations/402360653,bird,cc-by-nc,"(c) Maria Kerrigan, some rights reserved (CC BY-NC)"
/Users/outman/workspace/personal/bioscan/data/inat/Corvus_brachyrhynchos/402340425_738592801.jpg,Corvus brachyrhynchos,inat,37.5872676,-122.3191012,2026-09-20T10:23:00-07:00,https://www.inaturalist.org/observations/402340425,bird,cc-by,"(c) Lisa Biasillo, some rights reserved (CC BY)"
/Users/outman/workspace/personal/bioscan/data/inat/Corvus_brachyrhynchos/402340417_738592727.jpg,Corvus brachyrhynchos,inat,37.5872676,-122.3191012,2026-09-20T10:19:00-07:00,https://www.inaturalist.org/observations/402340417,bird,cc-by,"(c) Lisa Biasillo, some rights reserved (CC BY)"
/Users/outman/workspace/personal/bioscan/data/inat/Corvus_brachyrhynchos/402339376_738592517.jpg,Corvus brachyrhynchos,inat,33.5282783333,-117.7169283333,2026-09-21T17:49:29-07:00,https://www.inaturalist.org/observations/402339376,bird,cc-by-nc,"(c) dashaantarctica, some rights reserved (CC BY-NC)"
/Users/outman/workspace/personal/bioscan/data/inat/Corvus_brachyrhynchos/402260658_738433848.jpg,Corvus brachyrhynchos,inat,37.805485303,-122.2158786957,2026-09-21T11:02:39-07:00,https://www.inaturalist.org/observations/402260658,bird,cc-by-nc,"(c) squirrelwho, some rights reserved (CC BY-NC)"
/Users/outman/workspace/personal/bioscan/data/inat/Corvus_brachyrhynchos/402250312_738413966.jpg,Corvus brachyrhynchos,inat,37.9750799533,-122.5323122726,2026-09-17T08:22:03-07:00,https://www.inaturalist.org/observations/402250312,bird,cc-by-nc,"(c) emily_ma, some rights reserved (CC BY-NC)"
/Users/outman/workspace/personal/bioscan/data/inat/Corvus_brachyrhynchos/402248150_738409383.jpg,Corvus brachyrhynchos,inat,41.059886201,-124.143083654,2026-09-21T11:16:04-07:00,https://www.inaturalist.org/observations/402248150,bird,cc-by-nc,"(c) Cauy Nelson, some rights reserved (CC BY-NC)"
/Users/outman/workspace/personal/bioscan/data/inat/Corvus_brachyrhynchos/402218720_738352124.jpg,Corvus brachyrhynchos,inat,37.8713283333,-122.2561716667,2026-09-21T09:07:01-07:00,https://www.inaturalist.org/observations/402218720,bird,cc-by-nc,"(c) kaylee_vg, some rights reserved (CC BY-NC)"
/Users/outman/workspace/personal/bioscan/data/inat/Corvus_brachyrhynchos/402117860_738157699.jpg,Corvus brachyrhynchos,inat,33.646545,-117.8271716667,2025-11-12T08:12:40-08:00,https://www.inaturalist.org/observations/402117860,bird,cc-by-nc,"(c) mhmt-abad, some rights reserved (CC BY-NC)"
/Users/outman/workspace/personal/bioscan/data/inat/Corvus_brachyrhynchos/402109201_738139878.jpg,Corvus brachyrhynchos,inat,34.0867813799,-118.2289476693,2026-09-20T11:58:08-07:00,https://www.inaturalist.org/observations/402109201,bird,cc-by-nc,"(c) boazsolorio, some rights reserved (CC BY-NC)"
/Users/outman/workspace/personal/bioscan/data/inat/Corvus_brachyrhynchos/402102969_738120228.jpg,Corvus brachyrhynchos,inat,37.7685542004,-122.277376899,2026-09-20T18:29:00-07:00,https://www.inaturalist.org/observations/402102969,bird,cc-by-nc,"(c) Matee, some rights reserved (CC BY-NC)"
/Users/outman/workspace/personal/bioscan/data/inat/Corvus_corax/402655630_739182745.jpg,Corvus corax,inat,33.7808594996,-117.6686167151,2026-09-20T17:07:00-07:00,https://www.inaturalist.org/observations/402655630,bird,cc-by,"(c) Gavin Skeen, some rights reserved (CC BY)"
/Users/outman/workspace/personal/bioscan/data/inat/Corvus_corax/402643605_739188943.jpg,Corvus corax,inat,36.4872883333,-118.8365866667,2026-09-20T08:16:05-07:00,https://www.inaturalist.org/observations/402643605,bird,cc-by-nc,"(c) mateoan, some rights reserved (CC BY-NC)"
/Users/outman/workspace/personal/bioscan/data/inat/Corvus_corax/402635439_739172278.jpg,Corvus corax,inat,33.8288716667,-118.1785716667,2026-08-30T10:34:32-07:00,https://www.inaturalist.org/observations/402635439,bird,cc-by-nc,"(c) cbartels, some rights reserved (CC BY-NC)"
/Users/outman/workspace/personal/bioscan/data/inat/Corvus_corax/402614225_739127483.jpg,Corvus corax,inat,37.7155466,-119.6769058,2026-09-17T06:16:00-07:00,https://www.inaturalist.org/observations/402614225,bird,cc-by-nc,"(c) sophiathyme, some rights reserved (CC BY-NC)"
/Users/outman/workspace/personal/bioscan/data/inat/Corvus_corax/402584452_739069004.jpg,Corvus corax,inat,34.0091875759,-118.1152300537,2026-09-21T16:25:05-07:00,https://www.inaturalist.org/observations/402584452,bird,cc-by-nc,"(c) boazsolorio, some rights reserved (CC BY-NC)"
/Users/outman/workspace/personal/bioscan/data/inat/Corvus_corax/402583028_739066310.jpg,Corvus corax,inat,34.3593716667,-117.7640083333,2026-09-22T11:34:49-07:00,https://www.inaturalist.org/observations/402583028,bird,cc-by-nc,"(c) mojavemama, some rights reserved (CC BY-NC)"
/Users/outman/workspace/personal/bioscan/data/inat/Corvus_corax/402565141_739029496.jpg,Corvus corax,inat,33.5842083333,-117.8274920635,2026-09-22T13:24:52-07:00,https://www.inaturalist.org/observations/402565141,bird,cc-by-nc,"(c) Jared, some rights reserved (CC BY-NC)"
/Users/outman/workspace/personal/bioscan/data/inat/Corvus_corax/402564655_739025112.jpg,Corvus corax,inat,37.351761622,-121.9413087938,2026-09-22T10:46:00-07:00,https://www.inaturalist.org/observations/402564655,bird,cc-by-nc,"(c) Elliot W, some rights reserved (CC BY-NC)"
/Users/outman/workspace/personal/bioscan/data/inat/Corvus_corax/402550200_739000235.jpg,Corvus corax,inat,33.7826583333,-116.5261533333,2026-09-20T07:41:00-07:00,https://www.inaturalist.org/observations/402550200,bird,cc-by-nc,"(c) quandary, some rights reserved (CC BY-NC)"
/Users/outman/workspace/personal/bioscan/data/inat/Corvus_corax/402478710_738865099.jpg,Corvus corax,inat,32.8132498862,-117.0323739508,2026-09-20T16:20:00-07:00,https://www.inaturalist.org/observations/402478710,bird,cc-by-nc,"(c) ashletta320, some rights reserved (CC BY-NC)"
/Users/outman/workspace/personal/bioscan/data/inat/Corvus_corax/402458427_738827698.jpg,Corvus corax,inat,37.4080743912,-121.7966533602,2026-09-21T10:51:00-07:00,https://www.inaturalist.org/observations/402458427,bird,cc-by-nc,"(c) edwardrooks, some rights reserved (CC BY-NC)"
/Users/outman/workspace/personal/bioscan/data/inat/Corvus_corax/402386844_738689114.jpg,Corvus corax,inat,34.801755,-116.520472,2026-08-14T11:15:00-07:00,https://www.inaturalist.org/observations/402386844,bird,cc-by-nc,"(c) Ken Mateik, some rights reserved (CC BY-NC)"
/Users/outman/workspace/personal/bioscan/data/inat/Corvus_corax/402385383_738686481.jpg,Corvus corax,inat,37.9869502964,-122.4728072869,2026-09-21T18:06:14-07:00,https://www.inaturalist.org/observations/402385383,bird,cc-by-nc,"(c) J. Bagratuni, some rights reserved (CC BY-NC)"
/Users/outman/workspace/personal/bioscan/data/inat/Corvus_corax/402385154_738684419.jpg,Corvus corax,inat,34.801306,-116.52021,2026-08-14T11:12:00-07:00,https://www.inaturalist.org/observations/402385154,bird,cc-by-nc,"(c) Ken Mateik, some rights reserved (CC BY-NC)"
/Users/outman/workspace/personal/bioscan/data/inat/Corvus_corax/402259390_738431226.jpg,Corvus corax,inat,34.1341695,-118.3088133333,2026-09-21T08:36:10-07:00,https://www.inaturalist.org/observations/402259390,bird,cc-by-nc,"(c) heungl, some rights reserved (CC BY-NC)"
/Users/outman/workspace/personal/bioscan/data/inat/Corvus_corax/402239930_738370615.jpg,Corvus corax,inat,37.422490135,-122.4295785475,2026-09-20T17:03:00-07:00,https://www.inaturalist.org/observations/402239930,bird,cc-by,"(c) Cricket Raspet, some rights reserved (CC BY)"
/Users/outman/workspace/personal/bioscan/data/inat/Corvus_corax/402209796_738334279.jpg,Corvus corax,inat,33.7397371101,-118.4016975346,2026-09-21T08:17:34-07:00,https://www.inaturalist.org/observations/402209796,bird,cc-by-nc,"(c) Keith P, some rights reserved (CC BY-NC)"
/Users/outman/workspace/personal/bioscan/data/inat/Corvus_corax/402191981_738300450.jpg,Corvus corax,inat,39.316995,-120.325525,2026-09-19T13:00:00-07:00,https://www.inaturalist.org/observations/402191981,bird,cc-by,"(c) Jonathan Eisen, some rights reserved (CC BY)"
/Users/outman/workspace/personal/bioscan/data/inat/Corvus_corax/402094820_738104921.jpg,Corvus corax,inat,37.7467582611,-119.5846849636,2017-04-10T17:03:00-07:00,https://www.inaturalist.org/observations/402094820,bird,cc-by-nc,"(c) Diego Tamayo, some rights reserved (CC BY-NC)"
/Users/outman/workspace/personal/bioscan/data/inat/Corvus_corax/402093335_738266701.jpg,Corvus corax,inat,33.8056133333,-117.9187466667,2026-09-19T14:00:11-07:00,https://www.inaturalist.org/observations/402093335,bird,cc-by-nc,"(c) Nikki Aguilar, some rights reserved (CC BY-NC)"
/Users/outman/workspace/personal/bioscan/data/inat/Corvus_corax/402005845_737929226.jpg,Corvus corax,inat,38.6212074152,-120.1951818508,2026-09-12T15:23:00-07:00,https://www.inaturalist.org/observations/402005845,bird,cc-by-nc,"(c) sin_nombre, some rights reserved (CC BY-NC)"
/Users/outman/workspace/personal/bioscan/data/inat/Corvus_corax/401894035_737703905.jpg,Corvus corax,inat,37.769275,-122.4670333333,2026-09-20T08:41:44-07:00,https://www.inaturalist.org/observations/401894035,bird,cc-by-nc,"(c) mayor_of_taco_town, some rights reserved (CC BY-NC)"
/Users/outman/workspace/personal/bioscan/data/inat/Corvus_corax/401777769_737473635.jpg,Corvus corax,inat,38.6507324981,-121.1991778771,2026-06-25T08:50:00-07:00,https://www.inaturalist.org/observations/401777769,bird,cc-by,"(c) Hawk T., some rights reserved (CC BY)"
/Users/outman/workspace/personal/bioscan/data/inat/Corvus_corax/401763905_737449148.jpg,Corvus corax,inat,41.7737333893,-124.1869308427,2026-09-19T13:22:16-07:00,https://www.inaturalist.org/observations/401763905,bird,cc-by-nc,"(c) BobD, some rights reserved (CC BY-NC)"
/Users/outman/workspace/personal/bioscan/data/inat/Corvus_corax/401761259_737443849.jpg,Corvus corax,inat,38.5698907888,-122.6895108819,2026-09-16T13:57:06-07:00,https://www.inaturalist.org/observations/401761259,bird,cc-by-nc,"(c) SummerShay, some rights reserved (CC BY-NC)"
/Users/outman/workspace/personal/bioscan/data/inat/Pica_nuttalli/402650495_739202295.jpg,Pica nuttalli,inat,35.4204342853,-120.7865792068,2026-09-22T18:20:42-07:00,https://www.inaturalist.org/observations/402650495,bird,cc-by-nc,"(c) Marcella Munson, some rights reserved (CC BY-NC)"
/Users/outman/workspace/personal/bioscan/data/inat/Pica_nuttalli/402398966_738712641.jpg,Pica nuttalli,inat,38.5692583333,-121.3779533333,2026-09-20T13:07:48-07:00,https://www.inaturalist.org/observations/402398966,bird,cc0,no rights reserved
/Users/outman/workspace/personal/bioscan/data/inat/Pica_nuttalli/402348471_738612077.jpg,Pica nuttalli,inat,38.5991083333,-121.505775,2026-09-21T08:36:07-07:00,https://www.inaturalist.org/observations/402348471,bird,cc-by-nc,"(c) planetboom, some rights reserved (CC BY-NC)"
/Users/outman/workspace/personal/bioscan/data/inat/Pica_nuttalli/402267697_738447967.jpg,Pica nuttalli,inat,37.6627150365,-121.0366723382,2026-09-21T12:29:46-07:00,https://www.inaturalist.org/observations/402267697,bird,cc-by-nc,"(c) yeetomosquito, some rights reserved (CC BY-NC)"
/Users/outman/workspace/personal/bioscan/data/inat/Pica_nuttalli/402036300_737992864.jpg,Pica nuttalli,inat,38.6051073359,-121.505443342,2026-09-20T15:05:40-07:00,https://www.inaturalist.org/observations/402036300,bird,cc-by-nc,"(c) Evan Lee, some rights reserved (CC BY-NC)"
/Users/outman/workspace/personal/bioscan/data/inat/Pica_nuttalli/402030842_737981418.jpg,Pica nuttalli,inat,38.5427633333,-121.77053,2026-01-19T11:47:27-08:00,https://www.inaturalist.org/observations/402030842,bird,cc-by-nc,"(c) Lena Killingsworth, some rights reserved (CC BY-NC)"
/Users/outman/workspace/personal/bioscan/data/inat/Pica_nuttalli/401954470_737825256.jpg,Pica nuttalli,inat,37.5246166667,-120.8512633333,2026-09-15T10:38:07-07:00,https://www.inaturalist.org/observations/401954470,bird,cc-by-nc,"(c) gh_theropod, some rights reserved (CC BY-NC)"
/Users/outman/workspace/personal/bioscan/data/inat/Pica_nuttalli/401762397_737446235.jpg,Pica nuttalli,inat,38.6251666667,-121.4866783333,2026-09-19T10:04:39-07:00,https://www.inaturalist.org/observations/401762397,bird,cc-by-nc,"(c) julespenzel, some rights reserved (CC BY-NC)"
/Users/outman/workspace/personal/bioscan/data/inat/Pica_nuttalli/401664619_737246816.jpg,Pica nuttalli,inat,40.1568968536,-122.2063246636,2026-09-18T15:39:54-07:00,https://www.inaturalist.org/observations/401664619,bird,cc-by-nc,"(c) Allison Padilla, some rights reserved (CC BY-NC)"
/Users/outman/workspace/personal/bioscan/data/inat/Pica_nuttalli/401664473_737246486.jpg,Pica nuttalli,inat,40.1569657025,-122.2064677014,2026-09-18T15:43:23-07:00,https://www.inaturalist.org/observations/401664473,bird,cc-by-nc,"(c) Allison Padilla, some rights reserved (CC BY-NC)"
/Users/outman/workspace/personal/bioscan/data/inat/Pica_nuttalli/401524728_736981166.jpg,Pica nuttalli,inat,37.1728028018,-121.7243754686,2026-09-18T13:45:00-07:00,https://www.inaturalist.org/observations/401524728,bird,cc-by-nc,"(c) Angie, some rights reserved (CC BY-NC)"
/Users/outman/workspace/personal/bioscan/data/inat/Pica_nuttalli/401502134_736937538.jpg,Pica nuttalli,inat,37.171005,-121.727295,2026-08-12T19:20:27-07:00,https://www.inaturalist.org/observations/401502134,bird,cc-by-nc,"(c) Ben Landrum, some rights reserved (CC BY-NC)"
/Users/outman/workspace/personal/bioscan/data/inat/Pica_nuttalli/401304506_736544617.jpg,Pica nuttalli,inat,37.10325605,-121.5742855892,2026-09-17T11:37:29-07:00,https://www.inaturalist.org/observations/401304506,bird,cc-by-nc,"(c) pretzelle, some rights reserved (CC BY-NC)"
/Users/outman/workspace/personal/bioscan/data/inat/Pica_nuttalli/401273345_736484822.jpg,Pica nuttalli,inat,34.1009631336,-117.7729905769,2026-09-18T08:57:05-07:00,https://www.inaturalist.org/observations/401273345,bird,cc-by-nc,"(c) Sofia DeMello, some rights reserved (CC BY-NC)"
/Users/outman/workspace/personal/bioscan/data/inat/Pica_nuttalli/401135775_736224555.jpg,Pica nuttalli,inat,38.6051416667,-121.4261466667,2026-09-17T16:52:45-07:00,https://www.inaturalist.org/observations/401135775,bird,cc-by-nc,"(c) Kevin Riordan, some rights reserved (CC BY-NC)"
/Users/outman/workspace/personal/bioscan/data/inat/Pica_nuttalli/401083051_736120487.jpg,Pica nuttalli,inat,38.5465512138,-121.7843038961,2026-09-17T12:04:29-07:00,https://www.inaturalist.org/observations/401083051,bird,cc-by-nc,"(c) bonkedclover8, some rights reserved (CC BY-NC)"
/Users/outman/workspace/personal/bioscan/data/inat/Pica_nuttalli/401069612_736093196.jpg,Pica nuttalli,inat,38.5987188681,-121.5057113621,2026-09-17T07:24:12-07:00,https://www.inaturalist.org/observations/401069612,bird,cc-by-nc,"(c) Diego Meneses, some rights reserved (CC BY-NC)"
/Users/outman/workspace/personal/bioscan/data/inat/Pica_nuttalli/400332716_734615113.jpg,Pica nuttalli,inat,38.5849133333,-121.5056133333,2026-09-14T10:48:58-07:00,https://www.inaturalist.org/observations/400332716,bird,cc-by-nc,"(c) planetboom, some rights reserved (CC BY-NC)"
/Users/outman/workspace/personal/bioscan/data/inat/Pica_nuttalli/400117882_734181634.jpg,Pica nuttalli,inat,38.5820766192,-121.5063693967,2026-08-15T18:11:09-07:00,https://www.inaturalist.org/observations/400117882,bird,cc-by-nc,"(c) Daniel Stockel, some rights reserved (CC BY-NC)"
/Users/outman/workspace/personal/bioscan/data/inat/Pica_nuttalli/400117843_734181458.jpg,Pica nuttalli,inat,38.5820623515,-121.5062060837,2026-08-15T18:19:32-07:00,https://www.inaturalist.org/observations/400117843,bird,cc-by-nc,"(c) Daniel Stockel, some rights reserved (CC BY-NC)"
/Users/outman/workspace/personal/bioscan/data/inat/Pica_nuttalli/400041702_734022339.jpg,Pica nuttalli,inat,35.154350332,-119.966198599,2026-09-11T18:50:15-07:00,https://www.inaturalist.org/observations/400041702,bird,cc-by-nc,"(c) slocologies, some rights reserved (CC BY-NC)"
/Users/outman/workspace/personal/bioscan/data/inat/Pica_nuttalli/400017624_733974689.jpg,Pica nuttalli,inat,38.7903166667,-121.246055,2023-03-16T17:24:15-07:00,https://www.inaturalist.org/observations/400017624,bird,cc-by-nc,"(c) khiara gapasangra, some rights reserved (CC BY-NC)"
/Users/outman/workspace/personal/bioscan/data/inat/Pica_nuttalli/399957600_733858561.jpg,Pica nuttalli,inat,37.1517075612,-121.6655808681,2026-09-13T07:17:03-07:00,https://www.inaturalist.org/observations/399957600,bird,cc-by-nc,"(c) raincctv, some rights reserved (CC BY-NC)"
/Users/outman/workspace/personal/bioscan/data/inat/Pica_nuttalli/399956555_733856635.jpg,Pica nuttalli,inat,37.0673533835,-121.7339879948,2026-09-13T10:50:28-07:00,https://www.inaturalist.org/observations/399956555,bird,cc-by-nc,"(c) raincctv, some rights reserved (CC BY-NC)"
/Users/outman/workspace/personal/bioscan/data/inat/Pica_nuttalli/399938188_733821475.jpg,Pica nuttalli,inat,39.0265528333,-121.0498055,2026-09-13T09:59:01-07:00,https://www.inaturalist.org/observations/399938188,bird,cc-by-nc,"(c) thylton12, some rights reserved (CC BY-NC)"
/Users/outman/workspace/personal/bioscan/data/inat/Melanerpes_formicivorus/402655588_739182418.jpg,Melanerpes formicivorus,inat,33.7808594996,-117.6686167151,2026-09-20T15:28:00-07:00,https://www.inaturalist.org/observations/402655588,bird,cc-by,"(c) Gavin Skeen, some rights reserved (CC BY)"
/Users/outman/workspace/personal/bioscan/data/inat/Melanerpes_formicivorus/402655497_739181894.jpg,Melanerpes formicivorus,inat,33.7808594996,-117.6686167151,2026-09-20T14:26:00-07:00,https://www.inaturalist.org/observations/402655497,bird,cc-by,"(c) Gavin Skeen, some rights reserved (CC BY)"
/Users/outman/workspace/personal/bioscan/data/inat/Melanerpes_formicivorus/402655482_739181714.jpg,Melanerpes formicivorus,inat,33.7808594996,-117.6686167151,2026-09-20T14:01:00-07:00,https://www.inaturalist.org/observations/402655482,bird,cc-by,"(c) Gavin Skeen, some rights reserved (CC BY)"
/Users/outman/workspace/personal/bioscan/data/inat/Melanerpes_formicivorus/402654692_739210158.jpg,Melanerpes formicivorus,inat,37.2682631304,-121.8764045835,2026-09-21T19:03:26-07:00,https://www.inaturalist.org/observations/402654692,bird,cc-by-nc,"(c) caronen, some rights reserved (CC BY-NC)"
/Users/outman/workspace/personal/bioscan/data/inat/Melanerpes_formicivorus/402653414_739207539.jpg,Melanerpes formicivorus,inat,37.9618459561,-122.2646856531,2026-09-22T16:51:00-07:00,https://www.inaturalist.org/observations/402653414,bird,cc-by-nc,"(c) Michael Warner, some rights reserved (CC BY-NC)"
/Users/outman/workspace/personal/bioscan/data/inat/Melanerpes_formicivorus/402653411_739207536.jpg,Melanerpes formicivorus,inat,37.9618459561,-122.2646856531,2026-09-22T16:51:00-07:00,https://www.inaturalist.org/observations/402653411,bird,cc-by-nc,"(c) Michael Warner, some rights reserved (CC BY-NC)"
/Users/outman/workspace/personal/bioscan/data/inat/Melanerpes_formicivorus/402652299_739205245.jpg,Melanerpes formicivorus,inat,37.4690182228,-121.8683468468,2026-09-22T09:51:00-07:00,https://www.inaturalist.org/observations/402652299,bird,cc-by-nc,"(c) Charlie L, some rights reserved (CC BY-NC)"
/Users/outman/workspace/personal/bioscan/data/inat/Melanerpes_formicivorus/402648241_739197948.jpg,Melanerpes formicivorus,inat,34.1511601084,-118.1648714886,2026-08-26T08:46:00-07:00,https://www.inaturalist.org/observations/402648241,bird,cc-by-nc,"(c) Wendy Cheng, some rights reserved (CC BY-NC)"
/Users/outman/workspace/personal/bioscan/data/inat/Melanerpes_formicivorus/402646616_739195236.jpg,Melanerpes formicivorus,inat,37.7145533333,-121.8755416667,2026-09-22T18:15:41-07:00,https://www.inaturalist.org/observations/402646616,bird,cc-by,"(c) Irina Mitine, some rights reserved (CC BY)"
/Users/outman/workspace/personal/bioscan/data/inat/Melanerpes_formicivorus/402642045_739181206.jpg,Melanerpes formicivorus,inat,38.0438294311,-122.7891508556,2026-09-18T13:27:00-07:00,https://www.inaturalist.org/observations/402642045,bird,cc-by-nc,"(c) columbidaeperson, some rights reserved (CC BY-NC)"
/Users/outman/workspace/personal/bioscan/data/inat/Melanerpes_formicivorus/402622786_739145568.jpg,Melanerpes formicivorus,inat,37.6382116667,-121.7759783333,2026-09-20T12:22:17-07:00,https://www.inaturalist.org/observations/402622786,bird,cc-by-nc,"(c) ryanharrow, some rights reserved (CC BY-NC)"
/Users/outman/workspace/personal/bioscan/data/inat/Melanerpes_formicivorus/402622703_739145374.jpg,Melanerpes formicivorus,inat,37.6395533333,-121.7793583333,2026-09-20T12:32:22-07:00,https://www.inaturalist.org/observations/402622703,bird,cc-by-nc,"(c) ryanharrow, some rights reserved (CC BY-NC)"
/Users/outman/workspace/personal/bioscan/data/inat/Melanerpes_formicivorus/402600894_739101394.jpg,Melanerpes formicivorus,inat,33.24917,-117.23825,2026-01-09T14:19:56-08:00,https://www.inaturalist.org/observations/402600894,bird,cc-by-nc,"(c) jriendeau, some rights reserved (CC BY-NC)"
/Users/outman/workspace/personal/bioscan/data/inat/Melanerpes_formicivorus/402594339_739088551.jpg,Melanerpes formicivorus,inat,37.2360605,-121.7649897997,2026-09-22T16:05:15-07:00,https://www.inaturalist.org/observations/402594339,bird,cc-by-nc,"(c) Pedro Sastre, some rights reserved (CC BY-NC)"
/Users/outman/workspace/personal/bioscan/data/inat/Melanerpes_formicivorus/402592085_739083775.jpg,Melanerpes formicivorus,inat,37.2334416667,-121.8793638889,2026-09-22T09:22:00-07:00,https://www.inaturalist.org/observations/402592085,bird,cc-by-nc,"(c) zaNita28, some rights reserved (CC BY-NC)"
/Users/outman/workspace/personal/bioscan/data/inat/Melanerpes_formicivorus/402589340_739077838.jpg,Melanerpes formicivorus,inat,37.2334444444,-121.87935,2026-09-22T09:21:00-07:00,https://www.inaturalist.org/observations/402589340,bird,cc-by-nc,"(c) zaNita28, some rights reserved (CC BY-NC)"
/Users/outman/workspace/personal/bioscan/data/inat/Melanerpes_formicivorus/402585407_739070642.jpg,Melanerpes formicivorus,inat,36.1443525948,-118.6122624115,2026-09-17T11:41:53-07:00,https://www.inaturalist.org/observations/402585407,bird,cc-by-nc,"(c) Sofie B, some rights reserved (CC BY-NC)"
/Users/outman/workspace/personal/bioscan/data/inat/Melanerpes_formicivorus/402580414_739060322.jpg,Melanerpes formicivorus,inat,35.4631116667,-120.6651216667,2026-09-22T14:57:56-07:00,https://www.inaturalist.org/observations/402580414,bird,cc-by-nc,"(c) jaxonmiranda, some rights reserved (CC BY-NC)"
/Users/outman/workspace/personal/bioscan/data/inat/Melanerpes_formicivorus/402569181_739030439.jpg,Melanerpes formicivorus,inat,34.3097344753,-118.5142858993,2026-09-22T09:33:00-07:00,https://www.inaturalist.org/observations/402569181,bird,cc-by-nc,"(c) dlbowls, some rights reserved (CC BY-NC)"
/Users/outman/workspace/personal/bioscan/data/inat/Melanerpes_formicivorus/402562495_739024312.jpg,Melanerpes formicivorus,inat,34.2477935184,-117.2731898667,2026-09-22T13:49:57-07:00,https://www.inaturalist.org/observations/402562495,bird,cc-by-nc,"(c) amelia907, some rights reserved (CC BY-NC)"
/Users/outman/workspace/personal/bioscan/data/inat/Melanerpes_formicivorus/402561825_739022587.jpg,Melanerpes formicivorus,inat,34.4403637646,-119.7159666814,2026-09-22T13:48:29-07:00,https://www.inaturalist.org/observations/402561825,bird,cc-by-nc,"(c) Megan Vega, some rights reserved (CC BY-NC)"
/Users/outman/workspace/personal/bioscan/data/inat/Melanerpes_formicivorus/402545187_738990661.jpg,Melanerpes formicivorus,inat,38.5688583333,-121.3768383333,2026-09-20T11:33:32-07:00,https://www.inaturalist.org/observations/402545187,bird,cc0,no rights reserved
/Users/outman/workspace/personal/bioscan/data/inat/Melanerpes_formicivorus/402538529_738978646.jpg,Melanerpes formicivorus,inat,34.4404033333,-119.71627,2026-09-22T10:48:51-07:00,https://www.inaturalist.org/observations/402538529,bird,cc-by-nc,"(c) Skye Dameron, some rights reserved (CC BY-NC)"
/Users/outman/workspace/personal/bioscan/data/inat/Melanerpes_formicivorus/402535627_738972956.jpg,Melanerpes formicivorus,inat,37.629555,-121.75733,2026-09-20T16:22:06-07:00,https://www.inaturalist.org/observations/402535627,bird,cc-by,"(c) Irina Mitine, some rights reserved (CC BY)"
/Users/outman/workspace/personal/bioscan/data/inat/Melanerpes_formicivorus/402487456_738877220.jpg,Melanerpes formicivorus,inat,38.3685561753,-122.5018345039,2026-09-19T09:33:00-07:00,https://www.inaturalist.org/observations/402487456,bird,cc-by-nc,"(c) Di, some rights reserved (CC BY-NC)"
/Users/outman/workspace/personal/bioscan/data/inat/Colaptes_auratus/402629964_739159424.jpg,Colaptes auratus,inat,38.6367071743,-121.2683503884,2026-09-19,https://www.inaturalist.org/observations/402629964,bird,cc-by-nc,"(c) abcdefgewing, some rights reserved (CC BY-NC)"
/Users/outman/workspace/personal/bioscan/data/inat/Colaptes_auratus/402626153_739152425.jpg,Colaptes auratus,inat,38.5685125353,-121.5029005032,2026-09-20,https://www.inaturalist.org/observations/402626153,bird,cc-by-nc,"(c) abcdefgewing, some rights reserved (CC BY-NC)"
/Users/outman/workspace/personal/bioscan/data/inat/Colaptes_auratus/402622845_739145317.jpg,Colaptes auratus,inat,32.8760113283,-116.4663541317,2026-09-22T09:39:00-07:00,https://www.inaturalist.org/observations/402622845,bird,cc-by-nc,"(c) kingsgate, some rights reserved (CC BY-NC)"
/Users/outman/workspace/personal/bioscan/data/inat/Colaptes_auratus/402619180_739137412.jpg,Colaptes auratus,inat,37.9655849698,-122.2639918609,2026-09-22T17:32:00-07:00,https://www.inaturalist.org/observations/402619180,bird,cc-by-nc,"(c) Michael Warner, some rights reserved (CC BY-NC)"
/Users/outman/workspace/personal/bioscan/data/inat/Colaptes_auratus/402547370_738994703.jpg,Colaptes auratus,inat,34.6928067064,-120.0406397134,2026-01-30T15:22:03-08:00,https://www.inaturalist.org/observations/402547370,bird,cc-by-nc,"(c) mikewthomas, some rights reserved (CC BY-NC)"
/Users/outman/workspace/personal/bioscan/data/inat/Colaptes_auratus/402505945_738913701.jpg,Colaptes auratus,inat,37.0138057413,-121.9963857488,2026-09-21T12:06:00-07:00,https://www.inaturalist.org/observations/402505945,bird,cc-by-nc,"(c) Dan Antonaccio, some rights reserved (CC BY-NC)"
/Users/outman/workspace/personal/bioscan/data/inat/Colaptes_auratus/402497093_738899176.jpg,Colaptes auratus,inat,38.4332679642,-122.9339537962,2026-09-22T09:34:24-07:00,https://www.inaturalist.org/observations/402497093,bird,cc-by-nc,"(c) neiltulloh, some rights reserved (CC BY-NC)"
/Users/outman/workspace/personal/bioscan/data/inat/Colaptes_auratus/402476945_738861499.jpg,Colaptes auratus,inat,37.8138666667,-122.2092283333,2026-09-22T07:58:12-07:00,https://www.inaturalist.org/observations/402476945,bird,cc-by-nc,"(c) Beth Wurzburg, some rights reserved (CC BY-NC)"
/Users/outman/workspace/personal/bioscan/data/inat/Colaptes_auratus/402369019_738652865.jpg,Colaptes auratus,inat,41.8970531857,-121.9962262362,2026-09-21T18:00:09-07:00,https://www.inaturalist.org/observations/402369019,bird,cc-by-nc,"(c) Jason Coatney, some rights reserved (CC BY-NC)"
/Users/outman/workspace/personal/bioscan/data/inat/Colaptes_auratus/402191982_738300461.jpg,Colaptes auratus,inat,39.3152433333,-120.3261383333,2026-09-19T13:05:00-07:00,https://www.inaturalist.org/observations/402191982,bird,cc-by,"(c) Jonathan Eisen, some rights reserved (CC BY)"
/Users/outman/workspace/personal/bioscan/data/inat/Colaptes_auratus/402191957_738300352.jpg,Colaptes auratus,inat,39.1845833333,-120.1230233333,2026-09-19T08:12:00-07:00,https://www.inaturalist.org/observations/402191957,bird,cc-by,"(c) Jonathan Eisen, some rights reserved (CC BY)"
/Users/outman/workspace/personal/bioscan/data/inat/Colaptes_auratus/402111760_738145389.jpg,Colaptes auratus,inat,37.6407366667,-121.7769783333,2026-09-20T14:55:27-07:00,https://www.inaturalist.org/observations/402111760,bird,cc-by,"(c) Irina Mitine, some rights reserved (CC BY)"
/Users/outman/workspace/personal/bioscan/data/inat/Colaptes_auratus/402098568_738111042.jpg,Colaptes auratus,inat,38.07508154,-122.913094985,2026-09-17T10:26:00-07:00,https://www.inaturalist.org/observations/402098568,bird,cc-by-nc,"(c) Paul Barnett, some rights reserved (CC BY-NC)"
/Users/outman/workspace/personal/bioscan/data/inat/Colaptes_auratus/402098562_738110835.jpg,Colaptes auratus,inat,38.0766038017,-122.91315089,2026-09-17T10:16:00-07:00,https://www.inaturalist.org/observations/402098562,bird,cc-by-nc,"(c) Paul Barnett, some rights reserved (CC BY-NC)"
/Users/outman/workspace/personal/bioscan/data/inat/Colaptes_auratus/402089817_738054821.jpg,Colaptes auratus,inat,37.3428928942,-121.7162752702,2026-07-09T08:23:00-07:00,https://www.inaturalist.org/observations/402089817,bird,cc-by-nc,"(c) Howard Friedman, some rights reserved (CC BY-NC)"
/Users/outman/workspace/personal/bioscan/data/inat/Colaptes_auratus/402081956_738085473.jpg,Colaptes auratus,inat,37.7298606477,-118.968994265,2026-09-13T14:24:00-07:00,https://www.inaturalist.org/observations/402081956,bird,cc-by-nc,"(c) Paul Donahue, some rights reserved (CC BY-NC)"
/Users/outman/workspace/personal/bioscan/data/inat/Colaptes_auratus/402050895_738022860.jpg,Colaptes auratus,inat,37.4032333997,-120.0949647,2026-09-20T17:36:02-07:00,https://www.inaturalist.org/observations/402050895,bird,cc-by-nc,"(c) Sean Werle, some rights reserved (CC BY-NC)"
/Users/outman/workspace/personal/bioscan/data/inat/Colaptes_auratus/402048703_738018408.jpg,Colaptes auratus,inat,40.8624531,-124.0747578,2026-09-17T09:15:03-07:00,https://www.inaturalist.org/observations/402048703,bird,cc-by-nc,"(c) bholthus1021, some rights reserved (CC BY-NC)"
/Users/outman/workspace/personal/bioscan/data/inat/Colaptes_auratus/402026465_737971751.jpg,Colaptes auratus,inat,37.8139283333,-122.209205,2026-09-20T15:51:45-07:00,https://www.inaturalist.org/observations/402026465,bird,cc-by-nc,"(c) Beth Wurzburg, some rights reserved (CC BY-NC)"
/Users/outman/workspace/personal/bioscan/data/inat/Colaptes_auratus/401976894_737867676.jpg,Colaptes auratus,inat,37.9676139572,-122.2704674224,2026-09-19T17:44:00-07:00,https://www.inaturalist.org/observations/401976894,bird,cc-by-nc,"(c) Michael Warner, some rights reserved (CC BY-NC)"
/Users/outman/workspace/personal/bioscan/data/inat/Colaptes_auratus/401976421_737866410.jpg,Colaptes auratus,inat,34.147694,-118.567108,2026-09-20T11:14:00-07:00,https://www.inaturalist.org/observations/401976421,bird,cc-by-nc,"(c) Phil Calvert, some rights reserved (CC BY-NC)"
/Users/outman/workspace/personal/bioscan/data/inat/Colaptes_auratus/401976420_737866406.jpg,Colaptes auratus,inat,34.147694,-118.567108,2026-09-20T11:14:00-07:00,https://www.inaturalist.org/observations/401976420,bird,cc-by-nc,"(c) Phil Calvert, some rights reserved (CC BY-NC)"
/Users/outman/workspace/personal/bioscan/data/inat/Colaptes_auratus/401975361_737434669.jpg,Colaptes auratus,inat,37.2203346301,-122.0502683778,2026-07-08T10:10:00-07:00,https://www.inaturalist.org/observations/401975361,bird,cc-by-nc,"(c) Howard Friedman, some rights reserved (CC BY-NC)"
/Users/outman/workspace/personal/bioscan/data/inat/Colaptes_auratus/401975355_737434617.jpg,Colaptes auratus,inat,37.219719493,-122.0506117005,2026-07-08T10:03:00-07:00,https://www.inaturalist.org/observations/401975355,bird,cc-by-nc,"(c) Howard Friedman, some rights reserved (CC BY-NC)"
/Users/outman/workspace/personal/bioscan/data/inat/Colaptes_auratus/401897685_737707596.jpg,Colaptes auratus,inat,37.46425479,-121.8719372701,2026-09-18T10:41:00-07:00,https://www.inaturalist.org/observations/401897685,bird,cc0,no rights reserved
/Users/outman/workspace/personal/bioscan/data/inat/Dryobates_nuttallii/402637480_739176153.jpg,Dryobates nuttallii,inat,33.8197105379,-118.0860634637,2026-09-22T18:14:23-07:00,https://www.inaturalist.org/observations/402637480,bird,cc-by-nc,"(c) hal r, some rights reserved (CC BY-NC)"
/Users/outman/workspace/personal/bioscan/data/inat/Dryobates_nuttallii/402634732_739170352.jpg,Dryobates nuttallii,inat,33.7063069344,-118.0051123386,2026-09-20T16:46:00-07:00,https://www.inaturalist.org/observations/402634732,bird,cc-by-nc,"(c) rabbitlady101, some rights reserved (CC BY-NC)"
/Users/outman/workspace/personal/bioscan/data/inat/Dryobates_nuttallii/402629968_739159780.jpg,Dryobates nuttallii,inat,38.6367071743,-121.2683503884,2026-09-20,https://www.inaturalist.org/observations/402629968,bird,cc-by-nc,"(c) abcdefgewing, some rights reserved (CC BY-NC)"
/Users/outman/workspace/personal/bioscan/data/inat/Dryobates_nuttallii/402598843_739096988.jpg,Dryobates nuttallii,inat,34.3274339547,-117.8323861359,2026-09-17T08:48:00-07:00,https://www.inaturalist.org/observations/402598843,bird,cc-by-nc,"(c) Mary Fenwick, some rights reserved (CC BY-NC)"
/Users/outman/workspace/personal/bioscan/data/inat/Dryobates_nuttallii/402561308_739021351.jpg,Dryobates nuttallii,inat,33.8557619128,-117.8288800407,2026-09-22T09:50:19-07:00,https://www.inaturalist.org/observations/402561308,bird,cc-by-nc,"(c) Max Watkins, some rights reserved (CC BY-NC)"
/Users/outman/workspace/personal/bioscan/data/inat/Dryobates_nuttallii/402537606_738976971.jpg,Dryobates nuttallii,inat,37.639255,-121.7750383333,2026-09-20T17:12:02-07:00,https://www.inaturalist.org/observations/402537606,bird,cc-by,"(c) Irina Mitine, some rights reserved (CC BY)"
/Users/outman/workspace/personal/bioscan/data/inat/Dryobates_nuttallii/402498382_738901385.jpg,Dryobates nuttallii,inat,32.9210650031,-117.1662765145,2026-09-22T09:47:52-07:00,https://www.inaturalist.org/observations/402498382,bird,cc-by-nc,"(c) bartelsphoto, some rights reserved (CC BY-NC)"
/Users/outman/workspace/personal/bioscan/data/inat/Dryobates_nuttallii/402451641_738812958.jpg,Dryobates nuttallii,inat,36.8258672056,-121.2056252951,2026-09-21T09:55:00-07:00,https://www.inaturalist.org/observations/402451641,bird,cc-by-nc,"(c) James Maughn, some rights reserved (CC BY-NC)"
/Users/outman/workspace/personal/bioscan/data/inat/Dryobates_nuttallii/402364727_738643102.jpg,Dryobates nuttallii,inat,32.7872742524,-116.9860108664,2026-09-21T16:05:00-07:00,https://www.inaturalist.org/observations/402364727,bird,cc-by-nc,"(c) Cade, some rights reserved (CC BY-NC)"
/Users/outman/workspace/personal/bioscan/data/inat/Dryobates_nuttallii/402356577_738628162.jpg,Dryobates nuttallii,inat,37.24058,-121.969995,2026-09-21T18:39:19-07:00,https://www.inaturalist.org/observations/402356577,bird,cc-by-nc,"(c) armaan_herper, some rights reserved (CC BY-NC)"
/Users/outman/workspace/personal/bioscan/data/inat/Dryobates_nuttallii/402337833_738573750.jpg,Dryobates nuttallii,inat,32.9442414729,-117.1198911381,2026-09-21T09:30:00-07:00,https://www.inaturalist.org/observations/402337833,bird,cc-by-nc,"(c) poeticdog, some rights reserved (CC BY-NC)"
/Users/outman/workspace/personal/bioscan/data/inat/Dryobates_nuttallii/402276131_738464916.jpg,Dryobates nuttallii,inat,32.786124494,-116.9874309003,2026-09-21T09:43:54-07:00,https://www.inaturalist.org/observations/402276131,bird,cc-by-nc,"(c) Stephen Wheeler, some rights reserved (CC BY-NC)"
/Users/outman/workspace/personal/bioscan/data/inat/Dryobates_nuttallii/402252934_738420129.jpg,Dryobates nuttallii,inat,37.34798,-121.94075,2026-09-21T10:25:05-07:00,https://www.inaturalist.org/observations/402252934,bird,cc-by-nc,"(c) Elliot W, some rights reserved (CC BY-NC)"
/Users/outman/workspace/personal/bioscan/data/inat/Dryobates_nuttallii/402220553_738355961.jpg,Dryobates nuttallii,inat,34.2256407333,-118.6138111846,2026-09-21T09:27:47-07:00,https://www.inaturalist.org/observations/402220553,bird,cc-by-nc,"(c) Fish, some rights reserved (CC BY-NC)"
/Users/outman/workspace/personal/bioscan/data/inat/Dryobates_nuttallii/402217981_738349673.jpg,Dryobates nuttallii,inat,36.9324193868,-121.7383687242,2026-09-20T08:52:00-07:00,https://www.inaturalist.org/observations/402217981,bird,cc-by-nc,"(c) vivienneo, some rights reserved (CC BY-NC)"
/Users/outman/workspace/personal/bioscan/data/inat/Dryobates_nuttallii/402199507_738316082.jpg,Dryobates nuttallii,inat,34.4236931535,-117.3156052083,2026-05-22T12:15:55-07:00,https://www.inaturalist.org/observations/402199507,bird,cc-by-nc,"(c) nhite999, some rights reserved (CC BY-NC)"
/Users/outman/workspace/personal/bioscan/data/inat/Dryobates_nuttallii/402181624_738280909.jpg,Dryobates nuttallii,inat,36.6039501303,-121.9303602353,2026-09-15T16:27:51-07:00,https://www.inaturalist.org/observations/402181624,bird,cc-by-nc,"(c) Amber Hughes, some rights reserved (CC BY-NC)"
/Users/outman/workspace/personal/bioscan/data/inat/Dryobates_nuttallii/402109287_738140127.jpg,Dryobates nuttallii,inat,34.0857725908,-118.2287240401,2026-09-20T11:59:53-07:00,https://www.inaturalist.org/observations/402109287,bird,cc-by-nc,"(c) boazsolorio, some rights reserved (CC BY-NC)"
/Users/outman/workspace/personal/bioscan/data/inat/Dryobates_nuttallii/402100775_738123363.jpg,Dryobates nuttallii,inat,34.1911579203,-118.1767511275,2026-09-20T10:44:00-07:00,https://www.inaturalist.org/observations/402100775,bird,cc-by-nc,"(c) Alicia Di Rado, some rights reserved (CC BY-NC)"
/Users/outman/workspace/personal/bioscan/data/inat/Dryobates_nuttallii/402091476_738103070.jpg,Dryobates nuttallii,inat,33.2090528975,-117.3468341106,2026-09-20T16:28:00-07:00,https://www.inaturalist.org/observations/402091476,bird,cc-by-nc,"(c) Cade, some rights reserved (CC BY-NC)"
/Users/outman/workspace/personal/bioscan/data/inat/Dryobates_nuttallii/402087627_738097251.jpg,Dryobates nuttallii,inat,33.2576019796,-116.3783200212,2026-09-19T20:29:00-07:00,https://www.inaturalist.org/observations/402087627,bird,cc-by-nc,"(c) GnatureGoof, some rights reserved (CC BY-NC)"
/Users/outman/workspace/personal/bioscan/data/inat/Dryobates_nuttallii/402029499_737978124.jpg,Dryobates nuttallii,inat,38.9533053406,-121.1054330421,2026-07-23T08:22:00-07:00,https://www.inaturalist.org/observations/402029499,bird,cc-by-nc,"(c) bomacro, some rights reserved (CC BY-NC)"
/Users/outman/workspace/personal/bioscan/data/inat/Dryobates_nuttallii/401989036_737894506.jpg,Dryobates nuttallii,inat,33.8923002996,-117.9788630043,2026-09-13T07:49:00-07:00,https://www.inaturalist.org/observations/401989036,bird,cc-by-nc,"(c) d3lewis, some rights reserved (CC BY-NC)"
/Users/outman/workspace/personal/bioscan/data/inat/Dryobates_nuttallii/401973128_737862974.jpg,Dryobates nuttallii,inat,34.44082,-119.715775,2026-09-20T12:47:45-07:00,https://www.inaturalist.org/observations/401973128,bird,cc-by-nc,"(c) Skye Dameron, some rights reserved (CC BY-NC)"
/Users/outman/workspace/personal/bioscan/data/inat/Dryobates_nuttallii/401956002_737828082.jpg,Dryobates nuttallii,inat,33.4546966667,-117.5999216667,2026-05-28T08:54:41-07:00,https://www.inaturalist.org/observations/401956002,bird,cc-by-nc,"(c) ian_p_williams, some rights reserved (CC BY-NC)"
/Users/outman/workspace/personal/bioscan/data/inat/Ardea_herodias/402654926_739206885.jpg,Ardea herodias,inat,33.0085710272,-117.272624961,2026-09-12T11:49:00-07:00,https://www.inaturalist.org/observations/402654926,bird,cc-by-nc,"(c) dumplingbug, some rights reserved (CC BY-NC)"
/Users/outman/workspace/personal/bioscan/data/inat/Ardea_herodias/402654917_739206810.jpg,Ardea herodias,inat,33.0085710272,-117.272624961,2026-09-12T11:30:00-07:00,https://www.inaturalist.org/observations/402654917,bird,cc-by-nc,"(c) dumplingbug, some rights reserved (CC BY-NC)"
/Users/outman/workspace/personal/bioscan/data/inat/Ardea_herodias/402654915_739206804.jpg,Ardea herodias,inat,33.0085710272,-117.272624961,2026-09-12T11:24:00-07:00,https://www.inaturalist.org/observations/402654915,bird,cc-by-nc,"(c) dumplingbug, some rights reserved (CC BY-NC)"
/Users/outman/workspace/personal/bioscan/data/inat/Ardea_herodias/402654913_739206796.jpg,Ardea herodias,inat,33.0085710272,-117.272624961,2026-09-12T11:24:00-07:00,https://www.inaturalist.org/observations/402654913,bird,cc-by-nc,"(c) dumplingbug, some rights reserved (CC BY-NC)"
/Users/outman/workspace/personal/bioscan/data/inat/Ardea_herodias/402654891_739206693.jpg,Ardea herodias,inat,33.0085710272,-117.272624961,2026-09-12T10:41:00-07:00,https://www.inaturalist.org/observations/402654891,bird,cc-by-nc,"(c) dumplingbug, some rights reserved (CC BY-NC)"
/Users/outman/workspace/personal/bioscan/data/inat/Ardea_herodias/402654214_739209581.jpg,Ardea herodias,inat,35.3441482178,-120.8419677615,2026-08-28T12:59:40-07:00,https://www.inaturalist.org/observations/402654214,bird,cc-by-nc,"(c) Lexine Schroeder, some rights reserved (CC BY-NC)"
/Users/outman/workspace/personal/bioscan/data/inat/Ardea_herodias/402645142_739186947.jpg,Ardea herodias,inat,38.4458861116,-122.7965776137,2026-09-12T20:59:00-07:00,https://www.inaturalist.org/observations/402645142,bird,cc-by,"(c) Alex, some rights reserved (CC BY)"
/Users/outman/workspace/personal/bioscan/data/inat/Ardea_herodias/402641758_739185097.jpg,Ardea herodias,inat,38.0274888333,-122.9620583333,2026-09-19T09:28:01-07:00,https://www.inaturalist.org/observations/402641758,bird,cc-by-nc,"(c) anthony burnett, some rights reserved (CC BY-NC)"
/Users/outman/workspace/personal/bioscan/data/inat/Ardea_herodias/402634094_739169766.jpg,Ardea herodias,inat,34.2149200439,-118.1742553711,2026-09-22T09:02:49-07:00,https://www.inaturalist.org/observations/402634094,bird,cc-by-nc,"(c) rosemaryrod, some rights reserved (CC BY-NC)"
/Users/outman/workspace/personal/bioscan/data/inat/Ardea_herodias/402629348_739159915.jpg,Ardea herodias,inat,37.169078105,-121.6809407988,2026-09-22T19:07:35-07:00,https://www.inaturalist.org/observations/402629348,bird,cc-by-nc,"(c) tmorken, some rights reserved (CC BY-NC)"
/Users/outman/workspace/personal/bioscan/data/inat/Ardea_herodias/402627627_739156823.jpg,Ardea herodias,inat,37.7707216667,-122.4780283333,2026-09-22T18:05:08-07:00,https://www.inaturalist.org/observations/402627627,bird,cc-by-nc,"(c) Claudine Co, some rights reserved (CC BY-NC)"
/Users/outman/workspace/personal/bioscan/data/inat/Ardea_herodias/402619006_739138007.jpg,Ardea herodias,inat,37.8995642497,-121.5079029277,2026-09-22T17:11:39-07:00,https://www.inaturalist.org/observations/402619006,bird,cc-by-nc,"(c) Russell Marotzke, some rights reserved (CC BY-NC)"
/Users/outman/workspace/personal/bioscan/data/inat/Ardea_herodias/402611846_739123401.jpg,Ardea herodias,inat,37.438374,-122.4441929722,2026-09-22T17:19:46-07:00,https://www.inaturalist.org/observations/402611846,bird,cc-by-nc,"(c) Eabensol Dart, some rights reserved (CC BY-NC)"
/Users/outman/workspace/personal/bioscan/data/inat/Ardea_herodias/402606100_739108180.jpg,Ardea herodias,inat,32.7515918513,-117.229057966,2026-09-06T13:31:00-07:00,https://www.inaturalist.org/observations/402606100,bird,cc-by-nc,"(c) jspaulding, some rights reserved (CC BY-NC)"
/Users/outman/workspace/personal/bioscan/data/inat/Ardea_herodias/402594128_739088126.jpg,Ardea herodias,inat,37.4298866667,-122.1683583333,2026-05-10T17:37:49-07:00,https://www.inaturalist.org/observations/402594128,bird,cc-by-nc,"(c) antoniopistaferri, some rights reserved (CC BY-NC)"
/Users/outman/workspace/personal/bioscan/data/inat/Ardea_herodias/402592785_739082297.jpg,Ardea herodias,inat,38.2657318,-121.43927,2026-09-22T08:39:00-07:00,https://www.inaturalist.org/observations/402592785,bird,cc-by-nc,"(c) Karen Skelton, some rights reserved (CC BY-NC)"
/Users/outman/workspace/personal/bioscan/data/inat/Ardea_herodias/402590527_739074084.jpg,Ardea herodias,inat,34.0170283333,-119.3614883333,2026-09-13T08:42:00-07:00,https://www.inaturalist.org/observations/402590527,bird,cc-by-nc,"(c) Jeff Fenwick, some rights reserved (CC BY-NC)"
/Users/outman/workspace/personal/bioscan/data/inat/Ardea_herodias/402590507_739073685.jpg,Ardea herodias,inat,34.2496866667,-119.266655,2026-09-13T07:21:00-07:00,https://www.inaturalist.org/observations/402590507,bird,cc-by-nc,"(c) Jeff Fenwick, some rights reserved (CC BY-NC)"
/Users/outman/workspace/personal/bioscan/data/inat/Ardea_herodias/402579372_739058292.jpg,Ardea herodias,inat,32.7303166667,-117.1495138333,2026-09-22T14:57:15-07:00,https://www.inaturalist.org/observations/402579372,bird,cc-by-nc,"(c) Charlene De La Torre, some rights reserved (CC BY-NC)"
/Users/outman/workspace/personal/bioscan/data/inat/Ardea_herodias/402567832_739033939.jpg,Ardea herodias,inat,37.28068982,-121.810598775,2026-08-30T14:10:00-07:00,https://www.inaturalist.org/observations/402567832,bird,cc-by-nc,"(c) Merav Vonshak, some rights reserved (CC BY-NC)"
/Users/outman/workspace/personal/bioscan/data/inat/Ardea_herodias/402556931_739013013.jpg,Ardea herodias,inat,38.4051866667,-122.8480533333,2026-09-22T09:46:42-07:00,https://www.inaturalist.org/observations/402556931,bird,cc-by-nc,"(c) Darvin DeShazer, some rights reserved (CC BY-NC)"
/Users/outman/workspace/personal/bioscan/data/inat/Ardea_herodias/402539973_738981347.jpg,Ardea herodias,inat,37.7671166667,-122.4820866667,2026-09-22T11:08:29-07:00,https://www.inaturalist.org/observations/402539973,bird,cc-by-nc,"(c) makiley, some rights reserved (CC BY-NC)"
/Users/outman/workspace/personal/bioscan/data/inat/Ardea_herodias/402532047_739217542.jpg,Ardea herodias,inat,37.649845,-121.9016416667,2026-09-22T10:47:27-07:00,https://www.inaturalist.org/observations/402532047,bird,cc-by-nc,"(c) maxillarynode, some rights reserved (CC BY-NC)"
/Users/outman/workspace/personal/bioscan/data/inat/Ardea_herodias/402502533_738904717.jpg,Ardea herodias,inat,37.8518623254,-122.2978377514,2026-09-19T08:50:00-07:00,https://www.inaturalist.org/observations/402502533,bird,cc-by,"(c) Hydrocycler (Elizabeth Dougherty), some rights reserved (CC BY)"
/Users/outman/workspace/personal/bioscan/data/inat/Ardea_herodias/402499757_738903752.jpg,Ardea herodias,inat,37.4683916667,-119.611145,2026-09-22T08:23:49-07:00,https://www.inaturalist.org/observations/402499757,bird,cc-by-nc,"(c) Rachel Burkholder, some rights reserved (CC BY-NC)"
/Users/outman/workspace/personal/bioscan/data/inat/Ardea_alba/402656159_739212630.jpg,Ardea alba,inat,34.2083086,-118.6019949958,2025-03-08T22:17:00-08:00,https://www.inaturalist.org/observations/402656159,bird,cc-by-nc,"(c) cagardeness, some rights reserved (CC BY-NC)"
/Users/outman/workspace/personal/bioscan/data/inat/Ardea_alba/402654940_739206917.jpg,Ardea alba,inat,33.0085710272,-117.272624961,2026-09-12T12:02:00-07:00,https://www.inaturalist.org/observations/402654940,bird,cc-by-nc,"(c) dumplingbug, some rights reserved (CC BY-NC)"
/Users/outman/workspace/personal/bioscan/data/inat/Ardea_alba/402642042_739181181.jpg,Ardea alba,inat,37.9329668864,-122.6915019211,2026-09-18T13:07:00-07:00,https://www.inaturalist.org/observations/402642042,bird,cc-by-nc,"(c) columbidaeperson, some rights reserved (CC BY-NC)"
/Users/outman/workspace/personal/bioscan/data/inat/Ardea_alba/402642041_739181159.jpg,Ardea alba,inat,37.9247161319,-122.6765250915,2026-09-18T13:04:00-07:00,https://www.inaturalist.org/observations/402642041,bird,cc-by-nc,"(c) columbidaeperson, some rights reserved (CC BY-NC)"
/Users/outman/workspace/personal/bioscan/data/inat/Ardea_alba/402642034_739181091.jpg,Ardea alba,inat,37.9058076176,-122.6514746692,2026-09-18T13:01:00-07:00,https://www.inaturalist.org/observations/402642034,bird,cc-by-nc,"(c) columbidaeperson, some rights reserved (CC BY-NC)"
/Users/outman/workspace/personal/bioscan/data/inat/Ardea_alba/402619068_739138108.jpg,Ardea alba,inat,34.0349363342,-118.1586389244,2026-09-22T10:18:38-07:00,https://www.inaturalist.org/observations/402619068,bird,cc-by-nc,"(c) boazsolorio, some rights reserved (CC BY-NC)"
/Users/outman/workspace/personal/bioscan/data/inat/Ardea_alba/402619040_739138071.jpg,Ardea alba,inat,37.8908617415,-121.5701238066,2026-09-22T16:57:11-07:00,https://www.inaturalist.org/observations/402619040,bird,cc-by-nc,"(c) Russell Marotzke, some rights reserved (CC BY-NC)"
/Users/outman/workspace/personal/bioscan/data/inat/Ardea_alba/402619025_739138047.jpg,Ardea alba,inat,37.8990652829,-121.5085339174,2026-09-22T17:11:28-07:00,https://www.inaturalist.org/observations/402619025,bird,cc-by-nc,"(c) Russell Marotzke, some rights reserved (CC BY-NC)"
/Users/outman/workspace/personal/bioscan/data/inat/Ardea_alba/402618220_739136574.jpg,Ardea alba,inat,33.8324191105,-117.866262719,2026-09-22T17:16:31-07:00,https://www.inaturalist.org/observations/402618220,bird,cc-by-nc,"(c) Jason Cerulli, some rights reserved (CC BY-NC)"
/Users/outman/workspace/personal/bioscan/data/inat/Ardea_alba/402606085_739108145.jpg,Ardea alba,inat,32.7505734489,-117.2289378651,2026-09-06T13:20:00-07:00,https://www.inaturalist.org/observations/402606085,bird,cc-by-nc,"(c) jspaulding, some rights reserved (CC BY-NC)"
/Users/outman/workspace/personal/bioscan/data/inat/Ardea_alba/402605206_739110164.jpg,Ardea alba,inat,37.2335555556,-121.7978722222,2026-09-22T17:01:21-07:00,https://www.inaturalist.org/observations/402605206,bird,cc-by-nc,"(c) Matt Anderson, some rights reserved (CC BY-NC)"
/Users/outman/workspace/personal/bioscan/data/inat/Ardea_alba/402592786_739082812.jpg,Ardea alba,inat,38.2657318,-121.43927,2026-09-22T09:45:00-07:00,https://www.inaturalist.org/observations/402592786,bird,cc-by-nc,"(c) Karen Skelton, some rights reserved (CC BY-NC)"
/Users/outman/workspace/personal/bioscan/data/inat/Ardea_alba/402591826_739083086.jpg,Ardea alba,inat,38.7206742945,-121.1670122572,2026-09-22T07:27:00-07:00,https://www.inaturalist.org/observations/402591826,bird,cc-by-nc,"(c) mateowagner, some rights reserved (CC BY-NC)"
/Users/outman/workspace/personal/bioscan/data/inat/Ardea_alba/402587601_739074654.jpg,Ardea alba,inat,34.242895,-117.275545,2026-09-19T09:36:49-07:00,https://www.inaturalist.org/observations/402587601,bird,cc-by-nc,"(c) zodfor, some rights reserved (CC BY-NC)"
/Users/outman/workspace/personal/bioscan/data/inat/Ardea_alba/402567824_739030091.jpg,Ardea alba,inat,37.2806929567,-121.81060912,2026-08-30T14:04:00-07:00,https://www.inaturalist.org/observations/402567824,bird,cc-by-nc,"(c) Merav Vonshak, some rights reserved (CC BY-NC)"
/Users/outman/workspace/personal/bioscan/data/inat/Ardea_alba/402556587_739012279.jpg,Ardea alba,inat,38.4099716667,-122.8173133333,2026-09-22T07:49:53-07:00,https://www.inaturalist.org/observations/402556587,bird,cc-by-nc,"(c) Darvin DeShazer, some rights reserved (CC BY-NC)"
/Users/outman/workspace/personal/bioscan/data/inat/Ardea_alba/402522599_738946962.jpg,Ardea alba,inat,33.155975,-117.23935,2026-09-22T10:58:20-07:00,https://www.inaturalist.org/observations/402522599,bird,cc-by-nc,"(c) dmm72vista, some rights reserved (CC BY-NC)"
/Users/outman/workspace/personal/bioscan/data/inat/Ardea_alba/402483357_738873665.jpg,Ardea alba,inat,40.5969966667,-122.334175,2026-09-20T19:13:47-07:00,https://www.inaturalist.org/observations/402483357,bird,cc-by-nc,"(c) Bo Brooks, some rights reserved (CC BY-NC)"
/Users/outman/workspace/personal/bioscan/data/inat/Ardea_alba/402451628_738812919.jpg,Ardea alba,inat,36.7972295041,-121.2630288292,2026-09-21T09:18:00-07:00,https://www.inaturalist.org/observations/402451628,bird,cc-by-nc,"(c) James Maughn, some rights reserved (CC BY-NC)"
/Users/outman/workspace/personal/bioscan/data/inat/Ardea_alba/402380977_738677119.jpg,Ardea alba,inat,33.0115181823,-117.2738647663,2026-09-20T15:13:00-07:00,https://www.inaturalist.org/observations/402380977,bird,cc-by-nc,"(c) olafhansen_bretzenheim, some rights reserved (CC BY-NC)"
/Users/outman/workspace/personal/bioscan/data/inat/Ardea_alba/402374763_738664742.jpg,Ardea alba,inat,38.1082337377,-122.8497452175,2026-09-16T13:26:00-07:00,https://www.inaturalist.org/observations/402374763,bird,cc-by-nc,"(c) j632146p, some rights reserved (CC BY-NC)"
/Users/outman/workspace/personal/bioscan/data/inat/Ardea_alba/402367192_738648566.jpg,Ardea alba,inat,37.5857753929,-122.3169559219,2026-09-21T08:59:00-07:00,https://www.inaturalist.org/observations/402367192,bird,cc-by-nc,"(c) Donna Pomeroy, some rights reserved (CC BY-NC)"
/Users/outman/workspace/personal/bioscan/data/inat/Ardea_alba/402358004_738630626.jpg,Ardea alba,inat,32.92628,-117.2502616667,2026-09-21T11:26:27-07:00,https://www.inaturalist.org/observations/402358004,bird,cc-by-nc,"(c) Robert A James, some rights reserved (CC BY-NC)"
/Users/outman/workspace/personal/bioscan/data/inat/Ardea_alba/402357918_738630433.jpg,Ardea alba,inat,37.2384916667,-121.972345,2026-09-21T18:18:34-07:00,https://www.inaturalist.org/observations/402357918,bird,cc-by-nc,"(c) armaan_herper, some rights reserved (CC BY-NC)"
/Users/outman/workspace/personal/bioscan/data/inat/Ardea_alba/402356351_738625720.jpg,Ardea alba,inat,37.9778138889,-121.3783194444,2026-09-21T09:01:00-07:00,https://www.inaturalist.org/observations/402356351,bird,cc-by-nc,"(c) Philip Fiorio, some rights reserved (CC BY-NC)"
/Users/outman/workspace/personal/bioscan/data/inat/Egretta_thula/402654943_739206918.jpg,Egretta thula,inat,33.0085710272,-117.272624961,2026-09-12T12:02:00-07:00,https://www.inaturalist.org/observations/402654943,bird,cc-by-nc,"(c) dumplingbug, some rights reserved (CC BY-NC)"
/Users/outman/workspace/personal/bioscan/data/inat/Egretta_thula/402654918_739206821.jpg,Egretta thula,inat,33.0085710272,-117.272624961,2026-09-12T11:30:00-07:00,https://www.inaturalist.org/observations/402654918,bird,cc-by-nc,"(c) dumplingbug, some rights reserved (CC BY-NC)"
/Users/outman/workspace/personal/bioscan/data/inat/Egretta_thula/402654899_739206711.jpg,Egretta thula,inat,33.0085710272,-117.272624961,2026-09-12T11:01:00-07:00,https://www.inaturalist.org/observations/402654899,bird,cc-by-nc,"(c) dumplingbug, some rights reserved (CC BY-NC)"
/Users/outman/workspace/personal/bioscan/data/inat/Egretta_thula/402654896_739206698.jpg,Egretta thula,inat,33.0085710272,-117.272624961,2026-09-12T10:41:00-07:00,https://www.inaturalist.org/observations/402654896,bird,cc-by-nc,"(c) dumplingbug, some rights reserved (CC BY-NC)"
/Users/outman/workspace/personal/bioscan/data/inat/Egretta_thula/402642046_739181173.jpg,Egretta thula,inat,37.9320058811,-122.6964658804,2026-09-18T13:07:00-07:00,https://www.inaturalist.org/observations/402642046,bird,cc-by-nc,"(c) columbidaeperson, some rights reserved (CC BY-NC)"
/Users/outman/workspace/personal/bioscan/data/inat/Egretta_thula/402642039_739181160.jpg,Egretta thula,inat,37.9060378255,-122.6507121671,2026-09-18T13:01:00-07:00,https://www.inaturalist.org/observations/402642039,bird,cc-by-nc,"(c) columbidaeperson, some rights reserved (CC BY-NC)"
/Users/outman/workspace/personal/bioscan/data/inat/Egretta_thula/402642036_739181094.jpg,Egretta thula,inat,37.9059497872,-122.6504679241,2026-09-18T13:01:00-07:00,https://www.inaturalist.org/observations/402642036,bird,cc-by-nc,"(c) columbidaeperson, some rights reserved (CC BY-NC)"
/Users/outman/workspace/personal/bioscan/data/inat/Egretta_thula/402635528_739172392.jpg,Egretta thula,inat,33.6958583333,-118.0461778333,2026-08-18T09:55:37-07:00,https://www.inaturalist.org/observations/402635528,bird,cc-by-nc,"(c) cbartels, some rights reserved (CC BY-NC)"
/Users/outman/workspace/personal/bioscan/data/inat/Egretta_thula/402616434_739132521.jpg,Egretta thula,inat,38.045384601,-122.1621257744,2026-09-21T16:31:56-07:00,https://www.inaturalist.org/observations/402616434,bird,cc-by-nc,"(c) gina_christophersen, some rights reserved (CC BY-NC)"
/Users/outman/workspace/personal/bioscan/data/inat/Egretta_thula/402614499_739128365.jpg,Egretta thula,inat,32.9190055556,-117.2592166667,2026-09-22T11:43:56-07:00,https://www.inaturalist.org/observations/402614499,bird,cc-by-nc,"(c) Garrett, some rights reserved (CC BY-NC)"
/Users/outman/workspace/personal/bioscan/data/inat/Egretta_thula/402611944_739121750.jpg,Egretta thula,inat,32.8477034774,-117.2784802144,2026-09-06T11:47:00-07:00,https://www.inaturalist.org/observations/402611944,bird,cc-by-nc,"(c) jspaulding, some rights reserved (CC BY-NC)"
/Users/outman/workspace/personal/bioscan/data/inat/Egretta_thula/402610569_739120736.jpg,Egretta thula,inat,36.9621076997,-122.0226437997,2026-09-22T16:49:24-07:00,https://www.inaturalist.org/observations/402610569,bird,cc-by-nc,"(c) Jason R Dong, some rights reserved (CC BY-NC)"
/Users/outman/workspace/personal/bioscan/data/inat/Egretta_thula/402606031_739108016.jpg,Egretta thula,inat,32.7489662764,-117.2287031438,2026-09-06T13:00:00-07:00,https://www.inaturalist.org/observations/402606031,bird,cc-by-nc,"(c) jspaulding, some rights reserved (CC BY-NC)"
/Users/outman/workspace/personal/bioscan/data/inat/Egretta_thula/402566820_739032839.jpg,Egretta thula,inat,37.4066232861,-121.975167589,2026-09-22T14:09:17-07:00,https://www.inaturalist.org/observations/402566820,bird,cc-by-nc,"(c) swooyee, some rights reserved (CC BY-NC)"
/Users/outman/workspace/personal/bioscan/data/inat/Egretta_thula/402523114_738947906.jpg,Egretta thula,inat,34.0319094786,-118.6820958819,2026-09-22T10:07:32-07:00,https://www.inaturalist.org/observations/402523114,bird,cc-by-nc,"(c) Noah Casey, some rights reserved (CC BY-NC)"
/Users/outman/workspace/personal/bioscan/data/inat/Egretta_thula/402515294_738932812.jpg,Egretta thula,inat,37.5258866667,-120.8567583333,2026-09-22T10:48:21-07:00,https://www.inaturalist.org/observations/402515294,bird,cc-by-nc,"(c) gh_theropod, some rights reserved (CC BY-NC)"
/Users/outman/workspace/personal/bioscan/data/inat/Egretta_thula/402502543_738904853.jpg,Egretta thula,inat,37.8515695334,-122.2974488311,2026-09-19T08:50:00-07:00,https://www.inaturalist.org/observations/402502543,bird,cc-by,"(c) Hydrocycler (Elizabeth Dougherty), some rights reserved (CC BY)"
/Users/outman/workspace/personal/bioscan/data/inat/Egretta_thula/402487464_738881098.jpg,Egretta thula,inat,33.5402131653,-117.7041987725,2026-09-21T12:24:00-07:00,https://www.inaturalist.org/observations/402487464,bird,cc-by-nc,"(c) mooseandsquirrel, some rights reserved (CC BY-NC)"
/Users/outman/workspace/personal/bioscan/data/inat/Egretta_thula/402385597_738686867.jpg,Egretta thula,inat,33.7156430554,-118.0706538261,2026-09-21T18:22:56-07:00,https://www.inaturalist.org/observations/402385597,bird,cc-by-nc,"(c) john chang, some rights reserved (CC BY-NC)"
/Users/outman/workspace/personal/bioscan/data/inat/Egretta_thula/402383984_738683851.jpg,Egretta thula,inat,36.9622283333,-122.0226361667,2026-09-20T17:25:18-07:00,https://www.inaturalist.org/observations/402383984,bird,cc-by-nc,"(c) talleyj_211, some rights reserved (CC BY-NC)"
/Users/outman/workspace/personal/bioscan/data/inat/Egretta_thula/402380960_738677085.jpg,Egretta thula,inat,33.012024995,-117.2757886883,2026-09-20T13:46:00-07:00,https://www.inaturalist.org/observations/402380960,bird,cc-by-nc,"(c) olafhansen_bretzenheim, some rights reserved (CC BY-NC)"
/Users/outman/workspace/personal/bioscan/data/inat/Egretta_thula/402380466_738676924.jpg,Egretta thula,inat,36.5397283333,-121.9321666667,2026-09-21T17:14:55-07:00,https://www.inaturalist.org/observations/402380466,bird,cc-by-nc,"(c) Marijke Bolsens, some rights reserved (CC BY-NC)"
/Users/outman/workspace/personal/bioscan/data/inat/Egretta_thula/402375084_738626955.jpg,Egretta thula,inat,37.8162154292,-122.5557253678,2026-09-21T08:52:00-07:00,https://www.inaturalist.org/observations/402375084,bird,cc-by-nc,"(c) Beatrix AuYeung, some rights reserved (CC BY-NC)"
/Users/outman/workspace/personal/bioscan/data/inat/Egretta_thula/402373628_738660586.jpg,Egretta thula,inat,34.0323776167,-118.68491847,2026-09-20T07:46:00-07:00,https://www.inaturalist.org/observations/402373628,bird,cc0,no rights reserved
/Users/outman/workspace/personal/bioscan/data/inat/Egretta_thula/402371280_738657413.jpg,Egretta thula,inat,38.0081333333,-122.49177,2026-09-21T16:20:17-07:00,https://www.inaturalist.org/observations/402371280,bird,cc-by,"(c) Karen Offereins, some rights reserved (CC BY)"
/Users/outman/workspace/personal/bioscan/data/inat/Nycticorax_nycticorax/402651623_739204731.jpg,Nycticorax nycticorax,inat,34.2488333333,-119.26593,2026-09-22T15:56:20-07:00,https://www.inaturalist.org/observations/402651623,bird,cc-by-nc,"(c) Aaron Echols, some rights reserved (CC BY-NC)"
/Users/outman/workspace/personal/bioscan/data/inat/Nycticorax_nycticorax/402632414_739165697.jpg,Nycticorax nycticorax,inat,36.2396966667,-119.8564133333,2026-09-22T18:45:39-07:00,https://www.inaturalist.org/observations/402632414,bird,cc-by-nc,"(c) babypotatobug, some rights reserved (CC BY-NC)"
/Users/outman/workspace/personal/bioscan/data/inat/Nycticorax_nycticorax/402631946_739162766.jpg,Nycticorax nycticorax,inat,38.5516067666,-121.2333992194,2026-09-22,https://www.inaturalist.org/observations/402631946,bird,cc-by-nc,"(c) abcdefgewing, some rights reserved (CC BY-NC)"
/Users/outman/workspace/personal/bioscan/data/inat/Nycticorax_nycticorax/402624590_739150113.jpg,Nycticorax nycticorax,inat,38.020675,-122.141425,2026-09-22T18:47:31-07:00,https://www.inaturalist.org/observations/402624590,bird,cc-by-nc,"(c) gina_christophersen, some rights reserved (CC BY-NC)"
/Users/outman/workspace/personal/bioscan/data/inat/Nycticorax_nycticorax/402592938_739085650.jpg,Nycticorax nycticorax,inat,37.8089066284,-122.4165988826,2026-09-20T11:19:19-07:00,https://www.inaturalist.org/observations/402592938,bird,cc-by-nc,"(c) Simone Marin, some rights reserved (CC BY-NC)"
/Users/outman/workspace/personal/bioscan/data/inat/Nycticorax_nycticorax/402590509_739073832.jpg,Nycticorax nycticorax,inat,34.018085,-119.35611,2026-09-13T08:27:00-07:00,https://www.inaturalist.org/observations/402590509,bird,cc-by-nc,"(c) Jeff Fenwick, some rights reserved (CC BY-NC)"
/Users/outman/workspace/personal/bioscan/data/inat/Nycticorax_nycticorax/402556621_739012351.jpg,Nycticorax nycticorax,inat,38.4094083333,-122.8181216667,2026-09-22T07:56:37-07:00,https://www.inaturalist.org/observations/402556621,bird,cc-by-nc,"(c) Darvin DeShazer, some rights reserved (CC BY-NC)"
/Users/outman/workspace/personal/bioscan/data/inat/Nycticorax_nycticorax/402531651_738965689.jpg,Nycticorax nycticorax,inat,33.912135646,-117.6317449908,2026-09-22T08:49:00-07:00,https://www.inaturalist.org/observations/402531651,bird,cc-by-nc,"(c) jrcarpenter, some rights reserved (CC BY-NC)"
/Users/outman/workspace/personal/bioscan/data/inat/Nycticorax_nycticorax/402471228_738851245.jpg,Nycticorax nycticorax,inat,33.7045333333,-117.786675,2026-09-21T18:31:01-07:00,https://www.inaturalist.org/observations/402471228,bird,cc-by-nc,"(c) jordanyukio, some rights reserved (CC BY-NC)"
/Users/outman/workspace/personal/bioscan/data/inat/Nycticorax_nycticorax/402373636_738661554.jpg,Nycticorax nycticorax,inat,34.032755035,-118.6855092067,2026-09-20T08:26:00-07:00,https://www.inaturalist.org/observations/402373636,bird,cc0,no rights reserved
/Users/outman/workspace/personal/bioscan/data/inat/Nycticorax_nycticorax/402366545_738648096.jpg,Nycticorax nycticorax,inat,33.814775,-117.9170277778,2026-05-31T18:30:17-07:00,https://www.inaturalist.org/observations/402366545,bird,cc-by-nc,"(c) Lucy P, some rights reserved (CC BY-NC)"
/Users/outman/workspace/personal/bioscan/data/inat/Nycticorax_nycticorax/402357584_738629835.jpg,Nycticorax nycticorax,inat,37.235625,-121.9740833333,2026-09-21T18:05:12-07:00,https://www.inaturalist.org/observations/402357584,bird,cc-by-nc,"(c) armaan_herper, some rights reserved (CC BY-NC)"
/Users/outman/workspace/personal/bioscan/data/inat/Nycticorax_nycticorax/402357566_738629794.jpg,Nycticorax nycticorax,inat,37.2371716667,-121.974105,2026-09-21T18:10:20-07:00,https://www.inaturalist.org/observations/402357566,bird,cc-by-nc,"(c) armaan_herper, some rights reserved (CC BY-NC)"
/Users/outman/workspace/personal/bioscan/data/inat/Nycticorax_nycticorax/402357370_738629543.jpg,Nycticorax nycticorax,inat,37.9897023163,-122.468742171,2026-09-21T19:25:43-07:00,https://www.inaturalist.org/observations/402357370,bird,cc-by-nc,"(c) joeyellingson, some rights reserved (CC BY-NC)"
/Users/outman/workspace/personal/bioscan/data/inat/Nycticorax_nycticorax/402356849_738628780.jpg,Nycticorax nycticorax,inat,37.2385216667,-121.9723883333,2026-09-21T18:22:58-07:00,https://www.inaturalist.org/observations/402356849,bird,cc-by-nc,"(c) armaan_herper, some rights reserved (CC BY-NC)"
/Users/outman/workspace/personal/bioscan/data/inat/Nycticorax_nycticorax/402356514_738628027.jpg,Nycticorax nycticorax,inat,37.2402916667,-121.9691866667,2026-09-21T18:43:13-07:00,https://www.inaturalist.org/observations/402356514,bird,cc-by-nc,"(c) armaan_herper, some rights reserved (CC BY-NC)"
/Users/outman/workspace/personal/bioscan/data/inat/Nycticorax_nycticorax/402339570_738590776.jpg,Nycticorax nycticorax,inat,38.5297508974,-121.6152786507,2026-09-19T18:10:00-07:00,https://www.inaturalist.org/observations/402339570,bird,cc-by-nc,"(c) Sam Miller, some rights reserved (CC BY-NC)"
/Users/outman/workspace/personal/bioscan/data/inat/Nycticorax_nycticorax/402330924_738575243.jpg,Nycticorax nycticorax,inat,33.7299657787,-116.3801326264,2026-09-21T17:11:04-07:00,https://www.inaturalist.org/observations/402330924,bird,cc-by-nc,"(c) dab02219, some rights reserved (CC BY-NC)"
/Users/outman/workspace/personal/bioscan/data/inat/Nycticorax_nycticorax/402314432_738541623.jpg,Nycticorax nycticorax,inat,34.0815787164,-117.8014717409,2026-09-21T11:37:39-07:00,https://www.inaturalist.org/observations/402314432,bird,cc-by-nc,"(c) gavitp, some rights reserved (CC BY-NC)"
/Users/outman/workspace/personal/bioscan/data/inat/Nycticorax_nycticorax/402214491_738343652.jpg,Nycticorax nycticorax,inat,33.0123339758,-117.2743131211,2026-09-21T07:34:01-07:00,https://www.inaturalist.org/observations/402214491,bird,cc-by-nc,"(c) ibhappy, some rights reserved (CC BY-NC)"
/Users/outman/workspace/personal/bioscan/data/inat/Nycticorax_nycticorax/402107675_738136830.jpg,Nycticorax nycticorax,inat,34.0859694625,-118.2283441722,2026-09-20T11:40:11-07:00,https://www.inaturalist.org/observations/402107675,bird,cc-by-nc,"(c) boazsolorio, some rights reserved (CC BY-NC)"
/Users/outman/workspace/personal/bioscan/data/inat/Nycticorax_nycticorax/402102597_738125988.jpg,Nycticorax nycticorax,inat,33.9810530486,-118.0786559159,2026-09-20T11:18:00-07:00,https://www.inaturalist.org/observations/402102597,bird,cc-by-nc,"(c) celdridge44, some rights reserved (CC BY-NC)"
/Users/outman/workspace/personal/bioscan/data/inat/Nycticorax_nycticorax/402093018_738107359.jpg,Nycticorax nycticorax,inat,37.7689372621,-122.501558435,2026-09-20T19:05:32-07:00,https://www.inaturalist.org/observations/402093018,bird,cc-by-nc,"(c) Joe Winer, some rights reserved (CC BY-NC)"
/Users/outman/workspace/personal/bioscan/data/inat/Nycticorax_nycticorax/402092932_738107451.jpg,Nycticorax nycticorax,inat,37.8050883333,-122.261755,2026-09-19T21:09:46-07:00,https://www.inaturalist.org/observations/402092932,bird,cc-by-nc,"(c) Zoe Hsieh, some rights reserved (CC BY-NC)"
/Users/outman/workspace/personal/bioscan/data/inat/Nycticorax_nycticorax/402079335_738079375.jpg,Nycticorax nycticorax,inat,33.6396128281,-117.8308689586,2026-09-14T07:55:00-07:00,https://www.inaturalist.org/observations/402079335,bird,cc-by-nc,"(c) Sean, some rights reserved (CC BY-NC)"
/Users/outman/workspace/personal/bioscan/data/inat/Pelecanus_occidentalis/402661707_739222934.jpg,Pelecanus occidentalis,inat,32.8506599788,-117.2743618121,2026-09-15T13:54:00-07:00,https://www.inaturalist.org/observations/402661707,bird,cc-by-nc,"(c) dumplingbug, some rights reserved (CC BY-NC)"
/Users/outman/workspace/personal/bioscan/data/inat/Pelecanus_occidentalis/402654939_739206912.jpg,Pelecanus occidentalis,inat,33.0085710272,-117.272624961,2026-09-12T12:02:00-07:00,https://www.inaturalist.org/observations/402654939,bird,cc-by-nc,"(c) dumplingbug, some rights reserved (CC BY-NC)"
/Users/outman/workspace/personal/bioscan/data/inat/Pelecanus_occidentalis/402654890_739206691.jpg,Pelecanus occidentalis,inat,33.0085710272,-117.272624961,2026-09-12T10:39:00-07:00,https://www.inaturalist.org/observations/402654890,bird,cc-by-nc,"(c) dumplingbug, some rights reserved (CC BY-NC)"
/Users/outman/workspace/personal/bioscan/data/inat/Pelecanus_occidentalis/402643412_739188326.jpg,Pelecanus occidentalis,inat,36.5545722222,-121.9306194444,2026-09-20T11:33:45-07:00,https://www.inaturalist.org/observations/402643412,bird,cc-by-nc,"(c) theothersession, some rights reserved (CC BY-NC)"
/Users/outman/workspace/personal/bioscan/data/inat/Pelecanus_occidentalis/402641638_739184780.jpg,Pelecanus occidentalis,inat,32.8106083333,-117.269295,2026-09-22T08:56:18-07:00,https://www.inaturalist.org/observations/402641638,bird,cc-by-nc,"(c) zonata, some rights reserved (CC BY-NC)"
/Users/outman/workspace/personal/bioscan/data/inat/Pelecanus_occidentalis/402636005_739173377.jpg,Pelecanus occidentalis,inat,33.7519712368,-118.128905876,2026-09-22T18:42:41-07:00,https://www.inaturalist.org/observations/402636005,bird,cc-by-nc,"(c) angelinahongthong, some rights reserved (CC BY-NC)"
/Users/outman/workspace/personal/bioscan/data/inat/Pelecanus_occidentalis/402628561_739158595.jpg,Pelecanus occidentalis,inat,36.6232501106,-121.940316191,2026-09-22T16:51:10-07:00,https://www.inaturalist.org/observations/402628561,bird,cc-by-nc,"(c) ethingtona211, some rights reserved (CC BY-NC)"
/Users/outman/workspace/personal/bioscan/data/inat/Pelecanus_occidentalis/402612122_739123862.jpg,Pelecanus occidentalis,inat,37.4381419722,-122.444545,2026-09-22T17:36:54-07:00,https://www.inaturalist.org/observations/402612122,bird,cc-by-nc,"(c) Eabensol Dart, some rights reserved (CC BY-NC)"
/Users/outman/workspace/personal/bioscan/data/inat/Pelecanus_occidentalis/402611952_739121775.jpg,Pelecanus occidentalis,inat,32.8479129395,-117.2770908113,2026-09-06T11:48:00-07:00,https://www.inaturalist.org/observations/402611952,bird,cc-by-nc,"(c) jspaulding, some rights reserved (CC BY-NC)"
/Users/outman/workspace/personal/bioscan/data/inat/Pelecanus_occidentalis/402606354_739112067.jpg,Pelecanus occidentalis,inat,33.8343616667,-118.3901283333,2026-09-22T08:43:38-07:00,https://www.inaturalist.org/observations/402606354,bird,cc-by-nc,"(c) Keith P, some rights reserved (CC BY-NC)"
/Users/outman/workspace/personal/bioscan/data/inat/Pelecanus_occidentalis/402606098_739108160.jpg,Pelecanus occidentalis,inat,32.7515918513,-117.229057966,2026-09-06T13:22:00-07:00,https://www.inaturalist.org/observations/402606098,bird,cc-by-nc,"(c) jspaulding, some rights reserved (CC BY-NC)"
/Users/outman/workspace/personal/bioscan/data/inat/Pelecanus_occidentalis/402590526_739074073.jpg,Pelecanus occidentalis,inat,34.01688,-119.3593216667,2026-09-13T08:37:00-07:00,https://www.inaturalist.org/observations/402590526,bird,cc-by-nc,"(c) Jeff Fenwick, some rights reserved (CC BY-NC)"
/Users/outman/workspace/personal/bioscan/data/inat/Pelecanus_occidentalis/402565479_739029853.jpg,Pelecanus occidentalis,inat,32.8498533333,-117.2723216667,2022-11-10T11:46:30-08:00,https://www.inaturalist.org/observations/402565479,bird,cc-by-nc,"(c) Andrea Pedroni, some rights reserved (CC BY-NC)"
/Users/outman/workspace/personal/bioscan/data/inat/Pelecanus_occidentalis/402548692_738996151.jpg,Pelecanus occidentalis,inat,39.9470365031,-123.9721826157,2025-06-28T23:22:00-07:00,https://www.inaturalist.org/observations/402548692,bird,cc-by-nc,"(c) Shashank Uma Deepak, some rights reserved (CC BY-NC)"
/Users/outman/workspace/personal/bioscan/data/inat/Pelecanus_occidentalis/402547620_738995155.jpg,Pelecanus occidentalis,inat,32.787015447,-117.2082684838,2026-09-22T12:32:04-07:00,https://www.inaturalist.org/observations/402547620,bird,cc-by-nc,"(c) Gabby Pine, some rights reserved (CC BY-NC)"
/Users/outman/workspace/personal/bioscan/data/inat/Pelecanus_occidentalis/402522574_738946908.jpg,Pelecanus occidentalis,inat,34.0314893719,-118.6822026207,2026-09-22T10:52:35-07:00,https://www.inaturalist.org/observations/402522574,bird,cc-by-nc,"(c) Noah Casey, some rights reserved (CC BY-NC)"
/Users/outman/workspace/personal/bioscan/data/inat/Pelecanus_occidentalis/402502567_738905400.jpg,Pelecanus occidentalis,inat,37.8520414255,-122.2974922733,2026-09-19T09:16:00-07:00,https://www.inaturalist.org/observations/402502567,bird,cc-by,"(c) Hydrocycler (Elizabeth Dougherty), some rights reserved (CC BY)"
/Users/outman/workspace/personal/bioscan/data/inat/Pelecanus_occidentalis/402502565_738905273.jpg,Pelecanus occidentalis,inat,37.852371812,-122.2977363543,2026-09-19T09:14:00-07:00,https://www.inaturalist.org/observations/402502565,bird,cc-by,"(c) Hydrocycler (Elizabeth Dougherty), some rights reserved (CC BY)"
/Users/outman/workspace/personal/bioscan/data/inat/Pelecanus_occidentalis/402492987_738891404.jpg,Pelecanus occidentalis,inat,37.49553249,-122.21895683,2026-09-22T09:25:26-07:00,https://www.inaturalist.org/observations/402492987,bird,cc-by-nc,"(c) prsid, some rights reserved (CC BY-NC)"
/Users/outman/workspace/personal/bioscan/data/inat/Pelecanus_occidentalis/402469647_738848336.jpg,Pelecanus occidentalis,inat,32.8500466667,-117.2711216667,2026-09-16T12:24:13-07:00,https://www.inaturalist.org/observations/402469647,bird,cc0,no rights reserved
/Users/outman/workspace/personal/bioscan/data/inat/Pelecanus_occidentalis/402455661_738823360.jpg,Pelecanus occidentalis,inat,38.3239811686,-123.0457444489,2025-08-31T19:42:21-07:00,https://www.inaturalist.org/observations/402455661,bird,cc-by-nc,"(c) bio_alchemist, some rights reserved (CC BY-NC)"
/Users/outman/workspace/personal/bioscan/data/inat/Pelecanus_occidentalis/402380258_738676499.jpg,Pelecanus occidentalis,inat,36.552575,-121.9300833333,2026-09-16T19:05:33-07:00,https://www.inaturalist.org/observations/402380258,bird,cc-by-nc,"(c) Jordan Gates, some rights reserved (CC BY-NC)"
/Users/outman/workspace/personal/bioscan/data/inat/Pelecanus_occidentalis/402370556_738655324.jpg,Pelecanus occidentalis,inat,36.9495916667,-122.0488666667,2026-09-20T15:47:14-07:00,https://www.inaturalist.org/observations/402370556,bird,cc-by-nc,"(c) micah, some rights reserved (CC BY-NC)"
/Users/outman/workspace/personal/bioscan/data/inat/Pelecanus_occidentalis/402368947_738652669.jpg,Pelecanus occidentalis,inat,32.8587618933,-117.258842839,2026-09-21T09:37:37-07:00,https://www.inaturalist.org/observations/402368947,bird,cc-by-nc,"(c) amelia907, some rights reserved (CC BY-NC)"
/Users/outman/workspace/personal/bioscan/data/inat/Pelecanus_occidentalis/402342127_738598545.jpg,Pelecanus occidentalis,inat,33.6956194551,-118.046400547,2026-09-19T08:09:18-07:00,https://www.inaturalist.org/observations/402342127,bird,cc-by-nc,"(c) Great Ace, some rights reserved (CC BY-NC)"
/Users/outman/workspace/personal/bioscan/data/inat/Nannopterum_auritum/402661728_739222974.jpg,Nannopterum auritum,inat,32.8506599788,-117.2743618121,2026-09-15T13:57:00-07:00,https://www.inaturalist.org/observations/402661728,bird,cc-by-nc,"(c) dumplingbug, some rights reserved (CC BY-NC)"
/Users/outman/workspace/personal/bioscan/data/inat/Nannopterum_auritum/402654892_739206692.jpg,Nannopterum auritum,inat,33.0085710272,-117.272624961,2026-09-12T10:41:00-07:00,https://www.inaturalist.org/observations/402654892,bird,cc-by-nc,"(c) dumplingbug, some rights reserved (CC BY-NC)"
/Users/outman/workspace/personal/bioscan/data/inat/Nannopterum_auritum/402654871_739210425.jpg,Nannopterum auritum,inat,35.341151072,-120.8402095735,2026-08-28T13:05:43-07:00,https://www.inaturalist.org/observations/402654871,bird,cc-by-nc,"(c) Lexine Schroeder, some rights reserved (CC BY-NC)"
/Users/outman/workspace/personal/bioscan/data/inat/Nannopterum_auritum/402634042_739169491.jpg,Nannopterum auritum,inat,33.6569789,-117.8316019,2026-09-12T01:53:00-07:00,https://www.inaturalist.org/observations/402634042,bird,cc-by-nc,"(c) Mary Kay Van Sistine, some rights reserved (CC BY-NC)"
/Users/outman/workspace/personal/bioscan/data/inat/Nannopterum_auritum/402633733_739168827.jpg,Nannopterum auritum,inat,33.6569789,-117.8316019,2026-09-12T02:37:00-07:00,https://www.inaturalist.org/observations/402633733,bird,cc-by-nc,"(c) Mary Kay Van Sistine, some rights reserved (CC BY-NC)"
/Users/outman/workspace/personal/bioscan/data/inat/Nannopterum_auritum/402631950_739162800.jpg,Nannopterum auritum,inat,38.5510777923,-121.2331190781,2026-09-22,https://www.inaturalist.org/observations/402631950,bird,cc-by-nc,"(c) abcdefgewing, some rights reserved (CC BY-NC)"
/Users/outman/workspace/personal/bioscan/data/inat/Nannopterum_auritum/402627458_739156347.jpg,Nannopterum auritum,inat,37.76952,-122.4733366667,2026-09-22T18:11:20-07:00,https://www.inaturalist.org/observations/402627458,bird,cc-by-nc,"(c) Claudine Co, some rights reserved (CC BY-NC)"
/Users/outman/workspace/personal/bioscan/data/inat/Nannopterum_auritum/402611971_739121834.jpg,Nannopterum auritum,inat,32.8506057468,-117.2741163734,2026-09-06T11:59:00-07:00,https://www.inaturalist.org/observations/402611971,bird,cc-by-nc,"(c) jspaulding, some rights reserved (CC BY-NC)"
/Users/outman/workspace/personal/bioscan/data/inat/Nannopterum_auritum/402606086_739108146.jpg,Nannopterum auritum,inat,32.7515918513,-117.229057966,2026-09-06T13:21:00-07:00,https://www.inaturalist.org/observations/402606086,bird,cc-by-nc,"(c) jspaulding, some rights reserved (CC BY-NC)"
/Users/outman/workspace/personal/bioscan/data/inat/Nannopterum_auritum/402558918_739016710.jpg,Nannopterum auritum,inat,33.8566505461,-117.830401816,2026-09-22T10:20:51-07:00,https://www.inaturalist.org/observations/402558918,bird,cc-by-nc,"(c) Max Watkins, some rights reserved (CC BY-NC)"
/Users/outman/workspace/personal/bioscan/data/inat/Nannopterum_auritum/402502544_738904928.jpg,Nannopterum auritum,inat,37.8519504884,-122.298205214,2026-09-19T08:53:00-07:00,https://www.inaturalist.org/observations/402502544,bird,cc-by,"(c) Hydrocycler (Elizabeth Dougherty), some rights reserved (CC BY)"
/Users/outman/workspace/personal/bioscan/data/inat/Nannopterum_auritum/402501486_738904045.jpg,Nannopterum auritum,inat,33.7037519881,-118.0042388047,2026-09-21T09:50:00-07:00,https://www.inaturalist.org/observations/402501486,bird,cc-by-nc,"(c) Tou Mik, some rights reserved (CC BY-NC)"
/Users/outman/workspace/personal/bioscan/data/inat/Nannopterum_auritum/402448145_738807657.jpg,Nannopterum auritum,inat,38.0979611111,-121.5787972222,2026-09-21T09:35:00-07:00,https://www.inaturalist.org/observations/402448145,bird,cc-by-nc,"(c) Philip Fiorio, some rights reserved (CC BY-NC)"
/Users/outman/workspace/personal/bioscan/data/inat/Nannopterum_auritum/402448139_738807660.jpg,Nannopterum auritum,inat,38.0008222222,-121.4485888889,2026-09-21T09:11:00-07:00,https://www.inaturalist.org/observations/402448139,bird,cc-by-nc,"(c) Philip Fiorio, some rights reserved (CC BY-NC)"
/Users/outman/workspace/personal/bioscan/data/inat/Nannopterum_auritum/402448127_738807596.jpg,Nannopterum auritum,inat,38.0010371621,-121.4483056241,2026-09-21T09:10:00-07:00,https://www.inaturalist.org/observations/402448127,bird,cc-by-nc,"(c) Philip Fiorio, some rights reserved (CC BY-NC)"
/Users/outman/workspace/personal/bioscan/data/inat/Nannopterum_auritum/402443221_738797643.jpg,Nannopterum auritum,inat,39.3036564,-123.7786128997,2026-09-19T10:43:02-07:00,https://www.inaturalist.org/observations/402443221,bird,cc-by-nc,"(c) magharding, some rights reserved (CC BY-NC)"
/Users/outman/workspace/personal/bioscan/data/inat/Nannopterum_auritum/402373622_738660302.jpg,Nannopterum auritum,inat,34.03365312,-118.6847463967,2026-09-20T07:30:00-07:00,https://www.inaturalist.org/observations/402373622,bird,cc0,no rights reserved
/Users/outman/workspace/personal/bioscan/data/inat/Nannopterum_auritum/402368086_738651194.jpg,Nannopterum auritum,inat,32.8480536427,-117.2785087758,2026-09-21T09:32:11-07:00,https://www.inaturalist.org/observations/402368086,bird,cc-by-nc,"(c) amelia907, some rights reserved (CC BY-NC)"
/Users/outman/workspace/personal/bioscan/data/inat/Nannopterum_auritum/402367212_738648660.jpg,Nannopterum auritum,inat,37.5857753929,-122.3169559219,2026-09-21T10:39:00-07:00,https://www.inaturalist.org/observations/402367212,bird,cc-by-nc,"(c) Donna Pomeroy, some rights reserved (CC BY-NC)"
/Users/outman/workspace/personal/bioscan/data/inat/Nannopterum_auritum/402364117_738642359.jpg,Nannopterum auritum,inat,32.7511914,-117.2280701,2026-09-21T10:09:00-07:00,https://www.inaturalist.org/observations/402364117,bird,cc0,no rights reserved
/Users/outman/workspace/personal/bioscan/data/inat/Nannopterum_auritum/402353117_738621281.jpg,Nannopterum auritum,inat,33.6569789,-117.8316019,2026-09-12T01:50:00-07:00,https://www.inaturalist.org/observations/402353117,bird,cc-by-nc,"(c) Mary Kay Van Sistine, some rights reserved (CC BY-NC)"
/Users/outman/workspace/personal/bioscan/data/inat/Nannopterum_auritum/402340396_738592643.jpg,Nannopterum auritum,inat,37.5872676,-122.3191012,2026-09-20T09:52:00-07:00,https://www.inaturalist.org/observations/402340396,bird,cc-by,"(c) Lisa Biasillo, some rights reserved (CC BY)"
/Users/outman/workspace/personal/bioscan/data/inat/Nannopterum_auritum/402330866_738558009.jpg,Nannopterum auritum,inat,37.4996529938,-122.4955421913,2026-09-20T19:57:00-07:00,https://www.inaturalist.org/observations/402330866,bird,cc-by,"(c) Cricket Raspet, some rights reserved (CC BY)"
/Users/outman/workspace/personal/bioscan/data/inat/Nannopterum_auritum/402321495_738552778.jpg,Nannopterum auritum,inat,37.4210793586,-122.4345765238,2026-09-20T16:08:00-07:00,https://www.inaturalist.org/observations/402321495,bird,cc-by,"(c) Cricket Raspet, some rights reserved (CC BY)"
/Users/outman/workspace/personal/bioscan/data/inat/Nannopterum_auritum/402229614_738501901.jpg,Nannopterum auritum,inat,37.7669616667,-122.4821333333,2026-09-21T10:03:05-07:00,https://www.inaturalist.org/observations/402229614,bird,cc-by-nc,"(c) alicevoulfson, some rights reserved (CC BY-NC)"
/Users/outman/workspace/personal/bioscan/data/inat/Anas_platyrhynchos/402652226_739206146.jpg,Anas platyrhynchos,inat,37.3227729797,-119.5774993896,2026-09-18T18:48:45-07:00,https://www.inaturalist.org/observations/402652226,bird,cc-by-nc,"(c) andre2544, some rights reserved (CC BY-NC)"
/Users/outman/workspace/personal/bioscan/data/inat/Anas_platyrhynchos/402645837_739193424.jpg,Anas platyrhynchos,inat,32.8776886317,-116.462693335,2026-09-22T09:14:00-07:00,https://www.inaturalist.org/observations/402645837,bird,cc-by-nc,"(c) kingsgate, some rights reserved (CC BY-NC)"
/Users/outman/workspace/personal/bioscan/data/inat/Anas_platyrhynchos/402643361_739188035.jpg,Anas platyrhynchos,inat,32.8759723033,-116.466220155,2026-09-22T08:55:00-07:00,https://www.inaturalist.org/observations/402643361,bird,cc-by-nc,"(c) kingsgate, some rights reserved (CC BY-NC)"
/Users/outman/workspace/personal/bioscan/data/inat/Anas_platyrhynchos/402636436_739173227.jpg,Anas platyrhynchos,inat,38.5418132638,-121.5009140968,2026-09-19T09:34:00-07:00,https://www.inaturalist.org/observations/402636436,bird,cc-by-nc,"(c) Roslyn Mack Bell, some rights reserved (CC BY-NC)"
/Users/outman/workspace/personal/bioscan/data/inat/Anas_platyrhynchos/402636434_739173031.jpg,Anas platyrhynchos,inat,38.5417621639,-121.5008147524,2026-09-19T09:33:00-07:00,https://www.inaturalist.org/observations/402636434,bird,cc-by-nc,"(c) Roslyn Mack Bell, some rights reserved (CC BY-NC)"
/Users/outman/workspace/personal/bioscan/data/inat/Anas_platyrhynchos/402622291_739144532.jpg,Anas platyrhynchos,inat,38.1076666667,-122.5804133333,2026-09-21T10:45:01-07:00,https://www.inaturalist.org/observations/402622291,bird,cc-by-nc,"(c) ryanharrow, some rights reserved (CC BY-NC)"
/Users/outman/workspace/personal/bioscan/data/inat/Anas_platyrhynchos/402603595_739106830.jpg,Anas platyrhynchos,inat,38.24573,-122.0388945,2026-09-22T13:43:10-07:00,https://www.inaturalist.org/observations/402603595,bird,cc-by-nc,"(c) Silverado Jim, some rights reserved (CC BY-NC)"
/Users/outman/workspace/personal/bioscan/data/inat/Anas_platyrhynchos/402602639_739105003.jpg,Anas platyrhynchos,inat,38.24573,-122.0383695,2026-09-22T13:44:53-07:00,https://www.inaturalist.org/observations/402602639,bird,cc-by-nc,"(c) Silverado Jim, some rights reserved (CC BY-NC)"
/Users/outman/workspace/personal/bioscan/data/inat/Anas_platyrhynchos/402600284_739100237.jpg,Anas platyrhynchos,inat,34.2571695254,-117.190085,2026-09-22T14:42:52-07:00,https://www.inaturalist.org/observations/402600284,bird,cc-by-nc,"(c) amelia907, some rights reserved (CC BY-NC)"
/Users/outman/workspace/personal/bioscan/data/inat/Anas_platyrhynchos/402592791_739084188.jpg,Anas platyrhynchos,inat,38.2657318,-121.43927,2026-09-22T09:45:00-07:00,https://www.inaturalist.org/observations/402592791,bird,cc-by-nc,"(c) Karen Skelton, some rights reserved (CC BY-NC)"
/Users/outman/workspace/personal/bioscan/data/inat/Anas_platyrhynchos/402590218_739080040.jpg,Anas platyrhynchos,inat,34.0102492483,-118.0956140533,2026-09-21T17:49:39-07:00,https://www.inaturalist.org/observations/402590218,bird,cc-by-nc,"(c) boazsolorio, some rights reserved (CC BY-NC)"
/Users/outman/workspace/personal/bioscan/data/inat/Anas_platyrhynchos/402586690_739072919.jpg,Anas platyrhynchos,inat,34.0076664709,-118.0979113653,2026-09-21T17:40:35-07:00,https://www.inaturalist.org/observations/402586690,bird,cc-by-nc,"(c) boazsolorio, some rights reserved (CC BY-NC)"
/Users/outman/workspace/personal/bioscan/data/inat/Anas_platyrhynchos/402536528_738973624.jpg,Anas platyrhynchos,inat,33.9952556,-117.7567583,2026-09-21T15:10:00-07:00,https://www.inaturalist.org/observations/402536528,bird,cc-by-nc,"(c) landonpham39, some rights reserved (CC BY-NC)"
/Users/outman/workspace/personal/bioscan/data/inat/Anas_platyrhynchos/402535863_738972751.jpg,Anas platyrhynchos,inat,33.9952556,-117.7567583,2026-09-21T13:09:00-07:00,https://www.inaturalist.org/observations/402535863,bird,cc-by-nc,"(c) landonpham39, some rights reserved (CC BY-NC)"
/Users/outman/workspace/personal/bioscan/data/inat/Anas_platyrhynchos/402531287_738965260.jpg,Anas platyrhynchos,inat,38.5791583333,-121.4089966667,2026-09-22T09:37:00-07:00,https://www.inaturalist.org/observations/402531287,bird,cc0,no rights reserved
/Users/outman/workspace/personal/bioscan/data/inat/Anas_platyrhynchos/402502531_738904546.jpg,Anas platyrhynchos,inat,37.8523754154,-122.2980694403,2026-09-19T08:43:00-07:00,https://www.inaturalist.org/observations/402502531,bird,cc-by,"(c) Hydrocycler (Elizabeth Dougherty), some rights reserved (CC BY)"
/Users/outman/workspace/personal/bioscan/data/inat/Anas_platyrhynchos/402472042_738852579.jpg,Anas platyrhynchos,inat,34.4996007627,-118.6135359308,2026-09-22T08:04:45-07:00,https://www.inaturalist.org/observations/402472042,bird,cc-by-nc,"(c) exploringplants, some rights reserved (CC BY-NC)"
/Users/outman/workspace/personal/bioscan/data/inat/Anas_platyrhynchos/402468820_738846943.jpg,Anas platyrhynchos,inat,37.5264666667,-120.8570116667,2026-09-22T07:49:03-07:00,https://www.inaturalist.org/observations/402468820,bird,cc-by-nc,"(c) gh_theropod, some rights reserved (CC BY-NC)"
/Users/outman/workspace/personal/bioscan/data/inat/Anas_platyrhynchos/402453413_738818286.jpg,Anas platyrhynchos,inat,41.1095049887,-121.4919311873,2026-09-13T16:46:07-07:00,https://www.inaturalist.org/observations/402453413,bird,cc-by-nc,"(c) jrmorris, some rights reserved (CC BY-NC)"
/Users/outman/workspace/personal/bioscan/data/inat/Anas_platyrhynchos/402369668_738654030.jpg,Anas platyrhynchos,inat,33.6956194551,-118.046400547,2026-09-19T07:16:33-07:00,https://www.inaturalist.org/observations/402369668,bird,cc-by-nc,"(c) Great Ace, some rights reserved (CC BY-NC)"
/Users/outman/workspace/personal/bioscan/data/inat/Anas_platyrhynchos/402367789_738650111.jpg,Anas platyrhynchos,inat,33.5121138981,-117.7482655219,2026-09-16T07:14:00-07:00,https://www.inaturalist.org/observations/402367789,bird,cc-by,"(c) Jonathan Eisen, some rights reserved (CC BY)"
/Users/outman/workspace/personal/bioscan/data/inat/Anas_platyrhynchos/402367229_738648712.jpg,Anas platyrhynchos,inat,37.5857753929,-122.3169559219,2026-09-21T11:20:00-07:00,https://www.inaturalist.org/observations/402367229,bird,cc-by-nc,"(c) Donna Pomeroy, some rights reserved (CC BY-NC)"
/Users/outman/workspace/personal/bioscan/data/inat/Anas_platyrhynchos/402356278_738627721.jpg,Anas platyrhynchos,inat,37.2410166667,-121.9689033333,2026-09-21T18:47:27-07:00,https://www.inaturalist.org/observations/402356278,bird,cc-by-nc,"(c) armaan_herper, some rights reserved (CC BY-NC)"
/Users/outman/workspace/personal/bioscan/data/inat/Anas_platyrhynchos/402356256_738627645.jpg,Anas platyrhynchos,inat,37.2410283333,-121.9689466667,2026-09-21T18:47:07-07:00,https://www.inaturalist.org/observations/402356256,bird,cc-by-nc,"(c) armaan_herper, some rights reserved (CC BY-NC)"
/Users/outman/workspace/personal/bioscan/data/inat/Anas_platyrhynchos/402356242_738627599.jpg,Anas platyrhynchos,inat,37.24103,-121.9689466667,2026-09-21T18:47:11-07:00,https://www.inaturalist.org/observations/402356242,bird,cc-by-nc,"(c) armaan_herper, some rights reserved (CC BY-NC)"
/Users/outman/workspace/personal/bioscan/data/inat/Branta_canadensis/402653810_739208565.jpg,Branta canadensis,inat,37.2800407883,-121.8122263183,2026-08-30T14:20:00-07:00,https://www.inaturalist.org/observations/402653810,bird,cc-by-nc,"(c) Merav Vonshak, some rights reserved (CC BY-NC)"
/Users/outman/workspace/personal/bioscan/data/inat/Branta_canadensis/402637694_739176305.jpg,Branta canadensis,inat,38.6423501178,-121.7244386827,2026-09-22T18:21:00-07:00,https://www.inaturalist.org/observations/402637694,bird,cc-by-nc,"(c) Alex, some rights reserved (CC BY-NC)"
/Users/outman/workspace/personal/bioscan/data/inat/Branta_canadensis/402626198_739153633.jpg,Branta canadensis,inat,38.48103,-119.9972083333,2026-09-21T08:51:12-07:00,https://www.inaturalist.org/observations/402626198,bird,cc-by-nc,"(c) Tia Plough, some rights reserved (CC BY-NC)"
/Users/outman/workspace/personal/bioscan/data/inat/Branta_canadensis/402613301_739126069.jpg,Branta canadensis,inat,37.3647477006,-120.4242448881,2026-09-22T17:56:00-07:00,https://www.inaturalist.org/observations/402613301,bird,cc-by-nc,"(c) jkim_18, some rights reserved (CC BY-NC)"
/Users/outman/workspace/personal/bioscan/data/inat/Branta_canadensis/402592781_739082197.jpg,Branta canadensis,inat,38.2657318,-121.43927,2026-09-22T08:53:00-07:00,https://www.inaturalist.org/observations/402592781,bird,cc-by-nc,"(c) Karen Skelton, some rights reserved (CC BY-NC)"
/Users/outman/workspace/personal/bioscan/data/inat/Branta_canadensis/402565298_739029321.jpg,Branta canadensis,inat,37.9539706617,-122.5479442631,2026-09-17T14:38:00-07:00,https://www.inaturalist.org/observations/402565298,bird,cc-by-nc,"(c) ja415, some rights reserved (CC BY-NC)"
/Users/outman/workspace/personal/bioscan/data/inat/Branta_canadensis/402503969_738912013.jpg,Branta canadensis,inat,37.6329583333,-121.7647083333,2026-09-20T15:58:55-07:00,https://www.inaturalist.org/observations/402503969,bird,cc-by,"(c) Irina Mitine, some rights reserved (CC BY)"
/Users/outman/workspace/personal/bioscan/data/inat/Branta_canadensis/402472005_738852508.jpg,Branta canadensis,inat,34.5075560131,-118.6151124195,2026-09-21T07:45:52-07:00,https://www.inaturalist.org/observations/402472005,bird,cc-by-nc,"(c) exploringplants, some rights reserved (CC BY-NC)"
/Users/outman/workspace/personal/bioscan/data/inat/Branta_canadensis/402380504_738676962.jpg,Branta canadensis,inat,37.9930014063,-122.4642793554,2026-09-21T18:05:02-07:00,https://www.inaturalist.org/observations/402380504,bird,cc-by-nc,"(c) joeyellingson, some rights reserved (CC BY-NC)"
/Users/outman/workspace/personal/bioscan/data/inat/Branta_canadensis/402357941_738630510.jpg,Branta canadensis,inat,37.2349333333,-121.9741666667,2026-09-21T18:03:32-07:00,https://www.inaturalist.org/observations/402357941,bird,cc-by-nc,"(c) armaan_herper, some rights reserved (CC BY-NC)"
/Users/outman/workspace/personal/bioscan/data/inat/Branta_canadensis/402357640_738629929.jpg,Branta canadensis,inat,37.2349333333,-121.9741666667,2026-09-21T18:03:35-07:00,https://www.inaturalist.org/observations/402357640,bird,cc-by-nc,"(c) armaan_herper, some rights reserved (CC BY-NC)"
/Users/outman/workspace/personal/bioscan/data/inat/Branta_canadensis/402356157_738627401.jpg,Branta canadensis,inat,37.24102,-121.96872,2026-09-21T18:48:47-07:00,https://www.inaturalist.org/observations/402356157,bird,cc-by-nc,"(c) armaan_herper, some rights reserved (CC BY-NC)"
/Users/outman/workspace/personal/bioscan/data/inat/Branta_canadensis/402356149_738627365.jpg,Branta canadensis,inat,37.2411216667,-121.9685833333,2026-09-21T18:50:28-07:00,https://www.inaturalist.org/observations/402356149,bird,cc-by-nc,"(c) armaan_herper, some rights reserved (CC BY-NC)"
/Users/outman/workspace/personal/bioscan/data/inat/Branta_canadensis/402356129_738627316.jpg,Branta canadensis,inat,37.24108,-121.96862,2026-09-21T18:49:45-07:00,https://www.inaturalist.org/observations/402356129,bird,cc-by-nc,"(c) armaan_herper, some rights reserved (CC BY-NC)"
/Users/outman/workspace/personal/bioscan/data/inat/Branta_canadensis/402338560_738585269.jpg,Branta canadensis,inat,37.58636503,-122.3206537804,2026-09-20T08:38:00-07:00,https://www.inaturalist.org/observations/402338560,bird,cc-by,"(c) Lisa Biasillo, some rights reserved (CC BY)"
/Users/outman/workspace/personal/bioscan/data/inat/Branta_canadensis/402338547_738585075.jpg,Branta canadensis,inat,37.58636503,-122.3206537804,2026-09-20T08:36:00-07:00,https://www.inaturalist.org/observations/402338547,bird,cc-by,"(c) Lisa Biasillo, some rights reserved (CC BY)"
/Users/outman/workspace/personal/bioscan/data/inat/Branta_canadensis/402286868_738486371.jpg,Branta canadensis,inat,37.9939304627,-122.4661743116,2026-09-21T13:47:49-07:00,https://www.inaturalist.org/observations/402286868,bird,cc-by-nc,"(c) fordkawaja, some rights reserved (CC BY-NC)"
/Users/outman/workspace/personal/bioscan/data/inat/Branta_canadensis/402225952_738366230.jpg,Branta canadensis,inat,36.9626312256,-122.0314788818,2026-09-21T09:49:44-07:00,https://www.inaturalist.org/observations/402225952,bird,cc-by-nc,"(c) JessyeDagger, some rights reserved (CC BY-NC)"
/Users/outman/workspace/personal/bioscan/data/inat/Branta_canadensis/402211699_738338148.jpg,Branta canadensis,inat,38.5561658018,-122.2223765206,2026-09-20T13:55:00-07:00,https://www.inaturalist.org/observations/402211699,bird,cc-by-nc,"(c) Donna L Dugan, some rights reserved (CC BY-NC)"
/Users/outman/workspace/personal/bioscan/data/inat/Branta_canadensis/402102988_738122294.jpg,Branta canadensis,inat,37.7690322793,-122.2777730827,2026-09-20T18:06:00-07:00,https://www.inaturalist.org/observations/402102988,bird,cc-by-nc,"(c) Matee, some rights reserved (CC BY-NC)"
/Users/outman/workspace/personal/bioscan/data/inat/Branta_canadensis/402102986_738122128.jpg,Branta canadensis,inat,37.768833733,-122.277787699,2026-09-20T18:06:00-07:00,https://www.inaturalist.org/observations/402102986,bird,cc-by-nc,"(c) Matee, some rights reserved (CC BY-NC)"
/Users/outman/workspace/personal/bioscan/data/inat/Branta_canadensis/402102947_738108530.jpg,Branta canadensis,inat,37.7683055556,-122.2749777778,2026-09-20T18:44:00-07:00,https://www.inaturalist.org/observations/402102947,bird,cc-by-nc,"(c) Matee, some rights reserved (CC BY-NC)"
/Users/outman/workspace/personal/bioscan/data/inat/Branta_canadensis/402098654_738116967.jpg,Branta canadensis,inat,38.0628660217,-122.9195691817,2026-09-17T12:40:00-07:00,https://www.inaturalist.org/observations/402098654,bird,cc-by-nc,"(c) Paul Barnett, some rights reserved (CC BY-NC)"
/Users/outman/workspace/personal/bioscan/data/inat/Branta_canadensis/402089895_738055732.jpg,Branta canadensis,inat,37.3446909781,-121.7202556301,2026-07-09T08:53:00-07:00,https://www.inaturalist.org/observations/402089895,bird,cc-by-nc,"(c) Howard Friedman, some rights reserved (CC BY-NC)"
/Users/outman/workspace/personal/bioscan/data/inat/Branta_canadensis/402089881_738055325.jpg,Branta canadensis,inat,37.3447250958,-121.7199123074,2026-07-09T08:43:00-07:00,https://www.inaturalist.org/observations/402089881,bird,cc-by-nc,"(c) Howard Friedman, some rights reserved (CC BY-NC)"
/Users/outman/workspace/personal/bioscan/data/inat/Fulica_americana/402637253_739172969.jpg,Fulica americana,inat,38.6657357323,-121.7182065417,2026-09-22T17:47:00-07:00,https://www.inaturalist.org/observations/402637253,bird,cc-by-nc,"(c) Alex, some rights reserved (CC BY-NC)"
/Users/outman/workspace/personal/bioscan/data/inat/Fulica_americana/402635862_739173190.jpg,Fulica americana,inat,41.6902083333,-122.4810033333,2026-09-16T15:00:13-07:00,https://www.inaturalist.org/observations/402635862,bird,cc-by,"(c) Adam J. Searcy, some rights reserved (CC BY)"
/Users/outman/workspace/personal/bioscan/data/inat/Fulica_americana/402588902_739077175.jpg,Fulica americana,inat,34.2510873957,-117.191931515,2026-09-22T14:43:11-07:00,https://www.inaturalist.org/observations/402588902,bird,cc-by-nc,"(c) amelia907, some rights reserved (CC BY-NC)"
/Users/outman/workspace/personal/bioscan/data/inat/Fulica_americana/402587412_739074174.jpg,Fulica americana,inat,34.2520833333,-117.1887283333,2026-09-19T10:03:33-07:00,https://www.inaturalist.org/observations/402587412,bird,cc-by-nc,"(c) zodfor, some rights reserved (CC BY-NC)"
/Users/outman/workspace/personal/bioscan/data/inat/Fulica_americana/402526249_738954583.jpg,Fulica americana,inat,33.5459307305,-117.7057893354,2026-09-21T12:11:00-07:00,https://www.inaturalist.org/observations/402526249,bird,cc-by-nc,"(c) mooseandsquirrel, some rights reserved (CC BY-NC)"
/Users/outman/workspace/personal/bioscan/data/inat/Fulica_americana/402373624_738660497.jpg,Fulica americana,inat,34.0335854383,-118.6851824867,2026-09-20T07:37:00-07:00,https://www.inaturalist.org/observations/402373624,bird,cc0,no rights reserved
/Users/outman/workspace/personal/bioscan/data/inat/Fulica_americana/402367190_738648565.jpg,Fulica americana,inat,37.5857753929,-122.3169559219,2026-09-21T08:47:00-07:00,https://www.inaturalist.org/observations/402367190,bird,cc-by-nc,"(c) Donna Pomeroy, some rights reserved (CC BY-NC)"
/Users/outman/workspace/personal/bioscan/data/inat/Fulica_americana/402356546_738628104.jpg,Fulica americana,inat,37.24052,-121.9693133333,2026-09-21T18:41:57-07:00,https://www.inaturalist.org/observations/402356546,bird,cc-by-nc,"(c) armaan_herper, some rights reserved (CC BY-NC)"
/Users/outman/workspace/personal/bioscan/data/inat/Fulica_americana/402356526_738628056.jpg,Fulica americana,inat,37.240355,-121.9692533333,2026-09-21T18:42:54-07:00,https://www.inaturalist.org/observations/402356526,bird,cc-by-nc,"(c) armaan_herper, some rights reserved (CC BY-NC)"
/Users/outman/workspace/personal/bioscan/data/inat/Fulica_americana/402356266_738627698.jpg,Fulica americana,inat,37.2410083333,-121.9689033333,2026-09-21T18:47:20-07:00,https://www.inaturalist.org/observations/402356266,bird,cc-by-nc,"(c) armaan_herper, some rights reserved (CC BY-NC)"
/Users/outman/workspace/personal/bioscan/data/inat/Fulica_americana/402356229_738627558.jpg,Fulica americana,inat,37.24103,-121.9688716667,2026-09-21T18:48:05-07:00,https://www.inaturalist.org/observations/402356229,bird,cc-by-nc,"(c) armaan_herper, some rights reserved (CC BY-NC)"
/Users/outman/workspace/personal/bioscan/data/inat/Fulica_americana/402338620_738585775.jpg,Fulica americana,inat,37.58636503,-122.3206537804,2026-09-20T09:19:00-07:00,https://www.inaturalist.org/observations/402338620,bird,cc-by,"(c) Lisa Biasillo, some rights reserved (CC BY)"
/Users/outman/workspace/personal/bioscan/data/inat/Fulica_americana/402338613_738585750.jpg,Fulica americana,inat,37.58636503,-122.3206537804,2026-09-20T09:17:00-07:00,https://www.inaturalist.org/observations/402338613,bird,cc-by,"(c) Lisa Biasillo, some rights reserved (CC BY)"
/Users/outman/workspace/personal/bioscan/data/inat/Fulica_americana/402338608_738585728.jpg,Fulica americana,inat,37.58636503,-122.3206537804,2026-09-20T09:17:00-07:00,https://www.inaturalist.org/observations/402338608,bird,cc-by,"(c) Lisa Biasillo, some rights reserved (CC BY)"
/Users/outman/workspace/personal/bioscan/data/inat/Fulica_americana/402260646_738433952.jpg,Fulica americana,inat,33.7710888889,-118.1346722222,2026-09-20T17:11:33-07:00,https://www.inaturalist.org/observations/402260646,bird,cc-by-nc,"(c) christopher, some rights reserved (CC BY-NC)"
/Users/outman/workspace/personal/bioscan/data/inat/Fulica_americana/402102960_738117949.jpg,Fulica americana,inat,37.7679662161,-122.2748242343,2026-09-20T18:41:00-07:00,https://www.inaturalist.org/observations/402102960,bird,cc-by-nc,"(c) Matee, some rights reserved (CC BY-NC)"
/Users/outman/workspace/personal/bioscan/data/inat/Fulica_americana/402097072_738116079.jpg,Fulica americana,inat,33.6331941429,-117.8234636086,2026-09-20T18:58:18-07:00,https://www.inaturalist.org/observations/402097072,bird,cc-by-nc,"(c) mateo_moore, some rights reserved (CC BY-NC)"
/Users/outman/workspace/personal/bioscan/data/inat/Fulica_americana/402089918_738055887.jpg,Fulica americana,inat,37.3446227426,-121.7166944637,2026-07-09T09:04:00-07:00,https://www.inaturalist.org/observations/402089918,bird,cc-by-nc,"(c) Howard Friedman, some rights reserved (CC BY-NC)"
/Users/outman/workspace/personal/bioscan/data/inat/Fulica_americana/402089892_738055495.jpg,Fulica americana,inat,37.3442815643,-121.7180669476,2026-07-09T08:49:00-07:00,https://www.inaturalist.org/observations/402089892,bird,cc-by-nc,"(c) Howard Friedman, some rights reserved (CC BY-NC)"
/Users/outman/workspace/personal/bioscan/data/inat/Fulica_americana/402089836_738055170.jpg,Fulica americana,inat,37.3437356307,-121.7161777372,2026-07-09T08:34:00-07:00,https://www.inaturalist.org/observations/402089836,bird,cc-by-nc,"(c) Howard Friedman, some rights reserved (CC BY-NC)"
/Users/outman/workspace/personal/bioscan/data/inat/Fulica_americana/402058968_738039406.jpg,Fulica americana,inat,33.8814891667,-118.3348841667,2026-09-20T10:19:50-07:00,https://www.inaturalist.org/observations/402058968,bird,cc-by-nc,"(c) kelsonv, some rights reserved (CC BY-NC)"
/Users/outman/workspace/personal/bioscan/data/inat/Fulica_americana/402058824_738039152.jpg,Fulica americana,inat,33.8828963889,-118.334865,2026-09-20T10:40:59-07:00,https://www.inaturalist.org/observations/402058824,bird,cc-by-nc,"(c) kelsonv, some rights reserved (CC BY-NC)"
/Users/outman/workspace/personal/bioscan/data/inat/Fulica_americana/402034906_737989588.jpg,Fulica americana,inat,37.5514786,-121.9620309,2026-09-20T16:19:33-07:00,https://www.inaturalist.org/observations/402034906,bird,cc-by-nc,"(c) Jasmine Tseng, some rights reserved (CC BY-NC)"
/Users/outman/workspace/personal/bioscan/data/inat/Fulica_americana/402033151_737985648.jpg,Fulica americana,inat,33.6569789,-117.8316019,2026-09-12T01:52:00-07:00,https://www.inaturalist.org/observations/402033151,bird,cc-by-nc,"(c) Mary Kay Van Sistine, some rights reserved (CC BY-NC)"
/Users/outman/workspace/personal/bioscan/data/inat/Fulica_americana/401975313_737434237.jpg,Fulica americana,inat,37.2198117348,-122.051597534,2026-07-08T09:13:00-07:00,https://www.inaturalist.org/observations/401975313,bird,cc-by-nc,"(c) Howard Friedman, some rights reserved (CC BY-NC)"
/Users/outman/workspace/personal/bioscan/data/inat/Larus_occidentalis/402654956_739206965.jpg,Larus occidentalis,inat,32.7355184885,-117.1519499636,2026-09-14T16:21:00-07:00,https://www.inaturalist.org/observations/402654956,bird,cc-by-nc,"(c) dumplingbug, some rights reserved (CC BY-NC)"
/Users/outman/workspace/personal/bioscan/data/inat/Larus_occidentalis/402654955_739206963.jpg,Larus occidentalis,inat,32.7355184885,-117.1519499636,2026-09-14T16:17:00-07:00,https://www.inaturalist.org/observations/402654955,bird,cc-by-nc,"(c) dumplingbug, some rights reserved (CC BY-NC)"
/Users/outman/workspace/personal/bioscan/data/inat/Larus_occidentalis/402654667_739210088.jpg,Larus occidentalis,inat,35.3412391365,-120.839769356,2026-08-28T13:02:18-07:00,https://www.inaturalist.org/observations/402654667,bird,cc-by-nc,"(c) Lexine Schroeder, some rights reserved (CC BY-NC)"
/Users/outman/workspace/personal/bioscan/data/inat/Larus_occidentalis/402652948_739207411.jpg,Larus occidentalis,inat,32.7039416667,-117.1644666667,2026-09-16T15:22:54-07:00,https://www.inaturalist.org/observations/402652948,bird,cc-by-nc,"(c) Eli Paolini, some rights reserved (CC BY-NC)"
/Users/outman/workspace/personal/bioscan/data/inat/Larus_occidentalis/402643944_739189962.jpg,Larus occidentalis,inat,37.8071366667,-122.439125,2026-09-21T16:48:00-07:00,https://www.inaturalist.org/observations/402643944,bird,cc-by-nc,"(c) mateoan, some rights reserved (CC BY-NC)"
/Users/outman/workspace/personal/bioscan/data/inat/Larus_occidentalis/402643895_739189752.jpg,Larus occidentalis,inat,37.8074283333,-122.436905,2026-09-21T16:43:33-07:00,https://www.inaturalist.org/observations/402643895,bird,cc-by-nc,"(c) mateoan, some rights reserved (CC BY-NC)"
/Users/outman/workspace/personal/bioscan/data/inat/Larus_occidentalis/402638609_739178501.jpg,Larus occidentalis,inat,38.735425,-123.4921416667,2022-07-18T12:16:00-07:00,https://www.inaturalist.org/observations/402638609,bird,cc-by-nc,"(c) greg3llis, some rights reserved (CC BY-NC)"
/Users/outman/workspace/personal/bioscan/data/inat/Larus_occidentalis/402635054_739169409.jpg,Larus occidentalis,inat,37.8954634939,-122.6398229462,2026-09-18T12:51:00-07:00,https://www.inaturalist.org/observations/402635054,bird,cc-by-nc,"(c) columbidaeperson, some rights reserved (CC BY-NC)"
/Users/outman/workspace/personal/bioscan/data/inat/Larus_occidentalis/402611968_739121826.jpg,Larus occidentalis,inat,32.8506057468,-117.2741163734,2026-09-06T11:59:00-07:00,https://www.inaturalist.org/observations/402611968,bird,cc-by-nc,"(c) jspaulding, some rights reserved (CC BY-NC)"
/Users/outman/workspace/personal/bioscan/data/inat/Larus_occidentalis/402611929_739121728.jpg,Larus occidentalis,inat,32.8474606586,-117.277820672,2026-09-06T11:44:00-07:00,https://www.inaturalist.org/observations/402611929,bird,cc-by-nc,"(c) jspaulding, some rights reserved (CC BY-NC)"
/Users/outman/workspace/personal/bioscan/data/inat/Larus_occidentalis/402590532_739074094.jpg,Larus occidentalis,inat,34.0170283333,-119.3614883333,2026-09-13T08:42:00-07:00,https://www.inaturalist.org/observations/402590532,bird,cc-by-nc,"(c) Jeff Fenwick, some rights reserved (CC BY-NC)"
/Users/outman/workspace/personal/bioscan/data/inat/Larus_occidentalis/402588430_739076319.jpg,Larus occidentalis,inat,37.7802847,-122.4134844997,2026-09-22T13:30:33-07:00,https://www.inaturalist.org/observations/402588430,bird,cc-by-nc,"(c) laurelrf, some rights reserved (CC BY-NC)"
/Users/outman/workspace/personal/bioscan/data/inat/Larus_occidentalis/402532937_738967609.jpg,Larus occidentalis,inat,32.8475953434,-117.277937873,2026-09-20T17:25:00-07:00,https://www.inaturalist.org/observations/402532937,bird,cc-by-nc,"(c) leptailurus, some rights reserved (CC BY-NC)"
/Users/outman/workspace/personal/bioscan/data/inat/Larus_occidentalis/402524500_738951051.jpg,Larus occidentalis,inat,34.0321617747,-118.6813930319,2026-09-22T08:55:41-07:00,https://www.inaturalist.org/observations/402524500,bird,cc-by-nc,"(c) Noah Casey, some rights reserved (CC BY-NC)"
/Users/outman/workspace/personal/bioscan/data/inat/Larus_occidentalis/402522289_738946497.jpg,Larus occidentalis,inat,33.8059883056,-117.9209976111,2026-09-22T11:13:52-07:00,https://www.inaturalist.org/observations/402522289,bird,cc-by-nc,"(c) yellowbellymarmot, some rights reserved (CC BY-NC)"
/Users/outman/workspace/personal/bioscan/data/inat/Larus_occidentalis/402483247_738873506.jpg,Larus occidentalis,inat,32.7261619568,-117.2025222778,2026-09-22T08:48:12-07:00,https://www.inaturalist.org/observations/402483247,bird,cc-by-nc,"(c) jmitchell97, some rights reserved (CC BY-NC)"
/Users/outman/workspace/personal/bioscan/data/inat/Larus_occidentalis/402435073_738782593.jpg,Larus occidentalis,inat,37.8112624997,-122.410831,2026-09-17T09:53:27-07:00,https://www.inaturalist.org/observations/402435073,bird,cc-by-nc,"(c) Rosie B, some rights reserved (CC BY-NC)"
/Users/outman/workspace/personal/bioscan/data/inat/Larus_occidentalis/402407335_738729729.jpg,Larus occidentalis,inat,40.805804,-124.169183,2021-09-08T17:48:59-07:00,https://www.inaturalist.org/observations/402407335,bird,cc-by-nc,"(c) Roman Blinov, some rights reserved (CC BY-NC)"
/Users/outman/workspace/personal/bioscan/data/inat/Larus_occidentalis/402373627_738660704.jpg,Larus occidentalis,inat,34.031529875,-118.6824230617,2026-09-20T07:53:00-07:00,https://www.inaturalist.org/observations/402373627,bird,cc0,no rights reserved
/Users/outman/workspace/personal/bioscan/data/inat/Larus_occidentalis/402370588_738655543.jpg,Larus occidentalis,inat,36.94955,-122.0488971667,2026-09-20T16:02:14-07:00,https://www.inaturalist.org/observations/402370588,bird,cc-by-nc,"(c) micah, some rights reserved (CC BY-NC)"
/Users/outman/workspace/personal/bioscan/data/inat/Larus_occidentalis/402366189_738647266.jpg,Larus occidentalis,inat,33.8391916667,-118.3916416667,2026-04-12T15:02:14-07:00,https://www.inaturalist.org/observations/402366189,bird,cc-by-nc,"(c) Lucy P, some rights reserved (CC BY-NC)"
/Users/outman/workspace/personal/bioscan/data/inat/Larus_occidentalis/402361673_738637255.jpg,Larus occidentalis,inat,33.9614280194,-118.4558807815,2026-09-21T16:45:00-07:00,https://www.inaturalist.org/observations/402361673,bird,cc-by-nc,"(c) Tom, some rights reserved (CC BY-NC)"
/Users/outman/workspace/personal/bioscan/data/inat/Larus_occidentalis/402361321_738637257.jpg,Larus occidentalis,inat,36.6255716667,-121.9167716667,2025-08-12T16:47:15-07:00,https://www.inaturalist.org/observations/402361321,bird,cc-by-nc,"(c) a01985378, some rights reserved (CC BY-NC)"
/Users/outman/workspace/personal/bioscan/data/inat/Larus_occidentalis/402355613_738626095.jpg,Larus occidentalis,inat,37.8337655702,-122.4747961798,2026-09-21T17:54:56-07:00,https://www.inaturalist.org/observations/402355613,bird,cc-by-nc,"(c) Nathan Green, some rights reserved (CC BY-NC)"
/Users/outman/workspace/personal/bioscan/data/inat/Larus_occidentalis/402347675_738609450.jpg,Larus occidentalis,inat,37.8331975944,-122.4802454722,2026-09-18T11:16:00-07:00,https://www.inaturalist.org/observations/402347675,bird,cc-by-nc,"(c) columbidaeperson, some rights reserved (CC BY-NC)"
/Users/outman/workspace/personal/bioscan/data/inat/Sayornis_nigricans/402653558_739208443.jpg,Sayornis nigricans,inat,34.1072166667,-118.2475366667,2026-09-21T15:42:06-07:00,https://www.inaturalist.org/observations/402653558,bird,cc-by-nc,"(c) karmarelo, some rights reserved (CC BY-NC)"
/Users/outman/workspace/personal/bioscan/data/inat/Sayornis_nigricans/402645207_739192715.jpg,Sayornis nigricans,inat,37.4203033333,-121.980775,2026-09-22T18:18:15-07:00,https://www.inaturalist.org/observations/402645207,bird,cc-by-nc,"(c) starriels, some rights reserved (CC BY-NC)"
/Users/outman/workspace/personal/bioscan/data/inat/Sayornis_nigricans/402640921_739183563.jpg,Sayornis nigricans,inat,38.0229221667,-122.140725,2026-09-22T18:27:01-07:00,https://www.inaturalist.org/observations/402640921,bird,cc-by-nc,"(c) gina_christophersen, some rights reserved (CC BY-NC)"
/Users/outman/workspace/personal/bioscan/data/inat/Sayornis_nigricans/402636431_739172893.jpg,Sayornis nigricans,inat,38.5411571654,-121.5010342185,2026-09-19T09:23:00-07:00,https://www.inaturalist.org/observations/402636431,bird,cc-by-nc,"(c) Roslyn Mack Bell, some rights reserved (CC BY-NC)"
/Users/outman/workspace/personal/bioscan/data/inat/Sayornis_nigricans/402634987_739161178.jpg,Sayornis nigricans,inat,37.8953268405,-122.6389875065,2026-09-18T12:33:00-07:00,https://www.inaturalist.org/observations/402634987,bird,cc-by-nc,"(c) columbidaeperson, some rights reserved (CC BY-NC)"
/Users/outman/workspace/personal/bioscan/data/inat/Sayornis_nigricans/402625879_739152869.jpg,Sayornis nigricans,inat,34.1059695024,-117.709795,2026-09-22T18:44:00-07:00,https://www.inaturalist.org/observations/402625879,bird,cc-by-nc,"(c) minusculerock, some rights reserved (CC BY-NC)"
/Users/outman/workspace/personal/bioscan/data/inat/Sayornis_nigricans/402625508_739151713.jpg,Sayornis nigricans,inat,33.6569789,-117.8316019,2026-09-12T02:22:00-07:00,https://www.inaturalist.org/observations/402625508,bird,cc-by-nc,"(c) Mary Kay Van Sistine, some rights reserved (CC BY-NC)"
/Users/outman/workspace/personal/bioscan/data/inat/Sayornis_nigricans/402618641_739137515.jpg,Sayornis nigricans,inat,37.3110593745,-121.8784456232,2026-09-22T18:08:46-07:00,https://www.inaturalist.org/observations/402618641,bird,cc-by-nc,"(c) joescience1, some rights reserved (CC BY-NC)"
/Users/outman/workspace/personal/bioscan/data/inat/Sayornis_nigricans/402611930_739121722.jpg,Sayornis nigricans,inat,32.8474606586,-117.277820672,2026-09-06T11:44:00-07:00,https://www.inaturalist.org/observations/402611930,bird,cc-by-nc,"(c) jspaulding, some rights reserved (CC BY-NC)"
/Users/outman/workspace/personal/bioscan/data/inat/Sayornis_nigricans/402610307_739120234.jpg,Sayornis nigricans,inat,33.977555,-117.32273,2026-09-22T16:58:03-07:00,https://www.inaturalist.org/observations/402610307,bird,cc-by-nc,"(c) calvin, some rights reserved (CC BY-NC)"
/Users/outman/workspace/personal/bioscan/data/inat/Sayornis_nigricans/402607576_739114390.jpg,Sayornis nigricans,inat,33.7463533333,-118.4127283333,2026-09-21T11:23:14-07:00,https://www.inaturalist.org/observations/402607576,bird,cc-by-nc,"(c) Keith P, some rights reserved (CC BY-NC)"
/Users/outman/workspace/personal/bioscan/data/inat/Sayornis_nigricans/402606446_739112197.jpg,Sayornis nigricans,inat,37.7979383333,-122.4513466667,2026-09-22T13:23:05-07:00,https://www.inaturalist.org/observations/402606446,bird,cc-by-nc,"(c) Gillian Houston, some rights reserved (CC BY-NC)"
/Users/outman/workspace/personal/bioscan/data/inat/Sayornis_nigricans/402592779_739081456.jpg,Sayornis nigricans,inat,38.2657318,-121.43927,2026-09-22T08:27:00-07:00,https://www.inaturalist.org/observations/402592779,bird,cc-by-nc,"(c) Karen Skelton, some rights reserved (CC BY-NC)"
/Users/outman/workspace/personal/bioscan/data/inat/Sayornis_nigricans/402585199_739070315.jpg,Sayornis nigricans,inat,34.0095216428,-118.1153269485,2026-09-21T16:46:49-07:00,https://www.inaturalist.org/observations/402585199,bird,cc-by-nc,"(c) boazsolorio, some rights reserved (CC BY-NC)"
/Users/outman/workspace/personal/bioscan/data/inat/Sayornis_nigricans/402583411_739067160.jpg,Sayornis nigricans,inat,34.0107759107,-118.1152411178,2026-09-21T16:01:30-07:00,https://www.inaturalist.org/observations/402583411,bird,cc-by-nc,"(c) boazsolorio, some rights reserved (CC BY-NC)"
/Users/outman/workspace/personal/bioscan/data/inat/Sayornis_nigricans/402579973_739059492.jpg,Sayornis nigricans,inat,35.504505,-120.6690133333,2026-09-21T18:27:10-07:00,https://www.inaturalist.org/observations/402579973,bird,cc-by-nc,"(c) jaxonmiranda, some rights reserved (CC BY-NC)"
/Users/outman/workspace/personal/bioscan/data/inat/Sayornis_nigricans/402569182_739030444.jpg,Sayornis nigricans,inat,34.3101345522,-118.5145276823,2026-09-22T09:39:00-07:00,https://www.inaturalist.org/observations/402569182,bird,cc-by-nc,"(c) dlbowls, some rights reserved (CC BY-NC)"
/Users/outman/workspace/personal/bioscan/data/inat/Sayornis_nigricans/402564646_739025098.jpg,Sayornis nigricans,inat,37.3518186194,-121.9416229604,2026-09-22T10:03:00-07:00,https://www.inaturalist.org/observations/402564646,bird,cc-by-nc,"(c) Elliot W, some rights reserved (CC BY-NC)"
/Users/outman/workspace/personal/bioscan/data/inat/Sayornis_nigricans/402564492_739142078.jpg,Sayornis nigricans,inat,33.6747569444,-117.9385357143,2026-09-22T12:12:32-07:00,https://www.inaturalist.org/observations/402564492,bird,cc-by-nc,"(c) Jared, some rights reserved (CC BY-NC)"
/Users/outman/workspace/personal/bioscan/data/inat/Sayornis_nigricans/402563664_739026639.jpg,Sayornis nigricans,inat,34.0543933318,-118.1419244036,2026-09-21T09:54:00-07:00,https://www.inaturalist.org/observations/402563664,bird,cc-by-nc,"(c) boazsolorio, some rights reserved (CC BY-NC)"
/Users/outman/workspace/personal/bioscan/data/inat/Sayornis_nigricans/402548715_738996437.jpg,Sayornis nigricans,inat,39.9499387129,-123.9708980817,2025-06-28T23:52:00-07:00,https://www.inaturalist.org/observations/402548715,bird,cc-by-nc,"(c) Shashank Uma Deepak, some rights reserved (CC BY-NC)"
/Users/outman/workspace/personal/bioscan/data/inat/Sayornis_nigricans/402535539_738972723.jpg,Sayornis nigricans,inat,37.8699833333,-122.26088,2026-09-01T16:27:32-07:00,https://www.inaturalist.org/observations/402535539,bird,cc-by-nc,"(c) Zhuoran Xiang, some rights reserved (CC BY-NC)"
/Users/outman/workspace/personal/bioscan/data/inat/Sayornis_nigricans/402501462_738903931.jpg,Sayornis nigricans,inat,33.7037519881,-118.0042388047,2026-09-21T09:36:00-07:00,https://www.inaturalist.org/observations/402501462,bird,cc-by-nc,"(c) Tou Mik, some rights reserved (CC BY-NC)"
/Users/outman/workspace/personal/bioscan/data/inat/Sayornis_nigricans/402496280_738896399.jpg,Sayornis nigricans,inat,35.3683821407,-120.8653030981,2026-09-12T09:37:00-07:00,https://www.inaturalist.org/observations/402496280,bird,cc-by-nc,"(c) skreling, some rights reserved (CC BY-NC)"
/Users/outman/workspace/personal/bioscan/data/inat/Sayornis_nigricans/402488114_738882458.jpg,Sayornis nigricans,inat,33.5462614251,-117.705961881,2026-09-21T12:10:00-07:00,https://www.inaturalist.org/observations/402488114,bird,cc-by-nc,"(c) mooseandsquirrel, some rights reserved (CC BY-NC)"
/Users/outman/workspace/personal/bioscan/data/inat/Calypte_anna/402654516_739209867.jpg,Calypte anna,inat,37.2682393838,-121.8752639741,2026-09-21T18:54:23-07:00,https://www.inaturalist.org/observations/402654516,bird,cc-by-nc,"(c) caronen, some rights reserved (CC BY-NC)"
/Users/outman/workspace/personal/bioscan/data/inat/Calypte_anna/402625281_739146551.jpg,Calypte anna,inat,38.578009045,-121.4588384923,2026-09-22T07:51:00-07:00,https://www.inaturalist.org/observations/402625281,bird,cc-by-nc,"(c) rmyoshihara, some rights reserved (CC BY-NC)"
/Users/outman/workspace/personal/bioscan/data/inat/Calypte_anna/402615280_739120065.jpg,Calypte anna,inat,37.263771345,-122.0101626935,2026-09-21T13:38:00-07:00,https://www.inaturalist.org/observations/402615280,bird,cc-by-nc,"(c) joesjoes20, some rights reserved (CC BY-NC)"
/Users/outman/workspace/personal/bioscan/data/inat/Calypte_anna/402564598_739024846.jpg,Calypte anna,inat,37.3493556135,-121.9401447259,2026-09-22T07:45:00-07:00,https://www.inaturalist.org/observations/402564598,bird,cc-by-nc,"(c) Elliot W, some rights reserved (CC BY-NC)"
/Users/outman/workspace/personal/bioscan/data/inat/Calypte_anna/402558740_739013272.jpg,Calypte anna,inat,37.9673289996,-122.2675790891,2026-09-22T10:25:00-07:00,https://www.inaturalist.org/observations/402558740,bird,cc-by-nc,"(c) Michael Warner, some rights reserved (CC BY-NC)"
/Users/outman/workspace/personal/bioscan/data/inat/Calypte_anna/402558739_739013317.jpg,Calypte anna,inat,37.9663357867,-122.2675615196,2026-09-22T10:33:00-07:00,https://www.inaturalist.org/observations/402558739,bird,cc-by-nc,"(c) Michael Warner, some rights reserved (CC BY-NC)"
/Users/outman/workspace/personal/bioscan/data/inat/Calypte_anna/402558682_739012957.jpg,Calypte anna,inat,37.9673289996,-122.2675790891,2026-09-22T09:41:00-07:00,https://www.inaturalist.org/observations/402558682,bird,cc-by-nc,"(c) Michael Warner, some rights reserved (CC BY-NC)"
/Users/outman/workspace/personal/bioscan/data/inat/Calypte_anna/402545294_738982862.jpg,Calypte anna,inat,37.3349572448,-121.8034044222,2026-09-22T12:16:00-07:00,https://www.inaturalist.org/observations/402545294,bird,cc-by-nc,"(c) Sushanta Bhandarkar, some rights reserved (CC BY-NC)"
/Users/outman/workspace/personal/bioscan/data/inat/Calypte_anna/402522800_738947411.jpg,Calypte anna,inat,37.2592666667,-121.8385638889,2026-09-22T09:28:07-07:00,https://www.inaturalist.org/observations/402522800,bird,cc-by-nc,"(c) aparnabeeseeker, some rights reserved (CC BY-NC)"
/Users/outman/workspace/personal/bioscan/data/inat/Calypte_anna/402522735_738947292.jpg,Calypte anna,inat,37.2600611111,-121.8387527778,2026-09-22T09:42:07-07:00,https://www.inaturalist.org/observations/402522735,bird,cc-by-nc,"(c) aparnabeeseeker, some rights reserved (CC BY-NC)"
/Users/outman/workspace/personal/bioscan/data/inat/Calypte_anna/402512569_738928189.jpg,Calypte anna,inat,34.440525,-119.7151716667,2026-09-22T10:18:12-07:00,https://www.inaturalist.org/observations/402512569,bird,cc-by-nc,"(c) Skye Dameron, some rights reserved (CC BY-NC)"
/Users/outman/workspace/personal/bioscan/data/inat/Calypte_anna/402505075_738914172.jpg,Calypte anna,inat,34.4403083333,-119.7160866667,2026-09-21T12:25:40-07:00,https://www.inaturalist.org/observations/402505075,bird,cc-by-nc,"(c) Skye Dameron, some rights reserved (CC BY-NC)"
/Users/outman/workspace/personal/bioscan/data/inat/Calypte_anna/402501501_738904112.jpg,Calypte anna,inat,33.7037519881,-118.0042388047,2026-09-21T10:44:00-07:00,https://www.inaturalist.org/observations/402501501,bird,cc-by-nc,"(c) Tou Mik, some rights reserved (CC BY-NC)"
/Users/outman/workspace/personal/bioscan/data/inat/Calypte_anna/402470875_738850465.jpg,Calypte anna,inat,37.2734710419,-121.9032882508,2026-09-19T14:44:00-07:00,https://www.inaturalist.org/observations/402470875,bird,cc-by-nc,"(c) sm-almaden, some rights reserved (CC BY-NC)"
/Users/outman/workspace/personal/bioscan/data/inat/Calypte_anna/402373943_738659201.jpg,Calypte anna,inat,37.2651223785,-122.0088005628,2026-09-17T16:37:00-07:00,https://www.inaturalist.org/observations/402373943,bird,cc-by-nc,"(c) Sarah Coty, some rights reserved (CC BY-NC)"
/Users/outman/workspace/personal/bioscan/data/inat/Calypte_anna/402373805_738662968.jpg,Calypte anna,inat,37.664505,-121.8995883333,2026-09-21T18:39:44-07:00,https://www.inaturalist.org/observations/402373805,bird,cc-by,"(c) Irina Mitine, some rights reserved (CC BY)"
/Users/outman/workspace/personal/bioscan/data/inat/Calypte_anna/402367219_738648680.jpg,Calypte anna,inat,37.5857753929,-122.3169559219,2026-09-21T10:49:00-07:00,https://www.inaturalist.org/observations/402367219,bird,cc-by-nc,"(c) Donna Pomeroy, some rights reserved (CC BY-NC)"
/Users/outman/workspace/personal/bioscan/data/inat/Calypte_anna/402322108_738556571.jpg,Calypte anna,inat,38.2516866667,-121.98262,2026-09-21T16:25:31-07:00,https://www.inaturalist.org/observations/402322108,bird,cc-by-nc,"(c) Silverado Jim, some rights reserved (CC BY-NC)"
/Users/outman/workspace/personal/bioscan/data/inat/Calypte_anna/402321526_738555511.jpg,Calypte anna,inat,33.6051723063,-116.439074716,2026-09-21T06:58:30-07:00,https://www.inaturalist.org/observations/402321526,bird,cc-by-nc,"(c) dalemeister, some rights reserved (CC BY-NC)"
/Users/outman/workspace/personal/bioscan/data/inat/Calypte_anna/402317191_738546426.jpg,Calypte anna,inat,37.9663856458,-122.2678549697,2026-09-21T11:29:00-07:00,https://www.inaturalist.org/observations/402317191,bird,cc-by-nc,"(c) Michael Warner, some rights reserved (CC BY-NC)"
/Users/outman/workspace/personal/bioscan/data/inat/Calypte_anna/402317187_738546405.jpg,Calypte anna,inat,37.9663856458,-122.2678549697,2026-09-21T11:24:00-07:00,https://www.inaturalist.org/observations/402317187,bird,cc-by-nc,"(c) Michael Warner, some rights reserved (CC BY-NC)"
/Users/outman/workspace/personal/bioscan/data/inat/Calypte_anna/402307817_738527932.jpg,Calypte anna,inat,37.9528455935,-122.4928885152,2026-09-21T15:01:42-07:00,https://www.inaturalist.org/observations/402307817,bird,cc-by-nc,"(c) vivie-taylor1, some rights reserved (CC BY-NC)"
/Users/outman/workspace/personal/bioscan/data/inat/Calypte_anna/402286094_738484839.jpg,Calypte anna,inat,37.3405783333,-121.8482583333,2026-09-19T10:27:16-07:00,https://www.inaturalist.org/observations/402286094,bird,cc0,no rights reserved
/Users/outman/workspace/personal/bioscan/data/inat/Calypte_anna/402274859_738461711.jpg,Calypte anna,inat,33.6052346185,-116.4391678361,2026-09-20T08:00:08-07:00,https://www.inaturalist.org/observations/402274859,bird,cc-by-nc,"(c) dalemeister, some rights reserved (CC BY-NC)"
/Users/outman/workspace/personal/bioscan/data/inat/Calypte_anna/402228878_738371984.jpg,Calypte anna,inat,37.3794333333,-122.0823528333,2026-09-21T09:59:01-07:00,https://www.inaturalist.org/observations/402228878,bird,cc-by-nc,"(c) lisaschleicher, some rights reserved (CC BY-NC)"
/Users/outman/workspace/personal/bioscan/data/inat/Zonotrichia_leucophrys/402656982_739214433.jpg,Zonotrichia leucophrys,inat,38.1190195,-122.94487,2026-09-22T13:27:48-07:00,https://www.inaturalist.org/observations/402656982,bird,cc0,no rights reserved
/Users/outman/workspace/personal/bioscan/data/inat/Zonotrichia_leucophrys/402652300_739206020.jpg,Zonotrichia leucophrys,inat,37.4665024266,-121.8746939012,2026-09-22T11:17:00-07:00,https://www.inaturalist.org/observations/402652300,bird,cc-by-nc,"(c) Charlie L, some rights reserved (CC BY-NC)"
/Users/outman/workspace/personal/bioscan/data/inat/Zonotrichia_leucophrys/402643362_739188037.jpg,Zonotrichia leucophrys,inat,32.875434,-116.46685,2026-09-22T08:38:00-07:00,https://www.inaturalist.org/observations/402643362,bird,cc-by-nc,"(c) kingsgate, some rights reserved (CC BY-NC)"
/Users/outman/workspace/personal/bioscan/data/inat/Zonotrichia_leucophrys/402637813_739176433.jpg,Zonotrichia leucophrys,inat,32.8750808633,-116.4649434383,2026-09-22T09:31:00-07:00,https://www.inaturalist.org/observations/402637813,bird,cc-by-nc,"(c) kingsgate, some rights reserved (CC BY-NC)"
/Users/outman/workspace/personal/bioscan/data/inat/Zonotrichia_leucophrys/402637811_739176423.jpg,Zonotrichia leucophrys,inat,32.87509678,-116.4649374217,2026-09-22T09:33:00-07:00,https://www.inaturalist.org/observations/402637811,bird,cc-by-nc,"(c) kingsgate, some rights reserved (CC BY-NC)"
/Users/outman/workspace/personal/bioscan/data/inat/Zonotrichia_leucophrys/402637695_739176303.jpg,Zonotrichia leucophrys,inat,38.641489745,-121.7254902867,2026-09-22T18:27:00-07:00,https://www.inaturalist.org/observations/402637695,bird,cc-by-nc,"(c) Alex, some rights reserved (CC BY-NC)"
/Users/outman/workspace/personal/bioscan/data/inat/Zonotrichia_leucophrys/402631945_739162754.jpg,Zonotrichia leucophrys,inat,38.5515298298,-121.2324976264,2026-09-22,https://www.inaturalist.org/observations/402631945,bird,cc-by-nc,"(c) abcdefgewing, some rights reserved (CC BY-NC)"
/Users/outman/workspace/personal/bioscan/data/inat/Zonotrichia_leucophrys/402619181_739137428.jpg,Zonotrichia leucophrys,inat,37.9681519573,-122.2685176157,2026-09-22T17:45:00-07:00,https://www.inaturalist.org/observations/402619181,bird,cc-by-nc,"(c) Michael Warner, some rights reserved (CC BY-NC)"
/Users/outman/workspace/personal/bioscan/data/inat/Zonotrichia_leucophrys/402616654_739133034.jpg,Zonotrichia leucophrys,inat,37.7234716667,-122.4797883333,2026-09-21T08:58:40-07:00,https://www.inaturalist.org/observations/402616654,bird,cc-by-nc,"(c) ronfrog66, some rights reserved (CC BY-NC)"
/Users/outman/workspace/personal/bioscan/data/inat/Zonotrichia_leucophrys/402580714_739060951.jpg,Zonotrichia leucophrys,inat,40.6835439973,-124.2672770801,2026-09-20T12:11:01-07:00,https://www.inaturalist.org/observations/402580714,bird,cc-by-nc,"(c) Bob Ferris, some rights reserved (CC BY-NC)"
/Users/outman/workspace/personal/bioscan/data/inat/Zonotrichia_leucophrys/402524461_738950985.jpg,Zonotrichia leucophrys,inat,37.2592666667,-121.8385638889,2026-09-22T09:20:48-07:00,https://www.inaturalist.org/observations/402524461,bird,cc-by-nc,"(c) aparnabeeseeker, some rights reserved (CC BY-NC)"
/Users/outman/workspace/personal/bioscan/data/inat/Zonotrichia_leucophrys/402523532_738948747.jpg,Zonotrichia leucophrys,inat,37.2592666667,-121.8385638889,2026-09-22T09:22:10-07:00,https://www.inaturalist.org/observations/402523532,bird,cc-by-nc,"(c) aparnabeeseeker, some rights reserved (CC BY-NC)"
/Users/outman/workspace/personal/bioscan/data/inat/Zonotrichia_leucophrys/402510015_738922790.jpg,Zonotrichia leucophrys,inat,34.1548878847,-118.2816638733,2026-09-21T11:16:00-07:00,https://www.inaturalist.org/observations/402510015,bird,cc-by-nc,"(c) gregslak, some rights reserved (CC BY-NC)"
/Users/outman/workspace/personal/bioscan/data/inat/Zonotrichia_leucophrys/402502552_738905079.jpg,Zonotrichia leucophrys,inat,37.8515565636,-122.2967460923,2026-09-19T09:02:00-07:00,https://www.inaturalist.org/observations/402502552,bird,cc-by,"(c) Hydrocycler (Elizabeth Dougherty), some rights reserved (CC BY)"
/Users/outman/workspace/personal/bioscan/data/inat/Zonotrichia_leucophrys/402453178_738817888.jpg,Zonotrichia leucophrys,inat,41.1102222552,-121.4713263192,2026-09-13T17:00:02-07:00,https://www.inaturalist.org/observations/402453178,bird,cc-by-nc,"(c) jrmorris, some rights reserved (CC BY-NC)"
/Users/outman/workspace/personal/bioscan/data/inat/Zonotrichia_leucophrys/402384498_738684804.jpg,Zonotrichia leucophrys,inat,41.1110612261,-121.4696280154,2026-09-13T17:14:28-07:00,https://www.inaturalist.org/observations/402384498,bird,cc-by-nc,"(c) jrmorris, some rights reserved (CC BY-NC)"
/Users/outman/workspace/personal/bioscan/data/inat/Zonotrichia_leucophrys/402375521_738665960.jpg,Zonotrichia leucophrys,inat,36.8867526,-121.8325358,2026-09-19T11:15:00-07:00,https://www.inaturalist.org/observations/402375521,bird,cc-by-nc,"(c) Sarah Coty, some rights reserved (CC BY-NC)"
/Users/outman/workspace/personal/bioscan/data/inat/Zonotrichia_leucophrys/402374407_738663952.jpg,Zonotrichia leucophrys,inat,37.4103259437,-121.7994337278,2026-09-21T09:31:00-07:00,https://www.inaturalist.org/observations/402374407,bird,cc-by-nc,"(c) edwardrooks, some rights reserved (CC BY-NC)"
/Users/outman/workspace/personal/bioscan/data/inat/Zonotrichia_leucophrys/402374256_738663709.jpg,Zonotrichia leucophrys,inat,33.8365786761,-118.0948027231,2026-09-21T16:25:12-07:00,https://www.inaturalist.org/observations/402374256,bird,cc-by-nc,"(c) hal r, some rights reserved (CC BY-NC)"
/Users/outman/workspace/personal/bioscan/data/inat/Zonotrichia_leucophrys/402367224_738648700.jpg,Zonotrichia leucophrys,inat,37.5857753929,-122.3169559219,2026-09-21T10:56:00-07:00,https://www.inaturalist.org/observations/402367224,bird,cc-by-nc,"(c) Donna Pomeroy, some rights reserved (CC BY-NC)"
/Users/outman/workspace/personal/bioscan/data/inat/Zonotrichia_leucophrys/402340364_738592425.jpg,Zonotrichia leucophrys,inat,37.5872676,-122.3191012,2026-09-20T09:24:00-07:00,https://www.inaturalist.org/observations/402340364,bird,cc-by,"(c) Lisa Biasillo, some rights reserved (CC BY)"
/Users/outman/workspace/personal/bioscan/data/inat/Zonotrichia_leucophrys/402308188_738526946.jpg,Zonotrichia leucophrys,inat,37.3317908154,-121.9287066144,2026-09-21T11:00:00-07:00,https://www.inaturalist.org/observations/402308188,bird,cc-by-nc,"(c) Sushanta Bhandarkar, some rights reserved (CC BY-NC)"
/Users/outman/workspace/personal/bioscan/data/inat/Zonotrichia_leucophrys/402299554_738511758.jpg,Zonotrichia leucophrys,inat,38.51605,-121.6116416667,2026-09-20T15:39:00-07:00,https://www.inaturalist.org/observations/402299554,bird,cc-by,"(c) Jonathan Eisen, some rights reserved (CC BY)"
/Users/outman/workspace/personal/bioscan/data/inat/Zonotrichia_leucophrys/402276968_738465790.jpg,Zonotrichia leucophrys,inat,37.9681167278,-122.268527409,2026-09-21T10:48:00-07:00,https://www.inaturalist.org/observations/402276968,bird,cc-by-nc,"(c) Michael Warner, some rights reserved (CC BY-NC)"
/Users/outman/workspace/personal/bioscan/data/inat/Zonotrichia_leucophrys/402276959_738465747.jpg,Zonotrichia leucophrys,inat,37.9681167278,-122.268527409,2026-09-21T10:45:00-07:00,https://www.inaturalist.org/observations/402276959,bird,cc-by-nc,"(c) Michael Warner, some rights reserved (CC BY-NC)"
/Users/outman/workspace/personal/bioscan/data/inat/Melozone_crissalis/402655586_739182404.jpg,Melozone crissalis,inat,33.7808594996,-117.6686167151,2026-09-20T15:28:00-07:00,https://www.inaturalist.org/observations/402655586,bird,cc-by,"(c) Gavin Skeen, some rights reserved (CC BY)"
/Users/outman/workspace/personal/bioscan/data/inat/Melozone_crissalis/402655486_739181799.jpg,Melozone crissalis,inat,33.7808594996,-117.6686167151,2026-09-20T14:14:00-07:00,https://www.inaturalist.org/observations/402655486,bird,cc-by,"(c) Gavin Skeen, some rights reserved (CC BY)"
/Users/outman/workspace/personal/bioscan/data/inat/Melozone_crissalis/402647372_739196527.jpg,Melozone crissalis,inat,33.1192068,-117.086421,2026-09-22T16:35:00-07:00,https://www.inaturalist.org/observations/402647372,bird,cc-by-nc,"(c) Steve Kaye, some rights reserved (CC BY-NC)"
/Users/outman/workspace/personal/bioscan/data/inat/Melozone_crissalis/402637660_739176527.jpg,Melozone crissalis,inat,34.0657278333,-118.4403383333,2026-09-21T16:14:58-07:00,https://www.inaturalist.org/observations/402637660,bird,cc-by-nc,"(c) Amanda Bueno-Kling, some rights reserved (CC BY-NC)"
/Users/outman/workspace/personal/bioscan/data/inat/Melozone_crissalis/402608793_739023610.jpg,Melozone crissalis,inat,33.0110339414,-117.2452352794,2026-09-22T10:00:00-07:00,https://www.inaturalist.org/observations/402608793,bird,cc-by-nc,"(c) poeticdog, some rights reserved (CC BY-NC)"
/Users/outman/workspace/personal/bioscan/data/inat/Melozone_crissalis/402607848_739108590.jpg,Melozone crissalis,inat,37.2593068872,-121.8389296719,2026-09-22T10:30:00-07:00,https://www.inaturalist.org/observations/402607848,bird,cc-by-nc,"(c) joesjoes20, some rights reserved (CC BY-NC)"
/Users/outman/workspace/personal/bioscan/data/inat/Melozone_crissalis/402607698_739114708.jpg,Melozone crissalis,inat,33.7461866667,-118.4126666667,2026-09-21T11:21:14-07:00,https://www.inaturalist.org/observations/402607698,bird,cc-by-nc,"(c) Keith P, some rights reserved (CC BY-NC)"
/Users/outman/workspace/personal/bioscan/data/inat/Melozone_crissalis/402557371_739008152.jpg,Melozone crissalis,inat,32.7759419257,-117.0718576308,2026-09-22T08:00:00-07:00,https://www.inaturalist.org/observations/402557371,bird,cc0,no rights reserved
/Users/outman/workspace/personal/bioscan/data/inat/Melozone_crissalis/402538152_738977903.jpg,Melozone crissalis,inat,37.641,-121.7764966667,2026-09-20T17:26:21-07:00,https://www.inaturalist.org/observations/402538152,bird,cc-by,"(c) Irina Mitine, some rights reserved (CC BY)"
/Users/outman/workspace/personal/bioscan/data/inat/Melozone_crissalis/402535513_738972686.jpg,Melozone crissalis,inat,37.8710393048,-122.2603435889,2026-09-09T20:47:28-07:00,https://www.inaturalist.org/observations/402535513,bird,cc-by-nc,"(c) Turbo Tu, some rights reserved (CC BY-NC)"
/Users/outman/workspace/personal/bioscan/data/inat/Melozone_crissalis/402525405_738952892.jpg,Melozone crissalis,inat,34.0713805556,-118.1886027778,2026-09-20T10:29:21-07:00,https://www.inaturalist.org/observations/402525405,bird,cc-by-nc,"(c) JM, some rights reserved (CC BY-NC)"
/Users/outman/workspace/personal/bioscan/data/inat/Melozone_crissalis/402520267_738942043.jpg,Melozone crissalis,inat,37.4055233333,-121.95304,2026-09-21T14:54:00-07:00,https://www.inaturalist.org/observations/402520267,bird,cc-by-nc,"(c) David H. Gleit, some rights reserved (CC BY-NC)"
/Users/outman/workspace/personal/bioscan/data/inat/Melozone_crissalis/402376330_738667613.jpg,Melozone crissalis,inat,34.0744306478,-118.454714484,2026-09-08T11:58:00-07:00,https://www.inaturalist.org/observations/402376330,bird,cc0,no rights reserved
/Users/outman/workspace/personal/bioscan/data/inat/Melozone_crissalis/402373893_738663076.jpg,Melozone crissalis,inat,37.4103259437,-121.7994337278,2026-09-21T09:12:00-07:00,https://www.inaturalist.org/observations/402373893,bird,cc-by-nc,"(c) edwardrooks, some rights reserved (CC BY-NC)"
/Users/outman/workspace/personal/bioscan/data/inat/Melozone_crissalis/402367803_738650236.jpg,Melozone crissalis,inat,33.51232,-117.7478533333,2026-09-16T17:11:00-07:00,https://www.inaturalist.org/observations/402367803,bird,cc-by,"(c) Jonathan Eisen, some rights reserved (CC BY)"
/Users/outman/workspace/personal/bioscan/data/inat/Melozone_crissalis/402367790_738650113.jpg,Melozone crissalis,inat,33.5121138981,-117.7482655219,2026-09-16T07:14:00-07:00,https://www.inaturalist.org/observations/402367790,bird,cc-by,"(c) Jonathan Eisen, some rights reserved (CC BY)"
/Users/outman/workspace/personal/bioscan/data/inat/Melozone_crissalis/402367214_738648679.jpg,Melozone crissalis,inat,37.5857753929,-122.3169559219,2026-09-21T10:42:00-07:00,https://www.inaturalist.org/observations/402367214,bird,cc-by-nc,"(c) Donna Pomeroy, some rights reserved (CC BY-NC)"
/Users/outman/workspace/personal/bioscan/data/inat/Melozone_crissalis/402366095_738645660.jpg,Melozone crissalis,inat,32.80647,-117.19199,2026-09-21T10:43:00-07:00,https://www.inaturalist.org/observations/402366095,bird,cc-by-nc,"(c) Richard Breisch, some rights reserved (CC BY-NC)"
/Users/outman/workspace/personal/bioscan/data/inat/Melozone_crissalis/402363947_738642160.jpg,Melozone crissalis,inat,33.0822518,-117.0853629,2026-09-21T15:50:00-07:00,https://www.inaturalist.org/observations/402363947,bird,cc-by-nc,"(c) Steve Kaye, some rights reserved (CC BY-NC)"
/Users/outman/workspace/personal/bioscan/data/inat/Melozone_crissalis/402347318_738609714.jpg,Melozone crissalis,inat,32.6974116667,-117.1303471667,2026-09-21T17:49:09-07:00,https://www.inaturalist.org/observations/402347318,bird,cc-by-nc,"(c) biancalovescats, some rights reserved (CC BY-NC)"
/Users/outman/workspace/personal/bioscan/data/inat/Melozone_crissalis/402342034_738598280.jpg,Melozone crissalis,inat,33.66048,-117.8414216667,2026-09-21T13:35:42-07:00,https://www.inaturalist.org/observations/402342034,bird,cc-by-nc,"(c) brebender, some rights reserved (CC BY-NC)"
/Users/outman/workspace/personal/bioscan/data/inat/Melozone_crissalis/402341456_738594754.jpg,Melozone crissalis,inat,37.2300318303,-122.1127930959,2026-09-20T08:45:00-07:00,https://www.inaturalist.org/observations/402341456,bird,cc-by-nc,"(c) Russell Marotzke, some rights reserved (CC BY-NC)"
/Users/outman/workspace/personal/bioscan/data/inat/Melozone_crissalis/402340395_738592615.jpg,Melozone crissalis,inat,37.5872676,-122.3191012,2026-09-20T09:49:00-07:00,https://www.inaturalist.org/observations/402340395,bird,cc-by,"(c) Lisa Biasillo, some rights reserved (CC BY)"
/Users/outman/workspace/personal/bioscan/data/inat/Melozone_crissalis/402340381_738592499.jpg,Melozone crissalis,inat,37.5872676,-122.3191012,2026-09-20T09:34:00-07:00,https://www.inaturalist.org/observations/402340381,bird,cc-by,"(c) Lisa Biasillo, some rights reserved (CC BY)"
/Users/outman/workspace/personal/bioscan/data/inat/Melozone_crissalis/402340380_738592500.jpg,Melozone crissalis,inat,37.5872676,-122.3191012,2026-09-20T09:32:00-07:00,https://www.inaturalist.org/observations/402340380,bird,cc-by,"(c) Lisa Biasillo, some rights reserved (CC BY)"
/Users/outman/workspace/personal/bioscan/data/inat/Junco_hyemalis/402663771_739228470.jpg,Junco hyemalis,inat,32.872036015,-116.4651549333,2026-09-22T10:09:00-07:00,https://www.inaturalist.org/observations/402663771,bird,cc-by-nc,"(c) kingsgate, some rights reserved (CC BY-NC)"
/Users/outman/workspace/personal/bioscan/data/inat/Junco_hyemalis/402651801_739205121.jpg,Junco hyemalis,inat,36.9964916667,-122.0586388333,2026-09-20T16:59:50-07:00,https://www.inaturalist.org/observations/402651801,bird,cc-by-nc,"(c) sakikyou, some rights reserved (CC BY-NC)"
/Users/outman/workspace/personal/bioscan/data/inat/Junco_hyemalis/402624988_739151469.jpg,Junco hyemalis,inat,37.8141632356,-122.0480544985,2026-09-22T12:15:16-07:00,https://www.inaturalist.org/observations/402624988,bird,cc-by-nc,"(c) Mason Johnson, some rights reserved (CC BY-NC)"
/Users/outman/workspace/personal/bioscan/data/inat/Junco_hyemalis/402624457_739149862.jpg,Junco hyemalis,inat,34.0358668224,-118.1586989388,2026-09-22T10:51:28-07:00,https://www.inaturalist.org/observations/402624457,bird,cc-by-nc,"(c) boazsolorio, some rights reserved (CC BY-NC)"
/Users/outman/workspace/personal/bioscan/data/inat/Junco_hyemalis/402611362_739122455.jpg,Junco hyemalis,inat,34.1093445,-118.3168116667,2026-09-22T17:40:25-07:00,https://www.inaturalist.org/observations/402611362,bird,cc-by-nc,"(c) JRVNYC, some rights reserved (CC BY-NC)"
/Users/outman/workspace/personal/bioscan/data/inat/Junco_hyemalis/402610812_739121266.jpg,Junco hyemalis,inat,37.1508388889,-121.782475,2026-09-21T16:14:28-07:00,https://www.inaturalist.org/observations/402610812,bird,cc-by-nc,"(c) Felicia Gershberg, some rights reserved (CC BY-NC)"
/Users/outman/workspace/personal/bioscan/data/inat/Junco_hyemalis/402598147_739096158.jpg,Junco hyemalis,inat,37.8717191891,-122.260465656,2026-09-22T14:52:00-07:00,https://www.inaturalist.org/observations/402598147,bird,cc-by-nc,"(c) studentt, some rights reserved (CC BY-NC)"
/Users/outman/workspace/personal/bioscan/data/inat/Junco_hyemalis/402598106_739096379.jpg,Junco hyemalis,inat,40.8746697371,-124.0648937157,2026-09-19T11:40:00-07:00,https://www.inaturalist.org/observations/402598106,bird,cc-by-nc,"(c) lilydyeamond, some rights reserved (CC BY-NC)"
/Users/outman/workspace/personal/bioscan/data/inat/Junco_hyemalis/402595114_739089766.jpg,Junco hyemalis,inat,41.5831172,-121.6030962,2026-08-18T10:03:00-07:00,https://www.inaturalist.org/observations/402595114,bird,cc-by-nc,"(c) rbrannan90, some rights reserved (CC BY-NC)"
/Users/outman/workspace/personal/bioscan/data/inat/Junco_hyemalis/402581666_739063144.jpg,Junco hyemalis,inat,34.0775195,-118.4750283333,2026-09-22T15:06:24-07:00,https://www.inaturalist.org/observations/402581666,bird,cc-by-nc,"(c) Maggie Evans, some rights reserved (CC BY-NC)"
/Users/outman/workspace/personal/bioscan/data/inat/Junco_hyemalis/402574698_739048947.jpg,Junco hyemalis,inat,37.7281214253,-122.0592497662,2026-09-22T14:30:00-07:00,https://www.inaturalist.org/observations/402574698,bird,cc-by,"(c) lesliey, some rights reserved (CC BY)"
/Users/outman/workspace/personal/bioscan/data/inat/Junco_hyemalis/402569193_739030476.jpg,Junco hyemalis,inat,34.3106284,-118.514132515,2026-09-22T09:48:00-07:00,https://www.inaturalist.org/observations/402569193,bird,cc-by-nc,"(c) dlbowls, some rights reserved (CC BY-NC)"
/Users/outman/workspace/personal/bioscan/data/inat/Junco_hyemalis/402568802_739037259.jpg,Junco hyemalis,inat,34.0546602765,-118.1423093006,2026-09-21T10:20:58-07:00,https://www.inaturalist.org/observations/402568802,bird,cc-by-nc,"(c) boazsolorio, some rights reserved (CC BY-NC)"
/Users/outman/workspace/personal/bioscan/data/inat/Junco_hyemalis/402568186_739035615.jpg,Junco hyemalis,inat,34.0543313872,-118.1423153356,2026-09-21T10:15:07-07:00,https://www.inaturalist.org/observations/402568186,bird,cc-by-nc,"(c) boazsolorio, some rights reserved (CC BY-NC)"
/Users/outman/workspace/personal/bioscan/data/inat/Junco_hyemalis/402558674_739012952.jpg,Junco hyemalis,inat,37.9673289996,-122.2675790891,2026-09-22T09:41:00-07:00,https://www.inaturalist.org/observations/402558674,bird,cc-by-nc,"(c) Michael Warner, some rights reserved (CC BY-NC)"
/Users/outman/workspace/personal/bioscan/data/inat/Junco_hyemalis/402558657_739012839.jpg,Junco hyemalis,inat,37.9673289996,-122.2675790891,2026-09-22T09:35:00-07:00,https://www.inaturalist.org/observations/402558657,bird,cc-by-nc,"(c) Michael Warner, some rights reserved (CC BY-NC)"
/Users/outman/workspace/personal/bioscan/data/inat/Junco_hyemalis/402533782_738969421.jpg,Junco hyemalis,inat,34.4402925158,-119.7160690372,2026-09-22T10:30:10-07:00,https://www.inaturalist.org/observations/402533782,bird,cc-by-nc,"(c) John Koons, some rights reserved (CC BY-NC)"
/Users/outman/workspace/personal/bioscan/data/inat/Junco_hyemalis/402510019_738922981.jpg,Junco hyemalis,inat,34.440405154,-119.7158181391,2026-09-22T10:25:12-07:00,https://www.inaturalist.org/observations/402510019,bird,cc-by-nc,"(c) piperloan, some rights reserved (CC BY-NC)"
/Users/outman/workspace/personal/bioscan/data/inat/Junco_hyemalis/402377899_738671156.jpg,Junco hyemalis,inat,34.190395,-118.353897,2026-09-21T16:32:00-07:00,https://www.inaturalist.org/observations/402377899,bird,cc-by-nc,"(c) Alexander Viduetsky, some rights reserved (CC BY-NC)"
/Users/outman/workspace/personal/bioscan/data/inat/Junco_hyemalis/402375726_738664975.jpg,Junco hyemalis,inat,34.0744324064,-118.4547235658,2026-09-08T10:56:00-07:00,https://www.inaturalist.org/observations/402375726,bird,cc0,no rights reserved
/Users/outman/workspace/personal/bioscan/data/inat/Junco_hyemalis/402375622_738666561.jpg,Junco hyemalis,inat,36.6207127997,-121.9040669997,2026-09-19T16:53:33-07:00,https://www.inaturalist.org/observations/402375622,bird,cc0,no rights reserved
/Users/outman/workspace/personal/bioscan/data/inat/Junco_hyemalis/402373930_738658519.jpg,Junco hyemalis,inat,37.264651275,-122.0102413932,2026-09-17T16:50:00-07:00,https://www.inaturalist.org/observations/402373930,bird,cc-by-nc,"(c) Sarah Coty, some rights reserved (CC BY-NC)"
/Users/outman/workspace/personal/bioscan/data/inat/Junco_hyemalis/402372562_738660515.jpg,Junco hyemalis,inat,38.0071416667,-122.4933883333,2026-09-21T18:16:35-07:00,https://www.inaturalist.org/observations/402372562,bird,cc-by,"(c) Karen Offereins, some rights reserved (CC BY)"
/Users/outman/workspace/personal/bioscan/data/inat/Junco_hyemalis/402367795_738650163.jpg,Junco hyemalis,inat,33.51328,-117.7476933333,2026-09-16T13:20:00-07:00,https://www.inaturalist.org/observations/402367795,bird,cc-by,"(c) Jonathan Eisen, some rights reserved (CC BY)"
/Users/outman/workspace/personal/bioscan/data/inat/Junco_hyemalis/402367225_738648704.jpg,Junco hyemalis,inat,37.5857753929,-122.3169559219,2026-09-21T11:00:00-07:00,https://www.inaturalist.org/observations/402367225,bird,cc-by-nc,"(c) Donna Pomeroy, some rights reserved (CC BY-NC)"
/Users/outman/workspace/personal/bioscan/data/inat/Haemorhous_mexicanus/402655742_739202116.jpg,Haemorhous mexicanus,inat,33.780849691,-117.6685953311,2026-09-20T15:05:00-07:00,https://www.inaturalist.org/observations/402655742,bird,cc-by,"(c) Gavin Skeen, some rights reserved (CC BY)"
/Users/outman/workspace/personal/bioscan/data/inat/Haemorhous_mexicanus/402652959_739207445.jpg,Haemorhous mexicanus,inat,32.7580133333,-117.1454778333,2026-09-11T11:40:45-07:00,https://www.inaturalist.org/observations/402652959,bird,cc-by-nc,"(c) Eli Paolini, some rights reserved (CC BY-NC)"
/Users/outman/workspace/personal/bioscan/data/inat/Haemorhous_mexicanus/402645350_739192971.jpg,Haemorhous mexicanus,inat,33.8051916667,-117.9891133333,2025-06-05T19:24:38-07:00,https://www.inaturalist.org/observations/402645350,bird,cc-by-nc,"(c) eye4life, some rights reserved (CC BY-NC)"
/Users/outman/workspace/personal/bioscan/data/inat/Haemorhous_mexicanus/402629972_739159944.jpg,Haemorhous mexicanus,inat,38.6367071743,-121.2683503884,2026-09-20,https://www.inaturalist.org/observations/402629972,bird,cc-by-nc,"(c) abcdefgewing, some rights reserved (CC BY-NC)"
/Users/outman/workspace/personal/bioscan/data/inat/Haemorhous_mexicanus/402626216_739153645.jpg,Haemorhous mexicanus,inat,34.0385737655,-118.1573984027,2026-09-22T11:29:09-07:00,https://www.inaturalist.org/observations/402626216,bird,cc-by-nc,"(c) boazsolorio, some rights reserved (CC BY-NC)"
/Users/outman/workspace/personal/bioscan/data/inat/Haemorhous_mexicanus/402591487_739082750.jpg,Haemorhous mexicanus,inat,37.81393,-122.2091616667,2026-09-22T10:09:08-07:00,https://www.inaturalist.org/observations/402591487,bird,cc-by-nc,"(c) Beth Wurzburg, some rights reserved (CC BY-NC)"
/Users/outman/workspace/personal/bioscan/data/inat/Haemorhous_mexicanus/402584232_739064457.jpg,Haemorhous mexicanus,inat,37.5667691824,-122.0016347973,2026-09-22T13:43:00-07:00,https://www.inaturalist.org/observations/402584232,bird,cc0,no rights reserved
/Users/outman/workspace/personal/bioscan/data/inat/Haemorhous_mexicanus/402576458_739051191.jpg,Haemorhous mexicanus,inat,38.3770009927,-122.7285315422,2025-12-14T09:42:00-08:00,https://www.inaturalist.org/observations/402576458,bird,cc-by-nc,"(c) Di, some rights reserved (CC BY-NC)"
/Users/outman/workspace/personal/bioscan/data/inat/Haemorhous_mexicanus/402570615_739040146.jpg,Haemorhous mexicanus,inat,34.4807487293,-117.387046143,2026-09-22T07:41:00-07:00,https://www.inaturalist.org/observations/402570615,bird,cc-by,"(c) nerpanura, some rights reserved (CC BY)"
/Users/outman/workspace/personal/bioscan/data/inat/Haemorhous_mexicanus/402548072_738996444.jpg,Haemorhous mexicanus,inat,34.0543466651,-118.1423599273,2026-09-21T09:36:47-07:00,https://www.inaturalist.org/observations/402548072,bird,cc-by-nc,"(c) boazsolorio, some rights reserved (CC BY-NC)"
/Users/outman/workspace/personal/bioscan/data/inat/Haemorhous_mexicanus/402537480_738976660.jpg,Haemorhous mexicanus,inat,37.639255,-121.7750083333,2026-09-20T17:11:37-07:00,https://www.inaturalist.org/observations/402537480,bird,cc-by,"(c) Irina Mitine, some rights reserved (CC BY)"
/Users/outman/workspace/personal/bioscan/data/inat/Haemorhous_mexicanus/402525974_738954131.jpg,Haemorhous mexicanus,inat,37.2592666667,-121.8385638889,2026-09-22T09:17:09-07:00,https://www.inaturalist.org/observations/402525974,bird,cc-by-nc,"(c) aparnabeeseeker, some rights reserved (CC BY-NC)"
/Users/outman/workspace/personal/bioscan/data/inat/Haemorhous_mexicanus/402501506_738904160.jpg,Haemorhous mexicanus,inat,33.7037519881,-118.0042388047,2026-09-21T11:28:00-07:00,https://www.inaturalist.org/observations/402501506,bird,cc-by-nc,"(c) Tou Mik, some rights reserved (CC BY-NC)"
/Users/outman/workspace/personal/bioscan/data/inat/Haemorhous_mexicanus/402385195_738974120.jpg,Haemorhous mexicanus,inat,32.8360466667,-117.1827216667,2026-09-21T16:41:05-07:00,https://www.inaturalist.org/observations/402385195,bird,cc-by-nc,"(c) amyellen, some rights reserved (CC BY-NC)"
/Users/outman/workspace/personal/bioscan/data/inat/Haemorhous_mexicanus/402375718_738664830.jpg,Haemorhous mexicanus,inat,34.0744324064,-118.4547235658,2026-09-11T16:22:00-07:00,https://www.inaturalist.org/observations/402375718,bird,cc0,no rights reserved
/Users/outman/workspace/personal/bioscan/data/inat/Haemorhous_mexicanus/402374546_738664050.jpg,Haemorhous mexicanus,inat,37.243283,-121.9151384,2026-09-18T15:58:00-07:00,https://www.inaturalist.org/observations/402374546,bird,cc-by-nc,"(c) Sarah Coty, some rights reserved (CC BY-NC)"
/Users/outman/workspace/personal/bioscan/data/inat/Haemorhous_mexicanus/402374215_738663646.jpg,Haemorhous mexicanus,inat,33.8349366667,-118.094375,2026-09-21T16:53:17-07:00,https://www.inaturalist.org/observations/402374215,bird,cc-by-nc,"(c) hal r, some rights reserved (CC BY-NC)"
/Users/outman/workspace/personal/bioscan/data/inat/Haemorhous_mexicanus/402374066_738663434.jpg,Haemorhous mexicanus,inat,33.8365730078,-118.0948075007,2026-09-21T16:25:52-07:00,https://www.inaturalist.org/observations/402374066,bird,cc-by-nc,"(c) hal r, some rights reserved (CC BY-NC)"
/Users/outman/workspace/personal/bioscan/data/inat/Haemorhous_mexicanus/402367788_738650092.jpg,Haemorhous mexicanus,inat,33.5121138981,-117.7482655219,2026-09-16T07:10:00-07:00,https://www.inaturalist.org/observations/402367788,bird,cc-by,"(c) Jonathan Eisen, some rights reserved (CC BY)"
/Users/outman/workspace/personal/bioscan/data/inat/Haemorhous_mexicanus/402367782_738650089.jpg,Haemorhous mexicanus,inat,33.5121138981,-117.7482655219,2026-09-16T07:10:00-07:00,https://www.inaturalist.org/observations/402367782,bird,cc-by,"(c) Jonathan Eisen, some rights reserved (CC BY)"
/Users/outman/workspace/personal/bioscan/data/inat/Haemorhous_mexicanus/402365434_738644392.jpg,Haemorhous mexicanus,inat,32.80647,-117.19199,2026-09-21T14:47:00-07:00,https://www.inaturalist.org/observations/402365434,bird,cc-by-nc,"(c) Richard Breisch, some rights reserved (CC BY-NC)"
/Users/outman/workspace/personal/bioscan/data/inat/Haemorhous_mexicanus/402340413_738592691.jpg,Haemorhous mexicanus,inat,37.5872676,-122.3191012,2026-09-20T10:14:00-07:00,https://www.inaturalist.org/observations/402340413,bird,cc-by,"(c) Lisa Biasillo, some rights reserved (CC BY)"
/Users/outman/workspace/personal/bioscan/data/inat/Haemorhous_mexicanus/402340412_738592689.jpg,Haemorhous mexicanus,inat,37.5872676,-122.3191012,2026-09-20T10:14:00-07:00,https://www.inaturalist.org/observations/402340412,bird,cc-by,"(c) Lisa Biasillo, some rights reserved (CC BY)"
/Users/outman/workspace/personal/bioscan/data/inat/Haemorhous_mexicanus/402321774_738556011.jpg,Haemorhous mexicanus,inat,33.6601333333,-117.84188,2026-09-21T12:58:01-07:00,https://www.inaturalist.org/observations/402321774,bird,cc-by-nc,"(c) Ebony koger, some rights reserved (CC BY-NC)"
/Users/outman/workspace/personal/bioscan/data/inat/Haemorhous_mexicanus/402278048_738469053.jpg,Haemorhous mexicanus,inat,32.786124494,-116.9874309003,2026-09-21T09:26:37-07:00,https://www.inaturalist.org/observations/402278048,bird,cc-by-nc,"(c) Stephen Wheeler, some rights reserved (CC BY-NC)"
/Users/outman/workspace/personal/bioscan/data/inat/Turdus_migratorius/402614927_739129322.jpg,Turdus migratorius,inat,36.6534633333,-121.7945166667,2026-09-22T18:00:06-07:00,https://www.inaturalist.org/observations/402614927,bird,cc-by-nc,"(c) khiara gapasangra, some rights reserved (CC BY-NC)"
/Users/outman/workspace/personal/bioscan/data/inat/Turdus_migratorius/402477346_738862380.jpg,Turdus migratorius,inat,37.8138866667,-122.209245,2026-09-22T07:58:58-07:00,https://www.inaturalist.org/observations/402477346,bird,cc-by-nc,"(c) Beth Wurzburg, some rights reserved (CC BY-NC)"
/Users/outman/workspace/personal/bioscan/data/inat/Turdus_migratorius/402341458_738594952.jpg,Turdus migratorius,inat,37.2307006282,-122.0953330985,2026-09-20T07:22:00-07:00,https://www.inaturalist.org/observations/402341458,bird,cc-by-nc,"(c) Russell Marotzke, some rights reserved (CC BY-NC)"
/Users/outman/workspace/personal/bioscan/data/inat/Turdus_migratorius/402338092_738589329.jpg,Turdus migratorius,inat,37.798969378,-122.4728948484,2026-09-21T16:59:00-07:00,https://www.inaturalist.org/observations/402338092,bird,cc-by-nc,"(c) Zoë Ferraris, some rights reserved (CC BY-NC)"
/Users/outman/workspace/personal/bioscan/data/inat/Turdus_migratorius/402283152_738478219.jpg,Turdus migratorius,inat,38.0153888833,-119.1497195,2026-09-20T17:42:17-07:00,https://www.inaturalist.org/observations/402283152,bird,cc-by-nc,"(c) outdoorgigi, some rights reserved (CC BY-NC)"
/Users/outman/workspace/personal/bioscan/data/inat/Turdus_migratorius/402212390_738342050.jpg,Turdus migratorius,inat,37.3711179,-122.0815453997,2026-09-20T15:52:55-07:00,https://www.inaturalist.org/observations/402212390,bird,cc-by-nc,"(c) raincctv, some rights reserved (CC BY-NC)"
/Users/outman/workspace/personal/bioscan/data/inat/Turdus_migratorius/402186085_738108159.jpg,Turdus migratorius,inat,37.3926397877,-121.8131978251,2026-07-10T08:56:00-07:00,https://www.inaturalist.org/observations/402186085,bird,cc-by-nc,"(c) Howard Friedman, some rights reserved (CC BY-NC)"
/Users/outman/workspace/personal/bioscan/data/inat/Turdus_migratorius/402121374_738164590.jpg,Turdus migratorius,inat,33.7436278087,-116.7104677958,2026-09-21T00:19:32-07:00,https://www.inaturalist.org/observations/402121374,bird,cc-by-nc,"(c) leahmoreno3, some rights reserved (CC BY-NC)"
/Users/outman/workspace/personal/bioscan/data/inat/Turdus_migratorius/402113467_738148639.jpg,Turdus migratorius,inat,37.3541079,-121.9552356,2026-09-20T23:15:00-07:00,https://www.inaturalist.org/observations/402113467,bird,cc-by-nc,"(c) anika1234444, some rights reserved (CC BY-NC)"
/Users/outman/workspace/personal/bioscan/data/inat/Turdus_migratorius/402094783_738075678.jpg,Turdus migratorius,inat,37.7471243782,-119.5904530334,2017-04-10T14:29:00-07:00,https://www.inaturalist.org/observations/402094783,bird,cc-by-nc,"(c) Diego Tamayo, some rights reserved (CC BY-NC)"
/Users/outman/workspace/personal/bioscan/data/inat/Turdus_migratorius/402091154_738103196.jpg,Turdus migratorius,inat,39.0713715247,-121.5479114362,2026-09-19T09:12:00-07:00,https://www.inaturalist.org/observations/402091154,bird,cc-by-nc,"(c) Donna L Dugan, some rights reserved (CC BY-NC)"
/Users/outman/workspace/personal/bioscan/data/inat/Turdus_migratorius/402081308_738085720.jpg,Turdus migratorius,inat,37.7358116667,-122.4850416667,2026-09-19T14:29:52-07:00,https://www.inaturalist.org/observations/402081308,bird,cc-by-nc,"(c) ruby_m, some rights reserved (CC BY-NC)"
/Users/outman/workspace/personal/bioscan/data/inat/Turdus_migratorius/401914563_737744849.jpg,Turdus migratorius,inat,38.0146278912,-119.1482533526,2026-09-11T17:21:00-07:00,https://www.inaturalist.org/observations/401914563,bird,cc-by-nc,"(c) Paul Donahue, some rights reserved (CC BY-NC)"
/Users/outman/workspace/personal/bioscan/data/inat/Turdus_migratorius/401884989_737686863.jpg,Turdus migratorius,inat,37.7721853,-122.4647728,2026-09-19T10:41:00-07:00,https://www.inaturalist.org/observations/401884989,bird,cc-by-nc,"(c) John W. Wall, some rights reserved (CC BY-NC)"
/Users/outman/workspace/personal/bioscan/data/inat/Turdus_migratorius/401884390_737686302.jpg,Turdus migratorius,inat,37.7721853,-122.4647728,2026-09-19T10:24:00-07:00,https://www.inaturalist.org/observations/401884390,bird,cc-by-nc,"(c) John W. Wall, some rights reserved (CC BY-NC)"
/Users/outman/workspace/personal/bioscan/data/inat/Turdus_migratorius/401811960_737545446.jpg,Turdus migratorius,inat,34.0423861667,-116.9441916667,2026-09-19T16:56:07-07:00,https://www.inaturalist.org/observations/401811960,bird,cc-by-nc,"(c) Ebony koger, some rights reserved (CC BY-NC)"
/Users/outman/workspace/personal/bioscan/data/inat/Turdus_migratorius/401772168_737465614.jpg,Turdus migratorius,inat,36.7941666667,-118.5844116667,2026-09-16T16:31:34-07:00,https://www.inaturalist.org/observations/401772168,bird,cc-by-nc,"(c) saradlc, some rights reserved (CC BY-NC)"
/Users/outman/workspace/personal/bioscan/data/inat/Turdus_migratorius/401761634_737442822.jpg,Turdus migratorius,inat,33.8366017,-118.0948935,2026-09-19T17:20:00-07:00,https://www.inaturalist.org/observations/401761634,bird,cc-by-nc,"(c) Tracy Drake, some rights reserved (CC BY-NC)"
/Users/outman/workspace/personal/bioscan/data/inat/Turdus_migratorius/401732852_737384597.jpg,Turdus migratorius,inat,37.7391916667,-119.5687416667,2026-09-18T11:58:34-07:00,https://www.inaturalist.org/observations/401732852,bird,cc-by-nc,"(c) JC, some rights reserved (CC BY-NC)"
/Users/outman/workspace/personal/bioscan/data/inat/Turdus_migratorius/401670953_737257953.jpg,Turdus migratorius,inat,38.4167447158,-122.7502745278,2026-09-15T13:12:00-07:00,https://www.inaturalist.org/observations/401670953,bird,cc-by-nc,"(c) electriceye64, some rights reserved (CC BY-NC)"
/Users/outman/workspace/personal/bioscan/data/inat/Turdus_migratorius/401633102_737184761.jpg,Turdus migratorius,inat,37.4687861558,-122.3104637024,2026-09-17T15:59:11-07:00,https://www.inaturalist.org/observations/401633102,bird,cc-by-nc,"(c) turttleshell, some rights reserved (CC BY-NC)"
/Users/outman/workspace/personal/bioscan/data/inat/Turdus_migratorius/401617696_737155350.jpg,Turdus migratorius,inat,38.9505410448,-121.1056453926,2026-05-06T11:51:00-07:00,https://www.inaturalist.org/observations/401617696,bird,cc-by-nc,"(c) bomacro, some rights reserved (CC BY-NC)"
/Users/outman/workspace/personal/bioscan/data/inat/Turdus_migratorius/401477050_736886711.jpg,Turdus migratorius,inat,38.0852137,-121.2704214,2026-09-18T10:11:00-07:00,https://www.inaturalist.org/observations/401477050,bird,cc-by-nc,"(c) Karen Skelton, some rights reserved (CC BY-NC)"
/Users/outman/workspace/personal/bioscan/data/inat/Turdus_migratorius/401391320_736715835.jpg,Turdus migratorius,inat,37.8714063941,-122.2568965561,2026-09-18T17:42:58-07:00,https://www.inaturalist.org/observations/401391320,bird,cc-by-nc,"(c) elizabethsyu, some rights reserved (CC BY-NC)"
/Users/outman/workspace/personal/bioscan/data/inat/Turdus_migratorius/401371774_736674085.jpg,Turdus migratorius,inat,37.9674166075,-122.2704933955,2026-09-18T13:35:00-07:00,https://www.inaturalist.org/observations/401371774,bird,cc-by-nc,"(c) Michael Warner, some rights reserved (CC BY-NC)"
/Users/outman/workspace/personal/bioscan/data/inat/Sialia_mexicana/402653812_739208591.jpg,Sialia mexicana,inat,37.2802584633,-121.8127845767,2026-08-30T14:24:00-07:00,https://www.inaturalist.org/observations/402653812,bird,cc-by-nc,"(c) Merav Vonshak, some rights reserved (CC BY-NC)"
/Users/outman/workspace/personal/bioscan/data/inat/Sialia_mexicana/402645835_739193423.jpg,Sialia mexicana,inat,32.877689,-116.462693,2026-09-22T09:13:00-07:00,https://www.inaturalist.org/observations/402645835,bird,cc-by-nc,"(c) kingsgate, some rights reserved (CC BY-NC)"
/Users/outman/workspace/personal/bioscan/data/inat/Sialia_mexicana/402641073_739183765.jpg,Sialia mexicana,inat,38.0205611667,-122.1415166667,2026-09-22T18:07:59-07:00,https://www.inaturalist.org/observations/402641073,bird,cc-by-nc,"(c) gina_christophersen, some rights reserved (CC BY-NC)"
/Users/outman/workspace/personal/bioscan/data/inat/Sialia_mexicana/402622891_739145897.jpg,Sialia mexicana,inat,34.0343336925,-118.1599843875,2026-09-22T10:31:08-07:00,https://www.inaturalist.org/observations/402622891,bird,cc-by-nc,"(c) boazsolorio, some rights reserved (CC BY-NC)"
/Users/outman/workspace/personal/bioscan/data/inat/Sialia_mexicana/402622806_739145623.jpg,Sialia mexicana,inat,34.0343336925,-118.1599843875,2026-09-22T10:31:08-07:00,https://www.inaturalist.org/observations/402622806,bird,cc-by-nc,"(c) boazsolorio, some rights reserved (CC BY-NC)"
/Users/outman/workspace/personal/bioscan/data/inat/Sialia_mexicana/402622637_739145233.jpg,Sialia mexicana,inat,34.0343336925,-118.1599843875,2026-09-22T10:31:08-07:00,https://www.inaturalist.org/observations/402622637,bird,cc-by-nc,"(c) boazsolorio, some rights reserved (CC BY-NC)"
/Users/outman/workspace/personal/bioscan/data/inat/Sialia_mexicana/402620008_739139648.jpg,Sialia mexicana,inat,33.6569789,-117.8316019,2026-09-12T02:08:00-07:00,https://www.inaturalist.org/observations/402620008,bird,cc-by-nc,"(c) Mary Kay Van Sistine, some rights reserved (CC BY-NC)"
/Users/outman/workspace/personal/bioscan/data/inat/Sialia_mexicana/402619238_739138318.jpg,Sialia mexicana,inat,33.6569789,-117.8316019,2026-09-12T02:19:00-07:00,https://www.inaturalist.org/observations/402619238,bird,cc-by-nc,"(c) Mary Kay Van Sistine, some rights reserved (CC BY-NC)"
/Users/outman/workspace/personal/bioscan/data/inat/Sialia_mexicana/402617090_739102675.jpg,Sialia mexicana,inat,38.5413127002,-121.501653781,2026-09-19T09:31:00-07:00,https://www.inaturalist.org/observations/402617090,bird,cc-by-nc,"(c) Roslyn Mack Bell, some rights reserved (CC BY-NC)"
/Users/outman/workspace/personal/bioscan/data/inat/Sialia_mexicana/402612545_739124596.jpg,Sialia mexicana,inat,34.0107261627,-118.1149433926,2026-09-21T17:08:01-07:00,https://www.inaturalist.org/observations/402612545,bird,cc-by-nc,"(c) boazsolorio, some rights reserved (CC BY-NC)"
/Users/outman/workspace/personal/bioscan/data/inat/Sialia_mexicana/402607482_739114175.jpg,Sialia mexicana,inat,33.6478283333,-117.7436666667,2026-09-19T09:06:03-07:00,https://www.inaturalist.org/observations/402607482,bird,cc-by-nc,"(c) ladykingbird, some rights reserved (CC BY-NC)"
/Users/outman/workspace/personal/bioscan/data/inat/Sialia_mexicana/402598851_739097031.jpg,Sialia mexicana,inat,34.32819,-117.831825,2026-09-17T09:35:00-07:00,https://www.inaturalist.org/observations/402598851,bird,cc-by-nc,"(c) Mary Fenwick, some rights reserved (CC BY-NC)"
/Users/outman/workspace/personal/bioscan/data/inat/Sialia_mexicana/402597146_739094454.jpg,Sialia mexicana,inat,38.570805,-121.7503133333,2026-09-20T15:18:47-07:00,https://www.inaturalist.org/observations/402597146,bird,cc-by-nc,"(c) Cait, some rights reserved (CC BY-NC)"
/Users/outman/workspace/personal/bioscan/data/inat/Sialia_mexicana/402595172_739090117.jpg,Sialia mexicana,inat,38.0190055,-122.666625,2026-09-16T13:04:00-07:00,https://www.inaturalist.org/observations/402595172,bird,cc-by-nc,"(c) xookapi, some rights reserved (CC BY-NC)"
/Users/outman/workspace/personal/bioscan/data/inat/Sialia_mexicana/402570729_739041075.jpg,Sialia mexicana,inat,34.0546580542,-118.142260015,2026-09-21T10:36:08-07:00,https://www.inaturalist.org/observations/402570729,bird,cc-by-nc,"(c) boazsolorio, some rights reserved (CC BY-NC)"
/Users/outman/workspace/personal/bioscan/data/inat/Sialia_mexicana/402552872_739005340.jpg,Sialia mexicana,inat,37.6977658634,-122.0849746214,2026-09-22T12:31:08-07:00,https://www.inaturalist.org/observations/402552872,bird,cc-by-nc,"(c) b1rb, some rights reserved (CC BY-NC)"
/Users/outman/workspace/personal/bioscan/data/inat/Sialia_mexicana/402537550_738976833.jpg,Sialia mexicana,inat,37.639305,-121.7751383333,2026-09-20T17:12:00-07:00,https://www.inaturalist.org/observations/402537550,bird,cc-by,"(c) Irina Mitine, some rights reserved (CC BY)"
/Users/outman/workspace/personal/bioscan/data/inat/Sialia_mexicana/402501451_738903833.jpg,Sialia mexicana,inat,33.7037519881,-118.0042388047,2026-09-21T14:17:00-07:00,https://www.inaturalist.org/observations/402501451,bird,cc-by-nc,"(c) Tou Mik, some rights reserved (CC BY-NC)"
/Users/outman/workspace/personal/bioscan/data/inat/Sialia_mexicana/402468487_738846295.jpg,Sialia mexicana,inat,34.0455278333,-117.8454283333,2026-09-14T13:03:58-07:00,https://www.inaturalist.org/observations/402468487,bird,cc-by-nc,"(c) Aidan Daley, some rights reserved (CC BY-NC)"
/Users/outman/workspace/personal/bioscan/data/inat/Sialia_mexicana/402405896_738726652.jpg,Sialia mexicana,inat,35.4661792947,-120.6298372149,2026-09-20T16:15:49-07:00,https://www.inaturalist.org/observations/402405896,bird,cc-by-nc,"(c) leannbr, some rights reserved (CC BY-NC)"
/Users/outman/workspace/personal/bioscan/data/inat/Sialia_mexicana/402376969_738668485.jpg,Sialia mexicana,inat,37.6946349722,-122.1863369722,2026-09-20T11:43:00-07:00,https://www.inaturalist.org/observations/402376969,bird,cc-by,"(c) vultur-cadens, some rights reserved (CC BY)"
/Users/outman/workspace/personal/bioscan/data/inat/Sialia_mexicana/402374032_738663270.jpg,Sialia mexicana,inat,37.4103259437,-121.7994337278,2026-09-21T09:25:00-07:00,https://www.inaturalist.org/observations/402374032,bird,cc-by-nc,"(c) edwardrooks, some rights reserved (CC BY-NC)"
/Users/outman/workspace/personal/bioscan/data/inat/Sialia_mexicana/402364733_738643149.jpg,Sialia mexicana,inat,32.7872742524,-116.9860108664,2026-09-21T16:46:00-07:00,https://www.inaturalist.org/observations/402364733,bird,cc-by-nc,"(c) Cade, some rights reserved (CC BY-NC)"
/Users/outman/workspace/personal/bioscan/data/inat/Sialia_mexicana/402356649_738628346.jpg,Sialia mexicana,inat,37.23923,-121.9712533333,2026-09-21T18:29:30-07:00,https://www.inaturalist.org/observations/402356649,bird,cc-by-nc,"(c) armaan_herper, some rights reserved (CC BY-NC)"
/Users/outman/workspace/personal/bioscan/data/inat/Sialia_mexicana/402356634_738628300.jpg,Sialia mexicana,inat,37.2393416667,-121.9713133333,2026-09-21T18:30:06-07:00,https://www.inaturalist.org/observations/402356634,bird,cc-by-nc,"(c) armaan_herper, some rights reserved (CC BY-NC)"
/Users/outman/workspace/personal/bioscan/data/inat/Baeolophus_inornatus/402647078_739195741.jpg,Baeolophus inornatus,inat,37.4690936206,-121.868638817,2026-09-22T10:33:00-07:00,https://www.inaturalist.org/observations/402647078,bird,cc-by-nc,"(c) Charlie L, some rights reserved (CC BY-NC)"
/Users/outman/workspace/personal/bioscan/data/inat/Baeolophus_inornatus/402625280_739146538.jpg,Baeolophus inornatus,inat,38.578009045,-121.4588384923,2026-09-22T07:49:00-07:00,https://www.inaturalist.org/observations/402625280,bird,cc-by-nc,"(c) rmyoshihara, some rights reserved (CC BY-NC)"
/Users/outman/workspace/personal/bioscan/data/inat/Baeolophus_inornatus/402615274_739118958.jpg,Baeolophus inornatus,inat,37.2639301267,-122.0100255311,2026-09-21T13:43:00-07:00,https://www.inaturalist.org/observations/402615274,bird,cc-by-nc,"(c) joesjoes20, some rights reserved (CC BY-NC)"
/Users/outman/workspace/personal/bioscan/data/inat/Baeolophus_inornatus/402592796_739084351.jpg,Baeolophus inornatus,inat,38.2657318,-121.43927,2026-09-22T09:59:00-07:00,https://www.inaturalist.org/observations/402592796,bird,cc-by-nc,"(c) Karen Skelton, some rights reserved (CC BY-NC)"
/Users/outman/workspace/personal/bioscan/data/inat/Baeolophus_inornatus/402591532_739082694.jpg,Baeolophus inornatus,inat,37.2366972222,-121.8792944444,2026-09-22T09:45:00-07:00,https://www.inaturalist.org/observations/402591532,bird,cc-by-nc,"(c) zaNita28, some rights reserved (CC BY-NC)"
/Users/outman/workspace/personal/bioscan/data/inat/Baeolophus_inornatus/402558710_739013158.jpg,Baeolophus inornatus,inat,37.9673289996,-122.2675790891,2026-09-22T10:13:00-07:00,https://www.inaturalist.org/observations/402558710,bird,cc-by-nc,"(c) Michael Warner, some rights reserved (CC BY-NC)"
/Users/outman/workspace/personal/bioscan/data/inat/Baeolophus_inornatus/402542776_738986580.jpg,Baeolophus inornatus,inat,34.440377111,-119.7159564643,2026-09-22T12:34:35-07:00,https://www.inaturalist.org/observations/402542776,bird,cc-by-nc,"(c) Delaney, some rights reserved (CC BY-NC)"
/Users/outman/workspace/personal/bioscan/data/inat/Baeolophus_inornatus/402476071_738859662.jpg,Baeolophus inornatus,inat,37.4096593302,-121.78823286,2026-09-21T11:40:00-07:00,https://www.inaturalist.org/observations/402476071,bird,cc-by-nc,"(c) edwardrooks, some rights reserved (CC BY-NC)"
/Users/outman/workspace/personal/bioscan/data/inat/Baeolophus_inornatus/402376444_738666243.jpg,Baeolophus inornatus,inat,37.87180459,-122.26068978,2026-09-21T15:25:00-07:00,https://www.inaturalist.org/observations/402376444,bird,cc-by,"(c) yongestation, some rights reserved (CC BY)"
/Users/outman/workspace/personal/bioscan/data/inat/Baeolophus_inornatus/402375720_738664891.jpg,Baeolophus inornatus,inat,34.0744324064,-118.4547235658,2026-09-10T18:16:00-07:00,https://www.inaturalist.org/observations/402375720,bird,cc0,no rights reserved
/Users/outman/workspace/personal/bioscan/data/inat/Baeolophus_inornatus/402374584_738664297.jpg,Baeolophus inornatus,inat,37.4103259437,-121.7994337278,2026-09-21T09:37:00-07:00,https://www.inaturalist.org/observations/402374584,bird,cc-by-nc,"(c) edwardrooks, some rights reserved (CC BY-NC)"
/Users/outman/workspace/personal/bioscan/data/inat/Baeolophus_inornatus/402211617_738338057.jpg,Baeolophus inornatus,inat,37.3724196,-122.0848663,2026-09-20T16:20:43-07:00,https://www.inaturalist.org/observations/402211617,bird,cc-by-nc,"(c) raincctv, some rights reserved (CC BY-NC)"
/Users/outman/workspace/personal/bioscan/data/inat/Baeolophus_inornatus/402070473_738053534.jpg,Baeolophus inornatus,inat,32.9595607698,-116.5804390397,2026-09-20T15:58:00-07:00,https://www.inaturalist.org/observations/402070473,bird,cc-by-nc,"(c) jspaulding, some rights reserved (CC BY-NC)"
/Users/outman/workspace/personal/bioscan/data/inat/Baeolophus_inornatus/402050853_738022663.jpg,Baeolophus inornatus,inat,33.8016166667,-117.7584,2026-09-20T14:06:32-07:00,https://www.inaturalist.org/observations/402050853,bird,cc-by-nc,"(c) socalviolinguy, some rights reserved (CC BY-NC)"
/Users/outman/workspace/personal/bioscan/data/inat/Baeolophus_inornatus/401794767_737509915.jpg,Baeolophus inornatus,inat,37.9666915015,-122.2643390862,2026-09-19T16:03:00-07:00,https://www.inaturalist.org/observations/401794767,bird,cc-by-nc,"(c) Michael Warner, some rights reserved (CC BY-NC)"
/Users/outman/workspace/personal/bioscan/data/inat/Baeolophus_inornatus/401747594_737410199.jpg,Baeolophus inornatus,inat,37.7121419776,-122.0272509335,2026-08-30T10:34:00-07:00,https://www.inaturalist.org/observations/401747594,bird,cc-by-nc,"(c) Elliot W, some rights reserved (CC BY-NC)"
/Users/outman/workspace/personal/bioscan/data/inat/Baeolophus_inornatus/401675786_737265479.jpg,Baeolophus inornatus,inat,38.4597006935,-122.6555570814,2026-09-18T17:10:00-07:00,https://www.inaturalist.org/observations/401675786,bird,cc-by-nc,"(c) electriceye64, some rights reserved (CC BY-NC)"
/Users/outman/workspace/personal/bioscan/data/inat/Baeolophus_inornatus/401675780_737264433.jpg,Baeolophus inornatus,inat,38.4555629445,-122.6545105671,2026-09-18T16:40:00-07:00,https://www.inaturalist.org/observations/401675780,bird,cc-by-nc,"(c) electriceye64, some rights reserved (CC BY-NC)"
/Users/outman/workspace/personal/bioscan/data/inat/Baeolophus_inornatus/401669759_737251923.jpg,Baeolophus inornatus,inat,36.6321058825,-121.9308811342,2026-09-19T12:29:00-07:00,https://www.inaturalist.org/observations/401669759,bird,cc-by-nc,"(c) Angie, some rights reserved (CC BY-NC)"
/Users/outman/workspace/personal/bioscan/data/inat/Baeolophus_inornatus/401666556_737248846.jpg,Baeolophus inornatus,inat,38.4566143469,-122.655758237,2026-09-12T12:03:00-07:00,https://www.inaturalist.org/observations/401666556,bird,cc-by-nc,"(c) electriceye64, some rights reserved (CC BY-NC)"
/Users/outman/workspace/personal/bioscan/data/inat/Baeolophus_inornatus/401631778_737182712.jpg,Baeolophus inornatus,inat,33.6052683264,-116.4392679747,2026-09-19T11:59:40-07:00,https://www.inaturalist.org/observations/401631778,bird,cc-by-nc,"(c) dalemeister, some rights reserved (CC BY-NC)"
/Users/outman/workspace/personal/bioscan/data/inat/Baeolophus_inornatus/401615201_737149769.jpg,Baeolophus inornatus,inat,38.9543600506,-121.1049419133,2026-02-10T12:03:00-08:00,https://www.inaturalist.org/observations/401615201,bird,cc-by-nc,"(c) bomacro, some rights reserved (CC BY-NC)"
/Users/outman/workspace/personal/bioscan/data/inat/Baeolophus_inornatus/401569011_737063884.jpg,Baeolophus inornatus,inat,34.0374861111,-118.4246333333,2026-09-19T09:10:38-07:00,https://www.inaturalist.org/observations/401569011,bird,cc-by-nc,"(c) Testudo Regina, some rights reserved (CC BY-NC)"
/Users/outman/workspace/personal/bioscan/data/inat/Baeolophus_inornatus/401524737_736981221.jpg,Baeolophus inornatus,inat,37.1728028018,-121.7243754686,2026-09-18T13:45:00-07:00,https://www.inaturalist.org/observations/401524737,bird,cc-by-nc,"(c) Angie, some rights reserved (CC BY-NC)"
/Users/outman/workspace/personal/bioscan/data/inat/Baeolophus_inornatus/401432595_736797355.jpg,Baeolophus inornatus,inat,37.3445709447,-121.9057854287,2026-09-10T08:42:00-07:00,https://www.inaturalist.org/observations/401432595,bird,cc-by-nc,"(c) cormorant2, some rights reserved (CC BY-NC)"
/Users/outman/workspace/personal/bioscan/data/inat/Mimus_polyglottos/402647419_739196690.jpg,Mimus polyglottos,inat,33.1192068,-117.086421,2026-09-22T16:32:00-07:00,https://www.inaturalist.org/observations/402647419,bird,cc-by-nc,"(c) Steve Kaye, some rights reserved (CC BY-NC)"
/Users/outman/workspace/personal/bioscan/data/inat/Mimus_polyglottos/402638003_739177249.jpg,Mimus polyglottos,inat,37.4068028293,-121.9190958567,2026-09-16T08:21:23-07:00,https://www.inaturalist.org/observations/402638003,bird,cc-by-nc,"(c) shannon-ln, some rights reserved (CC BY-NC)"
/Users/outman/workspace/personal/bioscan/data/inat/Mimus_polyglottos/402637693_739176280.jpg,Mimus polyglottos,inat,38.6418264628,-121.7256835844,2026-09-22T18:19:00-07:00,https://www.inaturalist.org/observations/402637693,bird,cc-by-nc,"(c) Alex, some rights reserved (CC BY-NC)"
/Users/outman/workspace/personal/bioscan/data/inat/Mimus_polyglottos/402629967_739159271.jpg,Mimus polyglottos,inat,38.6367071743,-121.2683503884,2026-09-20,https://www.inaturalist.org/observations/402629967,bird,cc-by-nc,"(c) abcdefgewing, some rights reserved (CC BY-NC)"
/Users/outman/workspace/personal/bioscan/data/inat/Mimus_polyglottos/402626958_739155229.jpg,Mimus polyglottos,inat,34.0387076795,-118.157367222,2026-09-22T11:31:45-07:00,https://www.inaturalist.org/observations/402626958,bird,cc-by-nc,"(c) boazsolorio, some rights reserved (CC BY-NC)"
/Users/outman/workspace/personal/bioscan/data/inat/Mimus_polyglottos/402549691_738999322.jpg,Mimus polyglottos,inat,32.9721305556,-117.2617472222,2026-09-20T10:35:15-07:00,https://www.inaturalist.org/observations/402549691,bird,cc-by-nc,"(c) Emily Baltz, some rights reserved (CC BY-NC)"
/Users/outman/workspace/personal/bioscan/data/inat/Mimus_polyglottos/402374140_738663566.jpg,Mimus polyglottos,inat,33.8337533333,-118.09405,2026-09-21T17:06:31-07:00,https://www.inaturalist.org/observations/402374140,bird,cc-by-nc,"(c) hal r, some rights reserved (CC BY-NC)"
/Users/outman/workspace/personal/bioscan/data/inat/Mimus_polyglottos/402366573_738647445.jpg,Mimus polyglottos,inat,33.8984722222,-117.5071833333,2026-09-21T13:37:00-07:00,https://www.inaturalist.org/observations/402366573,bird,cc-by-nc,"(c) komalt1, some rights reserved (CC BY-NC)"
/Users/outman/workspace/personal/bioscan/data/inat/Mimus_polyglottos/402366560_738647387.jpg,Mimus polyglottos,inat,33.8985194444,-117.5073,2026-09-21T13:03:00-07:00,https://www.inaturalist.org/observations/402366560,bird,cc-by-nc,"(c) komalt1, some rights reserved (CC BY-NC)"
/Users/outman/workspace/personal/bioscan/data/inat/Mimus_polyglottos/402298738_738430365.jpg,Mimus polyglottos,inat,32.6825510875,-117.243711861,2026-09-21T06:40:00-07:00,https://www.inaturalist.org/observations/402298738,bird,cc0,no rights reserved
/Users/outman/workspace/personal/bioscan/data/inat/Mimus_polyglottos/402298737_738430232.jpg,Mimus polyglottos,inat,32.6825510875,-117.243711861,2026-09-21T06:41:00-07:00,https://www.inaturalist.org/observations/402298737,bird,cc0,no rights reserved
/Users/outman/workspace/personal/bioscan/data/inat/Mimus_polyglottos/402100144_738122312.jpg,Mimus polyglottos,inat,33.9339867997,-118.2431169,2026-09-20T17:59:59-07:00,https://www.inaturalist.org/observations/402100144,bird,cc-by,"(c) Christopher Cooke, some rights reserved (CC BY)"
/Users/outman/workspace/personal/bioscan/data/inat/Mimus_polyglottos/402091890_738104435.jpg,Mimus polyglottos,inat,32.9709583333,-117.26152,2026-09-20T14:03:55-07:00,https://www.inaturalist.org/observations/402091890,bird,cc-by,"(c) Eric Alan Isaacson, some rights reserved (CC BY)"
/Users/outman/workspace/personal/bioscan/data/inat/Mimus_polyglottos/402032823_737981809.jpg,Mimus polyglottos,inat,33.6419150075,-117.565918673,2026-09-19T17:07:00-07:00,https://www.inaturalist.org/observations/402032823,bird,cc-by-nc,"(c) Cynthia S., some rights reserved (CC BY-NC)"
/Users/outman/workspace/personal/bioscan/data/inat/Mimus_polyglottos/402020102_737957828.jpg,Mimus polyglottos,inat,34.1235533884,-118.1361714674,2026-09-20T10:19:38-07:00,https://www.inaturalist.org/observations/402020102,bird,cc0,no rights reserved
/Users/outman/workspace/personal/bioscan/data/inat/Mimus_polyglottos/401987353_737892520.jpg,Mimus polyglottos,inat,34.1120998997,-118.4465658997,2026-09-20T13:45:41-07:00,https://www.inaturalist.org/observations/401987353,bird,cc-by-nc,"(c) mchambr, some rights reserved (CC BY-NC)"
/Users/outman/workspace/personal/bioscan/data/inat/Mimus_polyglottos/401973997_737852829.jpg,Mimus polyglottos,inat,38.2050090183,-122.521533815,2026-09-15T08:39:00-07:00,https://www.inaturalist.org/observations/401973997,bird,cc-by-nc,"(c) Paul Barnett, some rights reserved (CC BY-NC)"
/Users/outman/workspace/personal/bioscan/data/inat/Mimus_polyglottos/401946007_737788309.jpg,Mimus polyglottos,inat,34.0860344486,-116.14025841,2026-05-19T09:13:00-07:00,https://www.inaturalist.org/observations/401946007,bird,cc-by-nc,"(c) Andrea Carpio, some rights reserved (CC BY-NC)"
/Users/outman/workspace/personal/bioscan/data/inat/Mimus_polyglottos/401945809_737785039.jpg,Mimus polyglottos,inat,34.0914608333,-116.159394445,2026-05-18T08:34:00-07:00,https://www.inaturalist.org/observations/401945809,bird,cc-by-nc,"(c) Andrea Carpio, some rights reserved (CC BY-NC)"
/Users/outman/workspace/personal/bioscan/data/inat/Mimus_polyglottos/401945800_737784926.jpg,Mimus polyglottos,inat,34.091065,-116.1586063883,2026-05-18T08:23:00-07:00,https://www.inaturalist.org/observations/401945800,bird,cc-by-nc,"(c) Andrea Carpio, some rights reserved (CC BY-NC)"
/Users/outman/workspace/personal/bioscan/data/inat/Mimus_polyglottos/401787580_737497032.jpg,Mimus polyglottos,inat,37.3643266134,-120.4299150498,2026-09-14T16:03:00-07:00,https://www.inaturalist.org/observations/401787580,bird,cc-by-nc,"(c) Kara Weeks, some rights reserved (CC BY-NC)"
/Users/outman/workspace/personal/bioscan/data/inat/Mimus_polyglottos/401761640_737442872.jpg,Mimus polyglottos,inat,33.8366017,-118.0948935,2026-09-19T17:52:00-07:00,https://www.inaturalist.org/observations/401761640,bird,cc-by-nc,"(c) Tracy Drake, some rights reserved (CC BY-NC)"
/Users/outman/workspace/personal/bioscan/data/inat/Mimus_polyglottos/401753366_737426792.jpg,Mimus polyglottos,inat,34.152699,-118.56649,2026-09-19T18:27:00-07:00,https://www.inaturalist.org/observations/401753366,bird,cc-by-nc,"(c) Phil Calvert, some rights reserved (CC BY-NC)"
/Users/outman/workspace/personal/bioscan/data/inat/Mimus_polyglottos/401733697_737383638.jpg,Mimus polyglottos,inat,37.6148917,-121.21042275,2026-03-01T16:45:00-08:00,https://www.inaturalist.org/observations/401733697,bird,cc-by,"(c) louisiv826, some rights reserved (CC BY)"
/Users/outman/workspace/personal/bioscan/data/inat/Mimus_polyglottos/401660459_737238592.jpg,Mimus polyglottos,inat,40.1556624029,-122.2043146641,2026-09-18T14:48:52-07:00,https://www.inaturalist.org/observations/401660459,bird,cc-by-nc,"(c) Allison Padilla, some rights reserved (CC BY-NC)"
