path,tier,scene,scene_group,light,setting,framing,license,attribution,source,url,md5
,scene,,wildlife,,,,https://creativecommons.org/licenses/by/2.0/,finchlake2000 https://www.flickr.com/photos/finchlake/5155791233/,openimages:validation:cd89e777ee492d4f,https://open-images-dataset.s3.amazonaws.com/validation/cd89e777ee492d4f.jpg,5f44cdd7022e9bbbd3cb74d5cc836fef
,scene,,wildlife,,,,https://creativecommons.org/licenses/by/2.0/,Michael Woodruff https://www.flickr.com/photos/nightjar/447170783/,openimages:validation:49109b133389fe77,https://open-images-dataset.s3.amazonaws.com/validation/49109b133389fe77.jpg,fceeffb5b7cdac412c59c3daef08a5f8
,scene,,wildlife,,,,https://creativecommons.org/licenses/by/2.0/,Jade Craven https://www.flickr.com/photos/cravenjade/21845763029,openimages:validation:cd17357fb8953737,https://open-images-dataset.s3.amazonaws.com/validation/cd17357fb8953737.jpg,e4e91f83aeab40adf5f640dda30c06aa
,scene,,wildlife,,,,https://creativecommons.org/licenses/by/2.0/,OakleyOriginals https://www.flickr.com/photos/oakleyoriginals/4866229527,openimages:validation:a454d57fb0e7f456,https://open-images-dataset.s3.amazonaws.com/validation/a454d57fb0e7f456.jpg,ec3fba6aa9ea3d3300e63f1e7526d86d
,scene,,wildlife,,,,https://creativecommons.org/licenses/by/2.0/,NKMphotos (DoodleMom) https://www.flickr.com/photos/scrapgeek/19299709258,openimages:validation:a942ff043695a6e8,https://open-images-dataset.s3.amazonaws.com/validation/a942ff043695a6e8.jpg,30cc43f019f6eab162d3ac0ef92c8ef2
,scene,,wildlife,,,,https://creativecommons.org/licenses/by/2.0/,AnneCN https://www.flickr.com/photos/anne-cathrine_nyberg/3714495280,openimages:validation:9b363f22cb13271e,https://open-images-dataset.s3.amazonaws.com/validation/9b363f22cb13271e.jpg,a18e657dfa0d2f7927cc8093e4f342dd
,scene,,wildlife,,,,https://creativecommons.org/licenses/by/2.0/,Stacey MacNaught https://www.flickr.com/photos/staceycav/13335524433,openimages:validation:59b1b434067dd333,https://open-images-dataset.s3.amazonaws.com/validation/59b1b434067dd333.jpg,d65967d1851edd01e1440cada0a94e3f
,scene,,wildlife,,,,https://creativecommons.org/licenses/by/2.0/,Bill  Damon https://www.flickr.com/photos/billdamon/9280835902/,openimages:validation:dfe4c6cb9aa03e9d,https://open-images-dataset.s3.amazonaws.com/validation/dfe4c6cb9aa03e9d.jpg,fe565f66e76a942848ad8258838c7b19
,scene,,wildlife,,,,https://creativecommons.org/licenses/by/2.0/,nociveglia https://www.flickr.com/photos/40385177@N07/14321684097/,openimages:validation:96792d9d197d0951,https://open-images-dataset.s3.amazonaws.com/validation/96792d9d197d0951.jpg,455e811ddbb550cc102c375a51a08681
,scene,,wildlife,,,,https://creativecommons.org/licenses/by/2.0/,Teemu Lehtinen https://www.flickr.com/photos/deemu/10151753665,openimages:validation:1203f70f16f36d18,https://open-images-dataset.s3.amazonaws.com/validation/1203f70f16f36d18.jpg,f014197f068e17e382dbf2284a1b7eca
,scene,,wildlife,,,,https://creativecommons.org/licenses/by/2.0/,Anita Ritenour https://www.flickr.com/photos/puliarfanita/4977400928,openimages:validation:6325c038418482bf,https://open-images-dataset.s3.amazonaws.com/validation/6325c038418482bf.jpg,e80b3b074c536d0d3779341b3a3f4e8f
,scene,,wildlife,,,,https://creativecommons.org/licenses/by/2.0/,Tyler Karaszewski https://www.flickr.com/photos/tylerkaraszewski/6518152427,openimages:validation:674280aa2442cdea,https://open-images-dataset.s3.amazonaws.com/validation/674280aa2442cdea.jpg,846bd3ee8b637779346b5873ee416703
,scene,,wildlife,,,,https://creativecommons.org/licenses/by/2.0/,pululante https://www.flickr.com/photos/pululante/10252302833,openimages:validation:735c1c90edfb1fbd,https://open-images-dataset.s3.amazonaws.com/validation/735c1c90edfb1fbd.jpg,54f64bedaceae87fd085c55bb42f2714
,scene,,wildlife,,,,https://creativecommons.org/licenses/by/2.0/,mhiguera https://www.flickr.com/photos/manuuuuuu/4490277018,openimages:validation:222e8ad382d2bb98,https://open-images-dataset.s3.amazonaws.com/validation/222e8ad382d2bb98.jpg,e74dda56eb372eb600b6b01d7a121de1
,scene,,wildlife,,,,https://creativecommons.org/licenses/by/2.0/,Daniele https://www.flickr.com/photos/eleinads/5787760770,openimages:validation:408b918f0d724046,https://open-images-dataset.s3.amazonaws.com/validation/408b918f0d724046.jpg,e715c4d5d628681525c956d8ddee773e
,scene,,wildlife,,,,https://creativecommons.org/licenses/by/2.0/,Don DeBold https://www.flickr.com/photos/ddebold/2660817895,openimages:validation:6a6759c2f8f5dab5,https://open-images-dataset.s3.amazonaws.com/validation/6a6759c2f8f5dab5.jpg,0f5b9a87c1abf750c3c6a4637ef3d5d1
,scene,,wildlife,,,,https://creativecommons.org/licenses/by/2.0/,David  Talens https://www.flickr.com/photos/tapeda88/17206334352,openimages:validation:5e6e7dd03cfd7b35,https://open-images-dataset.s3.amazonaws.com/validation/5e6e7dd03cfd7b35.jpg,59767fa3ff6e9073a52d3a266a6c1f39
,scene,,wildlife,,,,https://creativecommons.org/licenses/by/2.0/,Danny Chapman https://www.flickr.com/photos/11152520@N03/2531820109,openimages:validation:c3909bc47ec10c05,https://open-images-dataset.s3.amazonaws.com/validation/c3909bc47ec10c05.jpg,74653893fefe4a8d19d9a88e93cf2775
,scene,,wildlife,,,,https://creativecommons.org/licenses/by/2.0/,Peter Corbett https://www.flickr.com/photos/ptc24/14030487199,openimages:validation:4027b103c11f03c5,https://open-images-dataset.s3.amazonaws.com/validation/4027b103c11f03c5.jpg,2915b4f8c5e872f3f035970086ca3443
,scene,,wildlife,,,close_up,https://creativecommons.org/licenses/by/2.0/,Macnolete https://www.flickr.com/photos/macnolete/1432016205,openimages:validation:485ce86f48c18ec3,https://open-images-dataset.s3.amazonaws.com/validation/485ce86f48c18ec3.jpg,055f1aa4b6676b145a4045be10573be6
,scene,,wildlife,,,,https://creativecommons.org/licenses/by/2.0/,CheepShot https://www.flickr.com/photos/23755697@N04/8755168589,openimages:validation:8a14966b929a8b78,https://open-images-dataset.s3.amazonaws.com/validation/8a14966b929a8b78.jpg,667b030098fa2a7af9873075e08180b4
,scene,,wildlife,,,close_up,https://creativecommons.org/licenses/by/2.0/,Benny Mazur https://www.flickr.com/photos/benimoto/371426030,openimages:validation:d2aa16bc4f8db110,https://open-images-dataset.s3.amazonaws.com/validation/d2aa16bc4f8db110.jpg,5eeb1679d32d1a2c35a7e95050715f69
,scene,,wildlife,,,,https://creativecommons.org/licenses/by/2.0/,Kevin Jones https://www.flickr.com/photos/kj-an/2555457224,openimages:validation:536c39768f11b471,https://open-images-dataset.s3.amazonaws.com/validation/536c39768f11b471.jpg,5f4eada0ea50fcfbd00e6994461a86e4
,scene,,wildlife,,,close_up,https://creativecommons.org/licenses/by/2.0/,guilherme jofili https://www.flickr.com/photos/gjofili/9233628903,openimages:validation:de9b8cdfe567bc8c,https://open-images-dataset.s3.amazonaws.com/validation/de9b8cdfe567bc8c.jpg,0c0a5cbc241a002db4105abad7a337ba
,scene,,wildlife,,,,https://creativecommons.org/licenses/by/2.0/,Alek-z https://www.flickr.com/photos/alekzelbo/5516354872,openimages:validation:05d58d655a672dbe,https://open-images-dataset.s3.amazonaws.com/validation/05d58d655a672dbe.jpg,03555fc0733fa3c53007e2f583a3f1a5
,scene,,wildlife,,,,https://creativecommons.org/licenses/by/2.0/,Andrew C https://www.flickr.com/photos/acryptozoo/16522339832,openimages:validation:797f87aa9e24594a,https://open-images-dataset.s3.amazonaws.com/validation/797f87aa9e24594a.jpg,cb9293ecbf65e75e35548bc09940f64b
,scene,,wildlife,,,,https://creativecommons.org/licenses/by/2.0/,Ed Uthman https://www.flickr.com/photos/euthman/6889908464,openimages:validation:e0d7e02bb71f3da8,https://open-images-dataset.s3.amazonaws.com/validation/e0d7e02bb71f3da8.jpg,3194a81f8659b9b88f7ed31728766608
,scene,,wildlife,,,,https://creativecommons.org/licenses/by/2.0/,Tess Watson https://www.flickr.com/photos/tessawatson/3641152544/,openimages:validation:0743c99708a6ba32,https://open-images-dataset.s3.amazonaws.com/validation/0743c99708a6ba32.jpg,c70e9971302519b202f326e96283311d
,scene,,wildlife,,,,https://creativecommons.org/licenses/by/2.0/,rudresh_calls https://www.flickr.com/photos/85677269@N00/5347931956,openimages:validation:ff3845426149abf5,https://open-images-dataset.s3.amazonaws.com/validation/ff3845426149abf5.jpg,98e2cfb961be578eafd7de64dd5baa03
,scene,,wildlife,,,,https://creativecommons.org/licenses/by/2.0/,Archit Ratan https://www.flickr.com/photos/architratan/10922120754,openimages:validation:e6115afdd59b271c,https://open-images-dataset.s3.amazonaws.com/validation/e6115afdd59b271c.jpg,35791508a2230c5f35d4424d81eeae8a
,scene,,wildlife,,,,https://creativecommons.org/licenses/by/2.0/,Sankara Subramanian https://www.flickr.com/photos/sankaracs/3518405398,openimages:validation:a92fb2e1ee320bd8,https://open-images-dataset.s3.amazonaws.com/validation/a92fb2e1ee320bd8.jpg,8512e006238b0d0b3c16f7fac54521a7
,scene,,wildlife,,,,https://creativecommons.org/licenses/by/2.0/,Melissa Smith https://www.flickr.com/photos/69370495@N07/7695111030,openimages:validation:fdc88afb6f6fa1bd,https://open-images-dataset.s3.amazonaws.com/validation/fdc88afb6f6fa1bd.jpg,f5c52e813c39162aa4cd2e083e13e809
,scene,,wildlife,,,close_up,https://creativecommons.org/licenses/by/2.0/,Kevin Cole https://www.flickr.com/photos/kevcole/1215968023,openimages:validation:a5e3bf47bd6b6cd6,https://open-images-dataset.s3.amazonaws.com/validation/a5e3bf47bd6b6cd6.jpg,1f7e6bbc3865fe4668ef1a122dc78184
,scene,,wildlife,,,,https://creativecommons.org/licenses/by/2.0/,Jeremy Bradford https://www.flickr.com/photos/jtbradford/15237167351,openimages:validation:0931504585a12d03,https://open-images-dataset.s3.amazonaws.com/validation/0931504585a12d03.jpg,f92f18f67116930dfb56f7a2da06f684
,scene,,wildlife,,,close_up,https://creativecommons.org/licenses/by/2.0/,Patty McGann https://www.flickr.com/photos/pattymc/5212340929,openimages:validation:f12683c9889fcd1d,https://open-images-dataset.s3.amazonaws.com/validation/f12683c9889fcd1d.jpg,fc4e3d565698336a44aa2828e9b9fba7
,scene,,wildlife,,,close_up,https://creativecommons.org/licenses/by/2.0/,Alan Levine https://www.flickr.com/photos/cogdog/11744880944,openimages:validation:e8896aa5749a1472,https://open-images-dataset.s3.amazonaws.com/validation/e8896aa5749a1472.jpg,b18b3f04099b9610e6e2b321eae60867
,scene,,wildlife,,,,https://creativecommons.org/licenses/by/2.0/,Bev Sykes https://www.flickr.com/photos/basykes/6800949,openimages:validation:e3bf2841e4822068,https://open-images-dataset.s3.amazonaws.com/validation/e3bf2841e4822068.jpg,2afdee2a97488fe8f2b13655383c659a
,scene,,wildlife,,,,https://creativecommons.org/licenses/by/2.0/,Dawn Ellner https://www.flickr.com/photos/naturesdawn/2190668696,openimages:validation:52b2902289f2eefd,https://open-images-dataset.s3.amazonaws.com/validation/52b2902289f2eefd.jpg,ee3beba301771171ca57e3289bd643fe
,scene,,wildlife,,,,https://creativecommons.org/licenses/by/2.0/,LEONARDO DASILVA https://www.flickr.com/photos/leonardodasilva/590682552,openimages:validation:c61700049325c9f5,https://open-images-dataset.s3.amazonaws.com/validation/c61700049325c9f5.jpg,e32ef4404eaf338c099ee2883f9bf9a4
,scene,,wildlife,,,,https://creativecommons.org/licenses/by/2.0/,James St. John https://www.flickr.com/photos/jsjgeology/8364320629,openimages:validation:416119d4062c5821,https://open-images-dataset.s3.amazonaws.com/validation/416119d4062c5821.jpg,96b35f28b6dd1396418356b488865c0e
,scene,,wildlife,,,,https://creativecommons.org/licenses/by/2.0/,InAweofGod&#x27;sCreation https://www.flickr.com/photos/nhoulihan/7167596017,openimages:validation:b7356252b59f0200,https://open-images-dataset.s3.amazonaws.com/validation/b7356252b59f0200.jpg,f32944a6a9e0f9592dcc8a4dd2956273
,scene,,wildlife,,,,https://creativecommons.org/licenses/by/2.0/,Colby Stopa https://www.flickr.com/photos/photographybycolby/10377100954,openimages:validation:8a175a768f4bda0e,https://open-images-dataset.s3.amazonaws.com/validation/8a175a768f4bda0e.jpg,0b3c2064ecac22d8d0af8b0319209731
,scene,,wildlife,,,,https://creativecommons.org/licenses/by/2.0/,flowcomm https://www.flickr.com/photos/flowcomm/13948855798,openimages:validation:c2e24728760f0762,https://open-images-dataset.s3.amazonaws.com/validation/c2e24728760f0762.jpg,eb68cae92648d1a85da9838ca03ecb76
,scene,,wildlife,,,,https://creativecommons.org/licenses/by/2.0/,shrikant rao https://www.flickr.com/photos/9494793@N06/3029372771/,openimages:validation:7fade40697c8274b,https://open-images-dataset.s3.amazonaws.com/validation/7fade40697c8274b.jpg,d6beeb75af04bbe3de91fcbc59da9f62
,scene,,wildlife,,,,https://creativecommons.org/licenses/by/2.0/,Betsy Weber https://www.flickr.com/photos/betsyweber/301481462,openimages:validation:5797ef5daebc4f48,https://open-images-dataset.s3.amazonaws.com/validation/5797ef5daebc4f48.jpg,066360dd1ef926cce7841d0f08f8bc18
,scene,,wildlife,,,,https://creativecommons.org/licenses/by/2.0/,Pedro Lozano https://www.flickr.com/photos/peterlozano/4878745140/,openimages:validation:a6a875a9f6d1f829,https://open-images-dataset.s3.amazonaws.com/validation/a6a875a9f6d1f829.jpg,bfc71995bebe56a0eb1d6f864b4c5525
,scene,,wildlife,,,,https://creativecommons.org/licenses/by/2.0/,ABERLIN2009 https://www.flickr.com/photos/aberlin2009/3899590744/,openimages:validation:d32bbcdf514946aa,https://open-images-dataset.s3.amazonaws.com/validation/d32bbcdf514946aa.jpg,a9f67c494b94d739a5e47c81d2c1a826
,scene,,wildlife,,,close_up,https://creativecommons.org/licenses/by/2.0/,Akulatraxas https://www.flickr.com/photos/akulatraxas/17170345005,openimages:validation:28362ec0cb385ca8,https://open-images-dataset.s3.amazonaws.com/validation/28362ec0cb385ca8.jpg,73e493e9c014c09c8802fca282137205
,scene,,wildlife,,,close_up,https://creativecommons.org/licenses/by/2.0/,Drew Avery https://www.flickr.com/photos/33590535@N06/3712985590,openimages:validation:78a1248d4383e287,https://open-images-dataset.s3.amazonaws.com/validation/78a1248d4383e287.jpg,f1b4ac0bd51d67edf4478234c48c9197
,scene,,wildlife,,,close_up,https://creativecommons.org/licenses/by/2.0/,Greg Wohead https://www.flickr.com/photos/gregwohead/5958550197,openimages:validation:a56e3a4768fe60a7,https://open-images-dataset.s3.amazonaws.com/validation/a56e3a4768fe60a7.jpg,60c94c13639012edea307c431d129007
,scene,bird_flight,wildlife,,,,https://creativecommons.org/licenses/by/2.0/,Dawn Scranton https://www.flickr.com/photos/68782989@N03/6757967947,openimages:validation:28c6046282542825,https://open-images-dataset.s3.amazonaws.com/validation/28c6046282542825.jpg,07df80425222d24bfdc11cf59012ae8b
,scene,bird_flight,wildlife,,,,https://creativecommons.org/licenses/by/2.0/,USFWS - Pacific Region https://www.flickr.com/photos/usfwspacific/5697247509,openimages:validation:e3c6c216a083f39f,https://open-images-dataset.s3.amazonaws.com/validation/e3c6c216a083f39f.jpg,ec2eb66ab1e16ecbe50cc0604d8ed0ad
,scene,bird_flight,wildlife,,,,https://creativecommons.org/licenses/by/2.0/,Richard Hurd https://www.flickr.com/photos/rahimageworks/8163197754,openimages:validation:429019e83c1c2c94,https://open-images-dataset.s3.amazonaws.com/validation/429019e83c1c2c94.jpg,593817959aa6f12509a5b07bc08b1083
,scene,bird_flight,wildlife,,,,https://creativecommons.org/licenses/by/2.0/,Marcin Chady https://www.flickr.com/photos/marcinchady/15005974785,openimages:validation:a4c7687ed90c5cf0,https://open-images-dataset.s3.amazonaws.com/validation/a4c7687ed90c5cf0.jpg,5ddae1e528e7ccd84b468d75003d5ea1
,scene,bird_flight,wildlife,,,,https://creativecommons.org/licenses/by/2.0/,Colleen Benelli https://www.flickr.com/photos/49651517@N02/4875066631,openimages:validation:a8820fa459918c4f,https://open-images-dataset.s3.amazonaws.com/validation/a8820fa459918c4f.jpg,1de26c7ed7b360568577a8c9c2224bf6
,scene,bird_flight,wildlife,,,,https://creativecommons.org/licenses/by/2.0/,Steve Garner https://www.flickr.com/photos/22032337@N02/7716573192,openimages:validation:31113c417de95b38,https://open-images-dataset.s3.amazonaws.com/validation/31113c417de95b38.jpg,86a31510cb6ec3bc84decc6cb32a10c1
,scene,bird_flight,wildlife,,,,https://creativecommons.org/licenses/by/2.0/,dfaulder https://www.flickr.com/photos/dfaulder/14076572909,openimages:validation:395a8ff74a87b77c,https://open-images-dataset.s3.amazonaws.com/validation/395a8ff74a87b77c.jpg,4b9d87c292083fa832c46bfacbec5984
,scene,bird_flight,wildlife,,,,https://creativecommons.org/licenses/by/2.0/,Raúl Juliá https://www.flickr.com/photos/raultimate/427485954,openimages:validation:01bbd516e7a1f404,https://open-images-dataset.s3.amazonaws.com/validation/01bbd516e7a1f404.jpg,0f9ccd9cd7afcb682a078ebe2b6be17d
,scene,bird_flight,wildlife,,,,https://creativecommons.org/licenses/by/2.0/,Steve Shattuck https://www.flickr.com/photos/steve_shattuck/3817538270,openimages:validation:aa085b73c1df05f1,https://open-images-dataset.s3.amazonaws.com/validation/aa085b73c1df05f1.jpg,4b27faebacca4f8aef4437c4faa48f0f
,scene,bird_flight,wildlife,,,,https://creativecommons.org/licenses/by/2.0/,Brian Ralphs https://www.flickr.com/photos/birdbrian/16795623192,openimages:validation:d1758981bfb343a4,https://open-images-dataset.s3.amazonaws.com/validation/d1758981bfb343a4.jpg,21736129d99f7bcedb7ce8d5dd31f938
,scene,bird_flight,wildlife,,,,https://creativecommons.org/licenses/by/2.0/,Felipe Gabaldón https://www.flickr.com/photos/felipe_gabaldon/4019033830,openimages:validation:04074e1fe2f511b2,https://open-images-dataset.s3.amazonaws.com/validation/04074e1fe2f511b2.jpg,579eff3e038d44d7b9f1e3331cc792ff
,scene,bird_flight,wildlife,,,,https://creativecommons.org/licenses/by/2.0/,Bjoern Schwarz https://www.flickr.com/photos/bagalute/17148670272,openimages:validation:4d9ddd9eadc8b184,https://open-images-dataset.s3.amazonaws.com/validation/4d9ddd9eadc8b184.jpg,baf3c36cb5b77ab55a187a36fb887726
,scene,bird_flight,wildlife,,,,https://creativecommons.org/licenses/by/2.0/,Alby Headrick https://www.flickr.com/photos/southernpixel/245429668,openimages:validation:7fbcb08979743f7b,https://open-images-dataset.s3.amazonaws.com/validation/7fbcb08979743f7b.jpg,cfe4a68717faffccf3d5a76eb241880b
,scene,bird_flight,wildlife,,,,https://creativecommons.org/licenses/by/2.0/,Jason Crotty https://www.flickr.com/photos/46789814@N05/4296912412,openimages:validation:8ce73741c8472b54,https://open-images-dataset.s3.amazonaws.com/validation/8ce73741c8472b54.jpg,85a72864bc5082ed5a65b76c125b50fd
,scene,bird_flight,wildlife,,,,https://creativecommons.org/licenses/by/2.0/,John Benson https://www.flickr.com/photos/j_benson/2750075577,openimages:validation:68aff9c12bab29ef,https://open-images-dataset.s3.amazonaws.com/validation/68aff9c12bab29ef.jpg,46b0f94bbfceb55a1a9c142a45aa5961
,scene,bird_flight,wildlife,,,,https://creativecommons.org/licenses/by/2.0/,Peter Trimming https://www.flickr.com/photos/peter-trimming/5717134656,openimages:validation:86beba424918c6e8,https://open-images-dataset.s3.amazonaws.com/validation/86beba424918c6e8.jpg,94b31656f451ab2a1cdcb85dda37e06f
,scene,bird_flight,wildlife,,,,https://creativecommons.org/licenses/by/2.0/,Dennis Hill https://www.flickr.com/photos/fontplaydotcom/526377705,openimages:validation:031720efe00a754b,https://open-images-dataset.s3.amazonaws.com/validation/031720efe00a754b.jpg,1273f3b2f227bb6f990d3dabb50c00f6
,scene,bird_flight,wildlife,,,,https://creativecommons.org/licenses/by/2.0/,Charlie Cowins https://www.flickr.com/photos/charliecowins/2807777380,openimages:validation:ae2ffad260809f2b,https://open-images-dataset.s3.amazonaws.com/validation/ae2ffad260809f2b.jpg,9186a32fa7a819be31902cebd46f4e56
,scene,bird_flight,wildlife,,,,https://creativecommons.org/licenses/by/2.0/,Murray Barnes https://www.flickr.com/photos/aeu04117/3884838581,openimages:validation:55a16decd6571290,https://open-images-dataset.s3.amazonaws.com/validation/55a16decd6571290.jpg,8f43d6526926ae982928634d2595b193
,scene,bird_flight,wildlife,,,,https://creativecommons.org/licenses/by/2.0/,Adan Garcia https://www.flickr.com/photos/adangarcia/3477497985,openimages:validation:2f10d9a676e74ee3,https://open-images-dataset.s3.amazonaws.com/validation/2f10d9a676e74ee3.jpg,85ac5e18921275ddeac2d7d0ad944e65
,scene,bird_flight,wildlife,,,,https://creativecommons.org/licenses/by/2.0/,greenasian https://www.flickr.com/photos/photos_by_chrystal/1473791345,openimages:validation:9b8d33d38c482066,https://open-images-dataset.s3.amazonaws.com/validation/9b8d33d38c482066.jpg,7762977b8eb723541acf039f0a4e3502
,scene,bird_flight,wildlife,,,,https://creativecommons.org/licenses/by/2.0/,Kevin Cole https://www.flickr.com/photos/kevcole/2176278474,openimages:validation:67da7ab9a06548e0,https://open-images-dataset.s3.amazonaws.com/validation/67da7ab9a06548e0.jpg,435cb560c42b1216bfb0a1e9f2dc7fc8
,scene,,wildlife,,,,https://creativecommons.org/licenses/by/2.0/,Fimb https://www.flickr.com/photos/fimbrethil/165775714,openimages:validation:8686bb05efd9664a,https://open-images-dataset.s3.amazonaws.com/validation/8686bb05efd9664a.jpg,f20159887f965b12e02926a3f5b1a829
,scene,,wildlife,,,,https://creativecommons.org/licenses/by/2.0/,thinboyfatter https://www.flickr.com/photos/1234abcd/4456467829,openimages:validation:3415bffff7de8f03,https://open-images-dataset.s3.amazonaws.com/validation/3415bffff7de8f03.jpg,adecf0328da3a9e2c821200ba61f61fb
,scene,,wildlife,,,,https://creativecommons.org/licenses/by/2.0/,Chris Eason https://www.flickr.com/photos/mister-e/3429972890/,openimages:validation:82955c06319a9bc4,https://open-images-dataset.s3.amazonaws.com/validation/82955c06319a9bc4.jpg,521278fe6006bb98f75392ccb86e0393
,scene,,wildlife,,,,https://creativecommons.org/licenses/by/2.0/,peasap https://www.flickr.com/photos/peasap/855776347,openimages:validation:e30c04da9f5c1bed,https://open-images-dataset.s3.amazonaws.com/validation/e30c04da9f5c1bed.jpg,e1e2faf71c160319b02e45c5a2d4ccf9
,scene,,wildlife,,,,https://creativecommons.org/licenses/by/2.0/,Michael MK Khor https://www.flickr.com/photos/mk-creatures/8317091385,openimages:validation:4b5351938c5b3824,https://open-images-dataset.s3.amazonaws.com/validation/4b5351938c5b3824.jpg,a1ec61c171f6ec2afa8b78e17a6889ed
,scene,,wildlife,,,,https://creativecommons.org/licenses/by/2.0/,Domenico Salvagnin https://www.flickr.com/photos/dominiqs/759146901,openimages:validation:83fd8c85621067e3,https://open-images-dataset.s3.amazonaws.com/validation/83fd8c85621067e3.jpg,2b1a9fdeff46d52abd0aa54ab5371a8f
,scene,,wildlife,,,,https://creativecommons.org/licenses/by/2.0/,Carlos Montalva https://www.flickr.com/photos/carlosmontalva/4015309859,openimages:validation:d1ace330f2d4a427,https://open-images-dataset.s3.amazonaws.com/validation/d1ace330f2d4a427.jpg,2cb1594f9a8f6bd0f34921bed0ad5386
,scene,,wildlife,,,,https://creativecommons.org/licenses/by/2.0/,N.A. Booth https://www.flickr.com/photos/nickbooth/9498255352,openimages:validation:767f0a7861cabc5b,https://open-images-dataset.s3.amazonaws.com/validation/767f0a7861cabc5b.jpg,3f021aee60854f937512c33704d7e326
,scene,,wildlife,,,,https://creativecommons.org/licenses/by/2.0/,andy muir https://www.flickr.com/photos/37589005@N04/8274985699,openimages:validation:c6c69f5252905776,https://open-images-dataset.s3.amazonaws.com/validation/c6c69f5252905776.jpg,c5b7324834b14d0ebbb59c8607d1f66e
,scene,,wildlife,,,,https://creativecommons.org/licenses/by/2.0/,Steve Slater https://www.flickr.com/photos/wildlife_encounters/17182977132,openimages:validation:a2ceae700f36d562,https://open-images-dataset.s3.amazonaws.com/validation/a2ceae700f36d562.jpg,0c36e13ce6d831df4d7b67d1eace0327
,scene,,wildlife,,,,https://creativecommons.org/licenses/by/2.0/,Michael Malz https://www.flickr.com/photos/michaelmalz/4578608570,openimages:validation:d38d83e318749dc5,https://open-images-dataset.s3.amazonaws.com/validation/d38d83e318749dc5.jpg,369cb01a0ac42bcd384b76076f82e34e
,scene,,wildlife,,,,https://creativecommons.org/licenses/by/2.0/,Amateur  Indonesian Photographer https://www.flickr.com/photos/mochbsetyadi/7082393041,openimages:validation:50715f80a82402b1,https://open-images-dataset.s3.amazonaws.com/validation/50715f80a82402b1.jpg,cf160c588c9863fa21804ad881369a45
,scene,,wildlife,,,close_up,https://creativecommons.org/licenses/by/2.0/,twak https://www.flickr.com/photos/twak/4024576481,openimages:validation:7b990a6edf11def6,https://open-images-dataset.s3.amazonaws.com/validation/7b990a6edf11def6.jpg,1dab71bb85b389fed6873d5190adfe5c
,scene,,wildlife,,,,https://creativecommons.org/licenses/by/2.0/,Doug Letterman https://www.flickr.com/photos/dougletterman/349809817,openimages:validation:e1de45bae8170612,https://open-images-dataset.s3.amazonaws.com/validation/e1de45bae8170612.jpg,0e52c6f9cc027b0834629bc19b070c17
,scene,,wildlife,,,,https://creativecommons.org/licenses/by/2.0/,Jennifer https://www.flickr.com/photos/whetzel/46212111,openimages:validation:01e3bcb7d22efc25,https://open-images-dataset.s3.amazonaws.com/validation/01e3bcb7d22efc25.jpg,4609ab635e067a3f8a2a4e0af72fcaec
,scene,,wildlife,,,,https://creativecommons.org/licenses/by/2.0/,Cristóbal Alvarado Minic https://www.flickr.com/photos/ctam/2659122597,openimages:validation:84859eef82c630ac,https://open-images-dataset.s3.amazonaws.com/validation/84859eef82c630ac.jpg,334ccc66945f4e81b1a997daa9b791c8
,scene,,wildlife,,,,https://creativecommons.org/licenses/by/2.0/,Robert Taylor https://www.flickr.com/photos/bobolink/4746700189/,openimages:validation:179d4e466a69e6bb,https://open-images-dataset.s3.amazonaws.com/validation/179d4e466a69e6bb.jpg,65270d978e9de1df908821eb142ad203
,scene,,wildlife,,,close_up,https://creativecommons.org/licenses/by/2.0/,Petra Kohlstädt https://www.flickr.com/photos/91576944@N00/1297644256,openimages:validation:a42b8159456a2b21,https://open-images-dataset.s3.amazonaws.com/validation/a42b8159456a2b21.jpg,97c976694b560c8b86bb971773806f08
,scene,,wildlife,,,,https://creativecommons.org/licenses/by/2.0/,Katherine Johnson https://www.flickr.com/photos/aka_kath/44202083,openimages:validation:68f267f4b05b34d8,https://open-images-dataset.s3.amazonaws.com/validation/68f267f4b05b34d8.jpg,502c5575f0cbd5987709f453d6dfd51d
,scene,,wildlife,,,,https://creativecommons.org/licenses/by/2.0/,Jassen https://www.flickr.com/photos/jassen/2598432497,openimages:validation:045952c35925925a,https://open-images-dataset.s3.amazonaws.com/validation/045952c35925925a.jpg,124b50e5af3345aaef850e55914fb9c8
,scene,,wildlife,,,,https://creativecommons.org/licenses/by/2.0/,Lelê Breveglieri https://www.flickr.com/photos/leleuzis/8739758000,openimages:validation:b86a7a04721e78f2,https://open-images-dataset.s3.amazonaws.com/validation/b86a7a04721e78f2.jpg,546d8eb190c8d4966717074cbcf97712
,scene,,wildlife,,,close_up,https://creativecommons.org/licenses/by/2.0/,normanack https://www.flickr.com/photos/29278394@N00/5535673085,openimages:validation:6403ebc36aaa6d5b,https://open-images-dataset.s3.amazonaws.com/validation/6403ebc36aaa6d5b.jpg,f6e4b1120fed36e68b03405c51f1b045
,scene,,wildlife,,,,https://creativecommons.org/licenses/by/2.0/,Kimberly Vardeman https://www.flickr.com/photos/kimberlykv/16663988681,openimages:validation:518f570f061cd8ed,https://open-images-dataset.s3.amazonaws.com/validation/518f570f061cd8ed.jpg,eaa9332021449afcce1592ae402372c1
,scene,,wildlife,,,,https://creativecommons.org/licenses/by/2.0/,Tim Green https://www.flickr.com/photos/atoach/14721422886,openimages:validation:18661e1edfee1db3,https://open-images-dataset.s3.amazonaws.com/validation/18661e1edfee1db3.jpg,1f3a2aee8ca3ddc5516002f0c0962d82
,scene,,wildlife,,,,https://creativecommons.org/licenses/by/2.0/,Daniel Ramirez https://www.flickr.com/photos/danramarch/5213307215,openimages:validation:c623b7d474e11437,https://open-images-dataset.s3.amazonaws.com/validation/c623b7d474e11437.jpg,97532f59b88c18a88e232ea550d68eb3
,scene,,wildlife,,,,https://creativecommons.org/licenses/by/2.0/,Tim Herrick https://www.flickr.com/photos/minkymonkeymoo/2159168856,openimages:validation:6977321487797845,https://open-images-dataset.s3.amazonaws.com/validation/6977321487797845.jpg,afcc663380ad4904f9f29372892f7891
,scene,,wildlife,,,close_up,https://creativecommons.org/licenses/by/2.0/,Pete Birkinshaw https://www.flickr.com/photos/binaryape/4485104266,openimages:validation:53710f5df081acf8,https://open-images-dataset.s3.amazonaws.com/validation/53710f5df081acf8.jpg,26680b849f81c5866aae10c27aa7f5b4
,scene,,wildlife,,,,https://creativecommons.org/licenses/by/2.0/,Richard Barley https://www.flickr.com/photos/aragornsbeard/5974040,openimages:validation:b032df83b210396d,https://open-images-dataset.s3.amazonaws.com/validation/b032df83b210396d.jpg,f630153bff851e8fe5409f78654e5ce1
,scene,,wildlife,,,,https://creativecommons.org/licenses/by/2.0/,justinmclachlan https://www.flickr.com/photos/fifteenminutes/14383534532,openimages:validation:a17175bd36a777b6,https://open-images-dataset.s3.amazonaws.com/validation/a17175bd36a777b6.jpg,b135db3d9e7d7a43645c43f7217bdd3f
,scene,,wildlife,,,,https://creativecommons.org/licenses/by/2.0/,Phalinn Ooi https://www.flickr.com/photos/phalinn/15502232151,openimages:validation:a3bceea9c0125c8e,https://open-images-dataset.s3.amazonaws.com/validation/a3bceea9c0125c8e.jpg,7a2d8359d0b5da510110d363b6c78e59
,scene,,wildlife,,,,https://creativecommons.org/licenses/by/2.0/,Chanel Mason https://www.flickr.com/photos/128787213@N03/16504138577,openimages:validation:82c9f6deb0d7e3bc,https://open-images-dataset.s3.amazonaws.com/validation/82c9f6deb0d7e3bc.jpg,592bb33bb5b93a972814ea0164aa9d2c
,scene,,wildlife,,,,https://creativecommons.org/licenses/by/2.0/,flickker photos https://www.flickr.com/photos/38504374@N02/3588271328,openimages:validation:fcdd65c7971d223d,https://open-images-dataset.s3.amazonaws.com/validation/fcdd65c7971d223d.jpg,faeba3aea3713b49e61205425189721b
,scene,,wildlife,,,,https://creativecommons.org/licenses/by/2.0/,John Hayes https://www.flickr.com/photos/32357017@N03/14925426335,openimages:validation:252d9dae7eb6b9ed,https://open-images-dataset.s3.amazonaws.com/validation/252d9dae7eb6b9ed.jpg,c4fb335e7c5965d59af2b6862d1fc7bb
,scene,,wildlife,,,,https://creativecommons.org/licenses/by/2.0/,Bryce Edwards https://www.flickr.com/photos/bryce_edwards/3544006789,openimages:validation:29e7ac65c4d1faf0,https://open-images-dataset.s3.amazonaws.com/validation/29e7ac65c4d1faf0.jpg,627919794bb29b36575a792b20057225
,scene,,wildlife,,,,https://creativecommons.org/licenses/by/2.0/,linademartinez https://www.flickr.com/photos/linademartinez/14671403340,openimages:validation:21a608e465929e72,https://open-images-dataset.s3.amazonaws.com/validation/21a608e465929e72.jpg,cee61168a7dcc0123e5b5724b2f5a55b
,scene,,wildlife,,,,https://creativecommons.org/licenses/by/2.0/,Francisco Gonzalez https://www.flickr.com/photos/franciscojgonzalez/8626746365,openimages:validation:7a32cfdda64af618,https://open-images-dataset.s3.amazonaws.com/validation/7a32cfdda64af618.jpg,628fe43e0f11d601b7b122ab535972b4
,scene,,wildlife,,,,https://creativecommons.org/licenses/by/2.0/,Aleix Cabarrocas Garcia https://www.flickr.com/photos/aleixcabarrocas/5384664835,openimages:validation:519e45e7cfe475b4,https://open-images-dataset.s3.amazonaws.com/validation/519e45e7cfe475b4.jpg,515094ddb1d678c5687ebbd01d6c0d8e
,scene,,wildlife,,,,https://creativecommons.org/licenses/by/2.0/,thy https://www.flickr.com/photos/thy/186760097,openimages:validation:1a8684274b85a04d,https://open-images-dataset.s3.amazonaws.com/validation/1a8684274b85a04d.jpg,00a0e45851c1cd6035e37a82dfbe8507
,scene,,wildlife,,,,https://creativecommons.org/licenses/by/2.0/,dimercaprol1 https://www.flickr.com/photos/angshub/5478261545,openimages:validation:ea32b336199c2c75,https://open-images-dataset.s3.amazonaws.com/validation/ea32b336199c2c75.jpg,aa35f884822b9e30e48d5ba981e74ab0
,scene,,wildlife,,,,https://creativecommons.org/licenses/by/2.0/,Erik (HASH) Hersman https://www.flickr.com/photos/whiteafrican/3801471005,openimages:validation:d49e4584a117d581,https://open-images-dataset.s3.amazonaws.com/validation/d49e4584a117d581.jpg,0101833b422b32b8ef6517bd1e148098
,scene,,wildlife,,,,https://creativecommons.org/licenses/by/2.0/,Andy Reago &amp; Chrissy McClarren https://www.flickr.com/photos/wildreturn/15674437813,openimages:validation:03a860a903b04a3b,https://open-images-dataset.s3.amazonaws.com/validation/03a860a903b04a3b.jpg,93463a267d68d7210adbe905f273ff5e
,scene,,wildlife,,,,https://creativecommons.org/licenses/by/2.0/,kori monster https://www.flickr.com/photos/korimatiessa/4994876292/,openimages:validation:0bd8d52c36d04e60,https://open-images-dataset.s3.amazonaws.com/validation/0bd8d52c36d04e60.jpg,1092769ba87fd7efd5ffa7ef147ef26f
,scene,,wildlife,,,,https://creativecommons.org/licenses/by/2.0/,shrinkin&#x27;violet https://www.flickr.com/photos/samuir/8430822100,openimages:validation:5b7e40de768a5e98,https://open-images-dataset.s3.amazonaws.com/validation/5b7e40de768a5e98.jpg,b9fba00aac4d77bee1c0434f4b414b69
,scene,,wildlife,,,,https://creativecommons.org/licenses/by/2.0/,Josué Goge https://www.flickr.com/photos/jgoge123/6133719709,openimages:validation:bd2b21f92fc7d9ba,https://open-images-dataset.s3.amazonaws.com/validation/bd2b21f92fc7d9ba.jpg,375e1cbd122cfc8387db860e5cf530cd
,scene,,wildlife,,,,https://creativecommons.org/licenses/by/2.0/,Jocelyn Saurini https://www.flickr.com/photos/jnissa/1488174401,openimages:validation:571db87ed7eadabb,https://open-images-dataset.s3.amazonaws.com/validation/571db87ed7eadabb.jpg,32af56578bfa3eb466c1e14b041f44c6
,scene,,wildlife,,,,https://creativecommons.org/licenses/by/2.0/,Samu https://www.flickr.com/photos/samualpedrete/458587579,openimages:validation:445a9b67b95a880c,https://open-images-dataset.s3.amazonaws.com/validation/445a9b67b95a880c.jpg,04535849be974e4ad3ae53e599c72126
,scene,,wildlife,,,,https://creativecommons.org/licenses/by/2.0/,Bart Everson https://www.flickr.com/photos/editor/7925965964,openimages:validation:f61e20ead826a9cf,https://open-images-dataset.s3.amazonaws.com/validation/f61e20ead826a9cf.jpg,d36b601fbb06e0845f46b82d0637b52f
,scene,,wildlife,,,,https://creativecommons.org/licenses/by/2.0/,Harald Deischinger https://www.flickr.com/photos/deischi/12594013615,openimages:validation:d455705ae29769a2,https://open-images-dataset.s3.amazonaws.com/validation/d455705ae29769a2.jpg,8f4607130c25cc97882417035ac397a8
,scene,,wildlife,,,,https://creativecommons.org/licenses/by/2.0/,Kathy https://www.flickr.com/photos/44603071@N00/1154008051,openimages:validation:e997d9b4d09b8d94,https://open-images-dataset.s3.amazonaws.com/validation/e997d9b4d09b8d94.jpg,08b9b15bd728f0abcee599eea21c09fa
,scene,,wildlife,,,,https://creativecommons.org/licenses/by/2.0/,Miguel Rangel Jr https://www.flickr.com/photos/83713276@N03/7957347824,openimages:validation:f2ab38580f908e8e,https://open-images-dataset.s3.amazonaws.com/validation/f2ab38580f908e8e.jpg,988250aef56ddcdfcd3c5b08d13d62ef
,scene,other_animal,wildlife,,,,https://creativecommons.org/licenses/by/2.0/,GrrlScientist https://www.flickr.com/photos/30540563@N08/12835232793/,openimages:validation:3a959dcaa12481df,https://open-images-dataset.s3.amazonaws.com/validation/3a959dcaa12481df.jpg,77e1ed437c72d78b4ad5f6d0a8ac1056
,scene,other_animal,wildlife,,,,https://creativecommons.org/licenses/by/2.0/,alainlm https://www.flickr.com/photos/alainlm/3548073223/,openimages:validation:6f34d599f8a37eb0,https://open-images-dataset.s3.amazonaws.com/validation/6f34d599f8a37eb0.jpg,04dfe9be56c6b261a706e16192bfb6ef
,scene,other_animal,wildlife,,,close_up,https://creativecommons.org/licenses/by/2.0/,Ching https://www.flickr.com/photos/36302473@N03/9470890016,openimages:validation:be2f530f8265c4b7,https://open-images-dataset.s3.amazonaws.com/validation/be2f530f8265c4b7.jpg,1153263087a27bee4cf2aa957d8d5833
,scene,other_animal,wildlife,,,close_up,https://creativecommons.org/licenses/by/2.0/,Esther Lee https://www.flickr.com/photos/47096398@N08/5520843955,openimages:validation:416c9c08f841f000,https://open-images-dataset.s3.amazonaws.com/validation/416c9c08f841f000.jpg,8f192d6c85fe8d6f0f559ff88614bd55
,scene,other_animal,wildlife,,,close_up,https://creativecommons.org/licenses/by/2.0/,Robert Lesser https://www.flickr.com/photos/robert101/4149079750,openimages:validation:f17aa136748b717d,https://open-images-dataset.s3.amazonaws.com/validation/f17aa136748b717d.jpg,d725a26425a06b09dac99b435fa9103f
,scene,other_animal,wildlife,,,close_up,https://creativecommons.org/licenses/by/2.0/,John Haslam https://www.flickr.com/photos/foxypar4/3300110885,openimages:validation:33e2e2456781a72f,https://open-images-dataset.s3.amazonaws.com/validation/33e2e2456781a72f.jpg,53127cf9a82fa5dd75e90b22b50f2cab
,scene,other_animal,wildlife,,,,https://creativecommons.org/licenses/by/2.0/,Thomas Quine https://www.flickr.com/photos/quinet/88426673,openimages:validation:7f950ac094b362bb,https://open-images-dataset.s3.amazonaws.com/validation/7f950ac094b362bb.jpg,779aa956c4275b9c378a83ea971d2c29
,scene,other_animal,wildlife,,,,https://creativecommons.org/licenses/by/2.0/,se7en https://www.flickr.com/photos/hm7/14967972879,openimages:validation:bd0b8ead2668b29f,https://open-images-dataset.s3.amazonaws.com/validation/bd0b8ead2668b29f.jpg,fcfb8c896225172ad017ba0f1c9facd1
,scene,other_animal,wildlife,,,close_up,https://creativecommons.org/licenses/by/2.0/,Tim Williams https://www.flickr.com/photos/timmythesuk/178326635,openimages:validation:b0fa97d00bb53f2b,https://open-images-dataset.s3.amazonaws.com/validation/b0fa97d00bb53f2b.jpg,ec3bb8c4887705df240cb0cd934f3480
,scene,other_animal,wildlife,,,,https://creativecommons.org/licenses/by/2.0/,Dorte https://www.flickr.com/photos/dortef/2910066877,openimages:validation:d74c6cc236fe74ec,https://open-images-dataset.s3.amazonaws.com/validation/d74c6cc236fe74ec.jpg,a3d756a6148a062933179b077fc6e720
,scene,other_animal,wildlife,,,,https://creativecommons.org/licenses/by/2.0/,DaveBleasdale https://www.flickr.com/photos/sidelong/19440285793,openimages:validation:50e341e21ffd6f98,https://open-images-dataset.s3.amazonaws.com/validation/50e341e21ffd6f98.jpg,f16780a6ffbd037bcb66dc72d44a3b53
,scene,other_animal,wildlife,,,,https://creativecommons.org/licenses/by/2.0/,Epic Fireworks https://www.flickr.com/photos/epicfireworks/6829304114,openimages:validation:b11f9a9e3398f117,https://open-images-dataset.s3.amazonaws.com/validation/b11f9a9e3398f117.jpg,236e5422f231ec30353b84a2df9620bb
,scene,other_animal,wildlife,,,close_up,https://creativecommons.org/licenses/by/2.0/,Paul Asman and Jill Lenoble https://www.flickr.com/photos/pauljill/4683610399,openimages:validation:11434b9cd3d769c4,https://open-images-dataset.s3.amazonaws.com/validation/11434b9cd3d769c4.jpg,c3ab71fc204ca4393aa761e3fcc85954
,scene,other_animal,wildlife,,,,https://creativecommons.org/licenses/by/2.0/,Kristin https://www.flickr.com/photos/kerotab/390287504,openimages:validation:0969a95b841b224a,https://open-images-dataset.s3.amazonaws.com/validation/0969a95b841b224a.jpg,e7b0b37dce2a2746f4fe4a1a5d08acf4
,scene,other_animal,wildlife,,,,https://creativecommons.org/licenses/by/2.0/,Dr._Colleen_Morgan https://www.flickr.com/photos/colleenmorgan/5889132650/,openimages:validation:7e4360369c42bd9f,https://open-images-dataset.s3.amazonaws.com/validation/7e4360369c42bd9f.jpg,71b25fa38cce62700aa4c5edf1284b35
,scene,other_animal,wildlife,,,,https://creativecommons.org/licenses/by/2.0/,Wonderlane https://www.flickr.com/photos/wonderlane/3613506984,openimages:validation:cfc72fba3cf5c4fb,https://open-images-dataset.s3.amazonaws.com/validation/cfc72fba3cf5c4fb.jpg,a8451f525759cc88b07e0c244c330875
,scene,other_animal,wildlife,,,,https://creativecommons.org/licenses/by/2.0/,Chris Baird https://www.flickr.com/photos/chris_j_b/4544988259,openimages:validation:6a9b44aac0032f59,https://open-images-dataset.s3.amazonaws.com/validation/6a9b44aac0032f59.jpg,9db2f0e3bd8e29e3bb18fd853066135f
,scene,other_animal,wildlife,,,,https://creativecommons.org/licenses/by/2.0/,David Blaikie https://www.flickr.com/photos/nikonvscanon/15804197781/,openimages:validation:9c7b3bd000f7d3ab,https://open-images-dataset.s3.amazonaws.com/validation/9c7b3bd000f7d3ab.jpg,9906b0c5b8f79891d7eb26c005937ea7
,scene,other_animal,wildlife,,,,https://creativecommons.org/licenses/by/2.0/,carol bean https://www.flickr.com/photos/clbean/81254480,openimages:validation:9938a64aa7e428e1,https://open-images-dataset.s3.amazonaws.com/validation/9938a64aa7e428e1.jpg,cebf0b40c83f3adbf87c9f8ae57222ce
,scene,other_animal,wildlife,,,close_up,https://creativecommons.org/licenses/by/2.0/,Mohd. Farid https://www.flickr.com/photos/ariken/8355830185/,openimages:validation:5166f2d6edd3d5e8,https://open-images-dataset.s3.amazonaws.com/validation/5166f2d6edd3d5e8.jpg,22654d2814a9d90bb92a5f017c627676
,scene,other_animal,wildlife,,,,https://creativecommons.org/licenses/by/2.0/,Iqbal Osman https://www.flickr.com/photos/82066314@N06/11533449363,openimages:validation:841f543a575fd300,https://open-images-dataset.s3.amazonaws.com/validation/841f543a575fd300.jpg,e5b19160b038fd95a67903fc3b322af6
,scene,other_animal,wildlife,,,close_up,https://creativecommons.org/licenses/by/2.0/,Matthias Liffers https://www.flickr.com/photos/mpfl/5622217744,openimages:validation:0133f1385b13e8bf,https://open-images-dataset.s3.amazonaws.com/validation/0133f1385b13e8bf.jpg,f5e4a9495d6bb193f14b4575739638d1
,scene,other_animal,wildlife,,,,https://creativecommons.org/licenses/by/2.0/,Matthew Gravelyn https://www.flickr.com/photos/tehmatthewj/2447779341,openimages:validation:a15a9bd8b0c43207,https://open-images-dataset.s3.amazonaws.com/validation/a15a9bd8b0c43207.jpg,38c0a7d2ffbc58b1c166768656696135
,scene,other_animal,wildlife,,,close_up,https://creativecommons.org/licenses/by/2.0/,Scott Loarie https://www.flickr.com/photos/55368994@N06/5197066680,openimages:validation:3ca875afe74c682d,https://open-images-dataset.s3.amazonaws.com/validation/3ca875afe74c682d.jpg,fe0b09afb679d6d14edffccb88d0f6f2
,scene,other_animal,wildlife,,,close_up,https://creativecommons.org/licenses/by/2.0/,Bob Peterson https://www.flickr.com/photos/pondapple/8676729367,openimages:validation:3c50dabff3cc62e0,https://open-images-dataset.s3.amazonaws.com/validation/3c50dabff3cc62e0.jpg,e447f19a4b96996af7e34fe1dff146be
,scene,other_animal,wildlife,,,,https://creativecommons.org/licenses/by/2.0/,Debra Roby https://www.flickr.com/photos/darinhercules/5170827802,openimages:validation:3b0b3f173a0ccc62,https://open-images-dataset.s3.amazonaws.com/validation/3b0b3f173a0ccc62.jpg,882c77afe5b71d2526a355e8eee0e07f
,scene,other_animal,wildlife,,,,https://creativecommons.org/licenses/by/2.0/,Jon Rawlinson https://www.flickr.com/photos/london/2495691752,openimages:validation:af03ea5cf94a5a25,https://open-images-dataset.s3.amazonaws.com/validation/af03ea5cf94a5a25.jpg,be38cdd8c727bb44149209ee0f56e40c
,scene,other_animal,wildlife,,,,https://creativecommons.org/licenses/by/2.0/,Ippei Suzuki https://www.flickr.com/photos/is_kyoto_jp/5814432127,openimages:validation:8e0a05b3a033a483,https://open-images-dataset.s3.amazonaws.com/validation/8e0a05b3a033a483.jpg,e32506449e68541eefffbb3497a1100e
,scene,other_animal,wildlife,,,,https://creativecommons.org/licenses/by/2.0/,Christine Majul https://www.flickr.com/photos/kitkaphotogirl/3808966801,openimages:validation:e7874ab7459137a3,https://open-images-dataset.s3.amazonaws.com/validation/e7874ab7459137a3.jpg,b52dbe9b2b0e93e4c0a37d86739ce425
,scene,other_animal,wildlife,,,,https://creativecommons.org/licenses/by/2.0/,Hiroshi Nishimoto https://www.flickr.com/photos/cinaflox/9349177243,openimages:validation:f4662742a1618369,https://open-images-dataset.s3.amazonaws.com/validation/f4662742a1618369.jpg,adabf40785d6190b98d8091792044df8
,scene,other_animal,wildlife,,,,https://creativecommons.org/licenses/by/2.0/,Jamez Lee S Hunter https://www.flickr.com/photos/90955024@N04/8914737770,openimages:validation:210ad5a32dc2a97c,https://open-images-dataset.s3.amazonaws.com/validation/210ad5a32dc2a97c.jpg,a3230fc3b00cd2fa2e7483551ef1f219
,scene,other_animal,wildlife,,,,https://creativecommons.org/licenses/by/2.0/,Jarrod Doll https://www.flickr.com/photos/12407269@N07/2639461193,openimages:validation:29558675637e3310,https://open-images-dataset.s3.amazonaws.com/validation/29558675637e3310.jpg,82a14e6c00f098d0048b1694ae25777d
,scene,other_animal,wildlife,,,,https://creativecommons.org/licenses/by/2.0/,Andy Roberts https://www.flickr.com/photos/aroberts/6785106266,openimages:validation:8e6d5eb2e840e711,https://open-images-dataset.s3.amazonaws.com/validation/8e6d5eb2e840e711.jpg,b2eb6c9a71a19a4c8846535ca880d0ed
,scene,other_animal,wildlife,,,close_up,https://creativecommons.org/licenses/by/2.0/,Izalete Tavares https://www.flickr.com/photos/my18photos/15713804629,openimages:validation:93dc23d16e8da37e,https://open-images-dataset.s3.amazonaws.com/validation/93dc23d16e8da37e.jpg,8ebc790faeade2802ddef570b195b86c
,scene,other_animal,wildlife,,,,https://creativecommons.org/licenses/by/2.0/,Greg Scales https://www.flickr.com/photos/greg_scales/2720431101,openimages:validation:44543df60562226a,https://open-images-dataset.s3.amazonaws.com/validation/44543df60562226a.jpg,f48f9b635a0e04f4bace073497913508
,scene,other_animal,wildlife,,,,https://creativecommons.org/licenses/by/2.0/,Marcin Chady https://www.flickr.com/photos/marcinchady/4302406253,openimages:validation:279dfe2ba07fc149,https://open-images-dataset.s3.amazonaws.com/validation/279dfe2ba07fc149.jpg,f5689087772695e174a83d4135ad9042
,scene,other_animal,wildlife,,,close_up,https://creativecommons.org/licenses/by/2.0/,Anthony Masi https://www.flickr.com/photos/anthonymasi/3373720130,openimages:validation:9785c7bcb0d9a6a7,https://open-images-dataset.s3.amazonaws.com/validation/9785c7bcb0d9a6a7.jpg,1c508117e22110dc0a4e099a3a250333
,scene,other_animal,wildlife,,,,https://creativecommons.org/licenses/by/2.0/,Vegan Feast Catering https://www.flickr.com/photos/veganfeast/3960797338,openimages:validation:0ac52440f73b5c80,https://open-images-dataset.s3.amazonaws.com/validation/0ac52440f73b5c80.jpg,3af89a4d622805c1cf878d3cd2dd851d
,scene,other_animal,wildlife,,,,https://creativecommons.org/licenses/by/2.0/,Irwandy Mazwir https://www.flickr.com/photos/irwandy/2827475775,openimages:validation:20b17e07d25526b6,https://open-images-dataset.s3.amazonaws.com/validation/20b17e07d25526b6.jpg,8d4e15bcbe2b25aaec8d92bfe6685862
,scene,other_animal,wildlife,,,,https://creativecommons.org/licenses/by/2.0/,Ed Ogle https://www.flickr.com/photos/20980483@N04/9649345092,openimages:validation:f746cf726ed7cea0,https://open-images-dataset.s3.amazonaws.com/validation/f746cf726ed7cea0.jpg,734b26bcb63b77a5cc7a5c72b5157312
,scene,other_animal,wildlife,,,,https://creativecommons.org/licenses/by/2.0/,Florida Keys--Public Libraries https://www.flickr.com/photos/keyslibraries/5711675770,openimages:validation:529d6a8897d01591,https://open-images-dataset.s3.amazonaws.com/validation/529d6a8897d01591.jpg,9deb37b1c2da2a56130b10e60b49e613
,scene,other_animal,wildlife,,,,https://creativecommons.org/licenses/by/2.0/,Ed Johnson https://www.flickr.com/photos/edwardotis/8927610880,openimages:validation:5dfd2428cc22422a,https://open-images-dataset.s3.amazonaws.com/validation/5dfd2428cc22422a.jpg,8fb51baf15d4c5f5bca22e19cb589915
,scene,other_animal,wildlife,,,,https://creativecommons.org/licenses/by/2.0/,adam w https://www.flickr.com/photos/asw909/3914635817,openimages:validation:122e16593b825822,https://open-images-dataset.s3.amazonaws.com/validation/122e16593b825822.jpg,1e491a7f403c594a807db98dac5e7839
,scene,other_animal,wildlife,,,,https://creativecommons.org/licenses/by/2.0/,Patxi Izkue https://www.flickr.com/photos/-patxi-/3442441036,openimages:validation:ad824e225cc22f4f,https://open-images-dataset.s3.amazonaws.com/validation/ad824e225cc22f4f.jpg,425b86c35d76bfc51b533a74b49e17f3
,scene,other_animal,wildlife,,,close_up,https://creativecommons.org/licenses/by/2.0/,Paul Albertella https://www.flickr.com/photos/paulspace/4188106658,openimages:validation:966d12c5e1290775,https://open-images-dataset.s3.amazonaws.com/validation/966d12c5e1290775.jpg,b316d4556b50caf184a61adfc8bdbdec
,scene,other_animal,wildlife,,,close_up,https://creativecommons.org/licenses/by/2.0/,chrisbb@prodigy.net https://www.flickr.com/photos/chrisbrenschmidt/2241165792,openimages:validation:e919208f79553bc6,https://open-images-dataset.s3.amazonaws.com/validation/e919208f79553bc6.jpg,84c1a3ef09d4f7d052cc4e3acc8169bc
,scene,other_animal,wildlife,,,close_up,https://creativecommons.org/licenses/by/2.0/,TimothyJ https://www.flickr.com/photos/15572047@N00/16227027432,openimages:validation:28b715a0889c17c8,https://open-images-dataset.s3.amazonaws.com/validation/28b715a0889c17c8.jpg,21cb55601008f1bd5e8b9cd649a97ce8
,scene,other_animal,wildlife,,,,https://creativecommons.org/licenses/by/2.0/,Josh Hallett https://www.flickr.com/photos/hyku/295995263,openimages:validation:f13113c953be026d,https://open-images-dataset.s3.amazonaws.com/validation/f13113c953be026d.jpg,c4319ed9f80adb8e402d2fbcc3b771b2
,scene,other_animal,wildlife,,,,https://creativecommons.org/licenses/by/2.0/,Arnstein Rønning https://www.flickr.com/photos/eaglestein/5234203221,openimages:validation:7b10a4eff0ba29e3,https://open-images-dataset.s3.amazonaws.com/validation/7b10a4eff0ba29e3.jpg,f4981ee3ba190f7009fdcbd64eba8851
,scene,other_animal,wildlife,,,,https://creativecommons.org/licenses/by/2.0/,Luis Alberto Turpo Mendoza https://www.flickr.com/photos/125297767@N05/15340252843,openimages:validation:14de9a194811598d,https://open-images-dataset.s3.amazonaws.com/validation/14de9a194811598d.jpg,4929de9d170d444c53dc14916b33d9df
,scene,herd_flock,wildlife,,,,https://creativecommons.org/licenses/by/2.0/,Marc Cluet https://www.flickr.com/photos/lynxman/16994720057,openimages:validation:3342fb5ed8ddff3e,https://open-images-dataset.s3.amazonaws.com/validation/3342fb5ed8ddff3e.jpg,5b6355ab78291b07f521480272f9a668
,scene,herd_flock,wildlife,,,,https://creativecommons.org/licenses/by/2.0/,Ian McFegan https://www.flickr.com/photos/ian_wilson_49/8610777707,openimages:validation:8440e25a5d17d220,https://open-images-dataset.s3.amazonaws.com/validation/8440e25a5d17d220.jpg,bf9160fcfe3b7c142a29721bce569ae7
,scene,herd_flock,wildlife,,,,https://creativecommons.org/licenses/by/2.0/,Josué Goge https://www.flickr.com/photos/jgoge123/6134258040,openimages:validation:c5da3bcf435f6cfd,https://open-images-dataset.s3.amazonaws.com/validation/c5da3bcf435f6cfd.jpg,3f2ae408d010f58434007ffbce4c9bab
,scene,herd_flock,wildlife,,,,https://creativecommons.org/licenses/by/2.0/,owenjell https://www.flickr.com/photos/ojell/965561501,openimages:validation:ebbc5c3c4b35bedd,https://open-images-dataset.s3.amazonaws.com/validation/ebbc5c3c4b35bedd.jpg,fb3f5f099d6c20398ec0dd0a09b31cf7
,scene,herd_flock,wildlife,,,,https://creativecommons.org/licenses/by/2.0/,WorldIslandInfo.com https://www.flickr.com/photos/76074333@N00/4043843247,openimages:validation:e5f910ab70e9634f,https://open-images-dataset.s3.amazonaws.com/validation/e5f910ab70e9634f.jpg,d753b010b6cc7217169ed204c238f17c
,scene,herd_flock,wildlife,,,,https://creativecommons.org/licenses/by/2.0/,PsJeremy https://www.flickr.com/photos/psjeremy/8416900318,openimages:validation:cc6b583a6ebf4fd0,https://open-images-dataset.s3.amazonaws.com/validation/cc6b583a6ebf4fd0.jpg,5df97f7d3c0fc1528f88bbcab07474fd
,scene,herd_flock,wildlife,,,,https://creativecommons.org/licenses/by/2.0/,Mitchell Haindfield https://www.flickr.com/photos/40441865@N08/13446823673,openimages:validation:678b317900696657,https://open-images-dataset.s3.amazonaws.com/validation/678b317900696657.jpg,9c212c8fa55555b925ce4580ff0d3182
,scene,herd_flock,wildlife,,,,https://creativecommons.org/licenses/by/2.0/,Robert Linsdell https://www.flickr.com/photos/boblinsdell/9620526978,openimages:validation:fe253fc1a5e82eb8,https://open-images-dataset.s3.amazonaws.com/validation/fe253fc1a5e82eb8.jpg,42113db9f34a341b1b991df11f06acef
,scene,herd_flock,wildlife,,,,https://creativecommons.org/licenses/by/2.0/,Brian Snelson https://www.flickr.com/photos/exfordy/2052427926,openimages:validation:2a277d57dbea96dc,https://open-images-dataset.s3.amazonaws.com/validation/2a277d57dbea96dc.jpg,d550fa00bbe7b897b8f9312b0f5fecfc
,scene,herd_flock,wildlife,,,,https://creativecommons.org/licenses/by/2.0/,michael warren https://www.flickr.com/photos/mikewarren/7055251,openimages:validation:d45f507fd09f820e,https://open-images-dataset.s3.amazonaws.com/validation/d45f507fd09f820e.jpg,e32ef5a37d275847f3a1805e7f794ee4
,scene,herd_flock,wildlife,,,,https://creativecommons.org/licenses/by/2.0/,john shortland https://www.flickr.com/photos/johnshortland/9052955280/,openimages:validation:b093e9da12abb173,https://open-images-dataset.s3.amazonaws.com/validation/b093e9da12abb173.jpg,f5e570a1dbb1471d1719cbc5d17d0c9b
,scene,herd_flock,wildlife,,,,https://creativecommons.org/licenses/by/2.0/,Pablo García https://www.flickr.com/photos/pablogrb/6884378427,openimages:validation:cfcf61cb3d9b2c50,https://open-images-dataset.s3.amazonaws.com/validation/cfcf61cb3d9b2c50.jpg,5e9eda04d4b7b1d37ef923e025b4c058
,scene,herd_flock,wildlife,,,,https://creativecommons.org/licenses/by/2.0/,Tarek Siala https://www.flickr.com/photos/tarksiala/2299882759,openimages:validation:b9e469fd3483a49a,https://open-images-dataset.s3.amazonaws.com/validation/b9e469fd3483a49a.jpg,25fadab6f5875fa7380d4e096ba211f7
,scene,herd_flock,wildlife,,,,https://creativecommons.org/licenses/by/2.0/,Agência Brasília https://www.flickr.com/photos/agenciabrasilia/19748145816,openimages:validation:f8d18b6e6302d6c5,https://open-images-dataset.s3.amazonaws.com/validation/f8d18b6e6302d6c5.jpg,62fd9074332425db3d443a3c1273b4f4
,scene,herd_flock,wildlife,,,,https://creativecommons.org/licenses/by/2.0/,wiccahwang https://www.flickr.com/photos/wiccahwang/4634035537,openimages:validation:2915b8fe822ce391,https://open-images-dataset.s3.amazonaws.com/validation/2915b8fe822ce391.jpg,ebf3270eb6336d391d5b954560698238
,scene,herd_flock,wildlife,,,,https://creativecommons.org/licenses/by/2.0/,Hunter Desportes https://www.flickr.com/photos/hdport/12957134173,openimages:validation:18bf0738be0e2122,https://open-images-dataset.s3.amazonaws.com/validation/18bf0738be0e2122.jpg,1af8200adea771ba0d969d54e036fb20
,scene,herd_flock,wildlife,,,,https://creativecommons.org/licenses/by/2.0/,kaythaney https://www.flickr.com/photos/kaythaney/5877519462/,openimages:validation:0620d92be1d81c24,https://open-images-dataset.s3.amazonaws.com/validation/0620d92be1d81c24.jpg,366f18d909b4f514f3bed6c20e9fc031
,scene,herd_flock,wildlife,,,,https://creativecommons.org/licenses/by/2.0/,Bernard Goldbach https://www.flickr.com/photos/topgold/265153852,openimages:validation:bba7b3c966713383,https://open-images-dataset.s3.amazonaws.com/validation/bba7b3c966713383.jpg,db789ead1ad2a4d7a00573320d8b7931
,scene,herd_flock,wildlife,,,,https://creativecommons.org/licenses/by/2.0/,"Water, food and livelihoods in River Basins https://www.flickr.com/photos/cpwf_bfp/3653393462",openimages:validation:891f253af6de4b56,https://open-images-dataset.s3.amazonaws.com/validation/891f253af6de4b56.jpg,63224d2ecc4be4c0ca40a5d0a6fe80f5
,scene,herd_flock,wildlife,,,,https://creativecommons.org/licenses/by/2.0/,whatleydude https://www.flickr.com/photos/whatleydude/3799396442,openimages:validation:54bd12b9394078b0,https://open-images-dataset.s3.amazonaws.com/validation/54bd12b9394078b0.jpg,ba882645caa0c92a30eaeeae80eb44bd
,scene,herd_flock,wildlife,,,,https://creativecommons.org/licenses/by/2.0/,cool_spark https://www.flickr.com/photos/cool_spark/174858768,openimages:validation:123803db4a043526,https://open-images-dataset.s3.amazonaws.com/validation/123803db4a043526.jpg,124719a1ad5b4f942c5dfe2a6a0b15fd
,scene,herd_flock,wildlife,,,,https://creativecommons.org/licenses/by/2.0/,young shanahan https://www.flickr.com/photos/youngshanahan/18423347154,openimages:validation:8463707f014b7681,https://open-images-dataset.s3.amazonaws.com/validation/8463707f014b7681.jpg,8537cb367a31a56c56419c37351d59b2
,scene,herd_flock,wildlife,,,,https://creativecommons.org/licenses/by/2.0/,Nina Hale https://www.flickr.com/photos/94693506@N00/7889988860,openimages:validation:bdbfe2e81e32ee79,https://open-images-dataset.s3.amazonaws.com/validation/bdbfe2e81e32ee79.jpg,596215e9efca306b9cf2219caa15150c
,scene,herd_flock,wildlife,,,,https://creativecommons.org/licenses/by/2.0/,wam kat https://www.flickr.com/photos/wamkat/8439871851,openimages:validation:b616d2befceab9a8,https://open-images-dataset.s3.amazonaws.com/validation/b616d2befceab9a8.jpg,6fe181f30e48991e86dc46cf3d0e07bc
,scene,herd_flock,wildlife,,,,https://creativecommons.org/licenses/by/2.0/,Ben Didier https://www.flickr.com/photos/64026579@N00/359528248,openimages:validation:7f8b3da288befbf3,https://open-images-dataset.s3.amazonaws.com/validation/7f8b3da288befbf3.jpg,25bd5869c715ab25d7ac2b2e73af9e2f
,scene,herd_flock,wildlife,,,,https://creativecommons.org/licenses/by/2.0/,AnnaKika https://www.flickr.com/photos/ullkika/19753604415,openimages:validation:5415533b238cce4c,https://open-images-dataset.s3.amazonaws.com/validation/5415533b238cce4c.jpg,01fa7e5f2ecd44b92f3fe0fe03117e57
,scene,herd_flock,wildlife,,,,https://creativecommons.org/licenses/by/2.0/,Bart Everson https://www.flickr.com/photos/editor/2799699469,openimages:validation:66eded189c0baf48,https://open-images-dataset.s3.amazonaws.com/validation/66eded189c0baf48.jpg,7871751fa5e68c0e1d48b907acb89497
,scene,herd_flock,wildlife,,,,https://creativecommons.org/licenses/by/2.0/,dfaulder https://www.flickr.com/photos/dfaulder/5927976117,openimages:validation:eb71150168a9793d,https://open-images-dataset.s3.amazonaws.com/validation/eb71150168a9793d.jpg,aa3b090c3e16f8ef175fa08b5cf518d8
,scene,herd_flock,wildlife,,,,https://creativecommons.org/licenses/by/2.0/,dcaseyphoto https://www.flickr.com/photos/dcasey/262933695,openimages:validation:9b0d0e29cba7b004,https://open-images-dataset.s3.amazonaws.com/validation/9b0d0e29cba7b004.jpg,06980468e78745a06da9c3b5cec7110f
,scene,herd_flock,wildlife,,,,https://creativecommons.org/licenses/by/2.0/,Anders Dinsen https://www.flickr.com/photos/adinsen/17023426905,openimages:validation:6d1ab541bdec779a,https://open-images-dataset.s3.amazonaws.com/validation/6d1ab541bdec779a.jpg,56e148d9b6c72709fd22b8c88b4d542e
,scene,herd_flock,wildlife,,,,https://creativecommons.org/licenses/by/2.0/,Arches National Park https://www.flickr.com/photos/archesnps/6549995851,openimages:validation:627966f22178a187,https://open-images-dataset.s3.amazonaws.com/validation/627966f22178a187.jpg,9a0f7bf7c84cdfa550a748abbba2ace4
,scene,herd_flock,wildlife,,,,https://creativecommons.org/licenses/by/2.0/,Kain Kalju https://www.flickr.com/photos/kainkalju/4432577204,openimages:validation:f6e43b2a482d9a4e,https://open-images-dataset.s3.amazonaws.com/validation/f6e43b2a482d9a4e.jpg,0e5cde3df67ba142d96e7c9366f5b4f7
,scene,herd_flock,wildlife,,,,https://creativecommons.org/licenses/by/2.0/,Brent Moore https://www.flickr.com/photos/brent_nashville/105707203,openimages:validation:5013a8a33f521259,https://open-images-dataset.s3.amazonaws.com/validation/5013a8a33f521259.jpg,fce233f5b7e036cd0b342b4e030d40eb
,scene,herd_flock,wildlife,,,,https://creativecommons.org/licenses/by/2.0/,Ove Lysaker https://www.flickr.com/photos/lysaker/14210729149,openimages:validation:23e91bb2112242c5,https://open-images-dataset.s3.amazonaws.com/validation/23e91bb2112242c5.jpg,00a9d2c76fefafdb70a0c9fa29db2f26
,scene,herd_flock,wildlife,,,,https://creativecommons.org/licenses/by/2.0/,"Jim, the Photographer https://www.flickr.com/photos/jcapaldi/8569676873",openimages:validation:93f3d5e93ebf7363,https://open-images-dataset.s3.amazonaws.com/validation/93f3d5e93ebf7363.jpg,134360197093e73301625d01f6ca5123
,scene,herd_flock,wildlife,,,,https://creativecommons.org/licenses/by/2.0/,internetsweden https://www.flickr.com/photos/57863830@N03/6054057840,openimages:validation:2465e3dbafeb24a4,https://open-images-dataset.s3.amazonaws.com/validation/2465e3dbafeb24a4.jpg,9dab9dae86e8a8501723b3f37cacdca9
,scene,herd_flock,wildlife,,,,https://creativecommons.org/licenses/by/2.0/,Brian Ralphs https://www.flickr.com/photos/birdbrian/15973155909,openimages:validation:0ff2a9e5ed288222,https://open-images-dataset.s3.amazonaws.com/validation/0ff2a9e5ed288222.jpg,8e8385b6969f415286d1e76e8d870ec0
,scene,herd_flock,wildlife,,,,https://creativecommons.org/licenses/by/2.0/,Emmanuel DYAN https://www.flickr.com/photos/emmanueldyan/5746753244,openimages:validation:ec950705d411a0a7,https://open-images-dataset.s3.amazonaws.com/validation/ec950705d411a0a7.jpg,00fae8c09209b938fffa455fa5f9fbe9
,scene,herd_flock,wildlife,,,,https://creativecommons.org/licenses/by/2.0/,Barbara L. Hanson https://www.flickr.com/photos/baha1210/96569926,openimages:validation:21a221f3b8052c13,https://open-images-dataset.s3.amazonaws.com/validation/21a221f3b8052c13.jpg,e48649f902115e30afa85510644f065f
,scene,herd_flock,wildlife,,,,https://creativecommons.org/licenses/by/2.0/,mill56 https://www.flickr.com/photos/dmrcollection/3240058230/,openimages:validation:b63a5763d1a2b6c3,https://open-images-dataset.s3.amazonaws.com/validation/b63a5763d1a2b6c3.jpg,bff1faa5d1e3347fb35f14f4a4dd0245
,scene,herd_flock,wildlife,,,,https://creativecommons.org/licenses/by/2.0/,Mike Dobbie https://www.flickr.com/photos/mikedobbie/4229276137,openimages:validation:f420778f40947757,https://open-images-dataset.s3.amazonaws.com/validation/f420778f40947757.jpg,b103969f102955fd1de93f92b910d32d
,scene,herd_flock,wildlife,golden_hour,,,https://creativecommons.org/licenses/by/2.0/,Christopher A. Dominic https://www.flickr.com/photos/kestereverts/8355521856,openimages:validation:6e493473d5a443fc,https://open-images-dataset.s3.amazonaws.com/validation/6e493473d5a443fc.jpg,cc01037a5385f5e0536d81d08ba9ab42
,scene,herd_flock,wildlife,,,,https://creativecommons.org/licenses/by/2.0/,m01229 https://www.flickr.com/photos/39908901@N06/6822363584,openimages:validation:a42585d549badd12,https://open-images-dataset.s3.amazonaws.com/validation/a42585d549badd12.jpg,60d864797a3dc6e1111eea95fecdaa84
,scene,herd_flock,wildlife,,,,https://creativecommons.org/licenses/by/2.0/,Paul Schultz https://www.flickr.com/photos/pasfam/2775328,openimages:validation:214e501ba5b8087e,https://open-images-dataset.s3.amazonaws.com/validation/214e501ba5b8087e.jpg,b8d024fdcf7b637ad1f667ce106b93f8
,scene,herd_flock,wildlife,,,,https://creativecommons.org/licenses/by/2.0/,.waldec https://www.flickr.com/photos/waldec/5170361798,openimages:validation:181cec981ba66aae,https://open-images-dataset.s3.amazonaws.com/validation/181cec981ba66aae.jpg,136d5deb09786fd6ace1bdb550f0ce30
,scene,herd_flock,wildlife,,underwater,,https://creativecommons.org/licenses/by/2.0/,John Loo https://www.flickr.com/photos/johnloo/5720749985,openimages:validation:3f815cc0224a6ca1,https://open-images-dataset.s3.amazonaws.com/validation/3f815cc0224a6ca1.jpg,6932303b5d9e4f4f2ee843b636ac5c21
,scene,herd_flock,wildlife,,,,https://creativecommons.org/licenses/by/2.0/,Meraj Chhaya https://www.flickr.com/photos/merajchhaya/11369654094,openimages:validation:6b6021bfdb3eb808,https://open-images-dataset.s3.amazonaws.com/validation/6b6021bfdb3eb808.jpg,9e9694ea04838560a8f55113b26b0c20
,scene,herd_flock,wildlife,,,,https://creativecommons.org/licenses/by/2.0/,Darin House https://www.flickr.com/photos/momilkman/3793863890,openimages:validation:aadbcdba07e58619,https://open-images-dataset.s3.amazonaws.com/validation/aadbcdba07e58619.jpg,1376f46e5185d12a94a63155a70e1f2f
,scene,herd_flock,wildlife,,,,https://creativecommons.org/licenses/by/2.0/,mannewaar https://www.flickr.com/photos/mannewaar/3713447515,openimages:validation:364bc47890f68a2c,https://open-images-dataset.s3.amazonaws.com/validation/364bc47890f68a2c.jpg,de501c7abf6d63d6afdd94cbb06853fe
,scene,herd_flock,wildlife,,,,https://creativecommons.org/licenses/by/2.0/,FieldsportsChannel TV https://www.flickr.com/photos/fieldsportschannel/4859306267,openimages:validation:e542719ef48b9bb9,https://open-images-dataset.s3.amazonaws.com/validation/e542719ef48b9bb9.jpg,597c086e425aafc8856155e7ff07e125
,scene,domestic,wildlife,,,,https://creativecommons.org/licenses/by/2.0/,Jorge Henao Romero https://www.flickr.com/photos/39256460@N04/9051572099,openimages:validation:08214dada4f6b592,https://open-images-dataset.s3.amazonaws.com/validation/08214dada4f6b592.jpg,a6611278f2dc863b13af4f14c13d7c83
,scene,domestic,wildlife,,,,https://creativecommons.org/licenses/by/2.0/,Heidi De Vries https://www.flickr.com/photos/veritatem/33825850,openimages:validation:9fc1d035c7b422ea,https://open-images-dataset.s3.amazonaws.com/validation/9fc1d035c7b422ea.jpg,3c12e7c95241b233a9223502378add2a
,scene,domestic,wildlife,,,,https://creativecommons.org/licenses/by/2.0/,Paul J Everett https://www.flickr.com/photos/paul_everett82/781389806,openimages:validation:ab8015a46b1c8c3c,https://open-images-dataset.s3.amazonaws.com/validation/ab8015a46b1c8c3c.jpg,2bfd6d51526f7ab4f6d568e3ed9000fa
,scene,domestic,wildlife,,,,https://creativecommons.org/licenses/by/2.0/,Rodolfo Magalhaes https://www.flickr.com/photos/rodolfomagalhaes/2300096025,openimages:validation:2e04fc5de4d3d860,https://open-images-dataset.s3.amazonaws.com/validation/2e04fc5de4d3d860.jpg,bcfe7da041c74a776cc06143538c438d
,scene,domestic,wildlife,,,,https://creativecommons.org/licenses/by/2.0/,Ângela Antunes https://www.flickr.com/photos/photo_blackangel/2699455314,openimages:validation:e596e138d01a48c9,https://open-images-dataset.s3.amazonaws.com/validation/e596e138d01a48c9.jpg,604fb0c0bb010a6aadd02e29cab7ce0e
,scene,domestic,wildlife,,,,https://creativecommons.org/licenses/by/2.0/,Katelyn Fay https://www.flickr.com/photos/ktktphotography/3894070307,openimages:validation:2e8be72dc74ee0c5,https://open-images-dataset.s3.amazonaws.com/validation/2e8be72dc74ee0c5.jpg,f5a7fd514139a6cf75a82bc9b8548748
,scene,domestic,wildlife,,,,https://creativecommons.org/licenses/by/2.0/,Jay Bergesen https://www.flickr.com/photos/jaybergesen/2408382652/,openimages:validation:2ac1c6a6161c3cef,https://open-images-dataset.s3.amazonaws.com/validation/2ac1c6a6161c3cef.jpg,03a86cdd801f7cee1de436d288676246
,scene,domestic,wildlife,,,,https://creativecommons.org/licenses/by/2.0/,Flo&#x27;s shots 4 me https://www.flickr.com/photos/florencia123/3446197692,openimages:validation:f3c62d8675de6933,https://open-images-dataset.s3.amazonaws.com/validation/f3c62d8675de6933.jpg,29f41ab0dce26b8b56aca085ccaa2274
,scene,domestic,wildlife,,,,https://creativecommons.org/licenses/by/2.0/,Ricardo Ricote Rodríguez https://www.flickr.com/photos/ricote/11520106734,openimages:validation:5e8b26ca06d6d575,https://open-images-dataset.s3.amazonaws.com/validation/5e8b26ca06d6d575.jpg,af7accbcc9c0da61567a1551a16cb09b
,scene,domestic,wildlife,,,close_up,https://creativecommons.org/licenses/by/2.0/,Eli Christman https://www.flickr.com/photos/gammaman/6367529499,openimages:validation:25a4fe18be8aa2af,https://open-images-dataset.s3.amazonaws.com/validation/25a4fe18be8aa2af.jpg,0d66cb9576e5500e668f8058c1ff5120
,scene,domestic,wildlife,,,,https://creativecommons.org/licenses/by/2.0/,Tanya.K. https://www.flickr.com/photos/26010780@N06/3772061554,openimages:validation:bbbe9fd021044d50,https://open-images-dataset.s3.amazonaws.com/validation/bbbe9fd021044d50.jpg,5386592ebfae10082d5d5ed556b05a26
,scene,domestic,wildlife,,,,https://creativecommons.org/licenses/by/2.0/,normanack https://www.flickr.com/photos/29278394@N00/7883797908,openimages:validation:5a29bb6dc2276b2d,https://open-images-dataset.s3.amazonaws.com/validation/5a29bb6dc2276b2d.jpg,d80a5e420e9408a965a9a5212a04efac
,scene,domestic,wildlife,,,close_up,https://creativecommons.org/licenses/by/2.0/,CaroLa https://www.flickr.com/photos/carola-/5794791200,openimages:validation:80cc2bee92c4d6ec,https://open-images-dataset.s3.amazonaws.com/validation/80cc2bee92c4d6ec.jpg,669c0e0f7fb497b635a038f2141e9a5b
,scene,domestic,wildlife,,,,https://creativecommons.org/licenses/by/2.0/,Toms Baugis https://www.flickr.com/photos/toms/6025675788,openimages:validation:04dcab3d8b615aa7,https://open-images-dataset.s3.amazonaws.com/validation/04dcab3d8b615aa7.jpg,b988a7de2021a45ab74df60a5f0ec802
,scene,domestic,wildlife,,,,https://creativecommons.org/licenses/by/2.0/,TheMadapple https://www.flickr.com/photos/themadapple/4246045601,openimages:validation:4e60672a5af67610,https://open-images-dataset.s3.amazonaws.com/validation/4e60672a5af67610.jpg,5c4ad425a855e5fbb5dd2c59f55acc9a
,scene,domestic,wildlife,,,,https://creativecommons.org/licenses/by/2.0/,Shan  Jeniah Burton https://www.flickr.com/photos/shanjeniah/8642616254,openimages:validation:4f11eb9dbaf7a622,https://open-images-dataset.s3.amazonaws.com/validation/4f11eb9dbaf7a622.jpg,2cba7d372bd8f75df052bb7b74543f03
,scene,domestic,wildlife,,,,https://creativecommons.org/licenses/by/2.0/,Angelin Song https://www.flickr.com/photos/96308648@N05/8885888537,openimages:validation:15fab63c26dd0012,https://open-images-dataset.s3.amazonaws.com/validation/15fab63c26dd0012.jpg,585d436b56231f06c245ae2da8c2ee93
,scene,domestic,wildlife,,,,https://creativecommons.org/licenses/by/2.0/,Jitze Couperus https://www.flickr.com/photos/jitze1942/16631331992,openimages:validation:09c3faff834a3d38,https://open-images-dataset.s3.amazonaws.com/validation/09c3faff834a3d38.jpg,fbbb4d4fa306b0b58134e366b74896cb
,scene,domestic,wildlife,,,close_up,https://creativecommons.org/licenses/by/2.0/,Becks https://www.flickr.com/photos/littlemisspurps/7857488284,openimages:validation:4aebcf328fb58c35,https://open-images-dataset.s3.amazonaws.com/validation/4aebcf328fb58c35.jpg,89582b00ad293e76d58e298b99ca4b9e
,scene,domestic,wildlife,,,,https://creativecommons.org/licenses/by/2.0/,Tinou Bao https://www.flickr.com/photos/tinou/16491102320,openimages:validation:49ef36fa8f27f263,https://open-images-dataset.s3.amazonaws.com/validation/49ef36fa8f27f263.jpg,47ca11bfa1e27d1dd2608ab66530a356
,scene,domestic,wildlife,,,,https://creativecommons.org/licenses/by/2.0/,Anthony Alessa https://www.flickr.com/photos/8145696@N06/8402068893,openimages:validation:2a65bcf140080cce,https://open-images-dataset.s3.amazonaws.com/validation/2a65bcf140080cce.jpg,7e32753c211cda307681b4e58e3dddea
,scene,domestic,wildlife,,,,https://creativecommons.org/licenses/by/2.0/,ROBERT HUFFSTUTTER https://www.flickr.com/photos/huffstutterrobertl/4029587291,openimages:validation:be424baacb8e7d39,https://open-images-dataset.s3.amazonaws.com/validation/be424baacb8e7d39.jpg,cb5cbab31d6a2a085fd51870824aea0e
,scene,domestic,wildlife,,,,https://creativecommons.org/licenses/by/2.0/,Joe Robb https://www.flickr.com/photos/joerobb/6128208454,openimages:validation:3206ae83e17a8cb5,https://open-images-dataset.s3.amazonaws.com/validation/3206ae83e17a8cb5.jpg,a529e49b6f0e881956731b66ce8a797b
,scene,domestic,wildlife,,,,https://creativecommons.org/licenses/by/2.0/,Adam Raoof https://www.flickr.com/photos/adamraoof/3372528428,openimages:validation:116a5833e358d6df,https://open-images-dataset.s3.amazonaws.com/validation/116a5833e358d6df.jpg,7879707b9518375bc04c9caf39f18c5d
,scene,domestic,wildlife,,,close_up,https://creativecommons.org/licenses/by/2.0/,Leo1217 https://www.flickr.com/photos/36772260@N02/3603001718/,openimages:validation:61d4eb71d72c4ca1,https://open-images-dataset.s3.amazonaws.com/validation/61d4eb71d72c4ca1.jpg,f491ad4a81b4f2102ae6745999a7b90d
,scene,domestic,wildlife,,,,https://creativecommons.org/licenses/by/2.0/,Dale Stewart https://www.flickr.com/photos/29908091@N00/567497243,openimages:validation:c6362c8adc924c82,https://open-images-dataset.s3.amazonaws.com/validation/c6362c8adc924c82.jpg,e5f3cb760c11757ea40c335201d25e0e
,scene,domestic,wildlife,,,,https://creativecommons.org/licenses/by/2.0/,Cliff Cooper https://www.flickr.com/photos/dizfunk/1352823532,openimages:validation:8b3fa9be61b1998e,https://open-images-dataset.s3.amazonaws.com/validation/8b3fa9be61b1998e.jpg,e3ef8294d6dbb18753515f394175914a
,scene,domestic,wildlife,,,,https://creativecommons.org/licenses/by/2.0/,Andy Karmy https://www.flickr.com/photos/akarmy/7166135,openimages:validation:c3b78b31fb02354b,https://open-images-dataset.s3.amazonaws.com/validation/c3b78b31fb02354b.jpg,8b50e309223889e778db475b77a8e6c5
,scene,domestic,wildlife,,,,https://creativecommons.org/licenses/by/2.0/,Dave https://www.flickr.com/photos/dabdesign/16939897947,openimages:validation:869197f411ca73c3,https://open-images-dataset.s3.amazonaws.com/validation/869197f411ca73c3.jpg,6d516e79e08dcede8fd9aa1d9ff2b18d
,scene,domestic,wildlife,,,close_up,https://creativecommons.org/licenses/by/2.0/,Sharon Mollerus https://www.flickr.com/photos/clairity/15858488875,openimages:validation:33fde7ed2d5aecc3,https://open-images-dataset.s3.amazonaws.com/validation/33fde7ed2d5aecc3.jpg,b0fed107e79efa4cd53a89a7ff742cb1
,scene,domestic,wildlife,,,,https://creativecommons.org/licenses/by/2.0/,Cristian Bortes https://www.flickr.com/photos/bortescristian/7814883102,openimages:validation:9684465e739bddfb,https://open-images-dataset.s3.amazonaws.com/validation/9684465e739bddfb.jpg,bf51fc4b111902a319fbad6a2d7ebc08
,scene,domestic,wildlife,,,,https://creativecommons.org/licenses/by/2.0/,ilovetoby8397 https://www.flickr.com/photos/ilovetoby8397/230973571,openimages:validation:5c4ed6811cedd1c4,https://open-images-dataset.s3.amazonaws.com/validation/5c4ed6811cedd1c4.jpg,a2b380aeabe4adec98f224861322131f
,scene,domestic,wildlife,,,,https://creativecommons.org/licenses/by/2.0/,Fabricio Zuardi https://www.flickr.com/photos/fabricio/5320290580,openimages:validation:e3203c62165e8821,https://open-images-dataset.s3.amazonaws.com/validation/e3203c62165e8821.jpg,766a32e41b07ebf95d06946d2c038896
,scene,domestic,wildlife,,,,https://creativecommons.org/licenses/by/2.0/,Ryan Carr https://www.flickr.com/photos/carrryan/3839103921,openimages:validation:0fa11f7260ffa67e,https://open-images-dataset.s3.amazonaws.com/validation/0fa11f7260ffa67e.jpg,d7cf0e11725ab8525c80316725ece126
,scene,domestic,wildlife,,,close_up,https://creativecommons.org/licenses/by/2.0/,Stuart Heath https://www.flickr.com/photos/misteraitch/5254144872,openimages:validation:6278a38da72871cc,https://open-images-dataset.s3.amazonaws.com/validation/6278a38da72871cc.jpg,8010517aef3596b1b85d377633c33b04
,scene,domestic,wildlife,,,,https://creativecommons.org/licenses/by/2.0/,thecoolspringpack https://www.flickr.com/photos/88723904@N05/17171901821,openimages:validation:20b8c9d1facf4f72,https://open-images-dataset.s3.amazonaws.com/validation/20b8c9d1facf4f72.jpg,b581959690160530f50a67d15df9a7ed
,scene,domestic,wildlife,,,,https://creativecommons.org/licenses/by/2.0/,Jeremy McWilliams https://www.flickr.com/photos/jeremy2443/2761287319,openimages:validation:595254c8db07f57c,https://open-images-dataset.s3.amazonaws.com/validation/595254c8db07f57c.jpg,e68ccca18826a3dd8bbd1fb2fd477666
,scene,domestic,wildlife,,,,https://creativecommons.org/licenses/by/2.0/,Jeff B https://www.flickr.com/photos/jeff83180/3959984309,openimages:validation:831dd4da976d7012,https://open-images-dataset.s3.amazonaws.com/validation/831dd4da976d7012.jpg,b3c20b79877915a00d7a833a80f47c74
,scene,domestic,wildlife,,,,https://creativecommons.org/licenses/by/2.0/,Julián Ortega Martínez https://www.flickr.com/photos/julianortegam/7966825268,openimages:validation:270014837523e494,https://open-images-dataset.s3.amazonaws.com/validation/270014837523e494.jpg,bb709e540bd23742ffbbb7eb9e13386c
,scene,domestic,wildlife,,,,https://creativecommons.org/licenses/by/2.0/,Helen Penjam https://www.flickr.com/photos/hile/88927763,openimages:validation:04c39763fa27e18d,https://open-images-dataset.s3.amazonaws.com/validation/04c39763fa27e18d.jpg,5bfaff9cb55499b22f1cfbc982d9f175
,scene,domestic,wildlife,,,,https://creativecommons.org/licenses/by/2.0/,Aurel https://www.flickr.com/photos/aurelienbaudoin/11424441086,openimages:validation:9ba1e9092001d733,https://open-images-dataset.s3.amazonaws.com/validation/9ba1e9092001d733.jpg,a38a43803be8e36bae821bd569cb0e79
,scene,domestic,wildlife,,,,https://creativecommons.org/licenses/by/2.0/,YorkieStudService https://www.flickr.com/photos/51629095@N05/5443142373,openimages:validation:738a0ae3d14e393f,https://open-images-dataset.s3.amazonaws.com/validation/738a0ae3d14e393f.jpg,6341033211fbbcd291445d27e8d19918
,scene,domestic,wildlife,,,,https://creativecommons.org/licenses/by/2.0/,Madison Scott-Clary https://www.flickr.com/photos/ranna/2350166185,openimages:validation:9b9d931a7ed1e0c0,https://open-images-dataset.s3.amazonaws.com/validation/9b9d931a7ed1e0c0.jpg,f9a69d38afff48c66c216cf4d0b99f3f
,scene,domestic,wildlife,,,,https://creativecommons.org/licenses/by/2.0/,Jonny Hughes https://www.flickr.com/photos/jonny2love/3854213306,openimages:validation:4433cab156e1949a,https://open-images-dataset.s3.amazonaws.com/validation/4433cab156e1949a.jpg,da546ca7651cd005435253b377512e5d
,scene,domestic,wildlife,,,,https://creativecommons.org/licenses/by/2.0/,Amit Patel https://www.flickr.com/photos/amitp/5058913526,openimages:validation:1eb8d0a8e5ca2681,https://open-images-dataset.s3.amazonaws.com/validation/1eb8d0a8e5ca2681.jpg,a23042e955c6669926904589d23493d3
,scene,domestic,wildlife,,,close_up,https://creativecommons.org/licenses/by/2.0/,Mark Levisay https://www.flickr.com/photos/mlevisay/15888570804,openimages:validation:ae1483e4aa5f4c67,https://open-images-dataset.s3.amazonaws.com/validation/ae1483e4aa5f4c67.jpg,cb48c78481c6536d910a33e3b4b455ea
,scene,domestic,wildlife,,,,https://creativecommons.org/licenses/by/2.0/,mlakarmarko https://www.flickr.com/photos/25646115@N06/2646411003/,openimages:validation:7f2a4ec24014c5bd,https://open-images-dataset.s3.amazonaws.com/validation/7f2a4ec24014c5bd.jpg,4ee6493495690dbeb9792e6086718a0a
,scene,domestic,wildlife,,,,https://creativecommons.org/licenses/by/2.0/,Pat (Cletch) Williams https://www.flickr.com/photos/cletch/10246889205,openimages:validation:be462ea9c5abc09f,https://open-images-dataset.s3.amazonaws.com/validation/be462ea9c5abc09f.jpg,1f417c727f92dd972330b2fdbdecb7ca
,scene,domestic,wildlife,,,,https://creativecommons.org/licenses/by/2.0/,Shiloh tillemann-dick https://www.flickr.com/photos/68509808@N00/503467305,openimages:validation:103156b19827a5fc,https://open-images-dataset.s3.amazonaws.com/validation/103156b19827a5fc.jpg,1d765cadfcb32b4d431828991fa89523
,scene,domestic,wildlife,,,,https://creativecommons.org/licenses/by/2.0/,Eneas De Troya https://www.flickr.com/photos/eneas/2526733932,openimages:validation:a615e9112bb4a800,https://open-images-dataset.s3.amazonaws.com/validation/a615e9112bb4a800.jpg,f7e442afcf591013689ee9483652ad7c
,scene,mountain,landscape,,,,https://creativecommons.org/licenses/by/2.0/,Ricardo Fernández https://www.flickr.com/photos/richardfdez/4660296051,openimages:validation:bd8fe8f869d4d7b6,https://open-images-dataset.s3.amazonaws.com/validation/bd8fe8f869d4d7b6.jpg,2827e69b0c0e36c55d3baf8cb44dd5f4
,scene,mountain,landscape,,,,https://creativecommons.org/licenses/by/2.0/,Laoska Guadamuz https://www.flickr.com/photos/lbgm2011/16301004171,openimages:validation:eb61feac2090b7e2,https://open-images-dataset.s3.amazonaws.com/validation/eb61feac2090b7e2.jpg,ce4a0b578777176043055f1ba880aee7
,scene,mountain,landscape,,,,https://creativecommons.org/licenses/by/2.0/,dspett https://www.flickr.com/photos/dspett/5894177245,openimages:validation:7f50b68075ebd257,https://open-images-dataset.s3.amazonaws.com/validation/7f50b68075ebd257.jpg,1ba510f158a16ce92361f435eb46119c
,scene,mountain,landscape,golden_hour,,,https://creativecommons.org/licenses/by/2.0/,Lisa Cyr https://www.flickr.com/photos/borderlys/4985993303,openimages:validation:c43a671fbc9c2493,https://open-images-dataset.s3.amazonaws.com/validation/c43a671fbc9c2493.jpg,a20ab347dbd2e083cc7fbeb2fc44a597
,scene,mountain,landscape,,,wide,https://creativecommons.org/licenses/by/2.0/,john mcsporran https://www.flickr.com/photos/127130111@N06/16789909464,openimages:validation:06dcd2a9e28c3c11,https://open-images-dataset.s3.amazonaws.com/validation/06dcd2a9e28c3c11.jpg,b3ed92e62ab277380ae523b2246f56de
,scene,mountain,landscape,,,wide,https://creativecommons.org/licenses/by/2.0/,flowcomm https://www.flickr.com/photos/flowcomm/4512138574,openimages:validation:2d3e71fb4b3ff54c,https://open-images-dataset.s3.amazonaws.com/validation/2d3e71fb4b3ff54c.jpg,b7f62eb2b99686559952f9dc9207f627
,scene,mountain,landscape,,,,https://creativecommons.org/licenses/by/2.0/,carol patterson https://www.flickr.com/photos/30565636@N05/5908365181,openimages:validation:74bfeee03bc90d49,https://open-images-dataset.s3.amazonaws.com/validation/74bfeee03bc90d49.jpg,3eacb47178c0c7418a87e996bbe913ef
,scene,mountain,landscape,,,,https://creativecommons.org/licenses/by/2.0/,ogwen https://www.flickr.com/photos/ogwen/58716737,openimages:validation:4dd8b97b4077b89b,https://open-images-dataset.s3.amazonaws.com/validation/4dd8b97b4077b89b.jpg,98826e115a26a9f95fb042045067e2a6
,scene,mountain,landscape,,,wide,https://creativecommons.org/licenses/by/2.0/,Amante Darmanin https://www.flickr.com/photos/amantedar/5657545629,openimages:validation:633e764a10fc5951,https://open-images-dataset.s3.amazonaws.com/validation/633e764a10fc5951.jpg,b40ab2b038959310281ac58a603217d7
,scene,mountain,landscape,golden_hour,,wide,https://creativecommons.org/licenses/by/2.0/,semperidem 2007 https://www.flickr.com/photos/tom-cat/4141916224,openimages:validation:928a78b13c25d287,https://open-images-dataset.s3.amazonaws.com/validation/928a78b13c25d287.jpg,20d2d0acb5fc0ce46ab4927f45b1d71d
,scene,mountain,landscape,,,,https://creativecommons.org/licenses/by/2.0/,Herry Lawford https://www.flickr.com/photos/herry/77929136,openimages:validation:dab53da15f2018f8,https://open-images-dataset.s3.amazonaws.com/validation/dab53da15f2018f8.jpg,1bf7cd51f75a04ddf11ae44939329ec4
,scene,mountain,landscape,,,wide,https://creativecommons.org/licenses/by/2.0/,Marcelo Nicolas Manso https://www.flickr.com/photos/fotos_nicoman/5748588802,openimages:validation:6646b32b71636ce7,https://open-images-dataset.s3.amazonaws.com/validation/6646b32b71636ce7.jpg,95f1d23708cf1a835ff5aa005134e942
,scene,mountain,landscape,,,wide,https://creativecommons.org/licenses/by/2.0/,Mike Goren https://www.flickr.com/photos/celebdu/1377901557,openimages:validation:80f4408055ba1a3e,https://open-images-dataset.s3.amazonaws.com/validation/80f4408055ba1a3e.jpg,fb92dad1186f02ebfb0a888c7ed34f8e
,scene,mountain,landscape,,,wide,https://creativecommons.org/licenses/by/2.0/,denipet https://www.flickr.com/photos/dpetrus/2786265178,openimages:validation:ec9a69a43724e57a,https://open-images-dataset.s3.amazonaws.com/validation/ec9a69a43724e57a.jpg,33d779d47746d33ddda832686242134b
,scene,mountain,landscape,,,,https://creativecommons.org/licenses/by/2.0/,Joeri Cornille https://www.flickr.com/photos/udn/3966051223,openimages:validation:f9faa0e497967c82,https://open-images-dataset.s3.amazonaws.com/validation/f9faa0e497967c82.jpg,2bfcbd122706d3a63cebc28c733ef278
,scene,mountain,landscape,,,,https://creativecommons.org/licenses/by/2.0/,carol patterson https://www.flickr.com/photos/30565636@N05/5904926526,openimages:validation:b57584c117d92241,https://open-images-dataset.s3.amazonaws.com/validation/b57584c117d92241.jpg,c12988216e6e8b76f6361c560d93bc3f
,scene,mountain,landscape,,,wide,https://creativecommons.org/licenses/by/2.0/,Francisco Antunes https://www.flickr.com/photos/vilavelosa/8718633095,openimages:validation:86a9e8c0341836f7,https://open-images-dataset.s3.amazonaws.com/validation/86a9e8c0341836f7.jpg,0f436dd343bccd829662bde9afa7ed61
,scene,mountain,landscape,,,,https://creativecommons.org/licenses/by/2.0/,csm2mk RTW https://www.flickr.com/photos/csm2mkrtw/14862374735,openimages:validation:4bd5a86217ca76b6,https://open-images-dataset.s3.amazonaws.com/validation/4bd5a86217ca76b6.jpg,80f33c17234514df6279536006b81ebc
,scene,mountain,landscape,,,wide,https://creativecommons.org/licenses/by/2.0/,Eider Palmou https://www.flickr.com/photos/garaigoikoa/4069182542,openimages:validation:372724e64b25ab70,https://open-images-dataset.s3.amazonaws.com/validation/372724e64b25ab70.jpg,97bbf2837b60c37e6cb2db2330781b62
,scene,mountain,landscape,,,,https://creativecommons.org/licenses/by/2.0/,Robert Cutts https://www.flickr.com/photos/panr/2577909996,openimages:validation:a419464b2be1dfd0,https://open-images-dataset.s3.amazonaws.com/validation/a419464b2be1dfd0.jpg,0cd82c64e58a5ed68eb92885fa7e97c4
,scene,mountain,landscape,,,wide,https://creativecommons.org/licenses/by/2.0/,Jason Parker-Burlingham https://www.flickr.com/photos/nooks/2726693665/,openimages:validation:49ab7ae8035a335f,https://open-images-dataset.s3.amazonaws.com/validation/49ab7ae8035a335f.jpg,e445d34e999439766d6d4af930588bff
,scene,mountain,landscape,,,,https://creativecommons.org/licenses/by/2.0/,Wonderlane https://www.flickr.com/photos/wonderlane/3678731259,openimages:validation:6f5728f01927b901,https://open-images-dataset.s3.amazonaws.com/validation/6f5728f01927b901.jpg,bfe36c8d5ad19a3a73738aebcd030fd9
,scene,mountain,landscape,,,wide,https://creativecommons.org/licenses/by/2.0/,beautory https://www.flickr.com/photos/beautory/3946144390,openimages:validation:8314807ba8eef98e,https://open-images-dataset.s3.amazonaws.com/validation/8314807ba8eef98e.jpg,eb813dd74997c25997f0f7f893669c0e
,scene,mountain,landscape,,,,https://creativecommons.org/licenses/by/2.0/,Cristian Ordenes https://www.flickr.com/photos/rastachango/2842701643,openimages:validation:b57905f8dcab1fd3,https://open-images-dataset.s3.amazonaws.com/validation/b57905f8dcab1fd3.jpg,94b583d5d3d51cdfa3f564c2e0c1dbf1
,scene,mountain,landscape,,,wide,https://creativecommons.org/licenses/by/2.0/,Yusuke Kawasaki https://www.flickr.com/photos/u-suke/7716397942,openimages:validation:04da2550440dd624,https://open-images-dataset.s3.amazonaws.com/validation/04da2550440dd624.jpg,cb29166b35408fbb16c9e64de3198357
,scene,mountain,landscape,,,,https://creativecommons.org/licenses/by/2.0/,Robert Linsdell https://www.flickr.com/photos/boblinsdell/21770618626,openimages:validation:31005754ed7a5763,https://open-images-dataset.s3.amazonaws.com/validation/31005754ed7a5763.jpg,3c0280e792825b0c772cca00fa485a4d
,scene,mountain,landscape,,,,https://creativecommons.org/licenses/by/2.0/,Daniel Rossi https://www.flickr.com/photos/rossination/41618621,openimages:validation:78ecfe63cd61269a,https://open-images-dataset.s3.amazonaws.com/validation/78ecfe63cd61269a.jpg,e69749bc8e33105d5720985b27418768
,scene,mountain,landscape,,,,https://creativecommons.org/licenses/by/2.0/,daveynin https://www.flickr.com/photos/daveynin/7245577918,openimages:validation:89131ede1c90e359,https://open-images-dataset.s3.amazonaws.com/validation/89131ede1c90e359.jpg,c8f823b36ebbc66c7e4dcdf0610b03ec
,scene,mountain,landscape,,,,https://creativecommons.org/licenses/by/2.0/,Chris Wild https://www.flickr.com/photos/chriswildhq/4516227488/,openimages:validation:094093ef54e00483,https://open-images-dataset.s3.amazonaws.com/validation/094093ef54e00483.jpg,40258354b7d798492b8bbd26b39115f7
,scene,mountain,landscape,,,,https://creativecommons.org/licenses/by/2.0/,Sharon Hahn Darlin https://www.flickr.com/photos/sharonhahndarlin/20714541094,openimages:validation:12d51fada2682661,https://open-images-dataset.s3.amazonaws.com/validation/12d51fada2682661.jpg,9f9ed8c7e623e228cf861233730b9d80
,scene,mountain,landscape,,,wide,https://creativecommons.org/licenses/by/2.0/,Nikita https://www.flickr.com/photos/malfet/5176690039,openimages:validation:f45495a2410be8fe,https://open-images-dataset.s3.amazonaws.com/validation/f45495a2410be8fe.jpg,284794f93d01da7073391d3dd6db99b7
,scene,mountain,landscape,,,,https://creativecommons.org/licenses/by/2.0/,Brian https://www.flickr.com/photos/bdearth/3988883381,openimages:validation:d6308c042c8c68d5,https://open-images-dataset.s3.amazonaws.com/validation/d6308c042c8c68d5.jpg,f67db912867aecd5fd0dce4e32cc8716
,scene,mountain,landscape,,,,https://creativecommons.org/licenses/by/2.0/,Laoska Guadamuz https://www.flickr.com/photos/lbgm2011/16117235309,openimages:validation:ae88a42668631976,https://open-images-dataset.s3.amazonaws.com/validation/ae88a42668631976.jpg,01037620bd623b6c9abbbe1aaabc4b61
,scene,mountain,landscape,,,wide,https://creativecommons.org/licenses/by/2.0/,Sander Hoogendoorn https://www.flickr.com/photos/sanderovski/4712097613,openimages:validation:2c275b64c72a5aaf,https://open-images-dataset.s3.amazonaws.com/validation/2c275b64c72a5aaf.jpg,9602a96a13a4e471e31c268bb5531f58
,scene,mountain,landscape,,,,https://creativecommons.org/licenses/by/2.0/,Kim van Velzen https://www.flickr.com/photos/kimvanvelzen/18675715840,openimages:validation:07eb44803099aa2d,https://open-images-dataset.s3.amazonaws.com/validation/07eb44803099aa2d.jpg,f264bfc6ac797f491206e1fa77adee79
,scene,mountain,landscape,golden_hour,,,https://creativecommons.org/licenses/by/2.0/,Miguel Ángel García. https://www.flickr.com/photos/respenda/5919192203,openimages:validation:7a533589f2a64458,https://open-images-dataset.s3.amazonaws.com/validation/7a533589f2a64458.jpg,efa51652edb76838ea6750d78a72451b
,scene,mountain,landscape,,,,https://creativecommons.org/licenses/by/2.0/,Christian Payer https://www.flickr.com/photos/tirolerbua/3433781675/,openimages:validation:98af525f5dc5dd54,https://open-images-dataset.s3.amazonaws.com/validation/98af525f5dc5dd54.jpg,46f4375c4ae56d1bdeecd9ccebeed8bd
,scene,mountain,landscape,,,,https://creativecommons.org/licenses/by/2.0/,David Stanley https://www.flickr.com/photos/davidstanleytravel/7185454624/,openimages:validation:c7c7df7977d3ac12,https://open-images-dataset.s3.amazonaws.com/validation/c7c7df7977d3ac12.jpg,550a98ef2acfcc6224f424f66812860e
,scene,mountain,landscape,,,,https://creativecommons.org/licenses/by/2.0/,Julie Lyn https://www.flickr.com/photos/14486460@N00/11157076015,openimages:validation:c3c81b2e6fbccf75,https://open-images-dataset.s3.amazonaws.com/validation/c3c81b2e6fbccf75.jpg,a3bf9e79afb9c00759d1ebd6749727ca
,scene,mountain,landscape,,,wide,https://creativecommons.org/licenses/by/2.0/,skyseeker https://www.flickr.com/photos/skyseeker/25694355,openimages:validation:10e3c92dee6d393d,https://open-images-dataset.s3.amazonaws.com/validation/10e3c92dee6d393d.jpg,14e0cd63b85fcfcac0289cb7e6f6de62
,scene,mountain,landscape,,,,https://creativecommons.org/licenses/by/2.0/,Sílvia Martín https://www.flickr.com/photos/smartinmolina/8677120291,openimages:validation:9dab048bfbdd7bbb,https://open-images-dataset.s3.amazonaws.com/validation/9dab048bfbdd7bbb.jpg,a3a105a131acb0fc49049a58ac7bfb68
,scene,mountain,landscape,,,wide,https://creativecommons.org/licenses/by/2.0/,kori monster https://www.flickr.com/photos/korimatiessa/4882480373,openimages:validation:95cddaef02ea78b0,https://open-images-dataset.s3.amazonaws.com/validation/95cddaef02ea78b0.jpg,2e8a6924978d1e59fd94bd03b8bc8526
,scene,mountain,landscape,,,,https://creativecommons.org/licenses/by/2.0/,Alistair Young https://www.flickr.com/photos/ajy/650683823,openimages:validation:13a44945bfc78c28,https://open-images-dataset.s3.amazonaws.com/validation/13a44945bfc78c28.jpg,2e1b65ca29e84ea7d32760fd2c2b9104
,scene,mountain,landscape,,,,https://creativecommons.org/licenses/by/2.0/,joaquin uy https://www.flickr.com/photos/wakxy/4395492275/,openimages:validation:80381ca73fcf75a3,https://open-images-dataset.s3.amazonaws.com/validation/80381ca73fcf75a3.jpg,f2a38e3ff467f8f616949f096ac26487
,scene,mountain,landscape,,,,https://creativecommons.org/licenses/by/2.0/,ANDRE Céline https://www.flickr.com/photos/8414700@N03/1395360205,openimages:validation:fb564923764ec7b5,https://open-images-dataset.s3.amazonaws.com/validation/fb564923764ec7b5.jpg,273cbc8b9aced7172f18bbe1f4bb5c21
,scene,mountain,landscape,,,,https://creativecommons.org/licenses/by/2.0/,bizmac https://www.flickr.com/photos/bizmac/3505211002,openimages:validation:fb7b66717bc603cc,https://open-images-dataset.s3.amazonaws.com/validation/fb7b66717bc603cc.jpg,0b026924e07d1c220d0dedda36bad983
,scene,mountain,landscape,,,wide,https://creativecommons.org/licenses/by/2.0/,r. nial bradshaw https://www.flickr.com/photos/zionfiction/21808267691,openimages:validation:36dd6edc436272aa,https://open-images-dataset.s3.amazonaws.com/validation/36dd6edc436272aa.jpg,ef486315436242bb5efe0f2fa25169bf
,scene,mountain,landscape,,,aerial,https://creativecommons.org/licenses/by/2.0/,Flamingcoppercat https://www.flickr.com/photos/guicry/2077407661,openimages:validation:56a1621b1f4f3161,https://open-images-dataset.s3.amazonaws.com/validation/56a1621b1f4f3161.jpg,51ffef818be92dff17d71de60e770483
,scene,mountain,landscape,,,,https://creativecommons.org/licenses/by/2.0/,Paul L Dineen https://www.flickr.com/photos/pauldineen/180486873,openimages:validation:87e472e858618ef8,https://open-images-dataset.s3.amazonaws.com/validation/87e472e858618ef8.jpg,745d6515c72aef3455aff957d91cfd1a
,scene,mountain,landscape,golden_hour,,,https://creativecommons.org/licenses/by/2.0/,2 TOP https://www.flickr.com/photos/2top/9568826027,openimages:validation:baafe333266e9fb8,https://open-images-dataset.s3.amazonaws.com/validation/baafe333266e9fb8.jpg,23ebce1a18689f2ac6a68ebf80e6cf8d
,scene,coast,landscape,,,,https://creativecommons.org/licenses/by/2.0/,Bogdan Migulski https://www.flickr.com/photos/migulski/2265017975,openimages:validation:e6ce11e05454baad,https://open-images-dataset.s3.amazonaws.com/validation/e6ce11e05454baad.jpg,ec2d45929e56489c402a841c4b15d7a9
,scene,coast,landscape,,,aerial,https://creativecommons.org/licenses/by/2.0/,_topo_ https://www.flickr.com/photos/ilpuntodivistadeltopo/2588236442,openimages:validation:dba1406ac46d964e,https://open-images-dataset.s3.amazonaws.com/validation/dba1406ac46d964e.jpg,dafe1dfbf3571cff480a81f059860663
,scene,coast,landscape,,,aerial,https://creativecommons.org/licenses/by/2.0/,Bill Brine https://www.flickr.com/photos/8099556@N08/13830256424,openimages:validation:3d19ab23a700eaa6,https://open-images-dataset.s3.amazonaws.com/validation/3d19ab23a700eaa6.jpg,33f2aae112ef8cf7365809aaaf717d9b
,scene,coast,landscape,,,,https://creativecommons.org/licenses/by/2.0/,Miriam Rossignoli https://www.flickr.com/photos/bgo1/18405428553,openimages:validation:ac7ee2c882f390bc,https://open-images-dataset.s3.amazonaws.com/validation/ac7ee2c882f390bc.jpg,f6c482b9882ea982c5bf9155822311da
,scene,coast,landscape,,,,https://creativecommons.org/licenses/by/2.0/,Kat Kellner https://www.flickr.com/photos/93033713@N00/2310829469,openimages:validation:619e68dfb5705d16,https://open-images-dataset.s3.amazonaws.com/validation/619e68dfb5705d16.jpg,ebd7340af15d739a4e4504ccb4a2f9b8
,scene,coast,landscape,,,,https://creativecommons.org/licenses/by/2.0/,Thomas CUELHO https://www.flickr.com/photos/thomascuelho/1462893026,openimages:validation:b2957966b7a84732,https://open-images-dataset.s3.amazonaws.com/validation/b2957966b7a84732.jpg,72dbc60333d3956a51af38a5a82653c3
,scene,coast,landscape,,,,https://creativecommons.org/licenses/by/2.0/,Chapuisat https://www.flickr.com/photos/47967705@N02/4483304205,openimages:validation:92a45b4fa5653837,https://open-images-dataset.s3.amazonaws.com/validation/92a45b4fa5653837.jpg,1cf2d6ca97cdb8d1dd2ca9e3f7c68a75
,scene,coast,landscape,,,,https://creativecommons.org/licenses/by/2.0/,Tounsi ben Tounsi https://www.flickr.com/photos/tunisia_photos/1427759326,openimages:validation:811f66de9aa9bbf0,https://open-images-dataset.s3.amazonaws.com/validation/811f66de9aa9bbf0.jpg,5502c2b90ebdfe0cc56aafdef3308dd0
,scene,coast,landscape,,,,https://creativecommons.org/licenses/by/2.0/,Tatters ❀ https://www.flickr.com/photos/tgerus/2510785605,openimages:validation:73ec58f9d519746f,https://open-images-dataset.s3.amazonaws.com/validation/73ec58f9d519746f.jpg,a6f4e30c67cd6d55ffd7a650afb3e867
,scene,coast,landscape,,,aerial,https://creativecommons.org/licenses/by/2.0/,Iñaki Queralt https://www.flickr.com/photos/inaxo/8334904604,openimages:validation:3a4a0d779e2fe4e0,https://open-images-dataset.s3.amazonaws.com/validation/3a4a0d779e2fe4e0.jpg,60ce7f48ac6046e65df38ca001691e43
,scene,coast,landscape,,,,https://creativecommons.org/licenses/by/2.0/,kyle wyss https://www.flickr.com/photos/blindmanscolour/5599915760,openimages:validation:1ca5bbafdbdf1ae7,https://open-images-dataset.s3.amazonaws.com/validation/1ca5bbafdbdf1ae7.jpg,41888ca5f568ca484b198707fb1e4f31
,scene,coast,landscape,,,,https://creativecommons.org/licenses/by/2.0/,BLM Nevada https://www.flickr.com/photos/blmnevada/7692157540,openimages:validation:72c3eec0fb600b38,https://open-images-dataset.s3.amazonaws.com/validation/72c3eec0fb600b38.jpg,ef84f0fa758568f73fad2428b9a74cd5
,scene,coast,landscape,,,,https://creativecommons.org/licenses/by/2.0/,yphnrh https://www.flickr.com/photos/36607230@N03/5990968696,openimages:validation:1c63f023a27a8a05,https://open-images-dataset.s3.amazonaws.com/validation/1c63f023a27a8a05.jpg,fc2856490690f1cf84ccc0ece2f15e21
,scene,coast,landscape,,,,https://creativecommons.org/licenses/by/2.0/,Philby https://www.flickr.com/photos/philby/133550515,openimages:validation:d703fceedcca643c,https://open-images-dataset.s3.amazonaws.com/validation/d703fceedcca643c.jpg,3abbd5ebb3ffd32f0f815c5f2acf1e59
,scene,coast,landscape,,,aerial,https://creativecommons.org/licenses/by/2.0/,Bex Walton https://www.flickr.com/photos/bexwalton/17246207674,openimages:validation:a9ce923d9e99625d,https://open-images-dataset.s3.amazonaws.com/validation/a9ce923d9e99625d.jpg,477cb5d11dcf9832d55a9cfdf58a55f2
,scene,coast,landscape,,,,https://creativecommons.org/licenses/by/2.0/,matthew Hunt https://www.flickr.com/photos/mattphotos/95816069,openimages:validation:84d16f4a037906eb,https://open-images-dataset.s3.amazonaws.com/validation/84d16f4a037906eb.jpg,f7249d6172848c1f3ea345f66a1558fa
,scene,coast,landscape,,,,https://creativecommons.org/licenses/by/2.0/,Pietro &amp; Silvia https://www.flickr.com/photos/googlisti/1237526311,openimages:validation:a5afc70f95713b91,https://open-images-dataset.s3.amazonaws.com/validation/a5afc70f95713b91.jpg,fd580bfacdf66293dbfef76224485cb8
,scene,coast,landscape,,,,https://creativecommons.org/licenses/by/2.0/,Daniel Filgueiras https://www.flickr.com/photos/drfilgueiras/5580315381,openimages:validation:04728d00324ff2af,https://open-images-dataset.s3.amazonaws.com/validation/04728d00324ff2af.jpg,8d95e41de1e8601d5a31554718404964
,scene,coast,landscape,,,,https://creativecommons.org/licenses/by/2.0/,Pete https://www.flickr.com/photos/27760134@N03/4983746098,openimages:validation:550feb19214a7909,https://open-images-dataset.s3.amazonaws.com/validation/550feb19214a7909.jpg,21324360ee4f4a066f77931cd90a9ce5
,scene,coast,landscape,,,,https://creativecommons.org/licenses/by/2.0/,Sarah_Ackerman https://www.flickr.com/photos/sackerman519/5087028300,openimages:validation:336ce7657ad4f1b0,https://open-images-dataset.s3.amazonaws.com/validation/336ce7657ad4f1b0.jpg,67c570ab9f6a52cbba20cb97c2c80f95
,scene,coast,landscape,,,,https://creativecommons.org/licenses/by/2.0/,Shubert Ciencia https://www.flickr.com/photos/bigberto/1722680391,openimages:validation:babd8f77382cb247,https://open-images-dataset.s3.amazonaws.com/validation/babd8f77382cb247.jpg,90d6b8655a8edc00653f358bc0621e31
,scene,coast,landscape,,,,https://creativecommons.org/licenses/by/2.0/,Jose Luis Cernadas Iglesias https://www.flickr.com/photos/jlcernadas/5455697146,openimages:validation:e883659dd810db20,https://open-images-dataset.s3.amazonaws.com/validation/e883659dd810db20.jpg,ee254012525260e79680ea09442c03c8
,scene,coast,landscape,,,,https://creativecommons.org/licenses/by/2.0/,alq666 https://www.flickr.com/photos/alq666/86641604,openimages:validation:10bb729f100fb22f,https://open-images-dataset.s3.amazonaws.com/validation/10bb729f100fb22f.jpg,345e745f2beaa36adabe8f811e1996ab
,scene,coast,landscape,,,,https://creativecommons.org/licenses/by/2.0/,Aussie Assault https://www.flickr.com/photos/aussieassault/15825226605,openimages:validation:773283c0e82e0714,https://open-images-dataset.s3.amazonaws.com/validation/773283c0e82e0714.jpg,6d31c3d39b7a28f713c1ba3362ee7c06
,scene,coast,landscape,,,,https://creativecommons.org/licenses/by/2.0/,belindah-Thank You!-450.000 Views Now https://www.flickr.com/photos/belindah/5380229631/,openimages:validation:b937ba321365fbe1,https://open-images-dataset.s3.amazonaws.com/validation/b937ba321365fbe1.jpg,dde9ba6324a49aabd98959365a105a53
,scene,coast,landscape,,,,https://creativecommons.org/licenses/by/2.0/,guilherme jofili https://www.flickr.com/photos/gjofili/6348811612,openimages:validation:b2fa8de2369ad02f,https://open-images-dataset.s3.amazonaws.com/validation/b2fa8de2369ad02f.jpg,0b6b68b2765c4829ddb910398e2d448e
,scene,coast,landscape,,,,https://creativecommons.org/licenses/by/2.0/,hiroaki https://www.flickr.com/photos/hwat/16536205690,openimages:validation:59d6fb527f4930ee,https://open-images-dataset.s3.amazonaws.com/validation/59d6fb527f4930ee.jpg,87c700e9ff4a7784b043f3ba965c29df
,scene,coast,landscape,,,,https://creativecommons.org/licenses/by/2.0/,David Shankbone https://www.flickr.com/photos/shankbone/5798804500/,openimages:validation:a3fb79c084b78cc5,https://open-images-dataset.s3.amazonaws.com/validation/a3fb79c084b78cc5.jpg,fc5d0e1d13e2f2164485614c3016ea57
,scene,coast,landscape,,,aerial,https://creativecommons.org/licenses/by/2.0/,Aidan https://www.flickr.com/photos/aidanwojtas/4699141615,openimages:validation:213a067ca5ff3a8b,https://open-images-dataset.s3.amazonaws.com/validation/213a067ca5ff3a8b.jpg,d87fa4f766ecb0fd2ed266f78ce83afb
,scene,coast,landscape,,,wide,https://creativecommons.org/licenses/by/2.0/,Imogene Huxham https://www.flickr.com/photos/imogenehuxham/15446648923/,openimages:validation:9ea7e6dbd255dc3b,https://open-images-dataset.s3.amazonaws.com/validation/9ea7e6dbd255dc3b.jpg,d5ee3ae4a2abb935885fc32270e2fbdc
,scene,coast,landscape,,,,https://creativecommons.org/licenses/by/2.0/,Michael (a.k.a. moik) McCullough https://www.flickr.com/photos/ex_magician/4437183602,openimages:validation:c6ad32dcd4c00f47,https://open-images-dataset.s3.amazonaws.com/validation/c6ad32dcd4c00f47.jpg,e72d3843ed01d9f283018f3daa899022
,scene,coast,landscape,,,,https://creativecommons.org/licenses/by/2.0/,garycycles https://www.flickr.com/photos/garycycles4/5168916365,openimages:validation:820b3f5e1212b773,https://open-images-dataset.s3.amazonaws.com/validation/820b3f5e1212b773.jpg,046ddba23d8b686b6985b8f81e5bad78
,scene,coast,landscape,,,,https://creativecommons.org/licenses/by/2.0/,Christian Afonso https://www.flickr.com/photos/chafonso/9728413959,openimages:validation:7d0379bc0c0a7ec7,https://open-images-dataset.s3.amazonaws.com/validation/7d0379bc0c0a7ec7.jpg,5a1c994c60469d605099b3af772cedd1
,scene,coast,landscape,,,aerial,https://creativecommons.org/licenses/by/2.0/,Amila Tennakoon https://www.flickr.com/photos/lakpura/7821632526,openimages:validation:370fd57bda709098,https://open-images-dataset.s3.amazonaws.com/validation/370fd57bda709098.jpg,fbe3d751d3c969cdc8fa924bbcfe0985
,scene,coast,landscape,,,,https://creativecommons.org/licenses/by/2.0/,Anna-Maria Oléhn https://www.flickr.com/photos/agrajag42/16584620475,openimages:validation:3bc703d7944be0ba,https://open-images-dataset.s3.amazonaws.com/validation/3bc703d7944be0ba.jpg,350d9fe40e1db1add828d9b511df2cad
,scene,coast,landscape,,,,https://creativecommons.org/licenses/by/2.0/,Jeff Easter https://www.flickr.com/photos/feesta/417362849,openimages:validation:7708f9891f7539ba,https://open-images-dataset.s3.amazonaws.com/validation/7708f9891f7539ba.jpg,d995c75ecfddd0936d5b816ebd14ab43
,scene,coast,landscape,,,aerial,https://creativecommons.org/licenses/by/2.0/,flowcomm https://www.flickr.com/photos/flowcomm/15071737036,openimages:validation:ac11b36e6b2a747e,https://open-images-dataset.s3.amazonaws.com/validation/ac11b36e6b2a747e.jpg,dcb7c905971173a24fa383d3c900f008
,scene,coast,landscape,,,,https://creativecommons.org/licenses/by/2.0/,Simon Cousins https://www.flickr.com/photos/simon_cousins/6160248057,openimages:validation:56e0c9ef2b0e547a,https://open-images-dataset.s3.amazonaws.com/validation/56e0c9ef2b0e547a.jpg,2ad85a5d57dca9ba145e1fe49b15859f
,scene,coast,landscape,,,,https://creativecommons.org/licenses/by/2.0/,José Moutinho https://www.flickr.com/photos/jamoutinho/5800658314,openimages:validation:090fe46abe38ce4e,https://open-images-dataset.s3.amazonaws.com/validation/090fe46abe38ce4e.jpg,2cada48846b6975d83709a00da424e3b
,scene,coast,landscape,,,,https://creativecommons.org/licenses/by/2.0/,Frontierofficial https://www.flickr.com/photos/frontierofficial/7944108934,openimages:validation:6fa24d9fed29396e,https://open-images-dataset.s3.amazonaws.com/validation/6fa24d9fed29396e.jpg,26cf1fa879890e49a8379a80195a6f66
,scene,coast,landscape,,,,https://creativecommons.org/licenses/by/2.0/,Bluebells 2008 https://www.flickr.com/photos/bluebells2008/20818210045,openimages:validation:c9bf2abae4c170dc,https://open-images-dataset.s3.amazonaws.com/validation/c9bf2abae4c170dc.jpg,309736fd91159e8c27cdc951f0033d36
,scene,coast,landscape,golden_hour,,,https://creativecommons.org/licenses/by/2.0/,drpentecostes@gmail.com https://www.flickr.com/photos/drpentecostes/4981982759,openimages:validation:0b5d64088922d6c9,https://open-images-dataset.s3.amazonaws.com/validation/0b5d64088922d6c9.jpg,c764402a6d51976d7e11d705be34dc4c
,scene,coast,landscape,,,,https://creativecommons.org/licenses/by/2.0/,Upsilon Andromedae https://www.flickr.com/photos/upsand/240273240,openimages:validation:8d055c1b919c2d1d,https://open-images-dataset.s3.amazonaws.com/validation/8d055c1b919c2d1d.jpg,c4d1c3bc16b7195781066242cd8c3425
,scene,coast,landscape,,,,https://creativecommons.org/licenses/by/2.0/,Eladio Anxo Fernández Manso https://www.flickr.com/photos/32421400@N04/3990335463,openimages:validation:4710f5b0f57ab426,https://open-images-dataset.s3.amazonaws.com/validation/4710f5b0f57ab426.jpg,b265b2811d3046ae022ccd44f1ee8a90
,scene,coast,landscape,,,,https://creativecommons.org/licenses/by/2.0/,Cheryl Howard https://www.flickr.com/photos/96730140@N04/14910877662,openimages:validation:156bece361cbad25,https://open-images-dataset.s3.amazonaws.com/validation/156bece361cbad25.jpg,977c1bb74e336723263fb3cd184364d1
,scene,coast,landscape,,,wide,https://creativecommons.org/licenses/by/2.0/,joka2000 https://www.flickr.com/photos/joka2000/233810230,openimages:validation:dce32e6a7c351d8c,https://open-images-dataset.s3.amazonaws.com/validation/dce32e6a7c351d8c.jpg,491df8f00ef978a4e11c0d048dc0e2db
,scene,coast,landscape,,,,https://creativecommons.org/licenses/by/2.0/,Tim Nichols https://www.flickr.com/photos/timrnichols/3135827461,openimages:validation:e4a54207d2de13e8,https://open-images-dataset.s3.amazonaws.com/validation/e4a54207d2de13e8.jpg,571f54c5d5d2dc215fbd7332efd69977
,scene,coast,landscape,,,,https://creativecommons.org/licenses/by/2.0/,Samantha Jade Royds https://www.flickr.com/photos/sometimes_sam/5000201904,openimages:validation:a42396b3cf4554e3,https://open-images-dataset.s3.amazonaws.com/validation/a42396b3cf4554e3.jpg,d8920d6f440693e9fba2891237319ef4
,scene,coast,landscape,,,,https://creativecommons.org/licenses/by/2.0/,Ângela Antunes https://www.flickr.com/photos/photo_blackangel/4989174667,openimages:validation:a355fed994c3fc25,https://open-images-dataset.s3.amazonaws.com/validation/a355fed994c3fc25.jpg,f1ed653bbe1c232bb943b381bab7a49a
,scene,coast,landscape,,,,https://creativecommons.org/licenses/by/2.0/,daspunkt https://www.flickr.com/photos/daspunkt/18649835738,openimages:validation:de405bad4dfd09c9,https://open-images-dataset.s3.amazonaws.com/validation/de405bad4dfd09c9.jpg,8831d7697ed9e68d9a4b8d088d119f76
,scene,freshwater,landscape,,,,https://creativecommons.org/licenses/by/2.0/,Alyson Hurt https://www.flickr.com/photos/alykat/5794188,openimages:validation:01bd4bab4175a966,https://open-images-dataset.s3.amazonaws.com/validation/01bd4bab4175a966.jpg,5d73d1bf2034d6689a6c280174b3eafc
,scene,freshwater,landscape,,,,https://creativecommons.org/licenses/by/2.0/,Jeremy Atkinson https://www.flickr.com/photos/cloppy/132402126,openimages:validation:e6b323e207dfd091,https://open-images-dataset.s3.amazonaws.com/validation/e6b323e207dfd091.jpg,b88d331f684c68327c6f028232350f1d
,scene,freshwater,landscape,,,,https://creativecommons.org/licenses/by/2.0/,Rainer Stropek https://www.flickr.com/photos/rainerstropek/7387470032/,openimages:validation:62bc69651406c064,https://open-images-dataset.s3.amazonaws.com/validation/62bc69651406c064.jpg,6a92faee36524a69d11cb559cc3766b8
,scene,freshwater,landscape,,,,https://creativecommons.org/licenses/by/2.0/,Bearskin Lodge https://www.flickr.com/photos/bearskinlodge/9477262083,openimages:validation:7ef9410140a4f03e,https://open-images-dataset.s3.amazonaws.com/validation/7ef9410140a4f03e.jpg,c4cc225adf3cad022377f1b56ca7d766
,scene,freshwater,landscape,,,,https://creativecommons.org/licenses/by/2.0/,Ryndon Ricks https://www.flickr.com/photos/ryndon/15271170935,openimages:validation:102ab8e5172f16bf,https://open-images-dataset.s3.amazonaws.com/validation/102ab8e5172f16bf.jpg,e975e1ec2c68fb51d665ee2d1b32ae90
,scene,freshwater,landscape,,,,https://creativecommons.org/licenses/by/2.0/,Eamon Curry https://www.flickr.com/photos/eamoncurry/5102012067,openimages:validation:770b7a6fccae6986,https://open-images-dataset.s3.amazonaws.com/validation/770b7a6fccae6986.jpg,c8fa28fd1a025d2895f8b78a6c2b8594
,scene,freshwater,landscape,,,,https://creativecommons.org/licenses/by/2.0/,Carrie Kellenberger https://www.flickr.com/photos/globetrotteri/397707078/,openimages:validation:24303871ed292608,https://open-images-dataset.s3.amazonaws.com/validation/24303871ed292608.jpg,ceeb5b0d9a2deacc415116b5f278195f
,scene,freshwater,landscape,,,,https://creativecommons.org/licenses/by/2.0/,aidaweb101 https://www.flickr.com/photos/79255952@N08/7361280364,openimages:validation:9d2f0e9d4abecf23,https://open-images-dataset.s3.amazonaws.com/validation/9d2f0e9d4abecf23.jpg,12804e31ca01d5185af658af1490b945
,scene,freshwater,landscape,,,,https://creativecommons.org/licenses/by/2.0/,Kecko https://www.flickr.com/photos/kecko/37113379,openimages:validation:4a0699556704facb,https://open-images-dataset.s3.amazonaws.com/validation/4a0699556704facb.jpg,88d6bfbb77bee812d7714a85ef781c06
,scene,freshwater,landscape,,,,https://creativecommons.org/licenses/by/2.0/,Milton Jung https://www.flickr.com/photos/cbnsp/4260286134,openimages:validation:53d7a077afe99d46,https://open-images-dataset.s3.amazonaws.com/validation/53d7a077afe99d46.jpg,541f03e5f7d1718038dc874391e29a9d
,scene,freshwater,landscape,,,,https://creativecommons.org/licenses/by/2.0/,pokerfloat https://www.flickr.com/photos/pokerfloat/507132640,openimages:validation:72e19853f036a76b,https://open-images-dataset.s3.amazonaws.com/validation/72e19853f036a76b.jpg,4a9c4b587986523090f6860477756544
,scene,freshwater,landscape,,,,https://creativecommons.org/licenses/by/2.0/,Bev Sykes https://www.flickr.com/photos/basykes/7806237922,openimages:validation:e9cdde3de189f33a,https://open-images-dataset.s3.amazonaws.com/validation/e9cdde3de189f33a.jpg,6b8a065d37693c4d814d0819cac0f65f
,scene,freshwater,landscape,,,,https://creativecommons.org/licenses/by/2.0/,G. Frank Peterson https://www.flickr.com/photos/garpete/8132077317/,openimages:validation:68ce06b52564fa0e,https://open-images-dataset.s3.amazonaws.com/validation/68ce06b52564fa0e.jpg,1eecdc78ae496f71325cc73440709161
,scene,freshwater,landscape,,,,https://creativecommons.org/licenses/by/2.0/,Simon Greenwood https://www.flickr.com/photos/simongreenwood/7068895757,openimages:validation:c3cdbad1ebf5efea,https://open-images-dataset.s3.amazonaws.com/validation/c3cdbad1ebf5efea.jpg,ce1d532aa75894326b00c6402a2720fb
,scene,freshwater,landscape,,,,https://creativecommons.org/licenses/by/2.0/,squirrel83 https://www.flickr.com/photos/squirrel02/7653003462,openimages:validation:6ab332cb6fcefc92,https://open-images-dataset.s3.amazonaws.com/validation/6ab332cb6fcefc92.jpg,753b7019f75cd78db9fd341cabef689c
,scene,freshwater,landscape,,,,https://creativecommons.org/licenses/by/2.0/,Ingrid Richter https://www.flickr.com/photos/ikrichter/6089222239,openimages:validation:0f31722046863455,https://open-images-dataset.s3.amazonaws.com/validation/0f31722046863455.jpg,66ad9fbdbe61a7c12aeee22f29a08650
,scene,freshwater,landscape,,,,https://creativecommons.org/licenses/by/2.0/,Eduardo Robles Pacheco https://www.flickr.com/photos/eduardorobles/9257314541,openimages:validation:bf7ae1ae38f6a2df,https://open-images-dataset.s3.amazonaws.com/validation/bf7ae1ae38f6a2df.jpg,1c1a999cb024ef35adf79504296793d2
,scene,freshwater,landscape,,,,https://creativecommons.org/licenses/by/2.0/,Emma https://www.flickr.com/photos/emmabishop/6928674990/,openimages:validation:60dda1574229c3b7,https://open-images-dataset.s3.amazonaws.com/validation/60dda1574229c3b7.jpg,e8c57dbba00583e5874ab16bf4b211b7
,scene,freshwater,landscape,,,,https://creativecommons.org/licenses/by/2.0/,John McTarnaghan https://www.flickr.com/photos/jmctee/2847224576,openimages:validation:26fa5c83e833d08c,https://open-images-dataset.s3.amazonaws.com/validation/26fa5c83e833d08c.jpg,3e8d9d3f741b24b895386b921acb8cb5
,scene,freshwater,landscape,,,,https://creativecommons.org/licenses/by/2.0/,airwaves1 https://www.flickr.com/photos/airwaves1/5847259828/,openimages:validation:40de64b82e722b29,https://open-images-dataset.s3.amazonaws.com/validation/40de64b82e722b29.jpg,bc9237a1df542b65a076e280c0fa09d8
,scene,freshwater,landscape,,,,https://creativecommons.org/licenses/by/2.0/,Adam Sporka https://www.flickr.com/photos/adam_sporka/6987957416,openimages:validation:0aa206fa7ea80036,https://open-images-dataset.s3.amazonaws.com/validation/0aa206fa7ea80036.jpg,68f7538b82e824e844d3f7c2ae4d278b
,scene,freshwater,landscape,,,,https://creativecommons.org/licenses/by/2.0/,David Stanley https://www.flickr.com/photos/davidstanleytravel/5062734521,openimages:validation:4bd598c7c9f5eed7,https://open-images-dataset.s3.amazonaws.com/validation/4bd598c7c9f5eed7.jpg,a4defa8886940079cf88cba10b9bb53b
,scene,freshwater,landscape,,,,https://creativecommons.org/licenses/by/2.0/,Imágenes Gratis Online https://www.flickr.com/photos/130481724@N06/19739364656,openimages:validation:6f0f97a89d8d8b9d,https://open-images-dataset.s3.amazonaws.com/validation/6f0f97a89d8d8b9d.jpg,47a8ff0ed7e3181118e0f68cfb545c0b
,scene,freshwater,landscape,,,wide,https://creativecommons.org/licenses/by/2.0/,Allison https://www.flickr.com/photos/aparrish/1349299802,openimages:validation:0053c82117318945,https://open-images-dataset.s3.amazonaws.com/validation/0053c82117318945.jpg,f6d676a7eaf5b19505c10e80cb2a7c35
,scene,freshwater,landscape,,,,https://creativecommons.org/licenses/by/2.0/,Jaime de la Fuente https://www.flickr.com/photos/jfuentejr/290209597,openimages:validation:1531af1a07329fe2,https://open-images-dataset.s3.amazonaws.com/validation/1531af1a07329fe2.jpg,d7623a425c7640ccf5884f708b3f6001
,scene,freshwater,landscape,,,,https://creativecommons.org/licenses/by/2.0/,Peter Firminger https://www.flickr.com/photos/wollombi/281206315,openimages:validation:e7569573c9ee6bdc,https://open-images-dataset.s3.amazonaws.com/validation/e7569573c9ee6bdc.jpg,75696b5c07cab69c9a0f94f8fe793409
,scene,freshwater,landscape,,,,https://creativecommons.org/licenses/by/2.0/,grego1402 https://www.flickr.com/photos/grego1402/19169218796,openimages:validation:3542ee5b92d38d25,https://open-images-dataset.s3.amazonaws.com/validation/3542ee5b92d38d25.jpg,ffac9b50f506a499482f21b88c3a8b93
,scene,freshwater,landscape,,,,https://creativecommons.org/licenses/by/2.0/,Gavin  Loynes https://www.flickr.com/photos/gavlart/2487440869,openimages:validation:463f022d60c8c47e,https://open-images-dataset.s3.amazonaws.com/validation/463f022d60c8c47e.jpg,d849710283f07491c61e93eb7bf54539
,scene,freshwater,landscape,,,aerial,https://creativecommons.org/licenses/by/2.0/,ANDRE HERNANDES https://www.flickr.com/photos/24646383@N04/2330872197,openimages:validation:34527387bb10b1cb,https://open-images-dataset.s3.amazonaws.com/validation/34527387bb10b1cb.jpg,8447dd1fa017929f6b4ef1e61fe01ac6
,scene,freshwater,landscape,,,,https://creativecommons.org/licenses/by/2.0/,Jose A. Perez https://www.flickr.com/photos/nojofoto/6042378857,openimages:validation:1e8f6b9c4007d98a,https://open-images-dataset.s3.amazonaws.com/validation/1e8f6b9c4007d98a.jpg,fbf0df07de8a8495852994621f51a6e7
,scene,freshwater,landscape,,,,https://creativecommons.org/licenses/by/2.0/,raju venkat https://www.flickr.com/photos/gvraju/15261528143,openimages:validation:8122a2057395919f,https://open-images-dataset.s3.amazonaws.com/validation/8122a2057395919f.jpg,a5168b3c901e1908a928f06322f93b00
,scene,freshwater,landscape,,,,https://creativecommons.org/licenses/by/2.0/,Murat Ertürk https://www.flickr.com/photos/muraterturk/17079316410,openimages:validation:c434c0889f479655,https://open-images-dataset.s3.amazonaws.com/validation/c434c0889f479655.jpg,9f034a1cf1091c1901269c9428d88dae
,scene,freshwater,landscape,,,,https://creativecommons.org/licenses/by/2.0/,phrawr https://www.flickr.com/photos/phrawr/9120439768,openimages:validation:8ff0915b1368bd53,https://open-images-dataset.s3.amazonaws.com/validation/8ff0915b1368bd53.jpg,008a2a7369965275437b9d5cdd776d2f
,scene,freshwater,landscape,,,,https://creativecommons.org/licenses/by/2.0/,Mikey https://www.flickr.com/photos/raver_mikey/15511536463,openimages:validation:ec85e02980a503fc,https://open-images-dataset.s3.amazonaws.com/validation/ec85e02980a503fc.jpg,b0369eb932dea3be21162f49625ea08d
,scene,freshwater,landscape,,,,https://creativecommons.org/licenses/by/2.0/,Charles de Mille-Isles https://www.flickr.com/photos/demartigny/4870374780,openimages:validation:fcbf4b45a960e154,https://open-images-dataset.s3.amazonaws.com/validation/fcbf4b45a960e154.jpg,7c427869629c7edc036512c708db7167
,scene,freshwater,landscape,,,,https://creativecommons.org/licenses/by/2.0/,mauroguanandi https://www.flickr.com/photos/mauroguanandi/3766564924,openimages:validation:76c8ebabd306e009,https://open-images-dataset.s3.amazonaws.com/validation/76c8ebabd306e009.jpg,96b3c0a0be4bf1d97be213c9dc1c0025
,scene,freshwater,landscape,,,,https://creativecommons.org/licenses/by/2.0/,Bea y Fredi https://www.flickr.com/photos/bea-y-fredi/493075641,openimages:validation:b9cb5f847f5eb9d2,https://open-images-dataset.s3.amazonaws.com/validation/b9cb5f847f5eb9d2.jpg,66f9d5c91a984c65fb22ab61dd44cc40
,scene,freshwater,landscape,,,,https://creativecommons.org/licenses/by/2.0/,lvovl2 https://www.flickr.com/photos/22764014@N00/570234104,openimages:validation:e0901b6a16443b11,https://open-images-dataset.s3.amazonaws.com/validation/e0901b6a16443b11.jpg,6ac642f1d878692de0b8a069823555bf
,scene,freshwater,landscape,,,aerial,https://creativecommons.org/licenses/by/2.0/,International Hydropower Association https://www.flickr.com/photos/hydropower/5914633925,openimages:validation:388e85b2e017a3c5,https://open-images-dataset.s3.amazonaws.com/validation/388e85b2e017a3c5.jpg,a4700c0f6f46195a950d42a05e086a2c
,scene,freshwater,landscape,,,,https://creativecommons.org/licenses/by/2.0/,George Alexander Ishida Newman https://www.flickr.com/photos/takoyaki_king/15383320203,openimages:validation:9bd9bba308649b28,https://open-images-dataset.s3.amazonaws.com/validation/9bd9bba308649b28.jpg,37ddbdd4e98e3f3294236e13b7d1113b
,scene,freshwater,landscape,,,,https://creativecommons.org/licenses/by/2.0/,Roy Luck https://www.flickr.com/photos/royluck/20959857940,openimages:validation:0bcb0530e717e011,https://open-images-dataset.s3.amazonaws.com/validation/0bcb0530e717e011.jpg,7cdbaf8f61556fb5007f9be4a7d9c223
,scene,freshwater,landscape,,,,https://creativecommons.org/licenses/by/2.0/,suki tamba https://www.flickr.com/photos/sukitamba/12687513333,openimages:validation:5f14bb1584abce72,https://open-images-dataset.s3.amazonaws.com/validation/5f14bb1584abce72.jpg,ff6d545efc4d666c56e45cc066219267
,scene,freshwater,landscape,,,aerial,https://creativecommons.org/licenses/by/2.0/,dann toliver https://www.flickr.com/photos/00dann/285394290,openimages:validation:70314a9f079fc940,https://open-images-dataset.s3.amazonaws.com/validation/70314a9f079fc940.jpg,cd72d999e7bfc5106dbe8d24a167d897
,scene,freshwater,landscape,,,,https://creativecommons.org/licenses/by/2.0/,Brent Moore https://www.flickr.com/photos/brent_nashville/188278349,openimages:validation:56a3ce4a8899ace1,https://open-images-dataset.s3.amazonaws.com/validation/56a3ce4a8899ace1.jpg,b86f8d56231569a5dfb545ddaf0fceea
,scene,freshwater,landscape,,,,https://creativecommons.org/licenses/by/2.0/,Ann https://www.flickr.com/photos/picturesbyann/15873063525/,openimages:validation:7f03ee12590a2446,https://open-images-dataset.s3.amazonaws.com/validation/7f03ee12590a2446.jpg,a315307b42e0fc43eadd94421cffbd93
,scene,freshwater,landscape,,,,https://creativecommons.org/licenses/by/2.0/,bazzadaramblerimages https://www.flickr.com/photos/bazzadarambler/16683457423,openimages:validation:f0368f985d12a8f2,https://open-images-dataset.s3.amazonaws.com/validation/f0368f985d12a8f2.jpg,093e7cb0f7912d5490e3077607adc5d9
,scene,freshwater,landscape,,,,https://creativecommons.org/licenses/by/2.0/,Steve Moses https://www.flickr.com/photos/smoses/5029381372,openimages:validation:76bbfc4674d69782,https://open-images-dataset.s3.amazonaws.com/validation/76bbfc4674d69782.jpg,29b51d3df4e59d7311490e0c5234db02
,scene,freshwater,landscape,,,,https://creativecommons.org/licenses/by/2.0/,alpha6006 https://www.flickr.com/photos/alpha6studios/5740804257,openimages:validation:a1fb2184d465f341,https://open-images-dataset.s3.amazonaws.com/validation/a1fb2184d465f341.jpg,937e605f25543ec4b1af2b7afffba042
,scene,freshwater,landscape,,,,https://creativecommons.org/licenses/by/2.0/,Donald Lee Pardue https://www.flickr.com/photos/oldrebel/3785837819,openimages:validation:2f8c8191d8ec71f3,https://open-images-dataset.s3.amazonaws.com/validation/2f8c8191d8ec71f3.jpg,c4f42593b34ba60da3ce22105869ca90
,scene,freshwater,landscape,,,,https://creativecommons.org/licenses/by/2.0/,Brian Fagan https://www.flickr.com/photos/diamondace/5011281491,openimages:validation:20519d8b4d810e05,https://open-images-dataset.s3.amazonaws.com/validation/20519d8b4d810e05.jpg,f89105745d7ebd2f1cade8e1e3b4f04d
,scene,forest,landscape,,,close_up,https://creativecommons.org/licenses/by/2.0/,Flo&amp;Yo https://www.flickr.com/photos/floetyo/7157299052,openimages:validation:f41212500f371ac6,https://open-images-dataset.s3.amazonaws.com/validation/f41212500f371ac6.jpg,48612e96a8550568e1687a3014836525
,scene,forest,landscape,,,,https://creativecommons.org/licenses/by/2.0/,NiVek https://www.flickr.com/photos/xmmkev/44220295,openimages:validation:2a0f8b40b7b25bcc,https://open-images-dataset.s3.amazonaws.com/validation/2a0f8b40b7b25bcc.jpg,501dd88cfaee221872253d244be26f19
,scene,forest,landscape,,,,https://creativecommons.org/licenses/by/2.0/,Ladislav Boháč https://www.flickr.com/photos/56013034@N07/16050328981,openimages:validation:eeb22522fc9c7d5b,https://open-images-dataset.s3.amazonaws.com/validation/eeb22522fc9c7d5b.jpg,c63b253ef4737e785025e11929a1f11f
,scene,forest,landscape,,,,https://creativecommons.org/licenses/by/2.0/,Shoichi Masuhara https://www.flickr.com/photos/shoichimasuhara/4045063631,openimages:validation:6e00fa053d780568,https://open-images-dataset.s3.amazonaws.com/validation/6e00fa053d780568.jpg,19b10f8df748220464695cd0022af38b
,scene,forest,landscape,,,,https://creativecommons.org/licenses/by/2.0/,Graham Evans https://www.flickr.com/photos/groovygray/6116378507,openimages:validation:2610fa1ef090684b,https://open-images-dataset.s3.amazonaws.com/validation/2610fa1ef090684b.jpg,ff59cea6e50d7c01aade1dd15be16c99
,scene,forest,landscape,,,,https://creativecommons.org/licenses/by/2.0/,Ahmed Bukhamsin https://www.flickr.com/photos/techi50/5875835577,openimages:validation:89586ad3c1b602ed,https://open-images-dataset.s3.amazonaws.com/validation/89586ad3c1b602ed.jpg,abf6f8e791d775c39a92ee3488bf2f95
,scene,forest,landscape,,,,https://creativecommons.org/licenses/by/2.0/,Rainforest Connection https://www.flickr.com/photos/rainforestcx/10834252454,openimages:validation:2a0c655528b4aed6,https://open-images-dataset.s3.amazonaws.com/validation/2a0c655528b4aed6.jpg,4a7ef3874facdccad4049f850615fe16
,scene,forest,landscape,,,,https://creativecommons.org/licenses/by/2.0/,watchsmart https://www.flickr.com/photos/watchsmart/3275971496,openimages:validation:7d5f06a6ef5ac0ce,https://open-images-dataset.s3.amazonaws.com/validation/7d5f06a6ef5ac0ce.jpg,ed388d8236cc296ea0235f0e36158592
,scene,forest,landscape,,,,https://creativecommons.org/licenses/by/2.0/,Sara https://www.flickr.com/photos/108124882@N04/15655936359,openimages:validation:21a0e033c1640770,https://open-images-dataset.s3.amazonaws.com/validation/21a0e033c1640770.jpg,0d590d1e39b13e98784d4427a0653613
,scene,forest,landscape,,,,https://creativecommons.org/licenses/by/2.0/,Drew Avery https://www.flickr.com/photos/33590535@N06/3646887692,openimages:validation:92155b930a1907e6,https://open-images-dataset.s3.amazonaws.com/validation/92155b930a1907e6.jpg,803b314dc63e2328f8b48a93a2abcb91
,scene,forest,landscape,,,,https://creativecommons.org/licenses/by/2.0/,Cyril Fluck https://www.flickr.com/photos/39090590@N02/18396780589,openimages:validation:900d82d31b31055c,https://open-images-dataset.s3.amazonaws.com/validation/900d82d31b31055c.jpg,61a84b388c028808b46e302659805d1a
,scene,forest,landscape,,,,https://creativecommons.org/licenses/by/2.0/,Miel Van Opstal https://www.flickr.com/photos/coolz0r/221319069/in/photostream/,openimages:validation:c7404dd8520db554,https://open-images-dataset.s3.amazonaws.com/validation/c7404dd8520db554.jpg,97a0d952c0264109c9dd02e3fbbdb356
,scene,forest,landscape,,,,https://creativecommons.org/licenses/by/2.0/,Mickaël T. https://www.flickr.com/photos/mickaeltr/21051490901,openimages:validation:5e3a2b6e7943040f,https://open-images-dataset.s3.amazonaws.com/validation/5e3a2b6e7943040f.jpg,f69819b69cabc86294f1a13c4c145b7c
,scene,forest,landscape,,,,https://creativecommons.org/licenses/by/2.0/,Andrew Magill https://www.flickr.com/photos/amagill/29207064,openimages:validation:4e1ee2edeafaaeea,https://open-images-dataset.s3.amazonaws.com/validation/4e1ee2edeafaaeea.jpg,6766127e63d6ccb8e91786a675b6eb62
,scene,forest,landscape,,,,https://creativecommons.org/licenses/by/2.0/,nick@ https://www.flickr.com/photos/nic1/5062249025,openimages:validation:3f552ebe5afa4382,https://open-images-dataset.s3.amazonaws.com/validation/3f552ebe5afa4382.jpg,e54eb396a75c475109194fab1c07ebf3
,scene,forest,landscape,,,,https://creativecommons.org/licenses/by/2.0/,Paul Arps https://www.flickr.com/photos/slapers/3694243757,openimages:validation:90980c8a7fe7908f,https://open-images-dataset.s3.amazonaws.com/validation/90980c8a7fe7908f.jpg,f967edeb657b1b08ad665981c982f567
,scene,forest,landscape,,,wide,https://creativecommons.org/licenses/by/2.0/,Bo Jørgensen https://www.flickr.com/photos/bojoergensen/15997331656,openimages:validation:40fb04ca4c274a51,https://open-images-dataset.s3.amazonaws.com/validation/40fb04ca4c274a51.jpg,0f51699778098fad5a4b7ef88dfc7859
,scene,forest,landscape,,,,https://creativecommons.org/licenses/by/2.0/,Robbie Sproule https://www.flickr.com/photos/robbie1/14975942655/,openimages:validation:b60027f26355b12e,https://open-images-dataset.s3.amazonaws.com/validation/b60027f26355b12e.jpg,f55f82fd054ecb1ae5810425883e0325
,scene,forest,landscape,,,,https://creativecommons.org/licenses/by/2.0/,Narrow https://www.flickr.com/photos/narro/19601950,openimages:validation:1af3391a41b16a70,https://open-images-dataset.s3.amazonaws.com/validation/1af3391a41b16a70.jpg,cae7db19cedbf144d9827de156db9ae6
,scene,forest,landscape,,,wide,https://creativecommons.org/licenses/by/2.0/,PiG sty https://www.flickr.com/photos/pigsty/148875921,openimages:validation:6a71ffc629306ddb,https://open-images-dataset.s3.amazonaws.com/validation/6a71ffc629306ddb.jpg,d61b10144a5747bfaabcbaa6158c9d58
,scene,forest,landscape,,,,https://creativecommons.org/licenses/by/2.0/,pululante https://www.flickr.com/photos/pululante/10252178856,openimages:validation:0240e41bc74a1eaa,https://open-images-dataset.s3.amazonaws.com/validation/0240e41bc74a1eaa.jpg,9c0cdcb82babc7d0cb63abb5d78ad516
,scene,forest,landscape,,,,https://creativecommons.org/licenses/by/2.0/,Massimo  Margagnoni https://www.flickr.com/photos/50335549@N05/7721281416,openimages:validation:766aa6a06862f458,https://open-images-dataset.s3.amazonaws.com/validation/766aa6a06862f458.jpg,9201a661e2b04705febdbb90a760a81d
,scene,forest,landscape,,,,https://creativecommons.org/licenses/by/2.0/,Ben Garrett https://www.flickr.com/photos/bengarrett77/10794291023,openimages:validation:ae53e5a28ef04b4d,https://open-images-dataset.s3.amazonaws.com/validation/ae53e5a28ef04b4d.jpg,d2741f6ce0c20cbc4817d7a65cd31a4a
,scene,forest,landscape,,,,https://creativecommons.org/licenses/by/2.0/,Jirka Matousek https://www.flickr.com/photos/jirka_matousek/8414701562,openimages:validation:055c911dc0d40d0d,https://open-images-dataset.s3.amazonaws.com/validation/055c911dc0d40d0d.jpg,a1ec769e5d30a4951ff7b771b863ce83
,scene,forest,landscape,,,,https://creativecommons.org/licenses/by/2.0/,Henri Sivonen https://www.flickr.com/photos/hsivonen/8709783750,openimages:validation:533dff7e3b72dc85,https://open-images-dataset.s3.amazonaws.com/validation/533dff7e3b72dc85.jpg,4f62c2bc011556fcdca8c6efb99a939f
,scene,forest,landscape,,,,https://creativecommons.org/licenses/by/2.0/,jakerome https://www.flickr.com/photos/jakerome/2090855138,openimages:validation:2ee8e79229b5176f,https://open-images-dataset.s3.amazonaws.com/validation/2ee8e79229b5176f.jpg,1eb9dc903843ccaf16653138de53286d
,scene,forest,landscape,,,,https://creativecommons.org/licenses/by/2.0/,Finfid https://www.flickr.com/photos/49383966@N06/5156019179,openimages:validation:5cef92f0ff622889,https://open-images-dataset.s3.amazonaws.com/validation/5cef92f0ff622889.jpg,31000484e49a6332df0ee7565b52263d
,scene,forest,landscape,,,,https://creativecommons.org/licenses/by/2.0/,Babak Farrokhi https://www.flickr.com/photos/farrokhi/2751369,openimages:validation:f964fbf0c85e0722,https://open-images-dataset.s3.amazonaws.com/validation/f964fbf0c85e0722.jpg,f92a864914f05b4615bc593d3c5eccd9
,scene,forest,landscape,,,,https://creativecommons.org/licenses/by/2.0/,_paVan_ https://www.flickr.com/photos/_pavan_/7172330413,openimages:validation:11f68bb8745d2a31,https://open-images-dataset.s3.amazonaws.com/validation/11f68bb8745d2a31.jpg,8a43f1fe18e5812769ddde63ea4a55ca
,scene,forest,landscape,,,,https://creativecommons.org/licenses/by/2.0/,Curtis Abert https://www.flickr.com/photos/76767740@N08/14978042366,openimages:validation:a5238772baf25f1c,https://open-images-dataset.s3.amazonaws.com/validation/a5238772baf25f1c.jpg,576b11eabb4ebaacd0336c06525823fe
,scene,forest,landscape,,,,https://creativecommons.org/licenses/by/2.0/,Biblioteca Pública Iu Bohigas de Salt https://www.flickr.com/photos/bibsalt/2564263740,openimages:validation:61f5f9f0e0aa1c4c,https://open-images-dataset.s3.amazonaws.com/validation/61f5f9f0e0aa1c4c.jpg,6423c3a29f2276897d0cb2c80edcfa04
,scene,forest,landscape,,,,https://creativecommons.org/licenses/by/2.0/,natalie419 https://www.flickr.com/photos/natalie419/20098472436,openimages:validation:d0f680199e91bca3,https://open-images-dataset.s3.amazonaws.com/validation/d0f680199e91bca3.jpg,46ce2b833d158de88edf03dcde2efc0a
,scene,forest,landscape,,,,https://creativecommons.org/licenses/by/2.0/,vivek jena https://www.flickr.com/photos/vivekjena/15593301681,openimages:validation:621a86196584a7b2,https://open-images-dataset.s3.amazonaws.com/validation/621a86196584a7b2.jpg,ea51e435432a50119a4e9316c783c896
,scene,forest,landscape,,,,https://creativecommons.org/licenses/by/2.0/,TRAILSOURCE.COM https://www.flickr.com/photos/trailsource/4156865499,openimages:validation:dd48911472fba6fb,https://open-images-dataset.s3.amazonaws.com/validation/dd48911472fba6fb.jpg,3694443065b97913ac577c89c4d49cbe
,scene,forest,landscape,,,,https://creativecommons.org/licenses/by/2.0/,Kylie &amp; Rob (and Helen) https://www.flickr.com/photos/hell28k/6803483209,openimages:validation:4595065afd4951c2,https://open-images-dataset.s3.amazonaws.com/validation/4595065afd4951c2.jpg,de645a491ff3c1771731663f2c93b9e0
,scene,forest,landscape,,,,https://creativecommons.org/licenses/by/2.0/,Marco Arcangeli https://www.flickr.com/photos/arkad/194560989,openimages:validation:57cea8cbf0bdc111,https://open-images-dataset.s3.amazonaws.com/validation/57cea8cbf0bdc111.jpg,3b3132705946c991dcd97ab36a517f73
,scene,forest,landscape,,,,https://creativecommons.org/licenses/by/2.0/,Leigh Blackall https://www.flickr.com/photos/leighblackall/347096311,openimages:validation:57c6558e4956829b,https://open-images-dataset.s3.amazonaws.com/validation/57c6558e4956829b.jpg,6ac4130eeba69aa0269814c1ff3a5d14
,scene,forest,landscape,,,,https://creativecommons.org/licenses/by/2.0/,Irish American Mom https://www.flickr.com/photos/66087561@N08/7135390885,openimages:validation:7e81d32f7ea69f67,https://open-images-dataset.s3.amazonaws.com/validation/7e81d32f7ea69f67.jpg,3f1491268d49aed8172a9e3c481b2137
,scene,forest,landscape,,,,https://creativecommons.org/licenses/by/2.0/,Jason Meredith https://www.flickr.com/photos/merfam/5098329270/,openimages:validation:7e59a46ddb308ba0,https://open-images-dataset.s3.amazonaws.com/validation/7e59a46ddb308ba0.jpg,24d7012184fdcc18779f7b6fb151679a
,scene,forest,landscape,,,,https://creativecommons.org/licenses/by/2.0/,Pamela Carls https://www.flickr.com/photos/irisdragon/9118727315,openimages:validation:61d58eadebe7c086,https://open-images-dataset.s3.amazonaws.com/validation/61d58eadebe7c086.jpg,81f8af5e622ba3cddba05fc2a9be6da6
,scene,forest,landscape,,,,https://creativecommons.org/licenses/by/2.0/,Lee Coursey https://www.flickr.com/photos/leeco/1485754255,openimages:validation:2fdbe9ca76fdfd99,https://open-images-dataset.s3.amazonaws.com/validation/2fdbe9ca76fdfd99.jpg,a6de0e6cc33206196820856cb4b5d848
,scene,forest,landscape,,,,https://creativecommons.org/licenses/by/2.0/,DncnH https://www.flickr.com/photos/duncanh1/4897382345,openimages:validation:c6a875792ac6d437,https://open-images-dataset.s3.amazonaws.com/validation/c6a875792ac6d437.jpg,eddd9618a99b8aaaf02f1fa86f3ac6df
,scene,forest,landscape,,,,https://creativecommons.org/licenses/by/2.0/,Bureau  of Land Management https://www.flickr.com/photos/mypubliclands/19517316622,openimages:validation:f2a41b2b67a08384,https://open-images-dataset.s3.amazonaws.com/validation/f2a41b2b67a08384.jpg,933c988a174e5f5941b4a54fdbedb685
,scene,forest,landscape,,,,https://creativecommons.org/licenses/by/2.0/,Amit Patel https://www.flickr.com/photos/amitp/20437521825,openimages:validation:5387aa0e2ce4b45f,https://open-images-dataset.s3.amazonaws.com/validation/5387aa0e2ce4b45f.jpg,e829492c65bab061fdce0d9060287d60
,scene,forest,landscape,,,,https://creativecommons.org/licenses/by/2.0/,A Name Like Shields Can Make You Defensive https://www.flickr.com/photos/smi23le/4296675966,openimages:validation:ae5c5aaec88218ab,https://open-images-dataset.s3.amazonaws.com/validation/ae5c5aaec88218ab.jpg,0ed239be17800a332c47ad3f75fa8c3b
,scene,forest,landscape,,,,https://creativecommons.org/licenses/by/2.0/,c_j_ryan https://www.flickr.com/photos/c_j_ryan/5091351328,openimages:validation:56fdd26ca1c9bfe6,https://open-images-dataset.s3.amazonaws.com/validation/56fdd26ca1c9bfe6.jpg,8f02ae6cded64e98615102f5d4391798
,scene,forest,landscape,,,,https://creativecommons.org/licenses/by/2.0/,Department of Environment &amp; Primary Industries https://www.flickr.com/photos/dsevictoria/5032369238,openimages:validation:f82016da64143441,https://open-images-dataset.s3.amazonaws.com/validation/f82016da64143441.jpg,4a3864b40fcdca3c378f7163dc9ec53b
,scene,forest,landscape,,,,https://creativecommons.org/licenses/by/2.0/,The_Gut https://www.flickr.com/photos/frogbelly/2632968240,openimages:validation:effa7d11f511175c,https://open-images-dataset.s3.amazonaws.com/validation/effa7d11f511175c.jpg,0dfc979cf2646b87d720340b60850a10
,scene,forest,landscape,,,,https://creativecommons.org/licenses/by/2.0/,Jason Hollinger https://www.flickr.com/photos/7147684@N03/12527281445,openimages:validation:2b39c4047620c3bb,https://open-images-dataset.s3.amazonaws.com/validation/2b39c4047620c3bb.jpg,e932ad6c4f884be79ccaf390077a1362
,scene,forest,landscape,,,,https://creativecommons.org/licenses/by/2.0/,yamatsu https://www.flickr.com/photos/29310050@N04/9280150935,openimages:validation:4369e2d3fd660fbb,https://open-images-dataset.s3.amazonaws.com/validation/4369e2d3fd660fbb.jpg,745e1190c304e4e16cf89edb4894ab0b
,scene,grassland,landscape,,,,https://creativecommons.org/licenses/by/2.0/,Railways of Australia by Daryle Phillips https://www.flickr.com/photos/railwayofaustralia/6375323653,openimages:validation:36f8f787b7db7026,https://open-images-dataset.s3.amazonaws.com/validation/36f8f787b7db7026.jpg,3d0571da272a226f845bc324700656a7
,scene,grassland,landscape,,,,https://creativecommons.org/licenses/by/2.0/,Raul Luna https://www.flickr.com/photos/superman_ha_muerto/1104910796,openimages:validation:a2a8bbf70a3c47a1,https://open-images-dataset.s3.amazonaws.com/validation/a2a8bbf70a3c47a1.jpg,6fe15b708dd3bf6d2e2c87520c5d5e0c
,scene,grassland,landscape,,,wide,https://creativecommons.org/licenses/by/2.0/,Karen https://www.flickr.com/photos/56832361@N00/8258752478,openimages:validation:235c83322fba0969,https://open-images-dataset.s3.amazonaws.com/validation/235c83322fba0969.jpg,b5e9785eaf4348500917e720cfb70029
,scene,grassland,landscape,,,,https://creativecommons.org/licenses/by/2.0/,Susan Harris https://www.flickr.com/photos/11525626@N00/3872936844,openimages:validation:925bdb5dc8b171c8,https://open-images-dataset.s3.amazonaws.com/validation/925bdb5dc8b171c8.jpg,584dcdaa215865b13ee28a4c1af7240d
,scene,grassland,landscape,,,,https://creativecommons.org/licenses/by/2.0/,Ralph Malan https://www.flickr.com/photos/9511023@N03/4678878156,openimages:validation:e758aadf6c3b2833,https://open-images-dataset.s3.amazonaws.com/validation/e758aadf6c3b2833.jpg,c91070c2a71ffe75e11c688340f54112
,scene,grassland,landscape,,,,https://creativecommons.org/licenses/by/2.0/,Sarah Stewart https://www.flickr.com/photos/sarahmstewart/4009845000,openimages:validation:1a87d5dd9aef60ac,https://open-images-dataset.s3.amazonaws.com/validation/1a87d5dd9aef60ac.jpg,6453db390b4a25485bccef5a7ab8fae2
,scene,grassland,landscape,,,,https://creativecommons.org/licenses/by/2.0/,Serge Melki https://www.flickr.com/photos/sergemelki/4614651072,openimages:validation:90d64b5633fd1dda,https://open-images-dataset.s3.amazonaws.com/validation/90d64b5633fd1dda.jpg,643bce575a846401eceb6ddb7fc4e146
,scene,grassland,landscape,,,,https://creativecommons.org/licenses/by/2.0/,Lin Mei https://www.flickr.com/photos/leomei/78319847/,openimages:validation:fdb3c6b5af18a931,https://open-images-dataset.s3.amazonaws.com/validation/fdb3c6b5af18a931.jpg,e4737f95c067ac521198d0b42bf9c2aa
,scene,grassland,landscape,,,,https://creativecommons.org/licenses/by/2.0/,summonedbyfells https://www.flickr.com/photos/summonedbyfells/8510654404,openimages:validation:186fc1b6f554bd47,https://open-images-dataset.s3.amazonaws.com/validation/186fc1b6f554bd47.jpg,5bafbe167556e896c36f9aae8c741b52
,scene,grassland,landscape,,,,https://creativecommons.org/licenses/by/2.0/,Ewen Roberts https://www.flickr.com/photos/donabelandewen/248798612,openimages:validation:d07972ee0a6fbfc4,https://open-images-dataset.s3.amazonaws.com/validation/d07972ee0a6fbfc4.jpg,11a9ce1f40e7128b20d39e76a84ab50b
,scene,grassland,landscape,,,,https://creativecommons.org/licenses/by/2.0/,AleGranholm https://www.flickr.com/photos/darthale/11032746844,openimages:validation:7a2664d4cf2f6b2c,https://open-images-dataset.s3.amazonaws.com/validation/7a2664d4cf2f6b2c.jpg,73d90d9f6df2cbca7562061687f8e9ca
,scene,grassland,landscape,,,,https://creativecommons.org/licenses/by/2.0/,Secretaria de Agricultura e Abastecimento https://www.flickr.com/photos/agriculturasp/5255432104,openimages:validation:65352fe99399e00b,https://open-images-dataset.s3.amazonaws.com/validation/65352fe99399e00b.jpg,3d82b400d5625bd6aa97f580b40965a3
,scene,grassland,landscape,,,close_up,https://creativecommons.org/licenses/by/2.0/,Jitze Couperus https://www.flickr.com/photos/jitze1942/5988072289,openimages:validation:5840342ea42d2151,https://open-images-dataset.s3.amazonaws.com/validation/5840342ea42d2151.jpg,9d9c3e7431ecda54b5c95147180eacc9
,scene,grassland,landscape,,,,https://creativecommons.org/licenses/by/2.0/,Vellinge kommun https://www.flickr.com/photos/vellingekommun/7156670652,openimages:validation:a70a35aa6207f3c5,https://open-images-dataset.s3.amazonaws.com/validation/a70a35aa6207f3c5.jpg,44ef8bd8749562e240ec06b1d39f9825
,scene,grassland,landscape,,,,https://creativecommons.org/licenses/by/2.0/,Paul Asman and Jill Lenoble https://www.flickr.com/photos/pauljill/7003850244,openimages:validation:5d6f9085d683c347,https://open-images-dataset.s3.amazonaws.com/validation/5d6f9085d683c347.jpg,c0cfe2b129088592a2d51f28d4ef86f9
,scene,grassland,landscape,,,,https://creativecommons.org/licenses/by/2.0/,Consuelo Ternero https://www.flickr.com/photos/131783450@N03/16213138394,openimages:validation:3e7fefdcbca83b2a,https://open-images-dataset.s3.amazonaws.com/validation/3e7fefdcbca83b2a.jpg,4b7817447d0cb11a454964aacc3f077d
,scene,grassland,landscape,,,,https://creativecommons.org/licenses/by/2.0/,Pacific Southwest Region USFWS https://www.flickr.com/photos/usfws_pacificsw/6555224435,openimages:validation:d310bd6091312212,https://open-images-dataset.s3.amazonaws.com/validation/d310bd6091312212.jpg,82432cd1c9636cb792948e977c2b17e6
,scene,grassland,landscape,,,,https://creativecommons.org/licenses/by/2.0/,Viendo el mundo en moto https://www.flickr.com/photos/124560011@N03/19655578786,openimages:validation:de1f223b02eb29cc,https://open-images-dataset.s3.amazonaws.com/validation/de1f223b02eb29cc.jpg,93235c899663eef2f0da77e4a3e35334
,scene,grassland,landscape,,,,https://creativecommons.org/licenses/by/2.0/,Jason Hickey https://www.flickr.com/photos/exquisitur/2549687637,openimages:validation:c6796fc93957299f,https://open-images-dataset.s3.amazonaws.com/validation/c6796fc93957299f.jpg,76a639666b41a82d8e6747ccd459fb8e
,scene,grassland,landscape,,,,https://creativecommons.org/licenses/by/2.0/,A.Davey https://www.flickr.com/photos/adavey/3426318415,openimages:validation:eaa23728e8a7c98b,https://open-images-dataset.s3.amazonaws.com/validation/eaa23728e8a7c98b.jpg,af678e77bb712b8ebbf2e9d93e52c6b1
,scene,grassland,landscape,,,,https://creativecommons.org/licenses/by/2.0/,OakleyOriginals https://www.flickr.com/photos/oakleyoriginals/8661287840,openimages:validation:ef0f905dffbb7c24,https://open-images-dataset.s3.amazonaws.com/validation/ef0f905dffbb7c24.jpg,dfe1ffca604c7503486c520bab806d25
,scene,grassland,landscape,,,,https://creativecommons.org/licenses/by/2.0/,amanderson2 https://www.flickr.com/photos/amanderson/4686359626,openimages:validation:970ee4cba7e165d1,https://open-images-dataset.s3.amazonaws.com/validation/970ee4cba7e165d1.jpg,b419bc5d6fee2aec6763370023c55bd6
,scene,grassland,landscape,,,,https://creativecommons.org/licenses/by/2.0/,oatsy40 https://www.flickr.com/photos/oatsy40/21061130158,openimages:validation:a843668d816ee017,https://open-images-dataset.s3.amazonaws.com/validation/a843668d816ee017.jpg,afc42bf92c9fbce1ef0641619af7b560
,scene,grassland,landscape,,,wide,https://creativecommons.org/licenses/by/2.0/,Jeremy Segrott https://www.flickr.com/photos/126337928@N05/14891100750,openimages:validation:423a79aceef32dc7,https://open-images-dataset.s3.amazonaws.com/validation/423a79aceef32dc7.jpg,89360eb9a593220d7612c3282badfb5a
,scene,grassland,landscape,,,,https://creativecommons.org/licenses/by/2.0/,muo1417 https://www.flickr.com/photos/121004196@N06/14923552752,openimages:validation:757ab32e2d85c67e,https://open-images-dataset.s3.amazonaws.com/validation/757ab32e2d85c67e.jpg,b684851ab1dad30510c909a39cfb38d8
,scene,grassland,landscape,,,wide,https://creativecommons.org/licenses/by/2.0/,Steve Cornish https://www.flickr.com/photos/scornish/1763514023,openimages:validation:52a1569a47670842,https://open-images-dataset.s3.amazonaws.com/validation/52a1569a47670842.jpg,f12192f6164541b6c407877c61982cb2
,scene,grassland,landscape,,,close_up,https://creativecommons.org/licenses/by/2.0/,David Rosen https://www.flickr.com/photos/davidrosenphotography/14524354600,openimages:validation:89fd6f9511893ce3,https://open-images-dataset.s3.amazonaws.com/validation/89fd6f9511893ce3.jpg,a7621efb77b65109868b1e75e3dd44df
,scene,grassland,landscape,,,,https://creativecommons.org/licenses/by/2.0/,Ray Bouknight https://www.flickr.com/photos/raybouk/10129596836,openimages:validation:3642307a48b6f468,https://open-images-dataset.s3.amazonaws.com/validation/3642307a48b6f468.jpg,0ae6a86a33a46bce58386dccb5840343
,scene,grassland,landscape,,,,https://creativecommons.org/licenses/by/2.0/,Sam Beebe https://www.flickr.com/photos/sbeebe/9345558132,openimages:validation:eef37194bf91e872,https://open-images-dataset.s3.amazonaws.com/validation/eef37194bf91e872.jpg,d621628ea6ac6bfe9d22f7576e7919e1
,scene,grassland,landscape,,,wide,https://creativecommons.org/licenses/by/2.0/,Cícero R. C. Omena https://www.flickr.com/photos/10015563@N03/16611014752,openimages:validation:b7bc3c834b447a98,https://open-images-dataset.s3.amazonaws.com/validation/b7bc3c834b447a98.jpg,60568ee5cb268a5adbaba3661a9224a8
,scene,grassland,landscape,,,,https://creativecommons.org/licenses/by/2.0/,Tom Bech https://www.flickr.com/photos/viatorius/3721213763,openimages:validation:5283c65da4e591d4,https://open-images-dataset.s3.amazonaws.com/validation/5283c65da4e591d4.jpg,3f3a4255af7e11e5b004748f4f311e54
,scene,grassland,landscape,,,,https://creativecommons.org/licenses/by/2.0/,Herbolario Allium: www.alliumherbal.com https://www.flickr.com/photos/alliumherbal/5913181425,openimages:validation:9bf0cd02e944d223,https://open-images-dataset.s3.amazonaws.com/validation/9bf0cd02e944d223.jpg,30dcea0fc71626c7b782d540b785f189
,scene,grassland,landscape,,,,https://creativecommons.org/licenses/by/2.0/,Kevan https://www.flickr.com/photos/kevandotorg/13909641683,openimages:validation:79b801d2f4f8f77d,https://open-images-dataset.s3.amazonaws.com/validation/79b801d2f4f8f77d.jpg,a580483192acca99ac61e29bb6078588
,scene,grassland,landscape,,,,https://creativecommons.org/licenses/by/2.0/,Jitze Couperus https://www.flickr.com/photos/jitze1942/14807372897,openimages:validation:284f821bec7df36b,https://open-images-dataset.s3.amazonaws.com/validation/284f821bec7df36b.jpg,d6e9174b03ab09890ae6b98274400215
,scene,grassland,landscape,,,wide,https://creativecommons.org/licenses/by/2.0/,Junias https://www.flickr.com/photos/99204343@N00/12167784,openimages:validation:d48a0f2253202d99,https://open-images-dataset.s3.amazonaws.com/validation/d48a0f2253202d99.jpg,67bf54927ecf727b99c37a89143c8f87
,scene,grassland,landscape,,,,https://creativecommons.org/licenses/by/2.0/,Morgan Johnston https://www.flickr.com/photos/mhjohnston/224149937,openimages:validation:8ab5f0f2d5ae1fa2,https://open-images-dataset.s3.amazonaws.com/validation/8ab5f0f2d5ae1fa2.jpg,4ccd4bfa1d623f6d7b19d6e946320aa3
,scene,grassland,landscape,,,,https://creativecommons.org/licenses/by/2.0/,Kevin Walsh https://www.flickr.com/photos/86624586@N00/109684404,openimages:validation:07a58a64d83c0d1f,https://open-images-dataset.s3.amazonaws.com/validation/07a58a64d83c0d1f.jpg,f1329736ce173dd1dbd359f1aed3cd2b
,scene,grassland,landscape,,,close_up,https://creativecommons.org/licenses/by/2.0/,s9-4pr https://www.flickr.com/photos/119983612@N04/17112490210,openimages:validation:88e537efe83f8e1d,https://open-images-dataset.s3.amazonaws.com/validation/88e537efe83f8e1d.jpg,1a460b6d60322d8a61ace1374ebe0fc1
,scene,grassland,landscape,,,,https://creativecommons.org/licenses/by/2.0/,tsduff https://www.flickr.com/photos/48303796@N00/329588863/,openimages:validation:52f06ef1143df4be,https://open-images-dataset.s3.amazonaws.com/validation/52f06ef1143df4be.jpg,b5a5fa5f43c1672ae33b88d38f215c0d
,scene,grassland,landscape,,,,https://creativecommons.org/licenses/by/2.0/,due_mele https://www.flickr.com/photos/due_mele/17271276920,openimages:validation:5dbd56560ddf7500,https://open-images-dataset.s3.amazonaws.com/validation/5dbd56560ddf7500.jpg,8bb47101405390fd54609102234092ce
,scene,grassland,landscape,,,,https://creativecommons.org/licenses/by/2.0/,Chris Eason https://www.flickr.com/photos/mister-e/207907722,openimages:validation:682720d00385a2e8,https://open-images-dataset.s3.amazonaws.com/validation/682720d00385a2e8.jpg,d43e3c860423a085b87f39a209854621
,scene,grassland,landscape,,,,https://creativecommons.org/licenses/by/2.0/,S. Rae https://www.flickr.com/photos/35142635@N05/3762281310,openimages:validation:77e46fccb8c07d30,https://open-images-dataset.s3.amazonaws.com/validation/77e46fccb8c07d30.jpg,7f005360b16521a46e5a0d21206fc177
,scene,grassland,landscape,,,,https://creativecommons.org/licenses/by/2.0/,Amy https://www.flickr.com/photos/amylovesyah/4612178698,openimages:validation:44d24216af55ed2d,https://open-images-dataset.s3.amazonaws.com/validation/44d24216af55ed2d.jpg,687bc437eaebf4f2e113c84f40ccc578
,scene,grassland,landscape,,,,https://creativecommons.org/licenses/by/2.0/,LadyDragonflyCC - &gt;;&lt; https://www.flickr.com/photos/ladydragonflyherworld/4705742139,openimages:validation:01408d986127ece3,https://open-images-dataset.s3.amazonaws.com/validation/01408d986127ece3.jpg,80fe58a02351ca9fd4d4d8ebcaf85286
,scene,grassland,landscape,,,,https://creativecommons.org/licenses/by/2.0/,Guilhem Vellut https://www.flickr.com/photos/o_0/15138627359,openimages:validation:b05510e5f7e02197,https://open-images-dataset.s3.amazonaws.com/validation/b05510e5f7e02197.jpg,96a6183f4ed21dd9b2ee5f2a86580acc
,scene,grassland,landscape,,,,https://creativecommons.org/licenses/by/2.0/,Melissa Salmerón https://www.flickr.com/photos/34149448@N08/3871162546,openimages:validation:d135138c6e53f078,https://open-images-dataset.s3.amazonaws.com/validation/d135138c6e53f078.jpg,6c1a90524afb8e4be871ba020df3acf7
,scene,grassland,landscape,,,,https://creativecommons.org/licenses/by/2.0/,Wendy Seltzer https://www.flickr.com/photos/wseltzer/4449140838,openimages:validation:1049441c01fb5b7e,https://open-images-dataset.s3.amazonaws.com/validation/1049441c01fb5b7e.jpg,d05d2b09a91945702fab45d77fea27e6
,scene,grassland,landscape,,,,https://creativecommons.org/licenses/by/2.0/,Robert Taylor https://www.flickr.com/photos/bobolink/3872387414,openimages:validation:b91064b0ef0c739e,https://open-images-dataset.s3.amazonaws.com/validation/b91064b0ef0c739e.jpg,8308393e5c7d3192d81701bb511075aa
,scene,grassland,landscape,,,wide,https://creativecommons.org/licenses/by/2.0/,Dogymho https://www.flickr.com/photos/4u2lookat/19370133086,openimages:validation:4baabc73893b953f,https://open-images-dataset.s3.amazonaws.com/validation/4baabc73893b953f.jpg,93134645b71c7c72a668d16ec5742234
,scene,grassland,landscape,,,wide,https://creativecommons.org/licenses/by/2.0/,Edward Webb https://www.flickr.com/photos/crazyeddie/1428458065,openimages:validation:b6099138bd0e5f4d,https://open-images-dataset.s3.amazonaws.com/validation/b6099138bd0e5f4d.jpg,7e5d6c5111eadd062152aeae0a1c67b7
,scene,desert,landscape,,,wide,https://creativecommons.org/licenses/by/2.0/,Emma James https://www.flickr.com/photos/schmemma/5406168937,openimages:validation:7b89375526804129,https://open-images-dataset.s3.amazonaws.com/validation/7b89375526804129.jpg,3a9c8e1aa90189b4330ecabfd7065165
,scene,desert,landscape,,,wide,https://creativecommons.org/licenses/by/2.0/,frontriver https://www.flickr.com/photos/greensurvey/503848665,openimages:validation:5e2cf9d2893ef578,https://open-images-dataset.s3.amazonaws.com/validation/5e2cf9d2893ef578.jpg,54e56d56bd42f2cebdd6f9bb813bdbbb
,scene,desert,landscape,,,,https://creativecommons.org/licenses/by/2.0/,Matthew Rutledge https://www.flickr.com/photos/rutlo/3107282761,openimages:validation:428f554f9f41aa4a,https://open-images-dataset.s3.amazonaws.com/validation/428f554f9f41aa4a.jpg,1464ddb051a01c4c97190576d5e34ed3
,scene,desert,landscape,,,wide,https://creativecommons.org/licenses/by/2.0/,Cesar I. Martins https://www.flickr.com/photos/cesar_camilla/17153701937,openimages:validation:60621d4ff917533d,https://open-images-dataset.s3.amazonaws.com/validation/60621d4ff917533d.jpg,c8e7e2104393aadb318c79933d713620
,scene,desert,landscape,,,wide,https://creativecommons.org/licenses/by/2.0/,Aysegul Tastaban https://www.flickr.com/photos/maviagt/525204961,openimages:validation:b2ca6cf8a4fc570b,https://open-images-dataset.s3.amazonaws.com/validation/b2ca6cf8a4fc570b.jpg,f510048ef9d27f4b55b398cca1438187
,scene,desert,landscape,,,wide,https://creativecommons.org/licenses/by/2.0/,John Barker https://www.flickr.com/photos/eabod/198261789,openimages:validation:9a0c1b7eb4a63008,https://open-images-dataset.s3.amazonaws.com/validation/9a0c1b7eb4a63008.jpg,16fe4266b3de48644ea089adb38ac569
,scene,desert,landscape,,,wide,https://creativecommons.org/licenses/by/2.0/,nwhitford https://www.flickr.com/photos/22526939@N03/5660944477,openimages:validation:e72e0e53ad9d3f89,https://open-images-dataset.s3.amazonaws.com/validation/e72e0e53ad9d3f89.jpg,a8b497570cc4f9221895a84ce923d474
,scene,desert,landscape,,,wide,https://creativecommons.org/licenses/by/2.0/,Cristian Bortes https://www.flickr.com/photos/bortescristian/6336579473,openimages:validation:9fd4f1d4decdf022,https://open-images-dataset.s3.amazonaws.com/validation/9fd4f1d4decdf022.jpg,207d059e9146fd55e78d3a31915a561e
,scene,desert,landscape,,,wide,https://creativecommons.org/licenses/by/2.0/,Jeremy Bronson https://www.flickr.com/photos/jbrons/4881422818,openimages:validation:2dc06c514f9bbb6f,https://open-images-dataset.s3.amazonaws.com/validation/2dc06c514f9bbb6f.jpg,9ad8ad546574634659f004d5b6b5ef19
,scene,desert,landscape,,,wide,https://creativecommons.org/licenses/by/2.0/,Doug Lawrence https://www.flickr.com/photos/dougrglawrence/9425537905,openimages:validation:1e17699ff2c41a3d,https://open-images-dataset.s3.amazonaws.com/validation/1e17699ff2c41a3d.jpg,d19fb57e45670ea4f36b37e77561d05d
,scene,desert,landscape,,,wide,https://creativecommons.org/licenses/by/2.0/,Kiavash https://www.flickr.com/photos/shot/241236706/,openimages:validation:165b07ae1da11743,https://open-images-dataset.s3.amazonaws.com/validation/165b07ae1da11743.jpg,f83cc71ff18a4c1499db0065c067de60
,scene,desert,landscape,,,wide,https://creativecommons.org/licenses/by/2.0/,Kevin Gessner https://www.flickr.com/photos/kevingessner/13593071304,openimages:validation:3cef0f596e539c4b,https://open-images-dataset.s3.amazonaws.com/validation/3cef0f596e539c4b.jpg,0d32a5524f178b97de96b6aafd88fd60
,scene,desert,landscape,,,wide,https://creativecommons.org/licenses/by/2.0/,Strange Ones https://www.flickr.com/photos/strangeones/7536495972,openimages:validation:aeca8d7e13cd6eba,https://open-images-dataset.s3.amazonaws.com/validation/aeca8d7e13cd6eba.jpg,e282e4e6056fc987dbcdc676ec057dec
,scene,desert,landscape,blue_hour,,wide,https://creativecommons.org/licenses/by/2.0/,snotch https://www.flickr.com/photos/snotch/2727057712,openimages:validation:cd987091cf934cf9,https://open-images-dataset.s3.amazonaws.com/validation/cd987091cf934cf9.jpg,b4abf4d2c31511d40655d4a56141f330
,scene,desert,landscape,,,,https://creativecommons.org/licenses/by/2.0/,Nan Palmero https://www.flickr.com/photos/nanpalmero/14351401996,openimages:validation:1f477a0715f3be87,https://open-images-dataset.s3.amazonaws.com/validation/1f477a0715f3be87.jpg,3bcc1dcb16aa57ce8ea7a0c34a47e930
,scene,desert,landscape,,,wide,https://creativecommons.org/licenses/by/2.0/,jeffschuler https://www.flickr.com/photos/jeffschuler/446644766,openimages:validation:345c0ac03a806892,https://open-images-dataset.s3.amazonaws.com/validation/345c0ac03a806892.jpg,1e83b398c24ff27ed6f94eb30bc2ba4e
,scene,desert,landscape,,,wide,https://creativecommons.org/licenses/by/2.0/,Ian @ ThePaperboy.com https://www.flickr.com/photos/thepaperboy/542187946,openimages:validation:0b7b749f282806bd,https://open-images-dataset.s3.amazonaws.com/validation/0b7b749f282806bd.jpg,bfddf15c189f3dc2eef51113bdaa86dd
,scene,desert,landscape,,,wide,https://creativecommons.org/licenses/by/2.0/,David~ https://www.flickr.com/photos/58026969@N05/5355972958,openimages:validation:74daaaa6aaba0fa9,https://open-images-dataset.s3.amazonaws.com/validation/74daaaa6aaba0fa9.jpg,c8afb025bdd7ef83fd5c640d5d72d122
,scene,desert,landscape,,,wide,https://creativecommons.org/licenses/by/2.0/,Steven Straiton https://www.flickr.com/photos/st33vo/17279726545,openimages:validation:4f03517c4d3766db,https://open-images-dataset.s3.amazonaws.com/validation/4f03517c4d3766db.jpg,6d5988562a1d32935e721383ad8b2868
,scene,desert,landscape,,,wide,https://creativecommons.org/licenses/by/2.0/,Christopher Michel https://www.flickr.com/photos/cmichel67/79644532,openimages:validation:d90ffe72db175013,https://open-images-dataset.s3.amazonaws.com/validation/d90ffe72db175013.jpg,a4f8203784c324212f202fea5c434b84
,scene,desert,landscape,,,wide,https://creativecommons.org/licenses/by/2.0/,Du Truong https://www.flickr.com/photos/130448072@N02/16755753927,openimages:validation:22b5ca6921064f90,https://open-images-dataset.s3.amazonaws.com/validation/22b5ca6921064f90.jpg,a58aad8700363430a11396617bbd79bb
,scene,desert,landscape,,,wide,https://creativecommons.org/licenses/by/2.0/,wehiga80 https://www.flickr.com/photos/7972242@N08/466775465,openimages:validation:931d85edd6210d2b,https://open-images-dataset.s3.amazonaws.com/validation/931d85edd6210d2b.jpg,99e5714e4362a90847ebb7eec60e976a
,scene,desert,landscape,,,,https://creativecommons.org/licenses/by/2.0/,Alexander Baxevanis https://www.flickr.com/photos/futureshape/6818326771,openimages:validation:e15783f259dba32c,https://open-images-dataset.s3.amazonaws.com/validation/e15783f259dba32c.jpg,2495fc24930c78d3813b8997d27ea1c0
,scene,desert,landscape,,,wide,https://creativecommons.org/licenses/by/2.0/,[Alexandre] https://www.flickr.com/photos/alexandredebie/15280382385,openimages:validation:6e5f2a7471dfa47f,https://open-images-dataset.s3.amazonaws.com/validation/6e5f2a7471dfa47f.jpg,43763d1a2f6082ecc50194c5c2c5c846
,scene,desert,landscape,,,wide,https://creativecommons.org/licenses/by/2.0/,Land Rover MENA https://www.flickr.com/photos/landrovermena/5957816516,openimages:validation:5261939b50016233,https://open-images-dataset.s3.amazonaws.com/validation/5261939b50016233.jpg,cbde7935e4aaf29181875414e5649960
,scene,desert,landscape,,,wide,https://creativecommons.org/licenses/by/2.0/,Albert Ter Harmsel https://www.flickr.com/photos/duusker/15643010975,openimages:validation:5ff5dfd515874701,https://open-images-dataset.s3.amazonaws.com/validation/5ff5dfd515874701.jpg,1e48c23710f47b53a72ea357681b33ee
,scene,desert,landscape,,,wide,https://creativecommons.org/licenses/by/2.0/,Justin Vidamo https://www.flickr.com/photos/21160499@N04/11448248883,openimages:validation:d8d313a6dda7d404,https://open-images-dataset.s3.amazonaws.com/validation/d8d313a6dda7d404.jpg,d6b75aab49f8401e4176ef5aeddfaeac
,scene,desert,landscape,,,wide,https://creativecommons.org/licenses/by/2.0/,bigaila https://www.flickr.com/photos/astanglin/3072317592,openimages:validation:927310659dcfe6ad,https://open-images-dataset.s3.amazonaws.com/validation/927310659dcfe6ad.jpg,43cf347800c7c4d297d8d859ac9103c9
,scene,desert,landscape,,,wide,https://creativecommons.org/licenses/by/2.0/,Kyle Taylor https://www.flickr.com/photos/kyletaylor/4268584894,openimages:validation:4c32c597ae16cd94,https://open-images-dataset.s3.amazonaws.com/validation/4c32c597ae16cd94.jpg,6232b6a1310dffa07283f51e1679ed74
,scene,desert,landscape,,,wide,https://creativecommons.org/licenses/by/2.0/,Gleb Tarassenko https://www.flickr.com/photos/4gott/2336125765,openimages:validation:94dbf448a12aad87,https://open-images-dataset.s3.amazonaws.com/validation/94dbf448a12aad87.jpg,37a6611d5bd2f0b2d78d31cf1d2ac619
,scene,desert,landscape,,,wide,https://creativecommons.org/licenses/by/2.0/,Magharebia https://www.flickr.com/photos/magharebia/5915567732,openimages:validation:92fafd8f53be824b,https://open-images-dataset.s3.amazonaws.com/validation/92fafd8f53be824b.jpg,430c5ca3ba92a3d1b741cf76102bfd30
,scene,snow_ice,landscape,,,,https://creativecommons.org/licenses/by/2.0/,bjaglin https://www.flickr.com/photos/bjaglin/423070107,openimages:validation:315db5ecac884a02,https://open-images-dataset.s3.amazonaws.com/validation/315db5ecac884a02.jpg,3b6fbe17d4d0376255ada7824c0ce017
,scene,snow_ice,landscape,,,,https://creativecommons.org/licenses/by/2.0/,Pippa Lang https://www.flickr.com/photos/pippa-lang/5182197718,openimages:validation:a7658ceb965e00d0,https://open-images-dataset.s3.amazonaws.com/validation/a7658ceb965e00d0.jpg,c36ea0645478042c7adcab54ff241e26
,scene,snow_ice,landscape,,,,https://creativecommons.org/licenses/by/2.0/,Alex Indigo https://www.flickr.com/photos/alexindigo/3234206958,openimages:validation:ae0487fbd35a0917,https://open-images-dataset.s3.amazonaws.com/validation/ae0487fbd35a0917.jpg,6576a5fc7ca6b510797b7bc3e185bbbd
,scene,snow_ice,landscape,,,,https://creativecommons.org/licenses/by/2.0/,Mark Evans https://www.flickr.com/photos/chimothy27/4229535415,openimages:validation:82d2be1ae412a923,https://open-images-dataset.s3.amazonaws.com/validation/82d2be1ae412a923.jpg,d13d5e1f154a9e9fb3ecfa7518727c2c
,scene,snow_ice,landscape,,,,https://creativecommons.org/licenses/by/2.0/,The Greater Southwestern Exploration Company https://www.flickr.com/photos/gsec/14295232638/,openimages:validation:ecd7a8493b6186d3,https://open-images-dataset.s3.amazonaws.com/validation/ecd7a8493b6186d3.jpg,ce0ec5743ae68d3e2aa3e5cb906afb89
,scene,snow_ice,landscape,,,,https://creativecommons.org/licenses/by/2.0/,Sarah_Ackerman https://www.flickr.com/photos/sackerman519/4347559130,openimages:validation:1519e58e67084d02,https://open-images-dataset.s3.amazonaws.com/validation/1519e58e67084d02.jpg,aa04cc93c366c2dc823568fda062efb3
,scene,snow_ice,landscape,,,,https://creativecommons.org/licenses/by/2.0/,Andrew Beeston https://www.flickr.com/photos/ants88/3145869991,openimages:validation:dc554d2b15760972,https://open-images-dataset.s3.amazonaws.com/validation/dc554d2b15760972.jpg,e91caf954a27904b99605d90f0506fcd
,scene,snow_ice,landscape,,,,https://creativecommons.org/licenses/by/2.0/,Jonas Birmé https://www.flickr.com/photos/birme/11803252844,openimages:validation:1f7fee5ccd7ef523,https://open-images-dataset.s3.amazonaws.com/validation/1f7fee5ccd7ef523.jpg,d344e01223632405934dba4d712fc756
,scene,snow_ice,landscape,,,,https://creativecommons.org/licenses/by/2.0/,Emma https://www.flickr.com/photos/emmabishop/14958693546,openimages:validation:09e82d54206ab034,https://open-images-dataset.s3.amazonaws.com/validation/09e82d54206ab034.jpg,3cfa43e989e408e89dafa61dc9a89830
,scene,snow_ice,landscape,,,,https://creativecommons.org/licenses/by/2.0/,R. Gj https://www.flickr.com/photos/rabebgj/8346656302,openimages:validation:e07d7e8d7f6edc0f,https://open-images-dataset.s3.amazonaws.com/validation/e07d7e8d7f6edc0f.jpg,89cd4f5f96751727b06b42ead8f42875
,scene,snow_ice,landscape,,,,https://creativecommons.org/licenses/by/2.0/,missyleone https://www.flickr.com/photos/misspudding/3126614154,openimages:validation:1185f3c04877dc56,https://open-images-dataset.s3.amazonaws.com/validation/1185f3c04877dc56.jpg,0eab259ac98f2d7781291b2510f6a2f9
,scene,snow_ice,landscape,,,,https://creativecommons.org/licenses/by/2.0/,Viaggio Routard https://www.flickr.com/photos/viaggioroutard/15612168868,openimages:validation:c77e635ec467b07f,https://open-images-dataset.s3.amazonaws.com/validation/c77e635ec467b07f.jpg,d84dc5d43a5cedeb3b2690aebab9deab
,scene,snow_ice,landscape,,,,https://creativecommons.org/licenses/by/2.0/,ND Strupler https://www.flickr.com/photos/strupler/3047162103,openimages:validation:8d24ea42ad79b98a,https://open-images-dataset.s3.amazonaws.com/validation/8d24ea42ad79b98a.jpg,dc0fa2589ca01610f42e6c8bd7aaaf92
,scene,snow_ice,landscape,,,,https://creativecommons.org/licenses/by/2.0/,neiljs https://www.flickr.com/photos/neiljs/3616984882,openimages:validation:bd110920b718e0ee,https://open-images-dataset.s3.amazonaws.com/validation/bd110920b718e0ee.jpg,caa98b73619984a9773fe09c0909fcec
,scene,snow_ice,landscape,,,,https://creativecommons.org/licenses/by/2.0/,normanack https://www.flickr.com/photos/29278394@N00/101926780,openimages:validation:d78cb16ae7b01213,https://open-images-dataset.s3.amazonaws.com/validation/d78cb16ae7b01213.jpg,044bcf0a63c6d5a745c3acf0edda3140
,scene,snow_ice,landscape,,,,https://creativecommons.org/licenses/by/2.0/,chrstphre ㋛ campbell https://www.flickr.com/photos/chrstphre/3206027918,openimages:validation:e57fe89cea1b2c24,https://open-images-dataset.s3.amazonaws.com/validation/e57fe89cea1b2c24.jpg,01a6eb45fb74c84b1b9fc037f9c3527d
,scene,snow_ice,landscape,,,,https://creativecommons.org/licenses/by/2.0/,Faramarz Hashemi https://www.flickr.com/photos/fhashemi/72545435,openimages:validation:8e530ad68fd86cfe,https://open-images-dataset.s3.amazonaws.com/validation/8e530ad68fd86cfe.jpg,8a58826d2064489a3d954976e6f2202a
,scene,snow_ice,landscape,,,,https://creativecommons.org/licenses/by/2.0/,Guttorm Flatabø https://www.flickr.com/photos/dittaeva/4382717864,openimages:validation:d4bcc6f610320728,https://open-images-dataset.s3.amazonaws.com/validation/d4bcc6f610320728.jpg,e3783e5882293c9f8a081a0a5a8446e1
,scene,snow_ice,landscape,,,,https://creativecommons.org/licenses/by/2.0/,Bureau  of Land Management https://www.flickr.com/photos/mypubliclands/15460259964,openimages:validation:ce03da26ebd658c5,https://open-images-dataset.s3.amazonaws.com/validation/ce03da26ebd658c5.jpg,69a0408826f6cc427bfa7dc57f857e25
,scene,snow_ice,landscape,,,,https://creativecommons.org/licenses/by/2.0/,Robert Young https://www.flickr.com/photos/robertpaulyoung/2654340064,openimages:validation:9e00e251125dcadd,https://open-images-dataset.s3.amazonaws.com/validation/9e00e251125dcadd.jpg,e19e2b27c537f066a8dfc68ac3f995a4
,scene,snow_ice,landscape,,,,https://creativecommons.org/licenses/by/2.0/,Michael Arrighi https://www.flickr.com/photos/arrighi/5718403147,openimages:validation:8bbe2c6eb540408c,https://open-images-dataset.s3.amazonaws.com/validation/8bbe2c6eb540408c.jpg,4bff511514d53697d76e4d99c497e7ba
,scene,snow_ice,landscape,,,,https://creativecommons.org/licenses/by/2.0/,Niklas F https://www.flickr.com/photos/niklas_f/15441794544,openimages:validation:c938c0501b6cabba,https://open-images-dataset.s3.amazonaws.com/validation/c938c0501b6cabba.jpg,920f424ed8348ffc2e5a16b28ef923d7
,scene,snow_ice,landscape,,,,https://creativecommons.org/licenses/by/2.0/,Graham van der Wielen https://www.flickr.com/photos/gray_um/14945508527,openimages:validation:df9585cda9fedd86,https://open-images-dataset.s3.amazonaws.com/validation/df9585cda9fedd86.jpg,3e053e773c79625ed98ab06a862e2704
,scene,snow_ice,landscape,,,,https://creativecommons.org/licenses/by/2.0/,Christoph Koch https://www.flickr.com/photos/christoph_koch/5127241330/,openimages:validation:59b9e39f275e1b67,https://open-images-dataset.s3.amazonaws.com/validation/59b9e39f275e1b67.jpg,9041d520698fa584c2c28bf0867c84de
,scene,snow_ice,landscape,,,,https://creativecommons.org/licenses/by/2.0/,Audrey https://www.flickr.com/photos/audreyjm529/353048800,openimages:validation:b2006b56070a8337,https://open-images-dataset.s3.amazonaws.com/validation/b2006b56070a8337.jpg,a480e3f027e6c9cd2f94db0dbb76a91d
,scene,snow_ice,landscape,,,,https://creativecommons.org/licenses/by/2.0/,rmburnes https://www.flickr.com/photos/93363727@N00/5316138993,openimages:validation:ebf0f6d3a059a38a,https://open-images-dataset.s3.amazonaws.com/validation/ebf0f6d3a059a38a.jpg,683d0011a9db33361cfd83481bd821ba
,scene,snow_ice,landscape,,,,https://creativecommons.org/licenses/by/2.0/,S J Pinkney https://www.flickr.com/photos/spinkney/5403791065,openimages:validation:e4743eab6c213c3f,https://open-images-dataset.s3.amazonaws.com/validation/e4743eab6c213c3f.jpg,4785a04184c433f46f0af9c21e0f6481
,scene,snow_ice,landscape,,,,https://creativecommons.org/licenses/by/2.0/,allispossible.org.uk https://www.flickr.com/photos/wheatfields/2393798880,openimages:validation:60afb3c618eeef7e,https://open-images-dataset.s3.amazonaws.com/validation/60afb3c618eeef7e.jpg,0c3e34d7a9d1f0d33d5626d5ec7a0b55
,scene,snow_ice,landscape,,,,https://creativecommons.org/licenses/by/2.0/,Justin Henry https://www.flickr.com/photos/zappowbang/393354567,openimages:validation:cc834697b3e1edc9,https://open-images-dataset.s3.amazonaws.com/validation/cc834697b3e1edc9.jpg,e691153d773f9fa735586ca944943e96
,scene,snow_ice,landscape,,,,https://creativecommons.org/licenses/by/2.0/,Dawn Huczek https://www.flickr.com/photos/31064702@N05/3250508333,openimages:validation:c58a2a97b59c9d54,https://open-images-dataset.s3.amazonaws.com/validation/c58a2a97b59c9d54.jpg,67c7e0e543f00b377ad9a06a598f284e
,scene,snow_ice,landscape,,,,https://creativecommons.org/licenses/by/2.0/,Emi Yañez https://www.flickr.com/photos/puntodevista/111852885,openimages:validation:479e3ee18da9f1dd,https://open-images-dataset.s3.amazonaws.com/validation/479e3ee18da9f1dd.jpg,198345a57ac83c071d8a389a403a3710
,scene,snow_ice,landscape,,,,https://creativecommons.org/licenses/by/2.0/,William Ross https://www.flickr.com/photos/thedarkthing/5144654131,openimages:validation:744416110a259246,https://open-images-dataset.s3.amazonaws.com/validation/744416110a259246.jpg,00aedac0c1bc26d25db64ddb6f72233e
,scene,snow_ice,landscape,,,,https://creativecommons.org/licenses/by/2.0/,Eljay https://www.flickr.com/photos/eljay/3262845717,openimages:validation:4d2a300f64162138,https://open-images-dataset.s3.amazonaws.com/validation/4d2a300f64162138.jpg,19e84aadf8c327a0cfd8e7ae6dab4110
,scene,snow_ice,landscape,,,close_up,https://creativecommons.org/licenses/by/2.0/,Matt MacGillivray https://www.flickr.com/photos/qmnonic/309921024,openimages:validation:780e46dac74bfc93,https://open-images-dataset.s3.amazonaws.com/validation/780e46dac74bfc93.jpg,fd1b85587e143881f50f74ff5e74f264
,scene,snow_ice,landscape,,,,https://creativecommons.org/licenses/by/2.0/,Samuel Neher https://www.flickr.com/photos/samneher/16611103831,openimages:validation:4bec8df46cf13743,https://open-images-dataset.s3.amazonaws.com/validation/4bec8df46cf13743.jpg,52968924cce0810750d30a9179770123
,scene,snow_ice,landscape,,,,https://creativecommons.org/licenses/by/2.0/,Ed Kennedy https://www.flickr.com/photos/lostinmiami/4161380126,openimages:validation:5cba78da44556548,https://open-images-dataset.s3.amazonaws.com/validation/5cba78da44556548.jpg,9657b698e7b76ad9718e39b1a338e5e7
,scene,snow_ice,landscape,,,,https://creativecommons.org/licenses/by/2.0/,ict.wa4 https://www.flickr.com/photos/57449308@N08/5720225435,openimages:validation:16e3d95ad62123f3,https://open-images-dataset.s3.amazonaws.com/validation/16e3d95ad62123f3.jpg,5ffdd1c37a838db6ee30b0a30f36d900
,scene,snow_ice,landscape,,,,https://creativecommons.org/licenses/by/2.0/,Jim Bowen https://www.flickr.com/photos/jamiedfw/5423425957,openimages:validation:89e22e2641323a71,https://open-images-dataset.s3.amazonaws.com/validation/89e22e2641323a71.jpg,de9c57aeed4b98263dfa54d34f5b892d
,scene,snow_ice,landscape,,,,https://creativecommons.org/licenses/by/2.0/,David Barrena https://www.flickr.com/photos/davidbarrena/2825860068,openimages:validation:b5a2c0b77393e957,https://open-images-dataset.s3.amazonaws.com/validation/b5a2c0b77393e957.jpg,717bbd5b2d0872be3f1b22717b4b596b
,scene,snow_ice,landscape,,,wide,https://creativecommons.org/licenses/by/2.0/,David Flores https://www.flickr.com/photos/magdav/4872898679,openimages:validation:c3f17429ad8aa24a,https://open-images-dataset.s3.amazonaws.com/validation/c3f17429ad8aa24a.jpg,c893c57eddbad8260a6c70b485c08919
,scene,snow_ice,landscape,,,,https://creativecommons.org/licenses/by/2.0/,Deb https://www.flickr.com/photos/ferlinka/3137540038,openimages:validation:4b67609563f87cc1,https://open-images-dataset.s3.amazonaws.com/validation/4b67609563f87cc1.jpg,d3716f815b381b2ff132c7a1f31fd0a0
,scene,snow_ice,landscape,,,,https://creativecommons.org/licenses/by/2.0/,Rob Lee https://www.flickr.com/photos/roblee/102165753,openimages:validation:e705fb67fc35e7ad,https://open-images-dataset.s3.amazonaws.com/validation/e705fb67fc35e7ad.jpg,14f8a30328388ccb3f220fa6b165fbc1
,scene,snow_ice,landscape,,,,https://creativecommons.org/licenses/by/2.0/,Ted and Jen https://www.flickr.com/photos/tedandjen/3632581540,openimages:validation:86c2c070be5068e9,https://open-images-dataset.s3.amazonaws.com/validation/86c2c070be5068e9.jpg,a871b521585bb3f27dd3eabed4944593
,scene,snow_ice,landscape,,,,https://creativecommons.org/licenses/by/2.0/,Sol Robayo https://www.flickr.com/photos/solrobayo/1896349316,openimages:validation:67781fe35f0a1c53,https://open-images-dataset.s3.amazonaws.com/validation/67781fe35f0a1c53.jpg,75893f0332cd3cc2b62742506646336f
,scene,snow_ice,landscape,,,,https://creativecommons.org/licenses/by/2.0/,The U.S. Army https://www.flickr.com/photos/soldiersmediacenter/5300158370,openimages:validation:78afb7e4c1b280f3,https://open-images-dataset.s3.amazonaws.com/validation/78afb7e4c1b280f3.jpg,1c0de905fbcb9917e05f24727ccb580f
,scene,snow_ice,landscape,,,,https://creativecommons.org/licenses/by/2.0/,Krishna https://www.flickr.com/photos/nexus2006/5467738824,openimages:validation:e1ce601f5ad92715,https://open-images-dataset.s3.amazonaws.com/validation/e1ce601f5ad92715.jpg,4737816863a5904607483e050f6aafc0
,scene,snow_ice,landscape,,,,https://creativecommons.org/licenses/by/2.0/,bfishadow https://www.flickr.com/photos/bfishadow/3110276562,openimages:validation:85f5cf4451545d98,https://open-images-dataset.s3.amazonaws.com/validation/85f5cf4451545d98.jpg,d1e953dc64e4a85346497a7616e54253
,scene,snow_ice,landscape,,,,https://creativecommons.org/licenses/by/2.0/,Clark Gregor https://www.flickr.com/photos/clark/81192705,openimages:validation:b5ea4234debc42a8,https://open-images-dataset.s3.amazonaws.com/validation/b5ea4234debc42a8.jpg,96ec7c1d413573189018bcce631a7164
,scene,snow_ice,landscape,,,close_up,https://creativecommons.org/licenses/by/2.0/,Antonio Tajuelo https://www.flickr.com/photos/antoniotajuelo/5339260387,openimages:validation:68170ec3dbc81970,https://open-images-dataset.s3.amazonaws.com/validation/68170ec3dbc81970.jpg,b7159b606f09c517296de1041fef4fd5
,scene,snow_ice,landscape,,,,https://creativecommons.org/licenses/by/2.0/,ashraful kadir https://www.flickr.com/photos/ashraful/5623804463,openimages:validation:af939228945d5cd2,https://open-images-dataset.s3.amazonaws.com/validation/af939228945d5cd2.jpg,25bfea2919db19ebfab9d5b3418d96ef
,scene,sky,landscape,golden_hour,,,https://creativecommons.org/licenses/by/2.0/,SleepyCat HQ https://www.flickr.com/photos/sleepycatphotography/9501557478,openimages:validation:498ec80cae052350,https://open-images-dataset.s3.amazonaws.com/validation/498ec80cae052350.jpg,5c7133d567357ef75d8bebec2efa4566
,scene,sky,landscape,,,,https://creativecommons.org/licenses/by/2.0/,Pieces of  the Past https://www.flickr.com/photos/100392997@N08/13805553413,openimages:validation:e88a419799e0b7cd,https://open-images-dataset.s3.amazonaws.com/validation/e88a419799e0b7cd.jpg,342b2fb5b6ec65a17b8a94c3420fccbe
,scene,sky,landscape,,,,https://creativecommons.org/licenses/by/2.0/,Carlo Alfredo Clerici https://www.flickr.com/photos/psicologiaclinica/4881912376,openimages:validation:a9181b4d9cabe334,https://open-images-dataset.s3.amazonaws.com/validation/a9181b4d9cabe334.jpg,fd286f1cb530305e9b88321b03c14a24
,scene,sky,landscape,,,,https://creativecommons.org/licenses/by/2.0/,NOAA&#x27;s National Ocean Service https://www.flickr.com/photos/usoceangov/5015191302,openimages:validation:1b0d8d7d64041bdc,https://open-images-dataset.s3.amazonaws.com/validation/1b0d8d7d64041bdc.jpg,71f7a13a80e0b7d274939ddeb29b72c5
,scene,sky,landscape,,,,https://creativecommons.org/licenses/by/2.0/,Lance Cheung https://www.flickr.com/photos/lancecheungmedia/3431812849,openimages:validation:daa856726bea919f,https://open-images-dataset.s3.amazonaws.com/validation/daa856726bea919f.jpg,82308af4fa59afd73f7f36eb2c7d19c7
,scene,sky,landscape,,,,https://creativecommons.org/licenses/by/2.0/,Petr &amp; Bara Ruzicka https://www.flickr.com/photos/pruzicka/326094688,openimages:validation:4cceeb7e21c8e0be,https://open-images-dataset.s3.amazonaws.com/validation/4cceeb7e21c8e0be.jpg,505da84214429414fa6e352330c90d21
,scene,sky,landscape,,,,https://creativecommons.org/licenses/by/2.0/,Dennis Yang https://www.flickr.com/photos/dennis/5848651,openimages:validation:0c075370f48f10b7,https://open-images-dataset.s3.amazonaws.com/validation/0c075370f48f10b7.jpg,f55a4ff005f084e918d80b06b5a94987
,scene,sky,landscape,,,,https://creativecommons.org/licenses/by/2.0/,Kathleen Woerner https://www.flickr.com/photos/119115123@N05/12884338524,openimages:validation:dfd0d0ab7721798a,https://open-images-dataset.s3.amazonaws.com/validation/dfd0d0ab7721798a.jpg,0d2961c3769382e8980e4645f34e3eff
,scene,sky,landscape,,,,https://creativecommons.org/licenses/by/2.0/,Jevgenijs Slihto https://www.flickr.com/photos/101181388@N07/19617446959,openimages:validation:560ef5f14c69f83b,https://open-images-dataset.s3.amazonaws.com/validation/560ef5f14c69f83b.jpg,9383ce68c3838f6562b4968e10bd1273
,scene,sky,landscape,,,,https://creativecommons.org/licenses/by/2.0/,Aaron Stidwell https://www.flickr.com/photos/36602595@N03/5623596024/,openimages:validation:74b2eeb5535dbf18,https://open-images-dataset.s3.amazonaws.com/validation/74b2eeb5535dbf18.jpg,16c36d3c505b3bf12961fd2deab0b4f4
,scene,sky,landscape,golden_hour,,,https://creativecommons.org/licenses/by/2.0/,US ARMY SPECIAL FORCES https://www.flickr.com/photos/109241125@N04/16919794068,openimages:validation:22368dea4a60e87d,https://open-images-dataset.s3.amazonaws.com/validation/22368dea4a60e87d.jpg,0a96962677d7ea7f36cf942a3a52c8d2
,scene,sky,landscape,,,aerial,https://creativecommons.org/licenses/by/2.0/,Jon Hurd https://www.flickr.com/photos/jonhurd/251887005,openimages:validation:00b585e025287555,https://open-images-dataset.s3.amazonaws.com/validation/00b585e025287555.jpg,bfb0f26c2d22c1f71f5898028d0858f1
,scene,sky,landscape,,,,https://creativecommons.org/licenses/by/2.0/,TannerWilliamTackett:) https://www.flickr.com/photos/30439330@N07/4596870049,openimages:validation:787157682055e26b,https://open-images-dataset.s3.amazonaws.com/validation/787157682055e26b.jpg,a651db4360dedd052a0b0ff8fd2a1aa2
,scene,sky,landscape,,,,https://creativecommons.org/licenses/by/2.0/,Filter Forge https://www.flickr.com/photos/filterforge/16677572869,openimages:validation:03399b26f8e4c3bc,https://open-images-dataset.s3.amazonaws.com/validation/03399b26f8e4c3bc.jpg,9157773c7b8651cdcf867ac01c2923c2
,scene,sky,landscape,,,wide,https://creativecommons.org/licenses/by/2.0/,Tim (Timothy) Pearce https://www.flickr.com/photos/timpearcelosgatos/3499128504,openimages:validation:df8dd4776227045b,https://open-images-dataset.s3.amazonaws.com/validation/df8dd4776227045b.jpg,c3fa9a0676372ef670b034d189150311
,scene,sky,landscape,,,,https://creativecommons.org/licenses/by/2.0/,John Stockton https://www.flickr.com/photos/john_stockton/6022965642,openimages:validation:97a10f01f4892206,https://open-images-dataset.s3.amazonaws.com/validation/97a10f01f4892206.jpg,135b03be0914aa80442633ac783806d5
,scene,sky,landscape,,,,https://creativecommons.org/licenses/by/2.0/,peuplier https://www.flickr.com/photos/peuplier/3020110402,openimages:validation:9a05ed33a1eaeb23,https://open-images-dataset.s3.amazonaws.com/validation/9a05ed33a1eaeb23.jpg,8f4652f249b6a8002a07b0d3872abca8
,scene,sky,landscape,,,wide,https://creativecommons.org/licenses/by/2.0/,Thomas Tolkien https://www.flickr.com/photos/tomtolkien/8224644741,openimages:validation:d983d67c69b496c3,https://open-images-dataset.s3.amazonaws.com/validation/d983d67c69b496c3.jpg,d3be5475f7f5cc1b6d1cac9be29acda7
,scene,sky,landscape,,,,https://creativecommons.org/licenses/by/2.0/,Feans https://www.flickr.com/photos/endogamia/2954871459,openimages:validation:ba0e4dfebd0c6b60,https://open-images-dataset.s3.amazonaws.com/validation/ba0e4dfebd0c6b60.jpg,d5dfcc48e684905caad2c8de5f3c0e74
,scene,sky,landscape,,,,https://creativecommons.org/licenses/by/2.0/,David Wan https://www.flickr.com/photos/dwanmac/14305276241,openimages:validation:23b0977dae56dee3,https://open-images-dataset.s3.amazonaws.com/validation/23b0977dae56dee3.jpg,d18f3b69f00218269bc97891b7d559f4
,scene,sky,landscape,,,,https://creativecommons.org/licenses/by/2.0/,Glenn Lascuña https://www.flickr.com/photos/glennlascuna/6096165594,openimages:validation:008c0486e6d6d1e4,https://open-images-dataset.s3.amazonaws.com/validation/008c0486e6d6d1e4.jpg,6871ad904783d23416a2f7f869fcfb6e
,scene,sky,landscape,,,,https://creativecommons.org/licenses/by/2.0/,Jerry Paffendorf https://www.flickr.com/photos/wellohorld/3474202060,openimages:validation:9cf230d6cba7bf08,https://open-images-dataset.s3.amazonaws.com/validation/9cf230d6cba7bf08.jpg,0ea0fe00633a7aa365cd7ccc885f809b
,scene,sky,landscape,,,,https://creativecommons.org/licenses/by/2.0/,Antonio Lana Dïaz de Espada https://www.flickr.com/photos/antoniolana/6068845728,openimages:validation:8063d616c60b4a95,https://open-images-dataset.s3.amazonaws.com/validation/8063d616c60b4a95.jpg,0cf8a44aa5516981d1560e4d74000f3a
,scene,sky,landscape,,,,https://creativecommons.org/licenses/by/2.0/,Eric Merrill https://www.flickr.com/photos/ericmerrill/6948743580,openimages:validation:940e0e3d0364232a,https://open-images-dataset.s3.amazonaws.com/validation/940e0e3d0364232a.jpg,86c5f3045edcc275e607d2e77a43b2af
,scene,sky,landscape,golden_hour,,,https://creativecommons.org/licenses/by/2.0/,Yortw https://www.flickr.com/photos/yortw/5518162733,openimages:validation:553fbcc7b1975b6c,https://open-images-dataset.s3.amazonaws.com/validation/553fbcc7b1975b6c.jpg,42fe9a8a85ac2dfa49f32f3c51d10f4b
,scene,sky,landscape,,,,https://creativecommons.org/licenses/by/2.0/,Colin Meusel https://www.flickr.com/photos/colinroots/292449236,openimages:validation:b066d00b152d6943,https://open-images-dataset.s3.amazonaws.com/validation/b066d00b152d6943.jpg,59195eedae4b089265026ade3c2ce37b
,scene,sky,landscape,,,,https://creativecommons.org/licenses/by/2.0/,Joerg Moellenkamp https://www.flickr.com/photos/c0t0d0s0/3045847653/,openimages:validation:a9e52b911773fb58,https://open-images-dataset.s3.amazonaws.com/validation/a9e52b911773fb58.jpg,9fa3c81ef171e17089483e7a4c2f0bcd
,scene,sky,landscape,,,,https://creativecommons.org/licenses/by/2.0/,Paul Miller https://www.flickr.com/photos/paulmiller/34218611,openimages:validation:15d0744b6a72e975,https://open-images-dataset.s3.amazonaws.com/validation/15d0744b6a72e975.jpg,2ae4024f0c524655d244c533095ad708
,scene,sky,landscape,blue_hour,,,https://creativecommons.org/licenses/by/2.0/,usehung https://www.flickr.com/photos/13639809@N03/20791048271,openimages:validation:540337be04603684,https://open-images-dataset.s3.amazonaws.com/validation/540337be04603684.jpg,274556245b59b576cc8db456a4b90472
,scene,sky,landscape,,,,https://creativecommons.org/licenses/by/2.0/,Nathan Baron https://www.flickr.com/photos/davincispalm/4448041411,openimages:validation:1e35c25d05591ce5,https://open-images-dataset.s3.amazonaws.com/validation/1e35c25d05591ce5.jpg,bee3f4ee167fb6f32495e68033e4f5c2
,scene,sky,landscape,,,,https://creativecommons.org/licenses/by/2.0/,Thanks everyone https://www.flickr.com/photos/rrchy/5404303127,openimages:validation:3d6a7a5bb86fac31,https://open-images-dataset.s3.amazonaws.com/validation/3d6a7a5bb86fac31.jpg,7454e6f3a13fd1b6511ecf67eaa83a6d
,scene,sky,landscape,,,,https://creativecommons.org/licenses/by/2.0/,316th ESC https://www.flickr.com/photos/316thesc/7463925448,openimages:validation:55fc262289a37b53,https://open-images-dataset.s3.amazonaws.com/validation/55fc262289a37b53.jpg,b2989efe4d25c369bf4c270595e79f1b
,scene,sky,landscape,,,,https://creativecommons.org/licenses/by/2.0/,Brad Flickinger https://www.flickr.com/photos/56155476@N08/7787882774,openimages:validation:465f53e65089856c,https://open-images-dataset.s3.amazonaws.com/validation/465f53e65089856c.jpg,77e0c4119bc7f76ec1062ddf05901b2a
,scene,sky,landscape,,,,https://creativecommons.org/licenses/by/2.0/,Loren Kerns https://www.flickr.com/photos/lorenkerns/8488398407,openimages:validation:73a668485f12f666,https://open-images-dataset.s3.amazonaws.com/validation/73a668485f12f666.jpg,bf5beaf492bd366c7cfb6a73d365aae2
,scene,sky,landscape,golden_hour,,,https://creativecommons.org/licenses/by/2.0/,Moise Nicu https://www.flickr.com/photos/nick_moise/5352537442,openimages:validation:06fa10cbc74024e6,https://open-images-dataset.s3.amazonaws.com/validation/06fa10cbc74024e6.jpg,64f82f58b87617b55ad221738f5f352c
,scene,sky,landscape,,,,https://creativecommons.org/licenses/by/2.0/,Jack_IOM https://www.flickr.com/photos/jackiom/14613969940,openimages:validation:8c430d2eb65bd58c,https://open-images-dataset.s3.amazonaws.com/validation/8c430d2eb65bd58c.jpg,23019f7d053584f22399b1b596e27851
,scene,sky,landscape,,,,https://creativecommons.org/licenses/by/2.0/,Jan Fidler https://www.flickr.com/photos/hypotekyfidler/11665913864,openimages:validation:4b88b68692e9f01a,https://open-images-dataset.s3.amazonaws.com/validation/4b88b68692e9f01a.jpg,207b225a063f254ba7e9c144d802525e
,scene,sky,landscape,,,,https://creativecommons.org/licenses/by/2.0/,Oregon National Guard https://www.flickr.com/photos/oregonmildep/10335686746,openimages:validation:d5e3fa38c1720c23,https://open-images-dataset.s3.amazonaws.com/validation/d5e3fa38c1720c23.jpg,3ac166f8ec7e41af68f7a062a220eb3f
,scene,sky,landscape,,,,https://creativecommons.org/licenses/by/2.0/,Archangel12 https://www.flickr.com/photos/archangel12/19599723514,openimages:validation:47b56291c5c0cca5,https://open-images-dataset.s3.amazonaws.com/validation/47b56291c5c0cca5.jpg,22b672044c5357f29341b96283052e88
,scene,sky,landscape,golden_hour,,,https://creativecommons.org/licenses/by/2.0/,godserv https://www.flickr.com/photos/godserv/4100233118,openimages:validation:98446db70cf10bda,https://open-images-dataset.s3.amazonaws.com/validation/98446db70cf10bda.jpg,2a3d0d3470cfdaa1b585a492e8a7082b
,scene,sky,landscape,golden_hour,,,https://creativecommons.org/licenses/by/2.0/,Thomas Barthelet https://www.flickr.com/photos/tommybart2000/2582232660/,openimages:validation:567dc6c2e17ef50f,https://open-images-dataset.s3.amazonaws.com/validation/567dc6c2e17ef50f.jpg,994882ff147aa4f15f9c96c1790a2de9
,scene,sky,landscape,,,,https://creativecommons.org/licenses/by/2.0/,www.aerostati.it https://www.flickr.com/photos/aerostati/3180967642,openimages:validation:d560eb6c41cad870,https://open-images-dataset.s3.amazonaws.com/validation/d560eb6c41cad870.jpg,de5a461aee5356b5228820338dc4d7b9
,scene,sky,landscape,blue_hour,,,https://creativecommons.org/licenses/by/2.0/,Aline Rebelo https://www.flickr.com/photos/rebelit/8596490846,openimages:validation:477e76457787801c,https://open-images-dataset.s3.amazonaws.com/validation/477e76457787801c.jpg,176361b0bce2e6778d539ea34cd906cf
,scene,sky,landscape,,,wide,https://creativecommons.org/licenses/by/2.0/,pbutke https://www.flickr.com/photos/butke/20207269706,openimages:validation:44ade0b063b14996,https://open-images-dataset.s3.amazonaws.com/validation/44ade0b063b14996.jpg,221b15aeb1d57d4d450660a49f3af18c
,scene,sky,landscape,,,,https://creativecommons.org/licenses/by/2.0/,Waring Johnson https://www.flickr.com/photos/nebraskahelen/4295929738,openimages:validation:d79589c595b7a9d9,https://open-images-dataset.s3.amazonaws.com/validation/d79589c595b7a9d9.jpg,0731402a9b8a5913327dadc858dae301
,scene,sky,landscape,golden_hour,,,https://creativecommons.org/licenses/by/2.0/,israelavila https://www.flickr.com/photos/israel-avila/2910973635,openimages:validation:91c00db413b7a6b9,https://open-images-dataset.s3.amazonaws.com/validation/91c00db413b7a6b9.jpg,7dd60af8cd21eab8e4a0de4b2466dbbe
,scene,sky,landscape,,,,https://creativecommons.org/licenses/by/2.0/,Reedz Malik https://www.flickr.com/photos/anakbrunei/10229973265/,openimages:validation:1a1b715bdb9eebdd,https://open-images-dataset.s3.amazonaws.com/validation/1a1b715bdb9eebdd.jpg,d1b3d4b83a46f432b9dcd4d5a3cfb855
,scene,sky,landscape,,,,https://creativecommons.org/licenses/by/2.0/,Nioxxe https://www.flickr.com/photos/nioxxe/4692310224/,openimages:validation:2db8e0318d6cfb46,https://open-images-dataset.s3.amazonaws.com/validation/2db8e0318d6cfb46.jpg,e9325317b155b143ea30a6b3f7e951f7
,scene,sky,landscape,,,,https://creativecommons.org/licenses/by/2.0/,Rich Ocampo https://www.flickr.com/photos/richocampo/6504941377,openimages:validation:f17ca78b64178197,https://open-images-dataset.s3.amazonaws.com/validation/f17ca78b64178197.jpg,cf08c3db7a81d3e508bf546f8e9f7873
,scene,sky,landscape,,,,https://creativecommons.org/licenses/by/2.0/,SandyJo Kelly. https://www.flickr.com/photos/ntxpeach68/18787407411,openimages:validation:48d34eda6715132c,https://open-images-dataset.s3.amazonaws.com/validation/48d34eda6715132c.jpg,5f8dc3749c9bddf8d238674a0dd42dcc
,scene,astro,night,night,,,https://creativecommons.org/licenses/by/2.0/,Jordan Banasik https://www.flickr.com/photos/woovie/3469789791,openimages:validation:64bb0339ae017549,https://open-images-dataset.s3.amazonaws.com/validation/64bb0339ae017549.jpg,d796cb319723ecee69408f2c1b5c4bbe
,scene,astro,night,,,,https://creativecommons.org/licenses/by/2.0/,Matthias Ripp https://www.flickr.com/photos/56218409@N03/14437776993,openimages:validation:2981d3e85a90901f,https://open-images-dataset.s3.amazonaws.com/validation/2981d3e85a90901f.jpg,770235e9599b85a40fc173e68a2221cb
,scene,astro,night,,,,https://creativecommons.org/licenses/by/2.0/,Star Wars Rebels Screenshots rebelsscreens.tumblr https://www.flickr.com/photos/130491475@N02/16477085066,openimages:validation:209c992c70fde462,https://open-images-dataset.s3.amazonaws.com/validation/209c992c70fde462.jpg,f060c0b39bae1ed06b77f8746e242369
,scene,astro,night,,,,https://creativecommons.org/licenses/by/2.0/,Dennis Harper https://www.flickr.com/photos/dennisharper/4944184334,openimages:validation:da6b1417085f45bf,https://open-images-dataset.s3.amazonaws.com/validation/da6b1417085f45bf.jpg,5fd5a507b69f6dd65377de0ef0cfd0dc
,scene,astro,night,,,,https://creativecommons.org/licenses/by/2.0/,Andrew Turner https://www.flickr.com/photos/ajturner/3356727956,openimages:validation:0d26263f80c9ee1e,https://open-images-dataset.s3.amazonaws.com/validation/0d26263f80c9ee1e.jpg,e47a9fd0a5003037a7dc94d6790f61e7
,scene,astro,night,,,close_up,https://creativecommons.org/licenses/by/2.0/,Samuel Kassapian Jr https://www.flickr.com/photos/kassapian/4399860617,openimages:validation:73d6e94079bdb580,https://open-images-dataset.s3.amazonaws.com/validation/73d6e94079bdb580.jpg,4fd90b1883bdcc15e1bf4de562131cbe
,scene,astro,night,,,,https://creativecommons.org/licenses/by/2.0/,idreamlikecrazy https://www.flickr.com/photos/purple-lover/15046883541,openimages:validation:730aa194d19d793e,https://open-images-dataset.s3.amazonaws.com/validation/730aa194d19d793e.jpg,d17e3997946dcb7a285b753b4a1fc14f
,scene,astro,night,night,,,https://creativecommons.org/licenses/by/2.0/,reversepolarity https://www.flickr.com/photos/81516673@N08/13598086604,openimages:validation:18c3d470cc00d327,https://open-images-dataset.s3.amazonaws.com/validation/18c3d470cc00d327.jpg,73820735d417af3e3fe9fb799409b65e
,scene,astro,night,,,,https://creativecommons.org/licenses/by/2.0/,dukebody https://www.flickr.com/photos/dukebody/2410474101,openimages:validation:2ea7b8074392f814,https://open-images-dataset.s3.amazonaws.com/validation/2ea7b8074392f814.jpg,dba16f475c7e47e49ed500ded630610a
,scene,astro,night,night,,,https://creativecommons.org/licenses/by/2.0/,Robert Pernett https://www.flickr.com/photos/pernett/14978363150,openimages:validation:1c34cf103c26d175,https://open-images-dataset.s3.amazonaws.com/validation/1c34cf103c26d175.jpg,6ebef6e9fad4712be5041b01481332c9
,scene,astro,night,,,,https://creativecommons.org/licenses/by/2.0/,Shreveport-Bossier Convention and Tourist Bureau https://www.flickr.com/photos/shreveportbossier/5349968951,openimages:validation:386f89c2150e0ee7,https://open-images-dataset.s3.amazonaws.com/validation/386f89c2150e0ee7.jpg,f84d4bf57abfa90a2ef1b776de6c99cd
,scene,astro,night,night,,,https://creativecommons.org/licenses/by/2.0/,Brian J. Geiger https://www.flickr.com/photos/ninja-bear/16105689596,openimages:validation:4e89193cf8275af3,https://open-images-dataset.s3.amazonaws.com/validation/4e89193cf8275af3.jpg,460164806dd08b34e565dfc59e1e2d24
,scene,astro,night,,,,https://creativecommons.org/licenses/by/2.0/,Goomzilla https://www.flickr.com/photos/83280654@N07/9285276172,openimages:validation:879f31478ec27cdb,https://open-images-dataset.s3.amazonaws.com/validation/879f31478ec27cdb.jpg,791b845d756f22d281f3c628e8c0fae5
,scene,astro,night,night,,,https://creativecommons.org/licenses/by/2.0/,Gustavo Mazzarollo https://www.flickr.com/photos/gmazza/4418984839,openimages:validation:41cb6cbe6c230660,https://open-images-dataset.s3.amazonaws.com/validation/41cb6cbe6c230660.jpg,c0872bbe21499760acb201428f303bc6
,scene,astro,night,,,,https://creativecommons.org/licenses/by/2.0/,sitye3 https://www.flickr.com/photos/sitye/9922807246,openimages:validation:a7c1d363521a17e5,https://open-images-dataset.s3.amazonaws.com/validation/a7c1d363521a17e5.jpg,59e7385e00e4c2869de52e7bba9b2675
,scene,astro,night,night,,,https://creativecommons.org/licenses/by/2.0/,Julien Marolleau https://www.flickr.com/photos/133267327@N02/20277550740,openimages:validation:e14c67d99954be35,https://open-images-dataset.s3.amazonaws.com/validation/e14c67d99954be35.jpg,87f0336dfaf212e822524e1bc0ee9cb7
,scene,astro,night,,,,https://creativecommons.org/licenses/by/2.0/,Lokesh Dhakar https://www.flickr.com/photos/lokesh/3382906568,openimages:validation:73cc27067424f32b,https://open-images-dataset.s3.amazonaws.com/validation/73cc27067424f32b.jpg,359ef1c8048f9e4a6df9422ddd2b8b34
,scene,astro,night,,,,https://creativecommons.org/licenses/by/2.0/,Bruno Caimi https://www.flickr.com/photos/bruno_brujah/14778854951,openimages:validation:c891fe2543bb6fec,https://open-images-dataset.s3.amazonaws.com/validation/c891fe2543bb6fec.jpg,a3dbec4a591c8f5286a5259fcd605bc2
,scene,astro,night,night,,,https://creativecommons.org/licenses/by/2.0/,Summer https://www.flickr.com/photos/wiredfornoise/4234446776,openimages:validation:86ad4e2c40566516,https://open-images-dataset.s3.amazonaws.com/validation/86ad4e2c40566516.jpg,382b0e96c8e2cc96cf36c6312cc23cc3
,scene,astro,night,,,,https://creativecommons.org/licenses/by/2.0/,Dominic Alves https://www.flickr.com/photos/dominicspics/4915700378,openimages:validation:8131faae8d20fb13,https://open-images-dataset.s3.amazonaws.com/validation/8131faae8d20fb13.jpg,0b68f431fbf66f22fba38311c0a95f96
,scene,astro,night,,,,https://creativecommons.org/licenses/by/2.0/,JR Price https://www.flickr.com/photos/jrprice/536926445,openimages:validation:431d4a5faec4eb19,https://open-images-dataset.s3.amazonaws.com/validation/431d4a5faec4eb19.jpg,bbc86e34293fc1e1782c887c1f2cccaa
,scene,astro,night,,,,https://creativecommons.org/licenses/by/2.0/,Ray MacLean https://www.flickr.com/photos/raymaclean/7426258344,openimages:validation:ca4d3cc0348fd5f8,https://open-images-dataset.s3.amazonaws.com/validation/ca4d3cc0348fd5f8.jpg,72a9601b25a758b869af2c0bc267fe64
,scene,astro,night,,,,https://creativecommons.org/licenses/by/2.0/,THOR https://www.flickr.com/photos/geishaboy500/161041530,openimages:validation:9ce511b1176510cf,https://open-images-dataset.s3.amazonaws.com/validation/9ce511b1176510cf.jpg,b26722343c0566da8dad873529498b82
,scene,astro,night,,,,https://creativecommons.org/licenses/by/2.0/,Gabriel Cabral https://www.flickr.com/photos/120663298@N03/13559913373,openimages:validation:86227bf8fb4239e4,https://open-images-dataset.s3.amazonaws.com/validation/86227bf8fb4239e4.jpg,50635a9509df9712c6fc368538be0ed5
,scene,astro,night,,,,https://creativecommons.org/licenses/by/2.0/,Héctor Arias Nieto https://www.flickr.com/photos/harias/8128921263,openimages:validation:4e9d4e5729969d69,https://open-images-dataset.s3.amazonaws.com/validation/4e9d4e5729969d69.jpg,3e1d9b9b8b2b9da41e6a276e63a35124
,scene,astro,night,,,,https://creativecommons.org/licenses/by/2.0/,Joshua Schnable https://www.flickr.com/photos/joshua_schnable/14788735049,openimages:validation:eec547becf294e3c,https://open-images-dataset.s3.amazonaws.com/validation/eec547becf294e3c.jpg,3e104aa689b4f43dab18d244e0c21d2c
,scene,astro,night,,,,https://creativecommons.org/licenses/by/2.0/,Matt Neale https://www.flickr.com/photos/mattneale/4653568473,openimages:validation:5e15eb79f9c94ad0,https://open-images-dataset.s3.amazonaws.com/validation/5e15eb79f9c94ad0.jpg,4e2ce920a5d76f3717d17ec85a4ae128
,scene,astro,night,night,,,https://creativecommons.org/licenses/by/2.0/,Michael Pollak https://www.flickr.com/photos/michaelpollak/9509887470,openimages:validation:6b522b2d8d39d0ba,https://open-images-dataset.s3.amazonaws.com/validation/6b522b2d8d39d0ba.jpg,b3a1cc4c0ae4ae90a95f2109a47ca6f3
,scene,astro,night,night,,,https://creativecommons.org/licenses/by/2.0/,John VanderHaagen https://www.flickr.com/photos/jvh33/249435174,openimages:validation:9114d946d91e2930,https://open-images-dataset.s3.amazonaws.com/validation/9114d946d91e2930.jpg,308696dbed19d508f161c80a6d6a0060
,scene,astro,night,,,,https://creativecommons.org/licenses/by/2.0/,emelec https://www.flickr.com/photos/emelec/18731129026,openimages:validation:3d52f702cfd842af,https://open-images-dataset.s3.amazonaws.com/validation/3d52f702cfd842af.jpg,66b3e0edcc9aeb3afd18ca8382c69cce
,scene,astro,night,,,,https://creativecommons.org/licenses/by/2.0/,Oliver Bildesheim https://www.flickr.com/photos/bitconsultancy/4824807946,openimages:validation:684e6c9e08988d9e,https://open-images-dataset.s3.amazonaws.com/validation/684e6c9e08988d9e.jpg,60e0600141a1331dc8481df7ec75bf75
,scene,astro,night,,,,https://creativecommons.org/licenses/by/2.0/,Arek Olek https://www.flickr.com/photos/arekolek/15634283180,openimages:validation:b38cdd06b4c06f03,https://open-images-dataset.s3.amazonaws.com/validation/b38cdd06b4c06f03.jpg,f240bb19a78d76ffa3f47e22b573ec15
,scene,astro,night,night,,,https://creativecommons.org/licenses/by/2.0/,Ricardo Pimentel Photography https://www.flickr.com/photos/44539841@N05/19686450983,openimages:validation:81c10c6f52ca0240,https://open-images-dataset.s3.amazonaws.com/validation/81c10c6f52ca0240.jpg,41ab8dab72b084236fe2b74cf0389c51
,scene,astro,night,golden_hour,,,https://creativecommons.org/licenses/by/2.0/,Tschäff https://www.flickr.com/photos/tschaff/3901792462,openimages:validation:01bd4c43babaa74f,https://open-images-dataset.s3.amazonaws.com/validation/01bd4c43babaa74f.jpg,41d7ed07c14c04e1b7cf2c1b4ac35a96
,scene,astro,night,,,,https://creativecommons.org/licenses/by/2.0/,State Farm https://www.flickr.com/photos/statefarm/8476682346,openimages:validation:b8d0104e626cb8af,https://open-images-dataset.s3.amazonaws.com/validation/b8d0104e626cb8af.jpg,dd70007914c09a184835c72a2ca2c781
,scene,astro,night,night,,,https://creativecommons.org/licenses/by/2.0/,justin.winchester https://www.flickr.com/photos/adidat16/15848801363,openimages:validation:403018626e0485ee,https://open-images-dataset.s3.amazonaws.com/validation/403018626e0485ee.jpg,765c40dd225bcc185bd67ef5c330469d
,scene,astro,night,,,,https://creativecommons.org/licenses/by/2.0/,born1945 https://www.flickr.com/photos/12567713@N00/2859921414,openimages:validation:10f4b08f7ce84d40,https://open-images-dataset.s3.amazonaws.com/validation/10f4b08f7ce84d40.jpg,c5deccde7b802758930bce06e6284429
,scene,astro,night,night,,,https://creativecommons.org/licenses/by/2.0/,Brangwyn Jones https://www.flickr.com/photos/brangwyn/20551343211,openimages:validation:12255b663c944908,https://open-images-dataset.s3.amazonaws.com/validation/12255b663c944908.jpg,bd27e0dab79f4d27349cf4b10f677a71
,scene,astro,night,,,,https://creativecommons.org/licenses/by/2.0/,Filter Forge https://www.flickr.com/photos/filterforge/9296871249,openimages:validation:b1c88e4e7ab68c41,https://open-images-dataset.s3.amazonaws.com/validation/b1c88e4e7ab68c41.jpg,88a5f6f477261650c467f1b782e6c106
,scene,astro,night,night,,,https://creativecommons.org/licenses/by/2.0/,Rodrigo Santos https://www.flickr.com/photos/53892372@N00/8978966334,openimages:validation:c1ea62ed11e7acd8,https://open-images-dataset.s3.amazonaws.com/validation/c1ea62ed11e7acd8.jpg,d28fd1544b79bff960a683a00cd7ce61
,scene,astro,night,night,,,https://creativecommons.org/licenses/by/2.0/,Gustavo La Rotta Amaya https://www.flickr.com/photos/45696337@N05/11986380706,openimages:validation:dc30d3c8670dc2e5,https://open-images-dataset.s3.amazonaws.com/validation/dc30d3c8670dc2e5.jpg,ac494cd63f7cd08caa0e1964ff74e293
,scene,astro,night,,,,https://creativecommons.org/licenses/by/2.0/,Werner Höhrer https://www.flickr.com/photos/63231715@N00/155897959,openimages:validation:9d84bdc9fbd05cf7,https://open-images-dataset.s3.amazonaws.com/validation/9d84bdc9fbd05cf7.jpg,faac05d81fea382e8d5cb27e721a519e
,scene,astro,night,night,,,https://creativecommons.org/licenses/by/2.0/,Justine Hong https://www.flickr.com/photos/justinbusy/5693965845,openimages:validation:b2e259a2e8eb46d1,https://open-images-dataset.s3.amazonaws.com/validation/b2e259a2e8eb46d1.jpg,52461888b321dec3e9009e34dd20f7ad
,scene,astro,night,night,,,https://creativecommons.org/licenses/by/2.0/,Iñaki de Bilbao https://www.flickr.com/photos/inakidebilbao/11195668525,openimages:validation:8f17f5fc1cbc4a2d,https://open-images-dataset.s3.amazonaws.com/validation/8f17f5fc1cbc4a2d.jpg,f5fc47c1c10ccab44fe5dbcdad4336ba
,scene,astro,night,,,,https://creativecommons.org/licenses/by/2.0/,Thomas Shahan https://www.flickr.com/photos/49580580@N02/19935074914,openimages:validation:1782aec58c620827,https://open-images-dataset.s3.amazonaws.com/validation/1782aec58c620827.jpg,bb2c1c101bf0ad779080108e425b51cd
,scene,astro,night,night,,,https://creativecommons.org/licenses/by/2.0/,Daniele Imbriani https://www.flickr.com/photos/manilblack/15217584256,openimages:validation:7d61a59aa0235a63,https://open-images-dataset.s3.amazonaws.com/validation/7d61a59aa0235a63.jpg,38d4d09942bf745b024c5d2a3511db75
,scene,astro,night,night,,,https://creativecommons.org/licenses/by/2.0/,My Discovery https://www.flickr.com/photos/discoverytourstv/16886987195,openimages:validation:c780e1cf34f39512,https://open-images-dataset.s3.amazonaws.com/validation/c780e1cf34f39512.jpg,64962f9ffcaaf335c7be63930c4cfd84
,scene,astro,night,night,,,https://creativecommons.org/licenses/by/2.0/,GollyGforce - Living My Worst Nightmare https://www.flickr.com/photos/see-through-the-eye-of-g/4887867872,openimages:validation:33fdfaaf0abc0e9a,https://open-images-dataset.s3.amazonaws.com/validation/33fdfaaf0abc0e9a.jpg,8321668a056c27c543b6c28dd79979d7
,scene,astro,night,,,,https://creativecommons.org/licenses/by/2.0/,Blake Patterson https://www.flickr.com/photos/blakespot/2395772654,openimages:validation:f90af4b5cb80ed78,https://open-images-dataset.s3.amazonaws.com/validation/f90af4b5cb80ed78.jpg,5f88294c05452827c7cec506258ac0c3
,scene,astro,night,,,,https://creativecommons.org/licenses/by/2.0/,Sharada Prasad CS https://www.flickr.com/photos/sharadaprasad/3409838296,openimages:validation:223127897b18910e,https://open-images-dataset.s3.amazonaws.com/validation/223127897b18910e.jpg,8800971ca828149c1b69ccae60548f97
,scene,aurora,night,night,,,https://creativecommons.org/licenses/by/2.0/,atomic80 https://www.flickr.com/photos/atomic80/19450145366,openimages:validation:d1eb885b5b422194,https://open-images-dataset.s3.amazonaws.com/validation/d1eb885b5b422194.jpg,06edae37b9dc9ca275f1b60088c06d03
,scene,aurora,night,,,,https://creativecommons.org/licenses/by/2.0/,RVWithTito.com https://www.flickr.com/photos/rvwithtito/4236716778,openimages:validation:69a8542a21dea176,https://open-images-dataset.s3.amazonaws.com/validation/69a8542a21dea176.jpg,d5744f7bb4466e422fdfcdeeb2425cf5
,scene,aurora,night,,,,https://creativecommons.org/licenses/by/2.0/,Maia Valenzuela https://www.flickr.com/photos/maiabee/6421785787,openimages:validation:19534f02353c27c6,https://open-images-dataset.s3.amazonaws.com/validation/19534f02353c27c6.jpg,6147f52ab6f037a1a987e1c3cc2cca14
,scene,aurora,night,,,,https://creativecommons.org/licenses/by/2.0/,Foton AFKGamer https://www.flickr.com/photos/afkgamer/276198575,openimages:validation:f87c1a65e5df97b8,https://open-images-dataset.s3.amazonaws.com/validation/f87c1a65e5df97b8.jpg,68ebbf43f12fffbbf7745a4c698ca2ac
,scene,aurora,night,blue_hour,,,https://creativecommons.org/licenses/by/2.0/,Espen Klem https://www.flickr.com/photos/eklem/5946512375,openimages:validation:f513cf032b329103,https://open-images-dataset.s3.amazonaws.com/validation/f513cf032b329103.jpg,e7a1f46239438e1a875de273422f971a
,scene,aurora,night,,,,https://creativecommons.org/licenses/by/2.0/,Ishtiaq Saddam https://www.flickr.com/photos/godsofchaos/7392136694,openimages:validation:991044ca05b98c48,https://open-images-dataset.s3.amazonaws.com/validation/991044ca05b98c48.jpg,dca8a7d4ff255e8a9773064f9b77900a
,scene,moon,night,,,,https://creativecommons.org/licenses/by/2.0/,LadyDragonflyCC - &gt;;&lt; https://www.flickr.com/photos/ladydragonflyherworld/4930798873,openimages:validation:4576a9f2537a816d,https://open-images-dataset.s3.amazonaws.com/validation/4576a9f2537a816d.jpg,bb2befcfe705b67d81b69c20140658d5
,scene,moon,night,,,,https://creativecommons.org/licenses/by/2.0/,Михал Орела https://www.flickr.com/photos/mihalorel/2162149644,openimages:validation:072cc91d04bad673,https://open-images-dataset.s3.amazonaws.com/validation/072cc91d04bad673.jpg,34cdc2384d6d1003628919c8cdd95744
,scene,moon,night,,,,https://creativecommons.org/licenses/by/2.0/,lyellnesbitt https://www.flickr.com/photos/117401503@N05/13867295513,openimages:validation:13079c9161283051,https://open-images-dataset.s3.amazonaws.com/validation/13079c9161283051.jpg,b6fe04ce05f14b31169646dad1b171f6
,scene,moon,night,,,,https://creativecommons.org/licenses/by/2.0/,Adam J. Manley https://www.flickr.com/photos/8344964@N04/9508445107,openimages:validation:472afd693bc2ac90,https://open-images-dataset.s3.amazonaws.com/validation/472afd693bc2ac90.jpg,e8cbce9b3eb1a59cf048d1e1cfb55962
,scene,moon,night,,,,https://creativecommons.org/licenses/by/2.0/,Nobuyuki Hayashi https://www.flickr.com/photos/nobihaya/7237307452,openimages:validation:0bdf7616fa4bdc92,https://open-images-dataset.s3.amazonaws.com/validation/0bdf7616fa4bdc92.jpg,adf302f9d0af94857a4ed6ac9253e426
,scene,moon,night,,,,https://creativecommons.org/licenses/by/2.0/,photosteve101 https://www.flickr.com/photos/42931449@N07/6272054043,openimages:validation:19bbb554aefe920e,https://open-images-dataset.s3.amazonaws.com/validation/19bbb554aefe920e.jpg,789459b03186b661f0dc5bf171edbcbe
,scene,moon,night,,,,https://creativecommons.org/licenses/by/2.0/,Luis Pérez https://www.flickr.com/photos/pe5pe/7493932452,openimages:validation:87df4e3dfa09b217,https://open-images-dataset.s3.amazonaws.com/validation/87df4e3dfa09b217.jpg,ffb6424311b4d2832fa1ea2ec505bf9e
,scene,moon,night,,,,https://creativecommons.org/licenses/by/2.0/,_TC Photography_ https://www.flickr.com/photos/_motormouse_/15570174235,openimages:validation:c342914052260817,https://open-images-dataset.s3.amazonaws.com/validation/c342914052260817.jpg,30e05cd54ab14a1f00ac5dac3c1ff8b8
,scene,moon,night,,,,https://creativecommons.org/licenses/by/2.0/,Gainesvegas https://www.flickr.com/photos/marylynnjohnson/2280292647,openimages:validation:8261b359f88d59a4,https://open-images-dataset.s3.amazonaws.com/validation/8261b359f88d59a4.jpg,36f66f8e5345c4e394da7bfca1535279
,scene,moon,night,golden_hour,,,https://creativecommons.org/licenses/by/2.0/,Polar Cruises https://www.flickr.com/photos/polarphotos/4683380955,openimages:validation:a8d5753dfeeabb1a,https://open-images-dataset.s3.amazonaws.com/validation/a8d5753dfeeabb1a.jpg,b7366acc95953c7696b2b810b99ac316
,scene,moon,night,,,,https://creativecommons.org/licenses/by/2.0/,joka2000 https://www.flickr.com/photos/joka2000/59692497,openimages:validation:bf718ad6c9a071f6,https://open-images-dataset.s3.amazonaws.com/validation/bf718ad6c9a071f6.jpg,c4614f3ef58cf880dd9f0a8be2c7ee72
,scene,moon,night,,,,https://creativecommons.org/licenses/by/2.0/,sabrina&#x27;s stash https://www.flickr.com/photos/cloud10/59911412,openimages:validation:a5acda82c7fa8c82,https://open-images-dataset.s3.amazonaws.com/validation/a5acda82c7fa8c82.jpg,b363a3f948f2a37c6ba19f6d899e34c8
,scene,moon,night,,,,https://creativecommons.org/licenses/by/2.0/,SHY Renegade https://www.flickr.com/photos/29029148@N06/2709391287,openimages:validation:ba6740d3054951c0,https://open-images-dataset.s3.amazonaws.com/validation/ba6740d3054951c0.jpg,35401d0182cc5cb4defba7a937cc98bd
,scene,moon,night,,,,https://creativecommons.org/licenses/by/2.0/,Kumweni https://www.flickr.com/photos/76338186@N03/16667000677,openimages:validation:3fdbe5c94683884c,https://open-images-dataset.s3.amazonaws.com/validation/3fdbe5c94683884c.jpg,6d904ce5ba90c28875fa12463a3a7f7b
,scene,moon,night,night,,,https://creativecommons.org/licenses/by/2.0/,Amit Patel https://www.flickr.com/photos/amitp/2018623,openimages:validation:5cec7f9de6bfa839,https://open-images-dataset.s3.amazonaws.com/validation/5cec7f9de6bfa839.jpg,7db8cf8b807735cfae7c5c2be407f8d0
,scene,moon,night,,,,https://creativecommons.org/licenses/by/2.0/,Dominik Schwind https://www.flickr.com/photos/dominik/8680827965,openimages:validation:c58323aba1bcb4d9,https://open-images-dataset.s3.amazonaws.com/validation/c58323aba1bcb4d9.jpg,9e85546f74210f3b26b60938ef924542
,scene,moon,night,,,,https://creativecommons.org/licenses/by/2.0/,Maumu Maureate https://www.flickr.com/photos/maumu/4733937369,openimages:validation:cf8b886b66f4d901,https://open-images-dataset.s3.amazonaws.com/validation/cf8b886b66f4d901.jpg,f511d6d41348ffe888e90f41bafda420
,scene,moon,night,,,,https://creativecommons.org/licenses/by/2.0/,Marjorie Cox https://www.flickr.com/photos/marj_e/6899444519,openimages:validation:45d13b7ab75d50ff,https://open-images-dataset.s3.amazonaws.com/validation/45d13b7ab75d50ff.jpg,a5e992b7253dfcf39f0f5b29b911919f
,scene,moon,night,,,,https://creativecommons.org/licenses/by/2.0/,Julián Ortega Martínez https://www.flickr.com/photos/julianortegam/6484226995,openimages:validation:2fd4c20ccb9282d6,https://open-images-dataset.s3.amazonaws.com/validation/2fd4c20ccb9282d6.jpg,111e9d800dabff8fbf4bfb6d20564281
,scene,moon,night,,,,https://creativecommons.org/licenses/by/2.0/,Clint Budd https://www.flickr.com/photos/58827557@N06/16256961360,openimages:validation:1dd23f8dc7391e74,https://open-images-dataset.s3.amazonaws.com/validation/1dd23f8dc7391e74.jpg,5d58c91db2a20d99bf433b60de07dc3f
,scene,moon,night,,,,https://creativecommons.org/licenses/by/2.0/,Jonathan Pagel https://www.flickr.com/photos/pagel/21314903523,openimages:validation:e82bff9ddae5da66,https://open-images-dataset.s3.amazonaws.com/validation/e82bff9ddae5da66.jpg,a90912e3d99a4a2f03d4fca56a3c2152
,scene,moon,night,,,,https://creativecommons.org/licenses/by/2.0/,Sean Van Dommelen https://www.flickr.com/photos/125786301@N08/16941550872,openimages:validation:881f79e987bfdf9d,https://open-images-dataset.s3.amazonaws.com/validation/881f79e987bfdf9d.jpg,943ef96866f0cda7db09ae379ca0fc0c
,scene,moon,night,night,,,https://creativecommons.org/licenses/by/2.0/,SantaRosa OLD SKOOL https://www.flickr.com/photos/santarosa/70687122,openimages:validation:5a98d85cbfd17667,https://open-images-dataset.s3.amazonaws.com/validation/5a98d85cbfd17667.jpg,e8d739b32f95a47ef09a3611430a5c84
,scene,moon,night,,,,https://creativecommons.org/licenses/by/2.0/,Grempz https://www.flickr.com/photos/jephy/15293120220,openimages:validation:9a4c4f1a13414987,https://open-images-dataset.s3.amazonaws.com/validation/9a4c4f1a13414987.jpg,8ce00b0c401f8bffc079feff446b09fa
,scene,moon,night,,,,https://creativecommons.org/licenses/by/2.0/,Francesco Carrani https://www.flickr.com/photos/kekko64/4727686559,openimages:validation:150062d841940803,https://open-images-dataset.s3.amazonaws.com/validation/150062d841940803.jpg,5348bda70b64bf66ac2a1b002f5f2c7f
,scene,moon,night,night,,,https://creativecommons.org/licenses/by/2.0/,Pawel Loj https://www.flickr.com/photos/limaoscarjuliet/16495466593,openimages:validation:a4a7d75bb1dc81c5,https://open-images-dataset.s3.amazonaws.com/validation/a4a7d75bb1dc81c5.jpg,3952c228056b151e3bff25ecb1038bd4
,scene,moon,night,,,,https://creativecommons.org/licenses/by/2.0/,Ben Ferenchak https://www.flickr.com/photos/benfff85/5279847826/,openimages:validation:58c567ab13a7c220,https://open-images-dataset.s3.amazonaws.com/validation/58c567ab13a7c220.jpg,796538f1530b91bd3633a3398e2bd41a
,scene,moon,night,,,,https://creativecommons.org/licenses/by/2.0/,CypressHI https://www.flickr.com/photos/8828678@N02/13866260275,openimages:validation:f47672350f44fb46,https://open-images-dataset.s3.amazonaws.com/validation/f47672350f44fb46.jpg,9fbbc9e3cf97798245b26294711468b0
,scene,moon,night,,,,https://creativecommons.org/licenses/by/2.0/,fruity monkey https://www.flickr.com/photos/gilesrcook/3577391932,openimages:validation:485550a0dfb1ea96,https://open-images-dataset.s3.amazonaws.com/validation/485550a0dfb1ea96.jpg,866e63ff9de2e6c94cc2c067292970c6
,scene,moon,night,,,,https://creativecommons.org/licenses/by/2.0/,jeffrey montes https://www.flickr.com/photos/jm-photography/14828951480/,openimages:validation:39bd1a3c10fd070a,https://open-images-dataset.s3.amazonaws.com/validation/39bd1a3c10fd070a.jpg,fb84402d23e174aff5883ea3f5a0fb3f
,scene,moon,night,,,,https://creativecommons.org/licenses/by/2.0/,Windell Oskay https://www.flickr.com/photos/oskay/7252546764,openimages:validation:c7fabbec15b7801a,https://open-images-dataset.s3.amazonaws.com/validation/c7fabbec15b7801a.jpg,8143a622e1ae56d099ee7ab22a72e321
,scene,moon,night,night,,,https://creativecommons.org/licenses/by/2.0/,Shane Becker https://www.flickr.com/photos/veganstraightedge/6653862335,openimages:validation:814483d4e61eb576,https://open-images-dataset.s3.amazonaws.com/validation/814483d4e61eb576.jpg,f326ff84c916ca318d82c8381833d11f
,scene,moon,night,,,,https://creativecommons.org/licenses/by/2.0/,Euan McIntosh https://www.flickr.com/photos/talesbeforedawn/5344439338,openimages:validation:7f33dd007a436040,https://open-images-dataset.s3.amazonaws.com/validation/7f33dd007a436040.jpg,1132446ec1c7de0094db0d9b6dc006b0
,scene,moon,night,,,,https://creativecommons.org/licenses/by/2.0/,Collin Grady https://www.flickr.com/photos/collingrady/6491448741,openimages:validation:f68a4e41c8d8f444,https://open-images-dataset.s3.amazonaws.com/validation/f68a4e41c8d8f444.jpg,53cf8b5c9d74a9ee9d9adcd2de04585c
,scene,moon,night,,,,https://creativecommons.org/licenses/by/2.0/,eric s67 https://www.flickr.com/photos/erics67/16845760116,openimages:validation:c2a6c883b5ed3612,https://open-images-dataset.s3.amazonaws.com/validation/c2a6c883b5ed3612.jpg,18ae1b9c864a6300bf9ee02f24ba73d1
,scene,moon,night,,,,https://creativecommons.org/licenses/by/2.0/,Paul Tomlin https://www.flickr.com/photos/paultomlin/364907230,openimages:validation:cdb9b1790ff1052b,https://open-images-dataset.s3.amazonaws.com/validation/cdb9b1790ff1052b.jpg,e65a25d92eb5fa2b9859d35e826d6fb0
,scene,moon,night,night,,,https://creativecommons.org/licenses/by/2.0/,vinod velayudhan https://www.flickr.com/photos/fxtreme/847547707,openimages:validation:42e96fdd7d038f79,https://open-images-dataset.s3.amazonaws.com/validation/42e96fdd7d038f79.jpg,cfc39bedc4a78de42c381845a65fdcf7
,scene,moon,night,,,,https://creativecommons.org/licenses/by/2.0/,gina pina https://www.flickr.com/photos/ginapina/16429074876,openimages:validation:3030ef569f64f654,https://open-images-dataset.s3.amazonaws.com/validation/3030ef569f64f654.jpg,56724529347dc88c35c412dd7fa2521a
,scene,moon,night,,,,https://creativecommons.org/licenses/by/2.0/,Arcadiuš https://www.flickr.com/photos/arcadius/5732839645,openimages:validation:087ad820683067b0,https://open-images-dataset.s3.amazonaws.com/validation/087ad820683067b0.jpg,22fb248031471de4290a6b77ed6daf79
,scene,moon,night,,,,https://creativecommons.org/licenses/by/2.0/,Brian Neudorff https://www.flickr.com/photos/brianneudorff/6951254567,openimages:validation:16375112e0fc2c68,https://open-images-dataset.s3.amazonaws.com/validation/16375112e0fc2c68.jpg,ea15e7abfe881adbd89ec81d1f1ffa4f
,scene,moon,night,,,,https://creativecommons.org/licenses/by/2.0/,Astrowoosie https://www.flickr.com/photos/astrowoosie/122502190,openimages:validation:3538e5dd48efe58c,https://open-images-dataset.s3.amazonaws.com/validation/3538e5dd48efe58c.jpg,e49d84ff121a992c151d12cbc9eb219c
,scene,moon,night,night,,,https://creativecommons.org/licenses/by/2.0/,Beau Giles https://www.flickr.com/photos/beaugiles/4735467724,openimages:validation:7e859726efaf3097,https://open-images-dataset.s3.amazonaws.com/validation/7e859726efaf3097.jpg,1939d3add6f72b2a82ccf58357e0da74
,scene,moon,night,,,,https://creativecommons.org/licenses/by/2.0/,Matthew Fowler https://www.flickr.com/photos/mattfowler/4538463851,openimages:validation:d4daf95ef9b91214,https://open-images-dataset.s3.amazonaws.com/validation/d4daf95ef9b91214.jpg,ac1a31e70bfefac3213b2d0e13f756b9
,scene,city_lights,night,night,,,https://creativecommons.org/licenses/by/2.0/,christopher.durant https://www.flickr.com/photos/christopherdurant/2729942518,openimages:validation:8af26db63ff23f56,https://open-images-dataset.s3.amazonaws.com/validation/8af26db63ff23f56.jpg,5c050835e3c78d4bcc8f2a520bddc2d9
,scene,city_lights,night,night,,,https://creativecommons.org/licenses/by/2.0/,Tourism Victoria https://www.flickr.com/photos/visitmelbourne/16416300509,openimages:validation:b3977406bc377a5a,https://open-images-dataset.s3.amazonaws.com/validation/b3977406bc377a5a.jpg,d6e3a96ce7294102be753bad6fa1ed18
,scene,city_lights,night,night,,,https://creativecommons.org/licenses/by/2.0/,Mills Baker https://www.flickr.com/photos/millsbaker/3394256060,openimages:validation:6b9363942053103d,https://open-images-dataset.s3.amazonaws.com/validation/6b9363942053103d.jpg,e9ca7cf75b980a192743dd56954898fb
,scene,city_lights,night,night,,,https://creativecommons.org/licenses/by/2.0/,apple.white2010 https://www.flickr.com/photos/53904184@N04/4986089636,openimages:validation:688e2cfff911a41f,https://open-images-dataset.s3.amazonaws.com/validation/688e2cfff911a41f.jpg,6b357322c89bbaccf0a465201f9bb28d
,scene,city_lights,night,night,,,https://creativecommons.org/licenses/by/2.0/,George Wolfe https://www.flickr.com/photos/geowolfe/15834915245,openimages:validation:5a912acc5b557645,https://open-images-dataset.s3.amazonaws.com/validation/5a912acc5b557645.jpg,422aaea11ff5d13c8daf90c05598870b
,scene,city_lights,night,night,,,https://creativecommons.org/licenses/by/2.0/,Randy Robertson https://www.flickr.com/photos/randysonofrobert/2442813351,openimages:validation:340e269f4784c396,https://open-images-dataset.s3.amazonaws.com/validation/340e269f4784c396.jpg,8f5e85e28e75fbde5add9c68f2d66c22
,scene,city_lights,night,night,,,https://creativecommons.org/licenses/by/2.0/,Aberro Creative https://www.flickr.com/photos/aberrocreative/16030786206,openimages:validation:0b8613dd5b9d1700,https://open-images-dataset.s3.amazonaws.com/validation/0b8613dd5b9d1700.jpg,13de2ba72adf9ce3fc59a09a64d6b80a
,scene,city_lights,night,night,,,https://creativecommons.org/licenses/by/2.0/,John Tregoning https://www.flickr.com/photos/johnniewalker/3022886279,openimages:validation:208b5dac144c51b6,https://open-images-dataset.s3.amazonaws.com/validation/208b5dac144c51b6.jpg,100dfad1843321e290f4d7a9545a5c90
,scene,city_lights,night,night,,,https://creativecommons.org/licenses/by/2.0/,shine oa https://www.flickr.com/photos/shine2002/4250502737,openimages:validation:537cca1ef4a1ff6b,https://open-images-dataset.s3.amazonaws.com/validation/537cca1ef4a1ff6b.jpg,f1a934698a10ce618c596e2f93972ed3
,scene,city_lights,night,night,,,https://creativecommons.org/licenses/by/2.0/,Graeae Eye https://www.flickr.com/photos/aesop168/12117386223,openimages:validation:f7f3d768438d6b09,https://open-images-dataset.s3.amazonaws.com/validation/f7f3d768438d6b09.jpg,87d26a9c64ac37b9da9958d2e4f623ec
,scene,city_lights,night,night,,,https://creativecommons.org/licenses/by/2.0/,alan miles https://www.flickr.com/photos/alanrmiles/6923472014,openimages:validation:2c04b9817d3a1075,https://open-images-dataset.s3.amazonaws.com/validation/2c04b9817d3a1075.jpg,7723d01fdff44488a4a077cda2e0347b
,scene,city_lights,night,night,,,https://creativecommons.org/licenses/by/2.0/,Stephan Kiessling https://www.flickr.com/photos/loush/6426393417,openimages:validation:3d73497b67de2205,https://open-images-dataset.s3.amazonaws.com/validation/3d73497b67de2205.jpg,37172d32ee61974d3bfe4e552123e7f9
,scene,city_lights,night,night,,,https://creativecommons.org/licenses/by/2.0/,raneko https://www.flickr.com/photos/raneko/19797140591,openimages:validation:a2ed05b287933706,https://open-images-dataset.s3.amazonaws.com/validation/a2ed05b287933706.jpg,5186dfe26e925fc83bff6778f8019c80
,scene,city_lights,night,night,,,https://creativecommons.org/licenses/by/2.0/,bay_dragon https://www.flickr.com/photos/thiesson/263187401,openimages:validation:8dc99b138b0b8f4e,https://open-images-dataset.s3.amazonaws.com/validation/8dc99b138b0b8f4e.jpg,d857c18385794cba2758c75a0a1c1685
,scene,city_lights,night,night,,,https://creativecommons.org/licenses/by/2.0/,Claudio Saavedra https://www.flickr.com/photos/csaavedra/116267943,openimages:validation:82b107359a11ecde,https://open-images-dataset.s3.amazonaws.com/validation/82b107359a11ecde.jpg,5a2bd5a58da4c8237aaa19dcfa9e8648
,scene,city_lights,night,night,,,https://creativecommons.org/licenses/by/2.0/,Dan Taylor-Watt https://www.flickr.com/photos/dantaylor/94221080,openimages:validation:2feba53355b4e765,https://open-images-dataset.s3.amazonaws.com/validation/2feba53355b4e765.jpg,5ba0ab5618ea456c30f7d14e7b0c8bcf
,scene,city_lights,night,night,,,https://creativecommons.org/licenses/by/2.0/,Las Vegas in Pictures . https://www.flickr.com/photos/115248487@N03/12860329644,openimages:validation:c87cbbc2aa54e8af,https://open-images-dataset.s3.amazonaws.com/validation/c87cbbc2aa54e8af.jpg,7475b81ab7053fc3f692d8832ed2c5a4
,scene,portrait,people,,,close_up,https://creativecommons.org/licenses/by/2.0/,Kip Soep https://www.flickr.com/photos/kipsoep/11121336796,openimages:validation:9ad83b8c5e41ddca,https://open-images-dataset.s3.amazonaws.com/validation/9ad83b8c5e41ddca.jpg,1902681ac0867ea0ee3328b4a427f809
,scene,portrait,people,,,,https://creativecommons.org/licenses/by/2.0/,dog4aday https://www.flickr.com/photos/dog4aday/7682310074/,openimages:validation:8f80cec055941ac8,https://open-images-dataset.s3.amazonaws.com/validation/8f80cec055941ac8.jpg,3f834670fa7ce1a5dd7c2691e0064b1d
,scene,portrait,people,,,,https://creativecommons.org/licenses/by/2.0/,monicasecas https://www.flickr.com/photos/monicasecas/5826338411,openimages:validation:1820959df8c1fe35,https://open-images-dataset.s3.amazonaws.com/validation/1820959df8c1fe35.jpg,a0b1784fb117a62e311e13aad6c2cf2d
,scene,portrait,people,,,close_up,https://creativecommons.org/licenses/by/2.0/,Vincent https://www.flickr.com/photos/vlez/10024576005,openimages:validation:76dcb6e2df733360,https://open-images-dataset.s3.amazonaws.com/validation/76dcb6e2df733360.jpg,7b51b9b7b585fd3682f6760ad9fb7c2f
,scene,portrait,people,,,close_up,https://creativecommons.org/licenses/by/2.0/,Marvin Abrinica https://www.flickr.com/photos/thrivera/6042883770,openimages:validation:863fdfd7501e00a4,https://open-images-dataset.s3.amazonaws.com/validation/863fdfd7501e00a4.jpg,1c46058824e5e595a76535aaea874541
,scene,portrait,people,,,close_up,https://creativecommons.org/licenses/by/2.0/,ben [deleted] https://www.flickr.com/photos/mikrosopht/4604736416,openimages:validation:b25cd0fe7ec29fb9,https://open-images-dataset.s3.amazonaws.com/validation/b25cd0fe7ec29fb9.jpg,6be6ce024466d3e9304be638624f5e42
,scene,portrait,people,,,close_up,https://creativecommons.org/licenses/by/2.0/,Travis Isaacs https://www.flickr.com/photos/tbisaacs/2627126394,openimages:validation:a1ba5282cbd970e5,https://open-images-dataset.s3.amazonaws.com/validation/a1ba5282cbd970e5.jpg,6c03905a96601e112fa530b158381200
,scene,portrait,people,,,close_up,https://creativecommons.org/licenses/by/2.0/,Nikita Shaletin https://www.flickr.com/photos/nik_shaletin/14961360729/,openimages:validation:5e505f5851035415,https://open-images-dataset.s3.amazonaws.com/validation/5e505f5851035415.jpg,754aeaac30d140eb3d30a9296688649f
,scene,portrait,people,,,close_up,https://creativecommons.org/licenses/by/2.0/,Monica D. https://www.flickr.com/photos/metropolitician/4917019887,openimages:validation:688066f8fe44306c,https://open-images-dataset.s3.amazonaws.com/validation/688066f8fe44306c.jpg,b392b2a2f01fa6bb4bce2492429d0e81
,scene,portrait,people,,,close_up,https://creativecommons.org/licenses/by/2.0/,Hans Kylberg https://www.flickr.com/photos/visulogik/91405327,openimages:validation:4fb08cdd5bf971a0,https://open-images-dataset.s3.amazonaws.com/validation/4fb08cdd5bf971a0.jpg,f39c7bbec5336ff9e0ac83457d434885
,scene,portrait,people,,,close_up,https://creativecommons.org/licenses/by/2.0/,Michelle https://www.flickr.com/photos/dragnfly78/231631298,openimages:validation:e563db6ac8ec73bc,https://open-images-dataset.s3.amazonaws.com/validation/e563db6ac8ec73bc.jpg,5c22e7f6e6edd5a9c3bd585f5bee3b58
,scene,portrait,people,,,close_up,https://creativecommons.org/licenses/by/2.0/,Malik Abdallah https://www.flickr.com/photos/abusinan/2675372505,openimages:validation:d5242ddd50d2fce2,https://open-images-dataset.s3.amazonaws.com/validation/d5242ddd50d2fce2.jpg,558edf96a05bac168ba8d9ec5c659cc0
,scene,portrait,people,,,,https://creativecommons.org/licenses/by/2.0/,Ninian  Reid https://www.flickr.com/photos/ninian_reid/16816731039,openimages:validation:4fa6f0a5f32109d5,https://open-images-dataset.s3.amazonaws.com/validation/4fa6f0a5f32109d5.jpg,80796dffb9de5e1b94eb91036fea7c01
,scene,portrait,people,,,close_up,https://creativecommons.org/licenses/by/2.0/,chrismetcalfTV https://www.flickr.com/photos/laffy4k/46696839,openimages:validation:532862997932dcaa,https://open-images-dataset.s3.amazonaws.com/validation/532862997932dcaa.jpg,d9234e4661e27ed4317ebba5a661ea83
,scene,portrait,people,,,,https://creativecommons.org/licenses/by/2.0/,Terry Kalen https://www.flickr.com/photos/swagger1/18774935765,openimages:validation:b05f306fb030ef8a,https://open-images-dataset.s3.amazonaws.com/validation/b05f306fb030ef8a.jpg,fb09ce267df2ef31468c1562246d4377
,scene,portrait,people,,,close_up,https://creativecommons.org/licenses/by/2.0/,Flax Books https://www.flickr.com/photos/24758323@N03/2340199807,openimages:validation:26466fd83b52f677,https://open-images-dataset.s3.amazonaws.com/validation/26466fd83b52f677.jpg,3fa8bd93608cd5327a6b7f5fbb9d9429
,scene,portrait,people,,,,https://creativecommons.org/licenses/by/2.0/,Caitlin Regan https://www.flickr.com/photos/caitlinator/5031217689,openimages:validation:bce81b884503e870,https://open-images-dataset.s3.amazonaws.com/validation/bce81b884503e870.jpg,fed30fae0a4980664ad7d0590ab4ba5e
,scene,portrait,people,,,close_up,https://creativecommons.org/licenses/by/2.0/,Jonathan Day https://www.flickr.com/photos/wedding-photography-by-jonathan-day/3532867247,openimages:validation:935436863e7011ef,https://open-images-dataset.s3.amazonaws.com/validation/935436863e7011ef.jpg,1d924ed1e4e1b2a78dde3389cbc74f6d
,scene,portrait,people,,,close_up,https://creativecommons.org/licenses/by/2.0/,Phil https://www.flickr.com/photos/juniorbonnerphotography/180002362,openimages:validation:2ab1b66341a6616c,https://open-images-dataset.s3.amazonaws.com/validation/2ab1b66341a6616c.jpg,eef1edbe0e09f175fccb0e6602b480a1
,scene,portrait,people,,,,https://creativecommons.org/licenses/by/2.0/,Nadya Peek https://www.flickr.com/photos/nadya/84578630,openimages:validation:e00bc59810c30209,https://open-images-dataset.s3.amazonaws.com/validation/e00bc59810c30209.jpg,2b8172ffeda0f55d0568a3c9c690b21f
,scene,portrait,people,,,close_up,https://creativecommons.org/licenses/by/2.0/,Christopher Michel https://www.flickr.com/photos/cmichel67/14937740692,openimages:validation:5f3cec71afff0de2,https://open-images-dataset.s3.amazonaws.com/validation/5f3cec71afff0de2.jpg,1cdf6f5e3fdc0a5b55484e908e329387
,scene,portrait,people,,,,https://creativecommons.org/licenses/by/2.0/,Wasyou https://www.flickr.com/photos/prettylie/14275264409,openimages:validation:2675713441079e56,https://open-images-dataset.s3.amazonaws.com/validation/2675713441079e56.jpg,07dd55757b14a8cf8482bbbbec96c4a1
,scene,portrait,people,,,,https://creativecommons.org/licenses/by/2.0/,ellebil1 https://www.flickr.com/photos/ellebil1/15309931584,openimages:validation:8c1a88fb02e198ce,https://open-images-dataset.s3.amazonaws.com/validation/8c1a88fb02e198ce.jpg,727eda32bde18d676fce719912b5700b
,scene,portrait,people,,,,https://creativecommons.org/licenses/by/2.0/,Sergio Vassio Photography https://www.flickr.com/photos/expose_switch/4106684524,openimages:validation:3c7d9248ed2005a4,https://open-images-dataset.s3.amazonaws.com/validation/3c7d9248ed2005a4.jpg,e62f56265156753ffa1dd7b5b455e34f
,scene,portrait,people,,,close_up,https://creativecommons.org/licenses/by/2.0/,Evan Wood https://www.flickr.com/photos/etwood/235442604,openimages:validation:90202f569dba25db,https://open-images-dataset.s3.amazonaws.com/validation/90202f569dba25db.jpg,f701c204834d133e7bf7b94c1eb7ed31
,scene,portrait,people,,,,https://creativecommons.org/licenses/by/2.0/,ASIM CHAUDHURI https://www.flickr.com/photos/asianu/14732444195/,openimages:validation:a32b26016b5d7bf4,https://open-images-dataset.s3.amazonaws.com/validation/a32b26016b5d7bf4.jpg,e681dc158d6055c8166d41b324eecb52
,scene,portrait,people,,,close_up,https://creativecommons.org/licenses/by/2.0/,Brenda Annerl https://www.flickr.com/photos/brendaannerl/2729294034,openimages:validation:bd18b0390f876337,https://open-images-dataset.s3.amazonaws.com/validation/bd18b0390f876337.jpg,a183ca1fb173b13154e02d537436c972
,scene,portrait,people,,,,https://creativecommons.org/licenses/by/2.0/,Televisione Streaming https://www.flickr.com/photos/televisione/20029931126,openimages:validation:199b99a13f044cf6,https://open-images-dataset.s3.amazonaws.com/validation/199b99a13f044cf6.jpg,74048ac9542050d3085754e4de1479f7
,scene,portrait,people,,,close_up,https://creativecommons.org/licenses/by/2.0/,Robert Scoble https://www.flickr.com/photos/scobleizer/3567087439,openimages:validation:0ccdb16a34d67aaa,https://open-images-dataset.s3.amazonaws.com/validation/0ccdb16a34d67aaa.jpg,57b9ffe7aee172e6da1230e4b13f46c5
,scene,portrait,people,,,,https://creativecommons.org/licenses/by/2.0/,Alessandro Valli https://www.flickr.com/photos/liquene/3166697983,openimages:validation:f6c09a82b1be6d3e,https://open-images-dataset.s3.amazonaws.com/validation/f6c09a82b1be6d3e.jpg,c6f125f71c72d00a4c9ace868cf79ccb
,scene,portrait,people,,,close_up,https://creativecommons.org/licenses/by/2.0/,Heather https://www.flickr.com/photos/44915787@N00/3648493749,openimages:validation:dd1b4cb49810a916,https://open-images-dataset.s3.amazonaws.com/validation/dd1b4cb49810a916.jpg,01044b3c51add8ede99586eb7c600708
,scene,portrait,people,,,close_up,https://creativecommons.org/licenses/by/2.0/,cw3283 https://www.flickr.com/photos/lipsss/418137601,openimages:validation:c21c8c2eae262421,https://open-images-dataset.s3.amazonaws.com/validation/c21c8c2eae262421.jpg,350f3d4dba9657dfd7d5ca00630e9100
,scene,portrait,people,,,,https://creativecommons.org/licenses/by/2.0/,Bradley Gordon https://www.flickr.com/photos/icanchangethisright/12581938675,openimages:validation:d83d96dffffd0367,https://open-images-dataset.s3.amazonaws.com/validation/d83d96dffffd0367.jpg,dbbeeaa9dc66c500d2e033ad8b96e961
,scene,portrait,people,,,,https://creativecommons.org/licenses/by/2.0/,Sabine Mondestin https://www.flickr.com/photos/sabinemondestin/21883248251,openimages:validation:c2c8a1af2b09b65d,https://open-images-dataset.s3.amazonaws.com/validation/c2c8a1af2b09b65d.jpg,d182ba169d2466475cf9da628ea79df4
,scene,portrait,people,,,close_up,https://creativecommons.org/licenses/by/2.0/,Buzz https://www.flickr.com/photos/buzzthediver/7431150176/,openimages:validation:5b4690fb7078ad5c,https://open-images-dataset.s3.amazonaws.com/validation/5b4690fb7078ad5c.jpg,fd13cd0f5b773df6c1ffd0f3bc4a9305
,scene,portrait,people,,,close_up,https://creativecommons.org/licenses/by/2.0/,Steven Jackson https://www.flickr.com/photos/jackson3/2639261753,openimages:validation:bf5ca8ef77012cc4,https://open-images-dataset.s3.amazonaws.com/validation/bf5ca8ef77012cc4.jpg,76c16cd865c0ce5558b58e8cf897292c
,scene,portrait,people,,,close_up,https://creativecommons.org/licenses/by/2.0/,Guilherme Yagui https://www.flickr.com/photos/yagui7/6825110486,openimages:validation:0f324c0043211197,https://open-images-dataset.s3.amazonaws.com/validation/0f324c0043211197.jpg,eb0871c821f2379d7e03d92a492c9868
,scene,portrait,people,,,,https://creativecommons.org/licenses/by/2.0/,Dustin Iskandar https://www.flickr.com/photos/63258847@N02/10779913743,openimages:validation:904b2dfd0a2243de,https://open-images-dataset.s3.amazonaws.com/validation/904b2dfd0a2243de.jpg,1442f727322a3a3d2a28e3762b4537c7
,scene,portrait,people,,,,https://creativecommons.org/licenses/by/2.0/,anna Hanks https://www.flickr.com/photos/annaustin/5137716442,openimages:validation:36085edad263ae74,https://open-images-dataset.s3.amazonaws.com/validation/36085edad263ae74.jpg,ba878980091140deeac0972bf1bf29ea
,scene,portrait,people,,,close_up,https://creativecommons.org/licenses/by/2.0/,Edoardo Costa https://www.flickr.com/photos/edo-finelight/2736847120,openimages:validation:2de961da72dfd048,https://open-images-dataset.s3.amazonaws.com/validation/2de961da72dfd048.jpg,48089405e8f182a47878465a8022cb33
,scene,portrait,people,,,close_up,https://creativecommons.org/licenses/by/2.0/,DNS D https://www.flickr.com/photos/100244536@N05/9776730833,openimages:validation:d7199cdbda949f51,https://open-images-dataset.s3.amazonaws.com/validation/d7199cdbda949f51.jpg,32dad1cdd2c729bac80d771703e7174d
,scene,portrait,people,,,close_up,https://creativecommons.org/licenses/by/2.0/,Francesco Zaia https://www.flickr.com/photos/rohypnol/2138511593,openimages:validation:27381baca8b56e16,https://open-images-dataset.s3.amazonaws.com/validation/27381baca8b56e16.jpg,5c8fe3914e702e4e13afd8327547bfb1
,scene,portrait,people,,,,https://creativecommons.org/licenses/by/2.0/,LeAnn E.  Crowe https://www.flickr.com/photos/technicolor76/4326888954,openimages:validation:949142002afa77e1,https://open-images-dataset.s3.amazonaws.com/validation/949142002afa77e1.jpg,b57e11ddc65950d4cb0900a32df30b78
,scene,portrait,people,,,close_up,https://creativecommons.org/licenses/by/2.0/,Ram Gopal Varma https://www.flickr.com/photos/ramgopalvarma/4430364160,openimages:validation:6a42deca2e883911,https://open-images-dataset.s3.amazonaws.com/validation/6a42deca2e883911.jpg,8fce4fed04d407f877d0f8cc7cce9052
,scene,portrait,people,,,,https://creativecommons.org/licenses/by/2.0/,Anders Henrikson https://www.flickr.com/photos/anders-h-foto/8514755030,openimages:validation:e0aa41e2ede3de7d,https://open-images-dataset.s3.amazonaws.com/validation/e0aa41e2ede3de7d.jpg,85bb56f6a10aa4eb1a9004a96148baed
,scene,portrait,people,,,close_up,https://creativecommons.org/licenses/by/2.0/,David Noah https://www.flickr.com/photos/davidnoah/6295515806,openimages:validation:73caa9e82c54cb18,https://open-images-dataset.s3.amazonaws.com/validation/73caa9e82c54cb18.jpg,eba057d4e53bab64e109d3c784f89c83
,scene,portrait,people,,,,https://creativecommons.org/licenses/by/2.0/,Eduardo Santos https://www.flickr.com/photos/dusantos_bh/3990581538,openimages:validation:b5f7e11e21af90c7,https://open-images-dataset.s3.amazonaws.com/validation/b5f7e11e21af90c7.jpg,dbf13130385571dc3e4beade4e496f0c
,scene,portrait,people,,,,https://creativecommons.org/licenses/by/2.0/,Lauren Manning https://www.flickr.com/photos/laurenmanning/499669864,openimages:validation:f6460d9cb14ab4ce,https://open-images-dataset.s3.amazonaws.com/validation/f6460d9cb14ab4ce.jpg,6cf0a7467f7f2b96f33830b9eeb674f0
,scene,portrait,people,,,close_up,https://creativecommons.org/licenses/by/2.0/,Lemuel Cantos https://www.flickr.com/photos/lemuelinchrist/3277089971,openimages:validation:36fb93eec9262274,https://open-images-dataset.s3.amazonaws.com/validation/36fb93eec9262274.jpg,9281bd9887c4f9e1d248383189d4adea
,scene,portrait,people,,,close_up,https://creativecommons.org/licenses/by/2.0/,stavros karabinas https://www.flickr.com/photos/hobpho/5211508278,openimages:validation:357e768a164a7cd4,https://open-images-dataset.s3.amazonaws.com/validation/357e768a164a7cd4.jpg,347eb759b5c8306948b33b7b6d027bc8
,scene,group,people,,,,https://creativecommons.org/licenses/by/2.0/,John Eisenschenk https://www.flickr.com/photos/johne777/3954378501,openimages:validation:142e7992af2f6ff5,https://open-images-dataset.s3.amazonaws.com/validation/142e7992af2f6ff5.jpg,1146e30472f660129927f75b4968fbd3
,scene,group,people,,,,https://creativecommons.org/licenses/by/2.0/,Commodore Gandalf Cunningham https://www.flickr.com/photos/gandalfcunningham/4737852252,openimages:validation:6f7d324c359e42bd,https://open-images-dataset.s3.amazonaws.com/validation/6f7d324c359e42bd.jpg,f872f5681e0c14bdf9047bf4e2defbf8
,scene,group,people,,,,https://creativecommons.org/licenses/by/2.0/,PabloEvans https://www.flickr.com/photos/elpablo/38647751,openimages:validation:efb2a500d2f65812,https://open-images-dataset.s3.amazonaws.com/validation/efb2a500d2f65812.jpg,056f74b4699f954054ffc8e5b294f73e
,scene,group,people,,,,https://creativecommons.org/licenses/by/2.0/,manhhai https://www.flickr.com/photos/13476480@N07/16462786789,openimages:validation:21943f7714b4ed83,https://open-images-dataset.s3.amazonaws.com/validation/21943f7714b4ed83.jpg,a50d101631a9a649989b0d8b2f681503
,scene,group,people,,,,https://creativecommons.org/licenses/by/2.0/,Paul Roberts https://www.flickr.com/photos/86329203@N08/15246329456,openimages:validation:2edb313da4c78b4b,https://open-images-dataset.s3.amazonaws.com/validation/2edb313da4c78b4b.jpg,b00cd0c8ad61bbd273ed6db8d22e6f43
,scene,group,people,,,,https://creativecommons.org/licenses/by/2.0/,West Point - The U.S. Military Academy https://www.flickr.com/photos/west_point/5140228995,openimages:validation:d709a313bbdfd82f,https://open-images-dataset.s3.amazonaws.com/validation/d709a313bbdfd82f.jpg,87d6efda189a5a57343a0cb01ec19a44
,scene,group,people,,,,https://creativecommons.org/licenses/by/2.0/,Marc Smith https://www.flickr.com/photos/marc_smith/14001049206,openimages:validation:01f5efed4dfda77e,https://open-images-dataset.s3.amazonaws.com/validation/01f5efed4dfda77e.jpg,93aa57c6844f90bccf6a970b2e7f89ba
,scene,group,people,,,,https://creativecommons.org/licenses/by/2.0/,Brood_wich https://www.flickr.com/photos/brood_wich/2062966623/,openimages:validation:3dfb69ce87aeb5a9,https://open-images-dataset.s3.amazonaws.com/validation/3dfb69ce87aeb5a9.jpg,8e3441c94418d227294de385cd406ff6
,scene,group,people,,,,https://creativecommons.org/licenses/by/2.0/,- EMR - https://www.flickr.com/photos/emr9801/759500405,openimages:validation:6c1e4bacf0ff811a,https://open-images-dataset.s3.amazonaws.com/validation/6c1e4bacf0ff811a.jpg,54e77b12b221638a49041191cc2e5e7e
,scene,group,people,,,,https://creativecommons.org/licenses/by/2.0/,Janvier Miranda https://www.flickr.com/photos/janvier25/4934670997,openimages:validation:121537f085b7d63c,https://open-images-dataset.s3.amazonaws.com/validation/121537f085b7d63c.jpg,d263e436cbc28bce230307c48236b27e
,scene,group,people,,,,https://creativecommons.org/licenses/by/2.0/,bWlrZQ== https://www.flickr.com/photos/mdiocuh_galeals/415196130,openimages:validation:2c1f055d4f648e4b,https://open-images-dataset.s3.amazonaws.com/validation/2c1f055d4f648e4b.jpg,5a9437922ac53f02a10fc5d65a5cb3a1
,scene,group,people,,,,https://creativecommons.org/licenses/by/2.0/,Eneas De Troya https://www.flickr.com/photos/eneas/7452888790/,openimages:validation:d9ae021c15b94e9d,https://open-images-dataset.s3.amazonaws.com/validation/d9ae021c15b94e9d.jpg,ea5ea7e7fe0ccb9e922287062a4f1bdb
,scene,group,people,,,,https://creativecommons.org/licenses/by/2.0/,Miran  Rijavec https://www.flickr.com/photos/miran/14454425514,openimages:validation:66e642baabd1a6dd,https://open-images-dataset.s3.amazonaws.com/validation/66e642baabd1a6dd.jpg,afa5359e2db64bbb086bfabd73230bc9
,scene,group,people,,,,https://creativecommons.org/licenses/by/2.0/,Richard Child https://www.flickr.com/photos/richardchild/4065027960,openimages:validation:4ee8d73a64ba1853,https://open-images-dataset.s3.amazonaws.com/validation/4ee8d73a64ba1853.jpg,cde0d0fdcee6b089b907d7783d57b63d
,scene,group,people,,,,https://creativecommons.org/licenses/by/2.0/,Uppper Snake River Valley Historical Society https://www.flickr.com/photos/78168911@N03/6862451872,openimages:validation:a72678fac28d371f,https://open-images-dataset.s3.amazonaws.com/validation/a72678fac28d371f.jpg,1b659f207fcbd38d802cf4b32c2d866f
,scene,group,people,,,,https://creativecommons.org/licenses/by/2.0/,satanoid https://www.flickr.com/photos/satanoid/12212526654,openimages:validation:286954cbfed9d91c,https://open-images-dataset.s3.amazonaws.com/validation/286954cbfed9d91c.jpg,a7375825734b27d5cd00a2105cae5ff0
,scene,group,people,,,,https://creativecommons.org/licenses/by/2.0/,Stephen Kelly https://www.flickr.com/photos/skellysf/12145678144,openimages:validation:0b83e754be780735,https://open-images-dataset.s3.amazonaws.com/validation/0b83e754be780735.jpg,95f07ff44dd6290ab446c77dc6384909
,scene,group,people,,,,https://creativecommons.org/licenses/by/2.0/,大杨 https://www.flickr.com/photos/stevenzhang1221/4051491994,openimages:validation:6cbbe1ec79609080,https://open-images-dataset.s3.amazonaws.com/validation/6cbbe1ec79609080.jpg,2c78225671182acd2fcecb60e93eaf98
,scene,group,people,,,,https://creativecommons.org/licenses/by/2.0/,Eddy https://www.flickr.com/photos/xeddix/4534922348,openimages:validation:e3bb2b3cb0f368aa,https://open-images-dataset.s3.amazonaws.com/validation/e3bb2b3cb0f368aa.jpg,6c38d919c3bc2d625b7a8dc743d9e26e
,scene,group,people,,,,https://creativecommons.org/licenses/by/2.0/,John Martinez Pavliga https://www.flickr.com/photos/virtualsugar/313342543,openimages:validation:d68682e67f1b5d78,https://open-images-dataset.s3.amazonaws.com/validation/d68682e67f1b5d78.jpg,61c5b3bc6f6d41c4a5f395c9311c5430
,scene,group,people,,,,https://creativecommons.org/licenses/by/2.0/,NRDC pix https://www.flickr.com/photos/nrdcpix/14591836488,openimages:validation:9cb5c0880d992e51,https://open-images-dataset.s3.amazonaws.com/validation/9cb5c0880d992e51.jpg,3442e48b0f1ebfaee133e71d6ff17bf0
,scene,group,people,,,,https://creativecommons.org/licenses/by/2.0/,Scott Rubin https://www.flickr.com/photos/apreche/6916715072/,openimages:validation:1e18f896f5bd0d13,https://open-images-dataset.s3.amazonaws.com/validation/1e18f896f5bd0d13.jpg,68fb724706f96c1959af47742fa0c6dc
,scene,group,people,,,,https://creativecommons.org/licenses/by/2.0/,othree https://www.flickr.com/photos/othree/13344865135,openimages:validation:c10d56b937624612,https://open-images-dataset.s3.amazonaws.com/validation/c10d56b937624612.jpg,575ead86376a2d495d0399b0564b688d
,scene,group,people,,,,https://creativecommons.org/licenses/by/2.0/,Matt Dinnery https://www.flickr.com/photos/matt-dinnery/3846734256,openimages:validation:151ac0754da1da6d,https://open-images-dataset.s3.amazonaws.com/validation/151ac0754da1da6d.jpg,00ab2a900d16056a0155372050c9bcb8
,scene,group,people,,,,https://creativecommons.org/licenses/by/2.0/,thierry ehrmann https://www.flickr.com/photos/home_of_chaos/9210265688,openimages:validation:acd3d2701054e44a,https://open-images-dataset.s3.amazonaws.com/validation/acd3d2701054e44a.jpg,c0d616299608eb2314823b0657b1889e
,scene,group,people,,,,https://creativecommons.org/licenses/by/2.0/,apasciuto https://www.flickr.com/photos/apasciuto/4842145916,openimages:validation:197313cca39576de,https://open-images-dataset.s3.amazonaws.com/validation/197313cca39576de.jpg,d1e72a77ab89e21a9a4f696af8d3bb56
,scene,group,people,,,,https://creativecommons.org/licenses/by/2.0/,Benoit Brouillette https://www.flickr.com/photos/benoit59/5538948474,openimages:validation:c20e3d4be205d678,https://open-images-dataset.s3.amazonaws.com/validation/c20e3d4be205d678.jpg,d45d918a732f093faa656a4c8e325784
,scene,group,people,,,,https://creativecommons.org/licenses/by/2.0/,erin leigh mcconnell https://www.flickr.com/photos/balladist/2357552957,openimages:validation:2b28df0026212bdb,https://open-images-dataset.s3.amazonaws.com/validation/2b28df0026212bdb.jpg,c7b28eeeaa2b2300110b454bb4bf2c5a
,scene,group,people,,,,https://creativecommons.org/licenses/by/2.0/,fralephoto https://www.flickr.com/photos/fralefoto/16694385072,openimages:validation:f496e2d4bb8163be,https://open-images-dataset.s3.amazonaws.com/validation/f496e2d4bb8163be.jpg,557828c7dc99025141a1ab5d372769cc
,scene,group,people,,,,https://creativecommons.org/licenses/by/2.0/,SibleyHunter https://www.flickr.com/photos/chsibley/2121332246,openimages:validation:9d3d33e555d4fa68,https://open-images-dataset.s3.amazonaws.com/validation/9d3d33e555d4fa68.jpg,0447d500608024f14f1583ff7a1ad2a2
,scene,group,people,,,,https://creativecommons.org/licenses/by/2.0/,Mark Dixon https://www.flickr.com/photos/9602574@N02/20442449851,openimages:validation:c7c08153fc301fbd,https://open-images-dataset.s3.amazonaws.com/validation/c7c08153fc301fbd.jpg,61b674cb1cc14bd5ce80a5405b8abea6
,scene,group,people,,,,https://creativecommons.org/licenses/by/2.0/,Pedro Ribeiro Simões https://www.flickr.com/photos/pedrosimoes7/17070105087,openimages:validation:14442c1ee46b9d36,https://open-images-dataset.s3.amazonaws.com/validation/14442c1ee46b9d36.jpg,ec5545a6547b86aabe9dc23b3bed6b88
,scene,group,people,,,,https://creativecommons.org/licenses/by/2.0/,Alan Kotok https://www.flickr.com/photos/runneralan/19003179735,openimages:validation:24709fc10dd927b7,https://open-images-dataset.s3.amazonaws.com/validation/24709fc10dd927b7.jpg,3b43a9c5df4e9e4acf3dc6c222474e48
,scene,group,people,,,,https://creativecommons.org/licenses/by/2.0/,Zepfanman.com https://www.flickr.com/photos/zepfanman/15123109375,openimages:validation:3bf91d8427fbcfac,https://open-images-dataset.s3.amazonaws.com/validation/3bf91d8427fbcfac.jpg,0cce2d0ee4fee21218bcf72b5e631666
,scene,group,people,,,,https://creativecommons.org/licenses/by/2.0/,miguelb https://www.flickr.com/photos/mig/7259758828,openimages:validation:f2970bea45ef2e2a,https://open-images-dataset.s3.amazonaws.com/validation/f2970bea45ef2e2a.jpg,9c2aacfb96219577c737f923343338da
,scene,group,people,,,,https://creativecommons.org/licenses/by/2.0/,Shaun Merritt https://www.flickr.com/photos/shaunpierre/2624620663,openimages:validation:d784a7937776bef4,https://open-images-dataset.s3.amazonaws.com/validation/d784a7937776bef4.jpg,f860a957b2b22939809c3a16d7f98d01
,scene,group,people,,,,https://creativecommons.org/licenses/by/2.0/,longislandwins https://www.flickr.com/photos/25246917@N04/5158289731,openimages:validation:82eb1b7aa5f4f0a8,https://open-images-dataset.s3.amazonaws.com/validation/82eb1b7aa5f4f0a8.jpg,f052065c498bb9b96da47f9576862509
,scene,group,people,,,,https://creativecommons.org/licenses/by/2.0/,sneakerdog https://www.flickr.com/photos/sneakerdog/4625271540,openimages:validation:c9ce8dc13be883b7,https://open-images-dataset.s3.amazonaws.com/validation/c9ce8dc13be883b7.jpg,b1f77f89d892049c215befbfd6af2ac9
,scene,group,people,,,,https://creativecommons.org/licenses/by/2.0/,gareth hayes https://www.flickr.com/photos/120503632@N04/15222318127,openimages:validation:fbe3588f590844bd,https://open-images-dataset.s3.amazonaws.com/validation/fbe3588f590844bd.jpg,4f017d4d6bd5a1a826f877bfd8e505ae
,scene,group,people,,,,https://creativecommons.org/licenses/by/2.0/,KOMUnews https://www.flickr.com/photos/komunews/10230231845,openimages:validation:492cf5f398bbd19a,https://open-images-dataset.s3.amazonaws.com/validation/492cf5f398bbd19a.jpg,9edbae43f78faedc6b6e5bda8aab8283
,scene,group,people,night,,,https://creativecommons.org/licenses/by/2.0/,Navin Sigamany https://www.flickr.com/photos/gimp/20631342149,openimages:validation:f4e417cac1f562c8,https://open-images-dataset.s3.amazonaws.com/validation/f4e417cac1f562c8.jpg,c79a55aea04aabf62d006e0bc5288776
,scene,street,people,,,,https://creativecommons.org/licenses/by/2.0/,torbakhopper https://www.flickr.com/photos/gazeronly/4137098683,openimages:validation:91f3ac4de8691746,https://open-images-dataset.s3.amazonaws.com/validation/91f3ac4de8691746.jpg,b45c31ae47289ceea857caf9904e7e04
,scene,street,people,,,,https://creativecommons.org/licenses/by/2.0/,M.Peinado https://www.flickr.com/photos/mpeinadopa/4649544406,openimages:validation:6b8dc280da29281a,https://open-images-dataset.s3.amazonaws.com/validation/6b8dc280da29281a.jpg,c0eeb4273878979e95495ad99d2c006a
,scene,street,people,,,,https://creativecommons.org/licenses/by/2.0/,vinka bravo https://www.flickr.com/photos/vinka_bravo/3103692300,openimages:validation:b48ad51e692bf8d1,https://open-images-dataset.s3.amazonaws.com/validation/b48ad51e692bf8d1.jpg,779fe34b32caeb983595ee87df1217bc
,scene,street,people,,,,https://creativecommons.org/licenses/by/2.0/,Samantha Marx https://www.flickr.com/photos/spam/3178971966,openimages:validation:cc1ba466237707a5,https://open-images-dataset.s3.amazonaws.com/validation/cc1ba466237707a5.jpg,0cf753bffa6d0c93ad2c2b17a9bc8d2f
,scene,street,people,,,,https://creativecommons.org/licenses/by/2.0/,Joe Wilson https://www.flickr.com/photos/joecar/15620906339,openimages:validation:03cd52340229c70b,https://open-images-dataset.s3.amazonaws.com/validation/03cd52340229c70b.jpg,1fe27ec46ca28730607482f3b7350699
,scene,street,people,,,,https://creativecommons.org/licenses/by/2.0/,Aurélien Michaud https://www.flickr.com/photos/michaurel/5610974840,openimages:validation:9dad9af11a34591f,https://open-images-dataset.s3.amazonaws.com/validation/9dad9af11a34591f.jpg,c23c28772e6ffc8e9a2d475d1809f194
,scene,street,people,,,,https://creativecommons.org/licenses/by/2.0/,Michael Pchelnikov https://www.flickr.com/photos/pchelnikov/9025482269,openimages:validation:656648144cee1829,https://open-images-dataset.s3.amazonaws.com/validation/656648144cee1829.jpg,8382903880787cea1a9a1ba5f1cd240c
,scene,street,people,,,,https://creativecommons.org/licenses/by/2.0/,Ryan Vaarsi https://www.flickr.com/photos/77799978@N00/6094122407,openimages:validation:76c278b53be81d03,https://open-images-dataset.s3.amazonaws.com/validation/76c278b53be81d03.jpg,651f93ba4de8b7c2593dd546cdf9f68e
,scene,street,people,,,,https://creativecommons.org/licenses/by/2.0/,Jonathan Lundqvist https://www.flickr.com/photos/jturn/2697183414,openimages:validation:a2473495200c1a2a,https://open-images-dataset.s3.amazonaws.com/validation/a2473495200c1a2a.jpg,2a07dfce05f2862f96cf7160a36a65f6
,scene,street,people,,,,https://creativecommons.org/licenses/by/2.0/,Kersten A. Riechers https://www.flickr.com/photos/daskerst/2327958072,openimages:validation:a51fc84ad9e6f883,https://open-images-dataset.s3.amazonaws.com/validation/a51fc84ad9e6f883.jpg,7b9ab5b1b9ae0c134ae85a124d3b8da9
,scene,street,people,,,,https://creativecommons.org/licenses/by/2.0/,Anthony Majanlahti https://www.flickr.com/photos/antmoose/11482410,openimages:validation:7ae56b9a673b49cb,https://open-images-dataset.s3.amazonaws.com/validation/7ae56b9a673b49cb.jpg,7f9fd91b8cc4babe964bd4a9ce4ef086
,scene,street,people,,,,https://creativecommons.org/licenses/by/2.0/,Rich https://www.flickr.com/photos/richardstowey/3032624828,openimages:validation:0374141ebf11632e,https://open-images-dataset.s3.amazonaws.com/validation/0374141ebf11632e.jpg,fd657c341e5ea5f71b5f6c4a79c52efd
,scene,street,people,,,,https://creativecommons.org/licenses/by/2.0/,Gideon Wright https://www.flickr.com/photos/27787901@N06/7039553479,openimages:validation:37535f22208386e6,https://open-images-dataset.s3.amazonaws.com/validation/37535f22208386e6.jpg,80e95cc31d6336c45d484e83a4b4bc65
,scene,street,people,,,,https://creativecommons.org/licenses/by/2.0/,Procsilas Moscas https://www.flickr.com/photos/procsilas/19965828,openimages:validation:cf37c91fc145bf13,https://open-images-dataset.s3.amazonaws.com/validation/cf37c91fc145bf13.jpg,8ba3d3e878a85f390d8fa89395a6561d
,scene,street,people,,,,https://creativecommons.org/licenses/by/2.0/,edkohler https://www.flickr.com/photos/edkohler/7365866268,openimages:validation:cd611f8591618ea9,https://open-images-dataset.s3.amazonaws.com/validation/cd611f8591618ea9.jpg,349912a6decc5096fa08592dc09f098f
,scene,street,people,,,,https://creativecommons.org/licenses/by/2.0/,Jeremy Keith https://www.flickr.com/photos/adactio/2085424048,openimages:validation:6a83d6ddcf811554,https://open-images-dataset.s3.amazonaws.com/validation/6a83d6ddcf811554.jpg,8724e8f01af80ae5cad5679bb65db9ce
,scene,street,people,,,,https://creativecommons.org/licenses/by/2.0/,Rhys A. https://www.flickr.com/photos/rhysasplundh/7187825764,openimages:validation:a202156cdcee0cb1,https://open-images-dataset.s3.amazonaws.com/validation/a202156cdcee0cb1.jpg,f7f6afe664882efdb07a88c0f119a864
,scene,street,people,,,,https://creativecommons.org/licenses/by/2.0/,dierk schaefer https://www.flickr.com/photos/dierkschaefer/4738183271,openimages:validation:bd57e10961b5948e,https://open-images-dataset.s3.amazonaws.com/validation/bd57e10961b5948e.jpg,099a5bd3a2dc7a503a0dfc71fa9d6602
,scene,street,people,,,,https://creativecommons.org/licenses/by/2.0/,Boyko Blagoev https://www.flickr.com/photos/boykoblagoev/15350838637,openimages:validation:3985a2db3d82eb96,https://open-images-dataset.s3.amazonaws.com/validation/3985a2db3d82eb96.jpg,d51ddd1b0438841d832435d583e24d08
,scene,street,people,,,,https://creativecommons.org/licenses/by/2.0/,John Hoey https://www.flickr.com/photos/drjohn01702/11105254236,openimages:validation:9f352072f3069833,https://open-images-dataset.s3.amazonaws.com/validation/9f352072f3069833.jpg,1f5cc4df31e2779a9f6dc09f796b2e98
,scene,street,people,,,,https://creativecommons.org/licenses/by/2.0/,Bruno Marinho https://www.flickr.com/photos/brunoportnoy/8778358482,openimages:validation:79b3c51ea3a30b98,https://open-images-dataset.s3.amazonaws.com/validation/79b3c51ea3a30b98.jpg,455047f4c6689d9c8f919e65c1da974a
,scene,street,people,,,,https://creativecommons.org/licenses/by/2.0/,Afshin Darian https://www.flickr.com/photos/micronova/8287650648,openimages:validation:96298501ad912f1c,https://open-images-dataset.s3.amazonaws.com/validation/96298501ad912f1c.jpg,e9a1de9f1ce6c6bd2b9c76c601f8d925
,scene,street,people,,,,https://creativecommons.org/licenses/by/2.0/,João Sá Leão https://www.flickr.com/photos/joaosl/11051017615,openimages:validation:78537950379be986,https://open-images-dataset.s3.amazonaws.com/validation/78537950379be986.jpg,a3dd5000734b5209ffda789f59996a42
,scene,event,people,,,,https://creativecommons.org/licenses/by/2.0/,Gerard McGovern https://www.flickr.com/photos/inkiboo/14870755288,openimages:validation:abf1d637ed2122e8,https://open-images-dataset.s3.amazonaws.com/validation/abf1d637ed2122e8.jpg,83c038dc5b71d388ab128e38f5387bb9
,scene,event,people,,,,https://creativecommons.org/licenses/by/2.0/,George Miller https://www.flickr.com/photos/repgeorgemiller/2399176178,openimages:validation:07cfc82bdbd06eb2,https://open-images-dataset.s3.amazonaws.com/validation/07cfc82bdbd06eb2.jpg,5be12502a0da7c6cc1001e1a2b36a9d2
,scene,event,people,,,,https://creativecommons.org/licenses/by/2.0/,paul_danger_williams https://www.flickr.com/photos/pauljwill/2721023564,openimages:validation:76d199cddd489f6e,https://open-images-dataset.s3.amazonaws.com/validation/76d199cddd489f6e.jpg,418a6c003f806f15492e8d5e92b6fa4f
,scene,event,people,,,,https://creativecommons.org/licenses/by/2.0/,RBerteig https://www.flickr.com/photos/rberteig/453759034/,openimages:validation:3c13e0015b6c3bcf,https://open-images-dataset.s3.amazonaws.com/validation/3c13e0015b6c3bcf.jpg,72832bc345c918813fedd116a8c33ca7
,scene,event,people,,,,https://creativecommons.org/licenses/by/2.0/,Roberta https://www.flickr.com/photos/robbi61blue/8511804434,openimages:validation:82ad5fb60f721b64,https://open-images-dataset.s3.amazonaws.com/validation/82ad5fb60f721b64.jpg,47ae39e139b558aaa7606d83253b17ef
,scene,event,people,,,,https://creativecommons.org/licenses/by/2.0/,Oliver Scherillo https://www.flickr.com/photos/ojsphoto/5138785828,openimages:validation:bfb60e14a4eda9be,https://open-images-dataset.s3.amazonaws.com/validation/bfb60e14a4eda9be.jpg,da5faa762403af2a32ad9a0e67b2319b
,scene,event,people,,,,https://creativecommons.org/licenses/by/2.0/,alex de carvalho https://www.flickr.com/photos/adc/26814636,openimages:validation:1eeb5484320f6668,https://open-images-dataset.s3.amazonaws.com/validation/1eeb5484320f6668.jpg,c41628196733a64f1e8af6c95e7985b8
,scene,event,people,,,,https://creativecommons.org/licenses/by/2.0/,"Jim, the Photographer https://www.flickr.com/photos/jcapaldi/3615998818",openimages:validation:704522bf17a640d1,https://open-images-dataset.s3.amazonaws.com/validation/704522bf17a640d1.jpg,d83dc3dac97b56564f3a4e1f6bfaa1bc
,scene,event,people,,,,https://creativecommons.org/licenses/by/2.0/,Flying Cloud https://www.flickr.com/photos/flying_cloud/3991576301,openimages:validation:7fc29bf61fed5a91,https://open-images-dataset.s3.amazonaws.com/validation/7fc29bf61fed5a91.jpg,d3388d4013f3dff440b714d8798721e3
,scene,event,people,,,,https://creativecommons.org/licenses/by/2.0/,jbraine https://www.flickr.com/photos/jbraine/1955365875,openimages:validation:f4407d452f8fcc4e,https://open-images-dataset.s3.amazonaws.com/validation/f4407d452f8fcc4e.jpg,abc507c62a8e6f86b157580be58517db
,scene,event,people,night,,,https://creativecommons.org/licenses/by/2.0/,Adelina Horn https://www.flickr.com/photos/75696330@N02/8478641415,openimages:validation:e44cac73a1409fc5,https://open-images-dataset.s3.amazonaws.com/validation/e44cac73a1409fc5.jpg,1c5e1fc31246c8e8327a03e2dc8eafb7
,scene,event,people,,,,https://creativecommons.org/licenses/by/2.0/,Shiraz Chanawala https://www.flickr.com/photos/digimaxvision/7087916421/,openimages:validation:1fe277f5abfc7d74,https://open-images-dataset.s3.amazonaws.com/validation/1fe277f5abfc7d74.jpg,c3e7e2b315d75dc7882b8d8dd683a83f
,scene,event,people,,,,https://creativecommons.org/licenses/by/2.0/,Jirka Matousek https://www.flickr.com/photos/jirka_matousek/8428443792,openimages:validation:a22c1f0224351929,https://open-images-dataset.s3.amazonaws.com/validation/a22c1f0224351929.jpg,296b3a0af44f2c5bb61bdc81a3f6a56b
,scene,event,people,,,,https://creativecommons.org/licenses/by/2.0/,Flying Cloud https://www.flickr.com/photos/flying_cloud/2208960876,openimages:validation:406ad630bcc21406,https://open-images-dataset.s3.amazonaws.com/validation/406ad630bcc21406.jpg,d240ed252e4a836e2577c218269f0645
,scene,event,people,,,,https://creativecommons.org/licenses/by/2.0/,Lucky Lynda https://www.flickr.com/photos/olsenart/16641368303,openimages:validation:e7ebd611f286701d,https://open-images-dataset.s3.amazonaws.com/validation/e7ebd611f286701d.jpg,b4122368f16cc115ca26915bd936bf42
,scene,event,people,,,,https://creativecommons.org/licenses/by/2.0/,Pat (Cletch) Williams https://www.flickr.com/photos/cletch/5313271004,openimages:validation:9bb6720c02bb72af,https://open-images-dataset.s3.amazonaws.com/validation/9bb6720c02bb72af.jpg,43eb630720df3444f9085363686798aa
,scene,event,people,,,,https://creativecommons.org/licenses/by/2.0/,Carrie Kaufmann https://www.flickr.com/photos/carriekaufmann/16395698389,openimages:validation:8dd2a9039f4e85b1,https://open-images-dataset.s3.amazonaws.com/validation/8dd2a9039f4e85b1.jpg,46825df1b7ad4b68be6ba6bf44f6e4a4
,scene,event,people,,,,https://creativecommons.org/licenses/by/2.0/,john https://www.flickr.com/photos/jsolomon/497260095,openimages:validation:8937c3acadd6e0fa,https://open-images-dataset.s3.amazonaws.com/validation/8937c3acadd6e0fa.jpg,f8b7c200f1db4af3c0c35598661b58cd
,scene,event,people,,,,https://creativecommons.org/licenses/by/2.0/,Baltimore RecNParks https://www.flickr.com/photos/bmorerecnparks/16143799524,openimages:validation:cc1d668c22d3a1a4,https://open-images-dataset.s3.amazonaws.com/validation/cc1d668c22d3a1a4.jpg,b48e200571593880a6a105424b863aff
,scene,event,people,,,,https://creativecommons.org/licenses/by/2.0/,Charlie https://www.flickr.com/photos/fearless_fred/7278204598,openimages:validation:b73706035e093576,https://open-images-dataset.s3.amazonaws.com/validation/b73706035e093576.jpg,d0577bdb02ba33e286977d3161d84e5d
,scene,event,people,,,,https://creativecommons.org/licenses/by/2.0/,daniel2177 https://www.flickr.com/photos/lowlanderdaniel/2397315682,openimages:validation:4cbea5cbf1197c64,https://open-images-dataset.s3.amazonaws.com/validation/4cbea5cbf1197c64.jpg,3bbe2acb97706c4e0e5b37d051ed3cd6
,scene,event,people,,,,https://creativecommons.org/licenses/by/2.0/,Fionn Kidney https://www.flickr.com/photos/fyunkie/3045293486,openimages:validation:89c6c3da906d6dad,https://open-images-dataset.s3.amazonaws.com/validation/89c6c3da906d6dad.jpg,06101eb41e687ddf7adcdc1606f68226
,scene,event,people,,,,https://creativecommons.org/licenses/by/2.0/,Richie Diesterheft https://www.flickr.com/photos/puroticorico/2673406214,openimages:validation:356673d514d13bea,https://open-images-dataset.s3.amazonaws.com/validation/356673d514d13bea.jpg,257480bae5a4dc0ad812db911f4b32cb
,scene,event,people,,,,https://creativecommons.org/licenses/by/2.0/,mark navales https://www.flickr.com/photos/14455532@N06/2684589679,openimages:validation:2760a7e150566325,https://open-images-dataset.s3.amazonaws.com/validation/2760a7e150566325.jpg,6285c2cacd616ed3c31d914adc7b3b1f
,scene,event,people,,,,https://creativecommons.org/licenses/by/2.0/,jlwelsh https://www.flickr.com/photos/jlwelsh/2412952663,openimages:validation:3420b651f75aac50,https://open-images-dataset.s3.amazonaws.com/validation/3420b651f75aac50.jpg,d3496a0d7e3bd9e7b1856125a4e59462
,scene,event,people,,,,https://creativecommons.org/licenses/by/2.0/,Esporte Clube Pelotas https://www.flickr.com/photos/ecpelotas/2366180085,openimages:validation:a732a67d4fb0eef9,https://open-images-dataset.s3.amazonaws.com/validation/a732a67d4fb0eef9.jpg,dc49a6e104d9a3736957f731baac5ca0
,scene,event,people,,,,https://creativecommons.org/licenses/by/2.0/,michael dornbierer https://www.flickr.com/photos/ausnahmezustand/14553303303,openimages:validation:032ada946f67ed56,https://open-images-dataset.s3.amazonaws.com/validation/032ada946f67ed56.jpg,2ac48c296ace172dcde4069a772018a5
,scene,event,people,,,,https://creativecommons.org/licenses/by/2.0/,Elsa López https://www.flickr.com/photos/queque/5774580580/?rb=1,openimages:validation:b83bc06fc626598d,https://open-images-dataset.s3.amazonaws.com/validation/b83bc06fc626598d.jpg,df59617f3e4dd340dda91dda27b9bb00
,scene,event,people,,,,https://creativecommons.org/licenses/by/2.0/,Riccardo Di Virgilio https://www.flickr.com/photos/riccardodivirgilio/9064547647,openimages:validation:e4b0c13b5e349670,https://open-images-dataset.s3.amazonaws.com/validation/e4b0c13b5e349670.jpg,8a4bdd77adff3bc47893726d27e8a707
,scene,event,people,,,,https://creativecommons.org/licenses/by/2.0/,zorilla https://www.flickr.com/photos/barry_b/212598562,openimages:validation:3e954b0419cda7fc,https://open-images-dataset.s3.amazonaws.com/validation/3e954b0419cda7fc.jpg,3dc839d216877deea79128473b93335d
,scene,event,people,,,,https://creativecommons.org/licenses/by/2.0/,Eric Danley https://www.flickr.com/photos/edanley/14543111231,openimages:validation:c0f084c043912cf2,https://open-images-dataset.s3.amazonaws.com/validation/c0f084c043912cf2.jpg,3aac1e8aa00c10a97f539d6e7d08b9d7
,scene,event,people,,,,https://creativecommons.org/licenses/by/2.0/,Anna Webber https://www.flickr.com/photos/campuslife/5945581338,openimages:validation:fdd021f2580e6eed,https://open-images-dataset.s3.amazonaws.com/validation/fdd021f2580e6eed.jpg,211689a748cead019555bbf76a09e7a2
,scene,event,people,,,,https://creativecommons.org/licenses/by/2.0/,mirjoran https://www.flickr.com/photos/mirjoran/14624736820,openimages:validation:f4fbce82edd64d26,https://open-images-dataset.s3.amazonaws.com/validation/f4fbce82edd64d26.jpg,3bdeca4738a8660f160fda573d95ca65
,scene,event,people,,,,https://creativecommons.org/licenses/by/2.0/,Rachel Docherty https://www.flickr.com/photos/fussyonion/20360348093,openimages:validation:ae1b1cd448912ff2,https://open-images-dataset.s3.amazonaws.com/validation/ae1b1cd448912ff2.jpg,7339db671ed2739aadde1f2fecd3bf17
,scene,event,people,,,,https://creativecommons.org/licenses/by/2.0/,my all photos https://www.flickr.com/photos/mdnurul-islam/411197866,openimages:validation:4ed3059b1fb35995,https://open-images-dataset.s3.amazonaws.com/validation/4ed3059b1fb35995.jpg,bbd4455b13a9cdb2aba5f1300003492f
,scene,event,people,,,,https://creativecommons.org/licenses/by/2.0/,Galeria del Ministerio de Defensa del Perú https://www.flickr.com/photos/92793865@N07/15350291038,openimages:validation:207206c41c624c21,https://open-images-dataset.s3.amazonaws.com/validation/207206c41c624c21.jpg,e470dbde04a9c69a52b181e42ca5f3c6
,scene,event,people,,,,https://creativecommons.org/licenses/by/2.0/,Toru (waviaei) https://www.flickr.com/photos/waviaei/5463770614,openimages:validation:a884bd23469425f7,https://open-images-dataset.s3.amazonaws.com/validation/a884bd23469425f7.jpg,f963d9d74d6be6a68775c28eaa707a12
,scene,event,people,,,,https://creativecommons.org/licenses/by/2.0/,chazzvid https://www.flickr.com/photos/spawnster/429117503,openimages:validation:86a0f9bddbe0fbf0,https://open-images-dataset.s3.amazonaws.com/validation/86a0f9bddbe0fbf0.jpg,8012369927bc4515d4607add9f9a38fe
,scene,event,people,,,,https://creativecommons.org/licenses/by/2.0/,Chris Bögle https://www.flickr.com/photos/50367113@N00/322995584,openimages:validation:43d0a572b0768443,https://open-images-dataset.s3.amazonaws.com/validation/43d0a572b0768443.jpg,1a9c64139049b87ab9e2f401e577fe8d
,scene,event,people,,,,https://creativecommons.org/licenses/by/2.0/,工房 やまもも https://www.flickr.com/photos/yosakoigraffiti/4808183235,openimages:validation:83b9142d6ec5871b,https://open-images-dataset.s3.amazonaws.com/validation/83b9142d6ec5871b.jpg,71fd80fd044489c899f7793700f6d8ea
,scene,event,people,,,,https://creativecommons.org/licenses/by/2.0/,Meaghan O&#x27;Malley https://www.flickr.com/photos/ohmeaghan/10193533924,openimages:validation:74d87253cbb1de54,https://open-images-dataset.s3.amazonaws.com/validation/74d87253cbb1de54.jpg,dcf5057919daedf5af01408424bd86ed
,scene,event,people,night,,,https://creativecommons.org/licenses/by/2.0/,Gordon Tarpley https://www.flickr.com/photos/gordontarpley/6748234159,openimages:validation:c0ae3a5faf42a968,https://open-images-dataset.s3.amazonaws.com/validation/c0ae3a5faf42a968.jpg,ebd8419539f45519c7ab60d6f58e973c
,scene,event,people,,,,https://creativecommons.org/licenses/by/2.0/,Paulo Souto https://www.flickr.com/photos/paulosouto25/4944454499,openimages:validation:36755493e5f0bbb8,https://open-images-dataset.s3.amazonaws.com/validation/36755493e5f0bbb8.jpg,21f90a050081426d6ed47c3a74603cca
,scene,event,people,,,,https://creativecommons.org/licenses/by/2.0/,Richard Moross https://www.flickr.com/photos/richardmoross/37053826,openimages:validation:d560cfc36aecabb4,https://open-images-dataset.s3.amazonaws.com/validation/d560cfc36aecabb4.jpg,fce4f3558c4733faa1c0678eba5e4c73
,scene,event,people,,,,https://creativecommons.org/licenses/by/2.0/,Deeped Niclas &amp; Amanda Strandh https://www.flickr.com/photos/nslashdot/19004666016,openimages:validation:be67e17ec45f009e,https://open-images-dataset.s3.amazonaws.com/validation/be67e17ec45f009e.jpg,e237893053d530aa8c8f2321ef5f5e0f
,scene,event,people,,,,https://creativecommons.org/licenses/by/2.0/,Purple Slog https://www.flickr.com/photos/purpleslog/3921389241,openimages:validation:220dd0459513f089,https://open-images-dataset.s3.amazonaws.com/validation/220dd0459513f089.jpg,ab80b299ed79ceb4c5454f698ce6e4d1
,scene,event,people,,,,https://creativecommons.org/licenses/by/2.0/,TVZ Design https://www.flickr.com/photos/sirtrentalot/14458650486,openimages:validation:bea53ea21bb5323b,https://open-images-dataset.s3.amazonaws.com/validation/bea53ea21bb5323b.jpg,a7b87813ed59db6d0914a9f156f4704e
,scene,event,people,,,,https://creativecommons.org/licenses/by/2.0/,Alex Wyckmans https://www.flickr.com/photos/wycas_photography/15358644078,openimages:validation:0e0a23e811ca026b,https://open-images-dataset.s3.amazonaws.com/validation/0e0a23e811ca026b.jpg,5f5f0f086d13ec9a392606fce7e2669e
,scene,event,people,,,,https://creativecommons.org/licenses/by/2.0/,Loui Loui https://www.flickr.com/photos/berlin_cm7_b5/369719065,openimages:validation:49800eddc141cf27,https://open-images-dataset.s3.amazonaws.com/validation/49800eddc141cf27.jpg,b4d2109435003833d48886a1aab8cb9e
,scene,event,people,,,,https://creativecommons.org/licenses/by/2.0/,Robert Couse-Baker https://www.flickr.com/photos/29233640@N07/5152970049,openimages:validation:bbe7f9c5cbd91ffb,https://open-images-dataset.s3.amazonaws.com/validation/bbe7f9c5cbd91ffb.jpg,4f4bfb32016c748864f77509ed3423bb
,scene,sport,people,,,,https://creativecommons.org/licenses/by/2.0/,Sarah W. https://www.flickr.com/photos/sarasmile/487168933,openimages:validation:3a78bd605848b134,https://open-images-dataset.s3.amazonaws.com/validation/3a78bd605848b134.jpg,4ef5e4c840529ea64814c80c60a279e1
,scene,sport,people,,,,https://creativecommons.org/licenses/by/2.0/,Ben Sutherland https://www.flickr.com/photos/bensutherland/4596777770,openimages:validation:63b7e98772322753,https://open-images-dataset.s3.amazonaws.com/validation/63b7e98772322753.jpg,fe4fc192a4bf9f94de9f5c01c87657d6
,scene,sport,people,,,,https://creativecommons.org/licenses/by/2.0/,Joey https://www.flickr.com/photos/joo0ey/3572313064,openimages:validation:6c3321386f1dae8e,https://open-images-dataset.s3.amazonaws.com/validation/6c3321386f1dae8e.jpg,7f6508e133dbb146004906515fa960c1
,scene,sport,people,,,,https://creativecommons.org/licenses/by/2.0/,K. Tenbrock https://www.flickr.com/photos/oldbrian/9743657240/,openimages:validation:a6cc6313fbdaef76,https://open-images-dataset.s3.amazonaws.com/validation/a6cc6313fbdaef76.jpg,cb7756a4043be4dfb2bd4212b31e62d8
,scene,sport,people,,,,https://creativecommons.org/licenses/by/2.0/,lori05871 https://www.flickr.com/photos/mrsmaxspix/3654057999,openimages:validation:0638322e644186a1,https://open-images-dataset.s3.amazonaws.com/validation/0638322e644186a1.jpg,85b4d01fd0237ffb7be0c9cb8ba32fbb
,scene,sport,people,,,,https://creativecommons.org/licenses/by/2.0/,Shovon Chakraborty https://www.flickr.com/photos/20990961@N02/4384946752,openimages:validation:dfc86f37a6bed80b,https://open-images-dataset.s3.amazonaws.com/validation/dfc86f37a6bed80b.jpg,5e298618980a4f91c98934c2ee56327d
,scene,sport,people,,,,https://creativecommons.org/licenses/by/2.0/,ann p https://www.flickr.com/photos/miserychick/3272038261,openimages:validation:03006368ed61dbea,https://open-images-dataset.s3.amazonaws.com/validation/03006368ed61dbea.jpg,de670948d86556adc2044b913cb7ee62
,scene,sport,people,,,,https://creativecommons.org/licenses/by/2.0/,Jeff Turner https://www.flickr.com/photos/respres/8744106273,openimages:validation:07556da96e27ec13,https://open-images-dataset.s3.amazonaws.com/validation/07556da96e27ec13.jpg,9f605a8c377793e57e0d15be72841876
,scene,sport,people,,,,https://creativecommons.org/licenses/by/2.0/,Oleg. https://www.flickr.com/photos/olegshpyrko/7331888762,openimages:validation:a0b8948a5a669d86,https://open-images-dataset.s3.amazonaws.com/validation/a0b8948a5a669d86.jpg,6deb38b8754fe1f3654ed3a39130cf4a
,scene,sport,people,,,,https://creativecommons.org/licenses/by/2.0/,Gi-I https://www.flickr.com/photos/gi-i/5799503225,openimages:validation:c22e29581c0e797e,https://open-images-dataset.s3.amazonaws.com/validation/c22e29581c0e797e.jpg,4ede505d45e74714037373f4992c22ac
,scene,sport,people,,,,https://creativecommons.org/licenses/by/2.0/,U.S. Army Corps of Engineers Norfolk District https://www.flickr.com/photos/armyengineersnorfolk/7363681688/,openimages:validation:3e8c68133c1ea8f3,https://open-images-dataset.s3.amazonaws.com/validation/3e8c68133c1ea8f3.jpg,05e125aa21528a8227685593ad5af5e8
,scene,sport,people,,,,https://creativecommons.org/licenses/by/2.0/,PPMG (Popular Press Media Group) https://www.flickr.com/photos/8381967@N05/6183107142,openimages:validation:3dfbdcd1d1aaa02d,https://open-images-dataset.s3.amazonaws.com/validation/3dfbdcd1d1aaa02d.jpg,9ebeaac00ec52af5dfd9c4a9f486a018
,scene,sport,people,,,,https://creativecommons.org/licenses/by/2.0/,Dan DeLuca https://www.flickr.com/photos/dandeluca/3265087198,openimages:validation:c620d8d3c2e67be9,https://open-images-dataset.s3.amazonaws.com/validation/c620d8d3c2e67be9.jpg,a41ea4691f50203f4d8019e4d003471d
,scene,sport,people,,,,https://creativecommons.org/licenses/by/2.0/,Mel Torrie https://www.flickr.com/photos/meltorrie/8251821738,openimages:validation:8fd5b6376d5e15d2,https://open-images-dataset.s3.amazonaws.com/validation/8fd5b6376d5e15d2.jpg,037ff024745c10a20f3b9142dba34c20
,scene,sport,people,,,,https://creativecommons.org/licenses/by/2.0/,Kosala Bandara https://www.flickr.com/photos/kosalabandara/7958164006,openimages:validation:e9502b3b8b3c926d,https://open-images-dataset.s3.amazonaws.com/validation/e9502b3b8b3c926d.jpg,198314816569fa4e8c926d3c64da7851
,scene,sport,people,,,,https://creativecommons.org/licenses/by/2.0/,Heikki Siltala https://www.flickr.com/photos/heikkisiltala/17944029213,openimages:validation:fb548bd4e87c660b,https://open-images-dataset.s3.amazonaws.com/validation/fb548bd4e87c660b.jpg,60a1d020c32afb86402d4cb31fd5b7a9
,scene,sport,people,,,,https://creativecommons.org/licenses/by/2.0/,Tim Parker https://www.flickr.com/photos/kilted01_photography/14235021177,openimages:validation:8987951815d36f77,https://open-images-dataset.s3.amazonaws.com/validation/8987951815d36f77.jpg,4c4403cdbb5ff810992e2571ca9ac8de
,scene,sport,people,,,,https://creativecommons.org/licenses/by/2.0/,sputnik https://www.flickr.com/photos/hellosputnik/2918300295,openimages:validation:ebf12f432ddd2e7f,https://open-images-dataset.s3.amazonaws.com/validation/ebf12f432ddd2e7f.jpg,d578a3883d94a0e9e10933500fa5627d
,scene,sport,people,,,,https://creativecommons.org/licenses/by/2.0/,West Point - The U.S. Military Academy https://www.flickr.com/photos/west_point/5154842849,openimages:validation:55127e3526e2e2c2,https://open-images-dataset.s3.amazonaws.com/validation/55127e3526e2e2c2.jpg,c7e7f8ab0ef2acecb27693933a8c6ba0
,scene,sport,people,,,,https://creativecommons.org/licenses/by/2.0/,angela n. https://www.flickr.com/photos/aon/2915777595/,openimages:validation:694ad0e93f622fbc,https://open-images-dataset.s3.amazonaws.com/validation/694ad0e93f622fbc.jpg,d8fd79280532c1359ef552c630f06cfd
,scene,sport,people,,,,https://creativecommons.org/licenses/by/2.0/,Andrij Bulba https://www.flickr.com/photos/andrijbulba/2542977860,openimages:validation:ec08ec2daa0d2de0,https://open-images-dataset.s3.amazonaws.com/validation/ec08ec2daa0d2de0.jpg,8e2f1eeff12580006f167a6208eb5506
,scene,sport,people,,,,https://creativecommons.org/licenses/by/2.0/,Jaymis Loveday https://www.flickr.com/photos/jaymis/3482745788,openimages:validation:2e9c24b2005b3adf,https://open-images-dataset.s3.amazonaws.com/validation/2e9c24b2005b3adf.jpg,bb8e1f05df1db1f382e8548ca4e5b532
,scene,sport,people,,,,https://creativecommons.org/licenses/by/2.0/,Jeremy McWilliams https://www.flickr.com/photos/jeremy2443/4511913417,openimages:validation:5ea0b445a66381a8,https://open-images-dataset.s3.amazonaws.com/validation/5ea0b445a66381a8.jpg,f23e075a2883c033b162568b5a6313af
,scene,sport,people,,,,https://creativecommons.org/licenses/by/2.0/,Rio https://www.flickr.com/photos/traumbilder/6816457381,openimages:validation:3120e46a6a14d2ee,https://open-images-dataset.s3.amazonaws.com/validation/3120e46a6a14d2ee.jpg,5357bd00ecfdcd137d16ffecc8948994
,scene,sport,people,,,,https://creativecommons.org/licenses/by/2.0/,Stig Nygaard https://www.flickr.com/photos/stignygaard/9141188655,openimages:validation:0f2358e793950ca0,https://open-images-dataset.s3.amazonaws.com/validation/0f2358e793950ca0.jpg,d2667d61a913e990202959133fae504b
,scene,sport,people,,,,https://creativecommons.org/licenses/by/2.0/,WDPG share https://www.flickr.com/photos/wdpg_share/3177993232,openimages:validation:5014cc45d81322b8,https://open-images-dataset.s3.amazonaws.com/validation/5014cc45d81322b8.jpg,d0b21a2c40cc65146da1e6d5df52b97a
,scene,sport,people,,,,https://creativecommons.org/licenses/by/2.0/,Five Hole For Food https://www.flickr.com/photos/fiveholeforfood/7553448096,openimages:validation:ef537facdefd824c,https://open-images-dataset.s3.amazonaws.com/validation/ef537facdefd824c.jpg,934aae207f0353d671fedea239f6a30a
,scene,sport,people,,,,https://creativecommons.org/licenses/by/2.0/,U.S. Naval Forces Central Command/U.S. Fifth Fleet https://www.flickr.com/photos/navcent/9240028652/,openimages:validation:b95e542a5ac525bc,https://open-images-dataset.s3.amazonaws.com/validation/b95e542a5ac525bc.jpg,13768a667797c527039c89894bae5f92
,scene,sport,people,,,,https://creativecommons.org/licenses/by/2.0/,Paul Roberts https://www.flickr.com/photos/86329203@N08/11821691004,openimages:validation:8f7cf3384dd9bcb7,https://open-images-dataset.s3.amazonaws.com/validation/8f7cf3384dd9bcb7.jpg,31c2df6e3a32d483346dd32e855fa953
,scene,sport,people,,,,https://creativecommons.org/licenses/by/2.0/,Robert Engberg https://www.flickr.com/photos/rengber/305307456,openimages:validation:31c1e34fcaf9d09e,https://open-images-dataset.s3.amazonaws.com/validation/31c1e34fcaf9d09e.jpg,fe01ffcdd14e72b94716592e618f5652
,scene,sport,people,,,,https://creativecommons.org/licenses/by/2.0/,Cayobo https://www.flickr.com/photos/cayobo/20835734801,openimages:validation:486be6f4be1dbde7,https://open-images-dataset.s3.amazonaws.com/validation/486be6f4be1dbde7.jpg,413853edcc6de602f9dd255554acf792
,scene,sport,people,,,,https://creativecommons.org/licenses/by/2.0/,"DeusXFlorida (9,099,774 views) - thanks guys! https://www.flickr.com/photos/8363028@N08/3208346042",openimages:validation:bc413fdb9e02c5b5,https://open-images-dataset.s3.amazonaws.com/validation/bc413fdb9e02c5b5.jpg,54ee6dcd5c560b75b1f0955fa4c37f52
,scene,sport,people,,,,https://creativecommons.org/licenses/by/2.0/,herval https://www.flickr.com/photos/herval/386880012/,openimages:validation:d8291f20f823f348,https://open-images-dataset.s3.amazonaws.com/validation/d8291f20f823f348.jpg,862ece66a42eb4d413bb33ba31898a5a
,scene,sport,people,,,,https://creativecommons.org/licenses/by/2.0/,"Jim, the Photographer https://www.flickr.com/photos/jcapaldi/2739716514",openimages:validation:aa3936d9550c29d3,https://open-images-dataset.s3.amazonaws.com/validation/aa3936d9550c29d3.jpg,f2d438cbda6ba6559493542c383580e9
,scene,sport,people,,underwater,,https://creativecommons.org/licenses/by/2.0/,Upsilon Andromedae https://www.flickr.com/photos/upsand/240284336,openimages:validation:99591e3c7bed456e,https://open-images-dataset.s3.amazonaws.com/validation/99591e3c7bed456e.jpg,b228e1c154e8a6aea6a9c6fa9134bbdb
,scene,sport,people,,,,https://creativecommons.org/licenses/by/2.0/,Tom Adams https://www.flickr.com/photos/adamspeoria/5080752761,openimages:validation:626a3711b885a310,https://open-images-dataset.s3.amazonaws.com/validation/626a3711b885a310.jpg,acda4a8d27674c95c3f4091a09805a7f
,scene,sport,people,,,,https://creativecommons.org/licenses/by/2.0/,Swiss Tchoukball https://www.flickr.com/photos/swisstchoukball/16208123099,openimages:validation:b6c113a9822923bb,https://open-images-dataset.s3.amazonaws.com/validation/b6c113a9822923bb.jpg,416660909ac595f7b229f05c3311d3c6
,scene,sport,people,,,,https://creativecommons.org/licenses/by/2.0/,Gaël Marziou https://www.flickr.com/photos/gmarziou/47244017,openimages:validation:3a30bba9227d2d2b,https://open-images-dataset.s3.amazonaws.com/validation/3a30bba9227d2d2b.jpg,090b9629d4b1da84683fd9655791fc19
,scene,sport,people,,,,https://creativecommons.org/licenses/by/2.0/,Rob Marchand https://www.flickr.com/photos/cuss/8576642728,openimages:validation:351b5737a1ab2885,https://open-images-dataset.s3.amazonaws.com/validation/351b5737a1ab2885.jpg,5c47e6d513030fad8d0b6bb85d980003
,scene,sport,people,,,,https://creativecommons.org/licenses/by/2.0/,Charlotte Fire Department Charlotte NC https://www.flickr.com/photos/charlottefd/13581573975,openimages:validation:9714ce5b11a7fbd6,https://open-images-dataset.s3.amazonaws.com/validation/9714ce5b11a7fbd6.jpg,9eb6eeca7aabb04f202d1b72a8ecda28
,scene,sport,people,,,,https://creativecommons.org/licenses/by/2.0/,Chris Ptacek https://www.flickr.com/photos/chrisptacek/17226294325,openimages:validation:875fe886b023ae54,https://open-images-dataset.s3.amazonaws.com/validation/875fe886b023ae54.jpg,fa977d2fcb8be29e59c6e77f7a95288e
,scene,sport,people,,,,https://creativecommons.org/licenses/by/2.0/,Ferguson https://www.flickr.com/photos/imagesbyferg/2432475369,openimages:validation:a2dd36ed4ad2ffe2,https://open-images-dataset.s3.amazonaws.com/validation/a2dd36ed4ad2ffe2.jpg,ffb4ccee69664a599ab6600b984f3431
,scene,sport,people,,,,https://creativecommons.org/licenses/by/2.0/,Rich Collins https://www.flickr.com/photos/sherwoodgirlslax/4589206117,openimages:validation:5f8008c17ab3fb17,https://open-images-dataset.s3.amazonaws.com/validation/5f8008c17ab3fb17.jpg,8aa3d3b712397b0cdf8c712137f06ff7
,scene,sport,people,,,,https://creativecommons.org/licenses/by/2.0/,thinboyfatter https://www.flickr.com/photos/1234abcd/2209416068,openimages:validation:afc27d3226797bc4,https://open-images-dataset.s3.amazonaws.com/validation/afc27d3226797bc4.jpg,d54b7f4a4cdafa730080d297b507fa0f
,scene,sport,people,,,,https://creativecommons.org/licenses/by/2.0/,Mike Schinkel https://www.flickr.com/photos/mikeschinkel/2639868215,openimages:validation:245f751de7716011,https://open-images-dataset.s3.amazonaws.com/validation/245f751de7716011.jpg,d6467e40ebd901983c11030ae8503d55
,scene,sport,people,,,,https://creativecommons.org/licenses/by/2.0/,kei51 https://www.flickr.com/photos/kei51/5106391421,openimages:validation:ae5ab050be04def2,https://open-images-dataset.s3.amazonaws.com/validation/ae5ab050be04def2.jpg,01d53be17f2e33094405803d0dd71b0a
,scene,sport,people,,,,https://creativecommons.org/licenses/by/2.0/,David https://www.flickr.com/photos/bootbearwdc/5562315478,openimages:validation:cba1b2f76ebe744d,https://open-images-dataset.s3.amazonaws.com/validation/cba1b2f76ebe744d.jpg,abb7b9b9d901f9f6d33e015707b3ceb6
,scene,sport,people,,,,https://creativecommons.org/licenses/by/2.0/,Matthew Straubmuller https://www.flickr.com/photos/imatty35/7702438750,openimages:validation:a2121377ef05d0af,https://open-images-dataset.s3.amazonaws.com/validation/a2121377ef05d0af.jpg,364bb305c10cab6c4cda735912ce06ee
,scene,sport,people,,,,https://creativecommons.org/licenses/by/2.0/,SteFou! https://www.flickr.com/photos/stephen-oung/6125291726,openimages:validation:5e5cddc86093e1b0,https://open-images-dataset.s3.amazonaws.com/validation/5e5cddc86093e1b0.jpg,bdd365af3444d4c228d43ef8fbc03dda
,scene,sport,people,,,,https://creativecommons.org/licenses/by/2.0/,Niklas Gustavsson https://www.flickr.com/photos/protocol7/6012675912,openimages:validation:7ed3fbc0d52eae5d,https://open-images-dataset.s3.amazonaws.com/validation/7ed3fbc0d52eae5d.jpg,3d955cc1d1d1be5ea3b22ad339c5934b
,scene,flower,macro,,,close_up,https://creativecommons.org/licenses/by/2.0/,Kat Kellner https://www.flickr.com/photos/93033713@N00/2250717819,openimages:validation:f998295aa3f80dee,https://open-images-dataset.s3.amazonaws.com/validation/f998295aa3f80dee.jpg,f5b2049127473fae96ade0b8a98354c8
,scene,flower,macro,,,close_up,https://creativecommons.org/licenses/by/2.0/,pbkwee https://www.flickr.com/photos/rimuhosting/7581866452,openimages:validation:a69274c86477046d,https://open-images-dataset.s3.amazonaws.com/validation/a69274c86477046d.jpg,9aac9e1d7d41c63c30fdc8f5c5e34054
,scene,flower,macro,,,close_up,https://creativecommons.org/licenses/by/2.0/,Bushtography https://www.flickr.com/photos/bushtography/8521941366,openimages:validation:36647ad51b00fea0,https://open-images-dataset.s3.amazonaws.com/validation/36647ad51b00fea0.jpg,9ef2f6bc2a94359c1694f5a560b1a5c9
,scene,flower,macro,,,close_up,https://creativecommons.org/licenses/by/2.0/,Nate Angell https://www.flickr.com/photos/ixmati/7509717434,openimages:validation:5f4374522f4812ad,https://open-images-dataset.s3.amazonaws.com/validation/5f4374522f4812ad.jpg,6524319fe8e9932e5d7298fc6972e7b4
,scene,flower,macro,,,close_up,https://creativecommons.org/licenses/by/2.0/,Samantha Forsberg https://www.flickr.com/photos/74444001@N00/11207483896/,openimages:validation:e8e00e0e991aeb81,https://open-images-dataset.s3.amazonaws.com/validation/e8e00e0e991aeb81.jpg,694e600425b4fb71278fb35a092fdd5a
,scene,flower,macro,,,close_up,https://creativecommons.org/licenses/by/2.0/,Thangaraj Kumaravel https://www.flickr.com/photos/kumaravel/8286825688,openimages:validation:f2de14730aad6b37,https://open-images-dataset.s3.amazonaws.com/validation/f2de14730aad6b37.jpg,b8f773cfa2058ae604b69c91b48e8bbd
,scene,flower,macro,,,close_up,https://creativecommons.org/licenses/by/2.0/,NatureShutterbug https://www.flickr.com/photos/deinandra/303343059,openimages:validation:56b7ce46b56374a2,https://open-images-dataset.s3.amazonaws.com/validation/56b7ce46b56374a2.jpg,4d21ff90bc12364549b62d74cc82f5e2
,scene,flower,macro,,,close_up,https://creativecommons.org/licenses/by/2.0/,Nick Hubbard https://www.flickr.com/photos/nickhubbard/5556995056,openimages:validation:d27cf4b0cdc891e4,https://open-images-dataset.s3.amazonaws.com/validation/d27cf4b0cdc891e4.jpg,eea19cfb9759e6cd40eb03e1aa29b86a
,scene,flower,macro,,,close_up,https://creativecommons.org/licenses/by/2.0/,Jean-Michel Moullec https://www.flickr.com/photos/enez35/14969413230,openimages:validation:b74e675287d74e8a,https://open-images-dataset.s3.amazonaws.com/validation/b74e675287d74e8a.jpg,af67ce2ef15ae3f4eb5b5eecf5325287
,scene,flower,macro,,,close_up,https://creativecommons.org/licenses/by/2.0/,Chelsea Nesvig https://www.flickr.com/photos/ozmafan/5705597871,openimages:validation:3276167c5c97bd55,https://open-images-dataset.s3.amazonaws.com/validation/3276167c5c97bd55.jpg,b8be8d69c3c11d89b3a1eabd205afba4
,scene,flower,macro,,,close_up,https://creativecommons.org/licenses/by/2.0/,David Blaikie https://www.flickr.com/photos/nikonvscanon/2824559169,openimages:validation:b0758afed6a2a932,https://open-images-dataset.s3.amazonaws.com/validation/b0758afed6a2a932.jpg,a0c6755f16aa1d80acdee647eb086721
,scene,flower,macro,,,close_up,https://creativecommons.org/licenses/by/2.0/,Alan Levine https://www.flickr.com/photos/cogdog/6923288190,openimages:validation:6c407798d2b5c38d,https://open-images-dataset.s3.amazonaws.com/validation/6c407798d2b5c38d.jpg,304e7352b96a41171fec7ddb684a888c
,scene,flower,macro,,,close_up,https://creativecommons.org/licenses/by/2.0/,David Guyler https://www.flickr.com/photos/daviegee/19172777240,openimages:validation:37bdaed456888454,https://open-images-dataset.s3.amazonaws.com/validation/37bdaed456888454.jpg,d6d5480df13010ef0432a56c5298fe60
,scene,flower,macro,,,close_up,https://creativecommons.org/licenses/by/2.0/,Adam https://www.flickr.com/photos/aaddaamn/5196231371,openimages:validation:b4aebc1fea614cbd,https://open-images-dataset.s3.amazonaws.com/validation/b4aebc1fea614cbd.jpg,513531a8ee010354a27c27db74f66da0
,scene,flower,macro,,,close_up,https://creativecommons.org/licenses/by/2.0/,nick fullerton https://www.flickr.com/photos/18203311@N08/4850317850,openimages:validation:0a599940d33b6b2b,https://open-images-dataset.s3.amazonaws.com/validation/0a599940d33b6b2b.jpg,587bd1f0ce6261f22d9de9da5ebaf562
,scene,flower,macro,,,close_up,https://creativecommons.org/licenses/by/2.0/,Noel Pennington https://www.flickr.com/photos/noelpenn/13621286825,openimages:validation:85588339a2da622e,https://open-images-dataset.s3.amazonaws.com/validation/85588339a2da622e.jpg,b5795e7a92d9a845f494b188af6a0bf2
,scene,flower,macro,,,close_up,https://creativecommons.org/licenses/by/2.0/,Vlad Butsky https://www.flickr.com/photos/butsky/3757981217/,openimages:validation:a582136ddd86639a,https://open-images-dataset.s3.amazonaws.com/validation/a582136ddd86639a.jpg,7776d516fa29eddf72a3e3bdae459523
,scene,flower,macro,,,close_up,https://creativecommons.org/licenses/by/2.0/,Mike Baird https://www.flickr.com/photos/mikebaird/5539046822,openimages:validation:5ca30c8533cbcbfe,https://open-images-dataset.s3.amazonaws.com/validation/5ca30c8533cbcbfe.jpg,ee6120982016d751fd1f4727b5a6aadb
,scene,flower,macro,,,close_up,https://creativecommons.org/licenses/by/2.0/,A Davis https://www.flickr.com/photos/biggernoise/5025328914/,openimages:validation:358b1ecd0ae0bcfc,https://open-images-dataset.s3.amazonaws.com/validation/358b1ecd0ae0bcfc.jpg,a766fe68b4eb097b0ccfa971a62b77ee
,scene,flower,macro,,,close_up,https://creativecommons.org/licenses/by/2.0/,Thangaraj Kumaravel https://www.flickr.com/photos/kumaravel/8468215496,openimages:validation:8299d64d9559a9d8,https://open-images-dataset.s3.amazonaws.com/validation/8299d64d9559a9d8.jpg,c4feb49a348e29612c0a0bd1a4241d62
,scene,flower,macro,,,close_up,https://creativecommons.org/licenses/by/2.0/,Noël Zia Lee https://flickr.com/36899742@N00/1889404131,openimages:validation:290a37db267d1dda,https://open-images-dataset.s3.amazonaws.com/validation/290a37db267d1dda.jpg,c8f5f6e3fc62c90bad2fb7990e9b911b
,scene,flower,macro,,,close_up,https://creativecommons.org/licenses/by/2.0/,plerd https://www.flickr.com/photos/96630302@N08/9072307282,openimages:validation:7721ccf2bf58f98a,https://open-images-dataset.s3.amazonaws.com/validation/7721ccf2bf58f98a.jpg,f8b44a2fe08ffa5bf0681d5163ace3d1
,scene,flower,macro,,,close_up,https://creativecommons.org/licenses/by/2.0/,Luis Pérez https://www.flickr.com/photos/pe5pe/3682506560,openimages:validation:487281a9680fd0c3,https://open-images-dataset.s3.amazonaws.com/validation/487281a9680fd0c3.jpg,9359c5a588549a8c80b09391d249d185
,scene,flower,macro,,,close_up,https://creativecommons.org/licenses/by/2.0/,Lee Wright https://www.flickr.com/photos/leewrightonflickr/14338960461,openimages:validation:73247251f1b2164e,https://open-images-dataset.s3.amazonaws.com/validation/73247251f1b2164e.jpg,0d946390f34492e8a9ba5fa4a67353be
,scene,flower,macro,,,close_up,https://creativecommons.org/licenses/by/2.0/,Stockport Council https://www.flickr.com/photos/stockportcouncil/8316723267,openimages:validation:45173e31e775b2ff,https://open-images-dataset.s3.amazonaws.com/validation/45173e31e775b2ff.jpg,f7a7d816fe483ac4e9acd9a216b7ef9c
,scene,flower,macro,,,close_up,https://creativecommons.org/licenses/by/2.0/,liz west https://www.flickr.com/photos/calliope/580379,openimages:validation:7d3f0749f153b83d,https://open-images-dataset.s3.amazonaws.com/validation/7d3f0749f153b83d.jpg,f83c498d80bc23f4c8c6a8a5e51a2ca2
,scene,flower,macro,,,close_up,https://creativecommons.org/licenses/by/2.0/,zingyyellow...! https://www.flickr.com/photos/zingyyellow/3473071044,openimages:validation:7d77fa1b81e24547,https://open-images-dataset.s3.amazonaws.com/validation/7d77fa1b81e24547.jpg,4313691b773f8cd0a38b38f836a1c175
,scene,flower,macro,,,close_up,https://creativecommons.org/licenses/by/2.0/,Peter Brown https://www.flickr.com/photos/zadok_the_priest/3909315714,openimages:validation:8a8006c0d8f9b67b,https://open-images-dataset.s3.amazonaws.com/validation/8a8006c0d8f9b67b.jpg,96549641a6e44fce10d771e25a326ba1
,scene,flower,macro,,,close_up,https://creativecommons.org/licenses/by/2.0/,Peter Shanks https://www.flickr.com/photos/botheredbybees/1427956096,openimages:validation:3f2b555480e30482,https://open-images-dataset.s3.amazonaws.com/validation/3f2b555480e30482.jpg,c9629e64c5875a9dc38640bdb889807b
,scene,flower,macro,,,close_up,https://creativecommons.org/licenses/by/2.0/,Shkumbin Saneja https://www.flickr.com/photos/shkumbin/5567168121,openimages:validation:7f209a4265e0294c,https://open-images-dataset.s3.amazonaws.com/validation/7f209a4265e0294c.jpg,3282bb5148b6012aaef334c002272228
,scene,flower,macro,,,close_up,https://creativecommons.org/licenses/by/2.0/,South African Tourism https://www.flickr.com/photos/south-african-tourism/6252676273,openimages:validation:df78e90cf3b14478,https://open-images-dataset.s3.amazonaws.com/validation/df78e90cf3b14478.jpg,81371ae263858d189414fa25bad96b7e
,scene,flower,macro,,,close_up,https://creativecommons.org/licenses/by/2.0/,devra https://www.flickr.com/photos/minicooper93402/6998960149,openimages:validation:4a9f8fa96d6b2cd4,https://open-images-dataset.s3.amazonaws.com/validation/4a9f8fa96d6b2cd4.jpg,082db5cefaea224ac98c1c80f3c8b135
,scene,flower,macro,,,close_up,https://creativecommons.org/licenses/by/2.0/,David Ohmer https://www.flickr.com/photos/the-o/2294116191,openimages:validation:732ec137fd3abae5,https://open-images-dataset.s3.amazonaws.com/validation/732ec137fd3abae5.jpg,ffb473ac088ee72e78e50e583803e8c3
,scene,flower,macro,,,close_up,https://creativecommons.org/licenses/by/2.0/,zaimoku_woodpile https://www.flickr.com/photos/11250735@N07/10622150734/,openimages:validation:a66ad89af08cae3f,https://open-images-dataset.s3.amazonaws.com/validation/a66ad89af08cae3f.jpg,911d4ab9906c2647a56492af7af595bd
,scene,flower,macro,,,close_up,https://creativecommons.org/licenses/by/2.0/,Rictor Norton  &amp; David Allen https://www.flickr.com/photos/rictor-and-david/15387024110,openimages:validation:760af291ee45a41c,https://open-images-dataset.s3.amazonaws.com/validation/760af291ee45a41c.jpg,8881972d23008e02e8f2afeb1783fb07
,scene,flower,macro,,,close_up,https://creativecommons.org/licenses/by/2.0/,Andreas Thell https://www.flickr.com/photos/thell/4780011328,openimages:validation:1ddc1e0404798264,https://open-images-dataset.s3.amazonaws.com/validation/1ddc1e0404798264.jpg,9fb379de7805295faff97e923fdaa14e
,scene,flower,macro,,,close_up,https://creativecommons.org/licenses/by/2.0/,Zengame https://www.flickr.com/photos/zengame/15265116691,openimages:validation:9ef1fc55aad5f36f,https://open-images-dataset.s3.amazonaws.com/validation/9ef1fc55aad5f36f.jpg,101694830bc4525c3bdcf9a9676492f3
,scene,flower,macro,,,close_up,https://creativecommons.org/licenses/by/2.0/,Takuya ASADA https://www.flickr.com/photos/syuu/15286767606,openimages:validation:23e40376a27a9dca,https://open-images-dataset.s3.amazonaws.com/validation/23e40376a27a9dca.jpg,f668f7f781c8ba50d9d16f79f10724a3
,scene,flower,macro,,,close_up,https://creativecommons.org/licenses/by/2.0/,Danielo Cavalli https://www.flickr.com/photos/danuqui/155932395,openimages:validation:e0390045846a89c0,https://open-images-dataset.s3.amazonaws.com/validation/e0390045846a89c0.jpg,ed87f0c74e652795608c829d37bd3817
,scene,flower,macro,,,close_up,https://creativecommons.org/licenses/by/2.0/,Naz Amir https://www.flickr.com/photos/nazerim/16818530682,openimages:validation:c277d3a6148af8d1,https://open-images-dataset.s3.amazonaws.com/validation/c277d3a6148af8d1.jpg,691445fca3c24e8211bd0de01b7facd3
,scene,flower,macro,,,close_up,https://creativecommons.org/licenses/by/2.0/,Niikita1 https://www.flickr.com/photos/87307428@N06/8024245940,openimages:validation:b76f067ccd1d3385,https://open-images-dataset.s3.amazonaws.com/validation/b76f067ccd1d3385.jpg,e77b79ab3b77f5be4b697b2003e2d030
,scene,flower,macro,,,close_up,https://creativecommons.org/licenses/by/2.0/,Esin Üstün https://www.flickr.com/photos/pamas/15257869076,openimages:validation:549106e39a47f57f,https://open-images-dataset.s3.amazonaws.com/validation/549106e39a47f57f.jpg,bed03bd3ac07779f77f40d2b4e95e12b
,scene,flower,macro,,,close_up,https://creativecommons.org/licenses/by/2.0/,Paul Asman and Jill Lenoble https://www.flickr.com/photos/pauljill/9258818134,openimages:validation:8112f6bb34cfa2b9,https://open-images-dataset.s3.amazonaws.com/validation/8112f6bb34cfa2b9.jpg,3a14e89682e86f1a0f17b478ec8d9245
,scene,flower,macro,,,close_up,https://creativecommons.org/licenses/by/2.0/,Anton Pinchuk https://www.flickr.com/photos/djvirus/4093591828,openimages:validation:44d1101808426fc7,https://open-images-dataset.s3.amazonaws.com/validation/44d1101808426fc7.jpg,65c5c3e6dc3b3719d200569b3ac5f450
,scene,flower,macro,,,close_up,https://creativecommons.org/licenses/by/2.0/,the great 8 https://www.flickr.com/photos/great8/7791897090,openimages:validation:1f91848f55196f79,https://open-images-dataset.s3.amazonaws.com/validation/1f91848f55196f79.jpg,06c21465d45ec094370f42d058fb992b
,scene,flower,macro,,,close_up,https://creativecommons.org/licenses/by/2.0/,Chuck Abbe https://www.flickr.com/photos/chuckthephotographer/4627952217,openimages:validation:de6ff4398ce50f91,https://open-images-dataset.s3.amazonaws.com/validation/de6ff4398ce50f91.jpg,c10a2964098e3f4225b5349c91265278
,scene,flower,macro,,,close_up,https://creativecommons.org/licenses/by/2.0/,Janine https://www.flickr.com/photos/geishabot/2187845259,openimages:validation:d8cf780534144096,https://open-images-dataset.s3.amazonaws.com/validation/d8cf780534144096.jpg,21e7dacdd6d1da3894e83031473c5a43
,scene,flower,macro,,,close_up,https://creativecommons.org/licenses/by/2.0/,Artur Luiz https://www.flickr.com/photos/artur_fotos/9893795166/,openimages:validation:b0d1ec501aa968cf,https://open-images-dataset.s3.amazonaws.com/validation/b0d1ec501aa968cf.jpg,69e43206a7e329fc33890bf82776b3c9
,scene,flower,macro,,,close_up,https://creativecommons.org/licenses/by/2.0/,OakleyOriginals https://www.flickr.com/photos/oakleyoriginals/6239714402,openimages:validation:3ff0055585be728a,https://open-images-dataset.s3.amazonaws.com/validation/3ff0055585be728a.jpg,1d303f527be88153c4fd1aca131c6ebf
,scene,flower,macro,,,close_up,https://creativecommons.org/licenses/by/2.0/,Mary T Moore https://www.flickr.com/photos/pebbledash-grey/6903842553,openimages:validation:15123a4d4998787f,https://open-images-dataset.s3.amazonaws.com/validation/15123a4d4998787f.jpg,7e6e0fcb329d49e9c8b998add60485d4
,scene,plant,macro,,,close_up,https://creativecommons.org/licenses/by/2.0/,Scott Robinson https://www.flickr.com/photos/clearlyambiguous/71763151,openimages:validation:aa87762e60104aac,https://open-images-dataset.s3.amazonaws.com/validation/aa87762e60104aac.jpg,c61308ae8f1d1528bb19a079d4ddcaba
,scene,plant,macro,,,close_up,https://creativecommons.org/licenses/by/2.0/,angela n. https://www.flickr.com/photos/aon/8335247744,openimages:validation:7982e76e20a860ad,https://open-images-dataset.s3.amazonaws.com/validation/7982e76e20a860ad.jpg,17a6fba9303a7865db8a0f968a3410b8
,scene,plant,macro,,,close_up,https://creativecommons.org/licenses/by/2.0/,Denali National Park and Preserve https://www.flickr.com/photos/denalinps/7945516726,openimages:validation:b8ef098f7c728cab,https://open-images-dataset.s3.amazonaws.com/validation/b8ef098f7c728cab.jpg,e9aa10a68864e9dcc59f1511f5788391
,scene,plant,macro,,,close_up,https://creativecommons.org/licenses/by/2.0/,Keith Williamson https://www.flickr.com/photos/elwillo/4366734011,openimages:validation:b803966d22aa18d5,https://open-images-dataset.s3.amazonaws.com/validation/b803966d22aa18d5.jpg,7d2335b9d990390bf8f2c31b12db7c01
,scene,plant,macro,,,close_up,https://creativecommons.org/licenses/by/2.0/,Graham Wise https://www.flickr.com/photos/108308648@N03/14544693363,openimages:validation:c1d11ab763c9c677,https://open-images-dataset.s3.amazonaws.com/validation/c1d11ab763c9c677.jpg,8755ed035391b46cbebe8688eb8f8f16
,scene,plant,macro,,,close_up,https://creativecommons.org/licenses/by/2.0/,jonny  goldstein https://www.flickr.com/photos/jonnygoldstein/4304620304,openimages:validation:c581658485cfae89,https://open-images-dataset.s3.amazonaws.com/validation/c581658485cfae89.jpg,dbad1b281c78856206dbbcc921fbd2fb
,scene,plant,macro,,,close_up,https://creativecommons.org/licenses/by/2.0/,Erik Starck https://www.flickr.com/photos/erikstarck/5809672846,openimages:validation:40429288a054ee4e,https://open-images-dataset.s3.amazonaws.com/validation/40429288a054ee4e.jpg,298aeba3412e8d708a07f210076a3701
,scene,plant,macro,,,close_up,https://creativecommons.org/licenses/by/2.0/,Bob Peterson https://www.flickr.com/photos/pondapple/16176093369,openimages:validation:30874714080e6e34,https://open-images-dataset.s3.amazonaws.com/validation/30874714080e6e34.jpg,e2fc0b872a6b5c5d95606d705ec3d102
,scene,plant,macro,,,close_up,https://creativecommons.org/licenses/by/2.0/,Nazareth College https://www.flickr.com/photos/nazareth_college/5053979265,openimages:validation:d8652ad7b6ab025a,https://open-images-dataset.s3.amazonaws.com/validation/d8652ad7b6ab025a.jpg,bf398618731be1af15556e79dc4dd552
,scene,plant,macro,,,close_up,https://creativecommons.org/licenses/by/2.0/,U.S. Fish and Wildlife Service Northeast Region https://www.flickr.com/photos/usfwsnortheast/4990091673,openimages:validation:d4ee641c1ecbf8cf,https://open-images-dataset.s3.amazonaws.com/validation/d4ee641c1ecbf8cf.jpg,e622fba890bda05660a111bc2b71d673
,scene,plant,macro,,,close_up,https://creativecommons.org/licenses/by/2.0/,Linda Tanner https://www.flickr.com/photos/goingslo/2952652640,openimages:validation:88db5034d81c2b38,https://open-images-dataset.s3.amazonaws.com/validation/88db5034d81c2b38.jpg,0ca97cdef5aff78302d22b3f8f905643
,scene,plant,macro,,,close_up,https://creativecommons.org/licenses/by/2.0/,nick fullerton https://www.flickr.com/photos/18203311@N08/3511718469,openimages:validation:63743e7b0786e5f2,https://open-images-dataset.s3.amazonaws.com/validation/63743e7b0786e5f2.jpg,c97f4874ea85834bf106a51613d1dbd7
,scene,plant,macro,,,close_up,https://creativecommons.org/licenses/by/2.0/,FromSandToGlass https://www.flickr.com/photos/ericabreetoe/5756760159,openimages:validation:ec161a4a4aa4e605,https://open-images-dataset.s3.amazonaws.com/validation/ec161a4a4aa4e605.jpg,ad197e719bda5c62f620f7e296d619b6
,scene,plant,macro,,,close_up,https://creativecommons.org/licenses/by/2.0/,ale https://www.flickr.com/photos/lapatia/4831666306,openimages:validation:5d7c7cbebbbeebf5,https://open-images-dataset.s3.amazonaws.com/validation/5d7c7cbebbbeebf5.jpg,85acb50915bbd79a55ba90c89168df57
,scene,plant,macro,,,close_up,https://creativecommons.org/licenses/by/2.0/,MyAngelG https://www.flickr.com/photos/aasg/1530371086,openimages:validation:485ba77d63717594,https://open-images-dataset.s3.amazonaws.com/validation/485ba77d63717594.jpg,bbde5ce213333b3485347258f5a65cd8
,scene,plant,macro,,,close_up,https://creativecommons.org/licenses/by/2.0/,Rennett Stowe https://www.flickr.com/photos/tomsaint/3847435602,openimages:validation:d2e1784fe84f7ea8,https://open-images-dataset.s3.amazonaws.com/validation/d2e1784fe84f7ea8.jpg,178d72be1a20d74532b7effb490fd634
,scene,plant,macro,,,close_up,https://creativecommons.org/licenses/by/2.0/,quapan https://www.flickr.com/photos/hinkelstone/9378142442,openimages:validation:28bbde57ad50350f,https://open-images-dataset.s3.amazonaws.com/validation/28bbde57ad50350f.jpg,404d76e19f246b085d2e2df9c8e406f5
,scene,plant,macro,,,close_up,https://creativecommons.org/licenses/by/2.0/,hipsxxhearts https://www.flickr.com/photos/hipsxxhearts/2366727763,openimages:validation:bf3d72d64dc023cd,https://open-images-dataset.s3.amazonaws.com/validation/bf3d72d64dc023cd.jpg,ad03c2363b008aec533313b596ac66fb
,scene,plant,macro,,,close_up,https://creativecommons.org/licenses/by/2.0/,Antonio https://www.flickr.com/photos/55484839@N08/15151115112,openimages:validation:4d5b44888ed0d301,https://open-images-dataset.s3.amazonaws.com/validation/4d5b44888ed0d301.jpg,c46c2c85cc8fe3c915a229cba7dba9fb
,scene,plant,macro,,,close_up,https://creativecommons.org/licenses/by/2.0/,angela n. https://www.flickr.com/photos/aon/8197300899,openimages:validation:af938be354fafb3f,https://open-images-dataset.s3.amazonaws.com/validation/af938be354fafb3f.jpg,0baa89b0c10f57213badf9bb72797f78
,scene,plant,macro,,,close_up,https://creativecommons.org/licenses/by/2.0/,Henrique Simplicio https://www.flickr.com/photos/henriquesimplicio/8738926897,openimages:validation:116f75bdc289b599,https://open-images-dataset.s3.amazonaws.com/validation/116f75bdc289b599.jpg,7798b98577c0f76c8721b7e514c183bf
,scene,plant,macro,,,close_up,https://creativecommons.org/licenses/by/2.0/,Sajid Shahriar https://www.flickr.com/photos/aul_faul/8429884772,openimages:validation:ccef79f3f149025f,https://open-images-dataset.s3.amazonaws.com/validation/ccef79f3f149025f.jpg,77e3f1d8d742420b02d62ef32d13432f
,scene,plant,macro,,,close_up,https://creativecommons.org/licenses/by/2.0/,francois schnell https://www.flickr.com/photos/frenchy/29778969,openimages:validation:aba3634bb59da688,https://open-images-dataset.s3.amazonaws.com/validation/aba3634bb59da688.jpg,4b6f7676f253927c643cc4f9cb8cbf13
,scene,plant,macro,,,close_up,https://creativecommons.org/licenses/by/2.0/,BODHICITTA https://www.flickr.com/photos/qfzz/12817451484,openimages:validation:3dca313aaf8f0347,https://open-images-dataset.s3.amazonaws.com/validation/3dca313aaf8f0347.jpg,21c7a2175985f7f9d04dad423f414475
,scene,plant,macro,,,close_up,https://creativecommons.org/licenses/by/2.0/,SeherMedia https://www.flickr.com/photos/66797172@N02/6084856046,openimages:validation:b91f2eeb062f5d04,https://open-images-dataset.s3.amazonaws.com/validation/b91f2eeb062f5d04.jpg,339a22a7800b82f704effe1a653d2684
,scene,plant,macro,,,close_up,https://creativecommons.org/licenses/by/2.0/,Anders Palovaara https://www.flickr.com/photos/borevagen/3099831663,openimages:validation:d3a1e43341903c14,https://open-images-dataset.s3.amazonaws.com/validation/d3a1e43341903c14.jpg,db6a0a9f5d998dc463a9246c6c41b562
,scene,plant,macro,,,close_up,https://creativecommons.org/licenses/by/2.0/,Avia Venefica https://www.flickr.com/photos/avenefica/4417421050,openimages:validation:5cd2da578f10453a,https://open-images-dataset.s3.amazonaws.com/validation/5cd2da578f10453a.jpg,16e72fb2a5ec4fa5b3f86eea8cb3f7bb
,scene,plant,macro,,,close_up,https://creativecommons.org/licenses/by/2.0/,McKay Savage https://www.flickr.com/photos/mckaysavage/10957084204/,openimages:validation:561c3e12f503e956,https://open-images-dataset.s3.amazonaws.com/validation/561c3e12f503e956.jpg,29cf7f6ad04a5b9b20e6714d7e114734
,scene,plant,macro,,,close_up,https://creativecommons.org/licenses/by/2.0/,Marvin Butchayo https://www.flickr.com/photos/archvhin/16731972923,openimages:validation:d0b4bf20030c1a60,https://open-images-dataset.s3.amazonaws.com/validation/d0b4bf20030c1a60.jpg,671221c3d562f3bbea88d8bf40dbe53e
,scene,plant,macro,,,close_up,https://creativecommons.org/licenses/by/2.0/,Billy Lindblom https://www.flickr.com/photos/billyboysfotocolection/4544829785,openimages:validation:a85f5ba0a94bf1c2,https://open-images-dataset.s3.amazonaws.com/validation/a85f5ba0a94bf1c2.jpg,b8dacddf58446fc3039f3872c2cbeac9
,scene,plant,macro,,,close_up,https://creativecommons.org/licenses/by/2.0/,Cori Redford https://www.flickr.com/photos/11666393@N00/4377609517,openimages:validation:d0a4fd0029e45d39,https://open-images-dataset.s3.amazonaws.com/validation/d0a4fd0029e45d39.jpg,d9f57e816b40b2ede90270ba88000798
,scene,plant,macro,,,close_up,https://creativecommons.org/licenses/by/2.0/,Carole Grogloth https://www.flickr.com/photos/carole_grogloth_molokai_hawaii/8520463134,openimages:validation:f6d564bd1a412584,https://open-images-dataset.s3.amazonaws.com/validation/f6d564bd1a412584.jpg,d1bf332a88bfc924af94aadd9453279d
,scene,plant,macro,,,close_up,https://creativecommons.org/licenses/by/2.0/,Maria Keays https://www.flickr.com/photos/maria_keays/5585722333,openimages:validation:00cfb039bd7f1eaf,https://open-images-dataset.s3.amazonaws.com/validation/00cfb039bd7f1eaf.jpg,3efe5d7ee334a15a5f56f91a28b7f35b
,scene,plant,macro,,,close_up,https://creativecommons.org/licenses/by/2.0/,Alexa https://www.flickr.com/photos/alexa627/2450654349,openimages:validation:c4e8321c32a72b91,https://open-images-dataset.s3.amazonaws.com/validation/c4e8321c32a72b91.jpg,8c0b11b1f02e7a01be781098eb409be2
,scene,plant,macro,,,close_up,https://creativecommons.org/licenses/by/2.0/,Gwenn Seemel https://www.flickr.com/photos/gwennseemel/10620061833,openimages:validation:613c2da341264851,https://open-images-dataset.s3.amazonaws.com/validation/613c2da341264851.jpg,54b4378fd5ec97ad25f8fe975d9c9a6f
,scene,plant,macro,,,close_up,https://creativecommons.org/licenses/by/2.0/,Peter Wilton https://www.flickr.com/photos/pwilt/16444040270,openimages:validation:317993967134700a,https://open-images-dataset.s3.amazonaws.com/validation/317993967134700a.jpg,5afd46dd7b2af5dcf8c4498c524e8bdb
,scene,plant,macro,,,close_up,https://creativecommons.org/licenses/by/2.0/,Stephen Nakatani https://www.flickr.com/photos/snakphotography/5480396022,openimages:validation:eababf64f28cf2ee,https://open-images-dataset.s3.amazonaws.com/validation/eababf64f28cf2ee.jpg,4b7bece9519d4f8bbc116d807ab60068
,scene,plant,macro,,,close_up,https://creativecommons.org/licenses/by/2.0/,Amy Lenzo https://www.flickr.com/photos/amylenzo/223677971,openimages:validation:f64be76e9dfd2685,https://open-images-dataset.s3.amazonaws.com/validation/f64be76e9dfd2685.jpg,3b3331a0252c330db65b4fc4158ff897
,scene,plant,macro,,,close_up,https://creativecommons.org/licenses/by/2.0/,Flavio Ensiki https://www.flickr.com/photos/flavouz/3023955691,openimages:validation:4b1f0baeaf78c0c7,https://open-images-dataset.s3.amazonaws.com/validation/4b1f0baeaf78c0c7.jpg,c5ac0ac58f104858082ccb7cac1b3f87
,scene,plant,macro,,,close_up,https://creativecommons.org/licenses/by/2.0/,13mx https://www.flickr.com/photos/13mx/15013294235,openimages:validation:25d26e37892a1f90,https://open-images-dataset.s3.amazonaws.com/validation/25d26e37892a1f90.jpg,8d6139f20434d911ea6d444c83fdf715
,scene,plant,macro,,,close_up,https://creativecommons.org/licenses/by/2.0/,tim https://www.flickr.com/photos/frumbert/1425619003,openimages:validation:25621b8f520adc62,https://open-images-dataset.s3.amazonaws.com/validation/25621b8f520adc62.jpg,9702710aba2dc6d1ff85037ce30b7904
,scene,plant,macro,,,close_up,https://creativecommons.org/licenses/by/2.0/,ben_osteen https://www.flickr.com/photos/ben_on_the_move/3471106093,openimages:validation:abccbae4d2487111,https://open-images-dataset.s3.amazonaws.com/validation/abccbae4d2487111.jpg,c813104fa1b885850ecae7104cada465
,scene,plant,macro,,,close_up,https://creativecommons.org/licenses/by/2.0/,Mitchell Haindfield https://www.flickr.com/photos/40441865@N08/13450576114,openimages:validation:a9007d223851217c,https://open-images-dataset.s3.amazonaws.com/validation/a9007d223851217c.jpg,15b6846d82c8f06f51c117d6b8285368
,scene,plant,macro,,,close_up,https://creativecommons.org/licenses/by/2.0/,Robin Hutton https://www.flickr.com/photos/robinhutton/72741893,openimages:validation:7588a6de389ac33a,https://open-images-dataset.s3.amazonaws.com/validation/7588a6de389ac33a.jpg,52ef0d570d0415442afe7204a605d010
,scene,plant,macro,,,close_up,https://creativecommons.org/licenses/by/2.0/,Vineet K https://www.flickr.com/photos/86664584@N07/11536609234,openimages:validation:941d607598ee4462,https://open-images-dataset.s3.amazonaws.com/validation/941d607598ee4462.jpg,922a8c2ac5346e11bf67ace2cfab294a
,scene,plant,macro,,,close_up,https://creativecommons.org/licenses/by/2.0/,Stephen Michael Barnett https://www.flickr.com/photos/httpwwwflickrcomphotostopend/159744957,openimages:validation:a0c7116bba9ae463,https://open-images-dataset.s3.amazonaws.com/validation/a0c7116bba9ae463.jpg,3005f697da2404e53affd48a9ca6c4a2
,scene,plant,macro,,,close_up,https://creativecommons.org/licenses/by/2.0/,Thomas&#x27;s Pics https://www.flickr.com/photos/60900612@N08/15227569829,openimages:validation:1b9264f7a4fa93c3,https://open-images-dataset.s3.amazonaws.com/validation/1b9264f7a4fa93c3.jpg,0142274293f3baa4801c345ca0d70999
,scene,plant,macro,,,close_up,https://creativecommons.org/licenses/by/2.0/,Emilian Robert Vicol https://www.flickr.com/photos/free-stock/7007482297,openimages:validation:e4b6d5d5bbc2be35,https://open-images-dataset.s3.amazonaws.com/validation/e4b6d5d5bbc2be35.jpg,4afd771b460e900b0545cbe58a7856e3
,scene,plant,macro,,,close_up,https://creativecommons.org/licenses/by/2.0/,lady_lbrty https://www.flickr.com/photos/bethanyjbrady/1592426107,openimages:validation:100cab0bc6aa8292,https://open-images-dataset.s3.amazonaws.com/validation/100cab0bc6aa8292.jpg,0565617fe5b3e243dd3cd2c3cd602738
,scene,plant,macro,,,close_up,https://creativecommons.org/licenses/by/2.0/,4johnny5 https://www.flickr.com/photos/johnny4ever5/528776020,openimages:validation:cd92e0898e34f84a,https://open-images-dataset.s3.amazonaws.com/validation/cd92e0898e34f84a.jpg,79e0731b7e46bc9528abcfdab8679ff7
,scene,fungi,macro,,,,https://creativecommons.org/licenses/by/2.0/,David Short https://www.flickr.com/photos/14583963@N00/15658137623,openimages:validation:b2bc2d4f31612e60,https://open-images-dataset.s3.amazonaws.com/validation/b2bc2d4f31612e60.jpg,bb6c275dc75555e5c431083178aeda18
,scene,fungi,macro,,,,https://creativecommons.org/licenses/by/2.0/,mbalazs2 https://www.flickr.com/photos/80027100@N08/8229339157,openimages:validation:c8978dd427c800de,https://open-images-dataset.s3.amazonaws.com/validation/c8978dd427c800de.jpg,303bc8ced20004dc5144e9a812820dfb
,scene,fungi,macro,,,,https://creativecommons.org/licenses/by/2.0/,BenGrantham https://www.flickr.com/photos/ijammin/2681173062,openimages:validation:d8c40540943364ae,https://open-images-dataset.s3.amazonaws.com/validation/d8c40540943364ae.jpg,e0f05569b984feeb145a8a276b4a381f
,scene,fungi,macro,,,,https://creativecommons.org/licenses/by/2.0/,ilya_ktsn https://www.flickr.com/photos/ilya_ktsn/15054402947,openimages:validation:d407b71eac6effc2,https://open-images-dataset.s3.amazonaws.com/validation/d407b71eac6effc2.jpg,73fe948d9f5d49d89f2ec5efa4ac48bb
,scene,fungi,macro,,,,https://creativecommons.org/licenses/by/2.0/,Tebbsy https://www.flickr.com/photos/22843115@N07/2796236829,openimages:validation:e0e01aa0a3ca103e,https://open-images-dataset.s3.amazonaws.com/validation/e0e01aa0a3ca103e.jpg,a1cd1dbe8a61192d40dbf25d4c177763
,scene,fungi,macro,,,,https://creativecommons.org/licenses/by/2.0/,Jason Hollinger https://www.flickr.com/photos/7147684@N03/3817646889,openimages:validation:864fddb487280815,https://open-images-dataset.s3.amazonaws.com/validation/864fddb487280815.jpg,d4ae74ff499ac251b5d554ab570ceaf7
,scene,fungi,macro,,,,https://creativecommons.org/licenses/by/2.0/,isamiga76 https://www.flickr.com/photos/33852840@N06/15058819406,openimages:validation:79f2452a9f2066cc,https://open-images-dataset.s3.amazonaws.com/validation/79f2452a9f2066cc.jpg,7c23e4067235550a1d5a85bbf2d14bb5
,scene,fungi,macro,,,,https://creativecommons.org/licenses/by/2.0/,Jimmy Tan https://www.flickr.com/photos/jimmytst/12855399414,openimages:validation:cd14f455befa0838,https://open-images-dataset.s3.amazonaws.com/validation/cd14f455befa0838.jpg,048798f59065744e8767b797a3168bd0
,scene,fungi,macro,,,,https://creativecommons.org/licenses/by/2.0/,Wendell Smith https://www.flickr.com/photos/wendellsmith/10334200076,openimages:validation:8aa1e9cf4fbc2959,https://open-images-dataset.s3.amazonaws.com/validation/8aa1e9cf4fbc2959.jpg,2aa78e31e97f05ac5fbabdf0772cf228
,scene,fungi,macro,,,,https://creativecommons.org/licenses/by/2.0/,photon_de https://www.flickr.com/photos/photon_de/2842961874,openimages:validation:16613047297f38cd,https://open-images-dataset.s3.amazonaws.com/validation/16613047297f38cd.jpg,0c78b3eef3fedffc3354073d1553fd66
,scene,fungi,macro,,,,https://creativecommons.org/licenses/by/2.0/,THX0477 https://www.flickr.com/photos/59195512@N00/8371341941,openimages:validation:2ae5818a63e7e25d,https://open-images-dataset.s3.amazonaws.com/validation/2ae5818a63e7e25d.jpg,9e678f049ec2c6159139205b78558a2f
,scene,fungi,macro,,,,https://creativecommons.org/licenses/by/2.0/,Phil Sellens https://www.flickr.com/photos/phil_sellens/4115109561,openimages:validation:0cdd6ff4844c04d4,https://open-images-dataset.s3.amazonaws.com/validation/0cdd6ff4844c04d4.jpg,8745a8b2f7ef6da7049cdabd6ffd2d34
,scene,fungi,macro,,,,https://creativecommons.org/licenses/by/2.0/,vintage_queen https://www.flickr.com/photos/vintagequeen/3583823182,openimages:validation:2f127ac6239153c5,https://open-images-dataset.s3.amazonaws.com/validation/2f127ac6239153c5.jpg,1e35eb74475623c6bc82a6093dc166f0
,scene,fungi,macro,,,,https://creativecommons.org/licenses/by/2.0/,Glen https://www.flickr.com/photos/l2f1/5185492101,openimages:validation:5a25d2d1d8e365f4,https://open-images-dataset.s3.amazonaws.com/validation/5a25d2d1d8e365f4.jpg,3808a785f4708f4dab59869061762b3a
,scene,fungi,macro,,,,https://creativecommons.org/licenses/by/2.0/,FT57 https://www.flickr.com/photos/104569368@N08/11019483644,openimages:validation:46951d7b9230d426,https://open-images-dataset.s3.amazonaws.com/validation/46951d7b9230d426.jpg,51c29e616d7a1a251d49a105dbfe9afb
,scene,fungi,macro,,,,https://creativecommons.org/licenses/by/2.0/,Keith McDuffee https://www.flickr.com/photos/gudlyf/7192740812,openimages:validation:b6b06efa5a5021cc,https://open-images-dataset.s3.amazonaws.com/validation/b6b06efa5a5021cc.jpg,62458e71d74e02882b8b1f9885d512a7
,scene,fungi,macro,,,,https://creativecommons.org/licenses/by/2.0/,horrapics https://www.flickr.com/photos/horrabin/16511443381,openimages:validation:f4bcac8dcc8e7df2,https://open-images-dataset.s3.amazonaws.com/validation/f4bcac8dcc8e7df2.jpg,6ce1ec83be062ee8579df16a788817cc
,scene,fungi,macro,,,,https://creativecommons.org/licenses/by/2.0/,Randy McEoin https://www.flickr.com/photos/rmceoin/5532619003,openimages:validation:9eae24a2fa34b3ed,https://open-images-dataset.s3.amazonaws.com/validation/9eae24a2fa34b3ed.jpg,4669adbbe99e08f576e8fa7e26cf15cf
,scene,fungi,macro,,,close_up,https://creativecommons.org/licenses/by/2.0/,Vik Nanda https://www.flickr.com/photos/viknanda/254928401,openimages:validation:caed246d530a175e,https://open-images-dataset.s3.amazonaws.com/validation/caed246d530a175e.jpg,c0267b41dabf85331928c2ca24a36238
,scene,fungi,macro,,,,https://creativecommons.org/licenses/by/2.0/,rob Stoeltje https://www.flickr.com/photos/46198971@N06/10474295933,openimages:validation:0aaad833ac61ac9d,https://open-images-dataset.s3.amazonaws.com/validation/0aaad833ac61ac9d.jpg,b29a1890dfe93668d05dfe27b08352e9
,scene,fungi,macro,,,close_up,https://creativecommons.org/licenses/by/2.0/,Andy Wright https://www.flickr.com/photos/rightee/1386556255,openimages:validation:e2971fa61026d925,https://open-images-dataset.s3.amazonaws.com/validation/e2971fa61026d925.jpg,41154823b81da1c1ccff5010c3a638aa
,scene,fungi,macro,,,,https://creativecommons.org/licenses/by/2.0/,Les Chatfield https://www.flickr.com/photos/elsie/785184565,openimages:validation:2f812d31c4e5b559,https://open-images-dataset.s3.amazonaws.com/validation/2f812d31c4e5b559.jpg,78ed9f7b7bef9339cf9ea33ccc12b1d1
,scene,fungi,macro,,,close_up,https://creativecommons.org/licenses/by/2.0/,Michael MK Khor https://www.flickr.com/photos/mk-creatures/12631838555,openimages:validation:4ecf3f37bb275434,https://open-images-dataset.s3.amazonaws.com/validation/4ecf3f37bb275434.jpg,0fe12434633f704499fffbbcf589de58
,scene,fungi,macro,,,close_up,https://creativecommons.org/licenses/by/2.0/,A Bremner https://www.flickr.com/photos/scoobygirl/271600747,openimages:validation:e0b599d6ad9f2caf,https://open-images-dataset.s3.amazonaws.com/validation/e0b599d6ad9f2caf.jpg,e602e88403916e22c3dbc3631fb68c43
,scene,fungi,macro,,,,https://creativecommons.org/licenses/by/2.0/,Duff Axsom https://www.flickr.com/photos/sfbear/699743888,openimages:validation:4fef44a3a5f8d59b,https://open-images-dataset.s3.amazonaws.com/validation/4fef44a3a5f8d59b.jpg,729483bad91f25fb2618444bc00af60a
,scene,fungi,macro,,,,https://creativecommons.org/licenses/by/2.0/,Adrian Snood https://www.flickr.com/photos/adriansnood/6979425013,openimages:validation:11a20c581c2c71ca,https://open-images-dataset.s3.amazonaws.com/validation/11a20c581c2c71ca.jpg,50db749e736167c368628e9829a65943
,scene,fungi,macro,,,,https://creativecommons.org/licenses/by/2.0/,Thomas Quine https://www.flickr.com/photos/quinet/63838217,openimages:validation:c9a3f31219c4d243,https://open-images-dataset.s3.amazonaws.com/validation/c9a3f31219c4d243.jpg,c8cdef18dacba72e475e14763035a73b
,scene,fungi,macro,,,,https://creativecommons.org/licenses/by/2.0/,DeepBluC https://www.flickr.com/photos/deepsphotos/7233634944,openimages:validation:4b0e03d60349ead4,https://open-images-dataset.s3.amazonaws.com/validation/4b0e03d60349ead4.jpg,744f95fcdf613d3c11109b60012757ab
,scene,fungi,macro,,,close_up,https://creativecommons.org/licenses/by/2.0/,Dan Zen https://www.flickr.com/photos/danzen/154292182,openimages:validation:3ed7ace3db5ea53f,https://open-images-dataset.s3.amazonaws.com/validation/3ed7ace3db5ea53f.jpg,dbd48d449fdcbac6df1bbb944c858d4f
,scene,fungi,macro,,,close_up,https://creativecommons.org/licenses/by/2.0/,Orangeaurochs https://www.flickr.com/photos/orangeaurochs/14984840618,openimages:validation:7d5346c0e380dbad,https://open-images-dataset.s3.amazonaws.com/validation/7d5346c0e380dbad.jpg,d91d485fb18b54c03df725df15a57aa6
,scene,fungi,macro,,,,https://creativecommons.org/licenses/by/2.0/,Ari Helminen https://www.flickr.com/photos/picsoflife/4999387720,openimages:validation:aaf0a059ee2bc956,https://open-images-dataset.s3.amazonaws.com/validation/aaf0a059ee2bc956.jpg,fc7a82d5c9d01dac01bb1a7972a9e1cf
,scene,fungi,macro,,,close_up,https://creativecommons.org/licenses/by/2.0/, Life is a wonder  https://www.flickr.com/photos/31049933@N08/2911705887/,openimages:validation:dd070a02b7816c2b,https://open-images-dataset.s3.amazonaws.com/validation/dd070a02b7816c2b.jpg,bcb8d304fd00313d53169a2213a00457
,scene,fungi,macro,,,,https://creativecommons.org/licenses/by/2.0/,Hans Dinkelberg https://www.flickr.com/photos/uitdragerij/2918827337,openimages:validation:680c46abf50ee15d,https://open-images-dataset.s3.amazonaws.com/validation/680c46abf50ee15d.jpg,16472d9c58ef65a06c1e225425c39ac5
,scene,fungi,macro,,,close_up,https://creativecommons.org/licenses/by/2.0/,FromSandToGlass https://www.flickr.com/photos/ericabreetoe/6054447051,openimages:validation:11d783ff3dc27f6e,https://open-images-dataset.s3.amazonaws.com/validation/11d783ff3dc27f6e.jpg,4de39ac5e7f37fef8853e2c2567fab44
,scene,fungi,macro,,,,https://creativecommons.org/licenses/by/2.0/,choking sun https://www.flickr.com/photos/chokingsun/8652447959,openimages:validation:a1674d42d1052836,https://open-images-dataset.s3.amazonaws.com/validation/a1674d42d1052836.jpg,23882b42978650ba24049579d425b44f
,scene,fungi,macro,,,,https://creativecommons.org/licenses/by/2.0/,Dimitris Siskopoulos https://www.flickr.com/photos/dimsis/10782673176,openimages:validation:6367b89d5937ac2f,https://open-images-dataset.s3.amazonaws.com/validation/6367b89d5937ac2f.jpg,3f1fb4bc121e72020e9e1de6026ba18b
,scene,fungi,macro,,,close_up,https://creativecommons.org/licenses/by/2.0/,Kate Fries https://www.flickr.com/photos/saiberiac/17170243922,openimages:validation:323858023420e255,https://open-images-dataset.s3.amazonaws.com/validation/323858023420e255.jpg,85a6f7b567979938b3d507de60bd4bf8
,scene,fungi,macro,,,close_up,https://creativecommons.org/licenses/by/2.0/,bay_dragon https://www.flickr.com/photos/thiesson/14481675091,openimages:validation:2a23d2852061920e,https://open-images-dataset.s3.amazonaws.com/validation/2a23d2852061920e.jpg,67b3199c1067954c649280b10078a906
,scene,fungi,macro,,,,https://creativecommons.org/licenses/by/2.0/,John Williams https://www.flickr.com/photos/eurapart/4923015829,openimages:validation:0f9a766df48d2d4d,https://open-images-dataset.s3.amazonaws.com/validation/0f9a766df48d2d4d.jpg,faf7f390c151d4c33f2b888238fbcff0
,scene,fungi,macro,,,close_up,https://creativecommons.org/licenses/by/2.0/,Margo Akermark https://www.flickr.com/photos/akermark/3937437037,openimages:validation:f8272e80b96a25e2,https://open-images-dataset.s3.amazonaws.com/validation/f8272e80b96a25e2.jpg,9fa5f4461aa7602090c61b177791111b
,scene,fungi,macro,,,close_up,https://creativecommons.org/licenses/by/2.0/,José Roberto Peruca https://www.flickr.com/photos/jose_roberto_peruca/16096787664,openimages:validation:8ecd1c8ebebba5a9,https://open-images-dataset.s3.amazonaws.com/validation/8ecd1c8ebebba5a9.jpg,c0de71c94f9066160de2cde37110debd
,scene,fungi,macro,,,,https://creativecommons.org/licenses/by/2.0/,Jon the Happy Web Creative https://www.flickr.com/photos/longjiang/5791614691,openimages:validation:b38b188e01f09dd0,https://open-images-dataset.s3.amazonaws.com/validation/b38b188e01f09dd0.jpg,f5c5c0988f6f86a593853a1ce97e0957
,scene,fungi,macro,,,,https://creativecommons.org/licenses/by/2.0/,Hüseyin Kici https://www.flickr.com/photos/100761221@N07/9892539643,openimages:validation:835fd85e4d1dacde,https://open-images-dataset.s3.amazonaws.com/validation/835fd85e4d1dacde.jpg,f9a19430c0d9070d97f06f874314008e
,scene,fungi,macro,,,,https://creativecommons.org/licenses/by/2.0/,Clyde Robinson https://www.flickr.com/photos/crobj/3391699281,openimages:validation:e74e1d8a0cc2b851,https://open-images-dataset.s3.amazonaws.com/validation/e74e1d8a0cc2b851.jpg,eb731aa62f77bb01a7bb97ac14698581
,scene,fungi,macro,,,,https://creativecommons.org/licenses/by/2.0/,bobistraveling https://www.flickr.com/photos/bobistraveling/3239215257,openimages:validation:f46d2651dacd2a05,https://open-images-dataset.s3.amazonaws.com/validation/f46d2651dacd2a05.jpg,36ffbe5b393c3967632fc998ea468dd2
,scene,fungi,macro,,,close_up,https://creativecommons.org/licenses/by/2.0/,rebecca.shiraev@sbcglobal.net https://www.flickr.com/photos/23157748@N07/5619731720,openimages:validation:600a69fcbf20d734,https://open-images-dataset.s3.amazonaws.com/validation/600a69fcbf20d734.jpg,6f1c8f87e25677f449d69ee05b526410
,scene,fungi,macro,,underwater,,https://creativecommons.org/licenses/by/2.0/,amanderson2 https://www.flickr.com/photos/amanderson/12900992834,openimages:validation:3afeb4b34f90c0cf,https://open-images-dataset.s3.amazonaws.com/validation/3afeb4b34f90c0cf.jpg,508a81a25cfb9b4c1a5b4567ffdea76a
,scene,fungi,macro,,,,https://creativecommons.org/licenses/by/2.0/,Jan Tik https://www.flickr.com/photos/jantik/9722664,openimages:validation:1b7d0a2ce8493404,https://open-images-dataset.s3.amazonaws.com/validation/1b7d0a2ce8493404.jpg,aec28b303fc87ee62f79168bafbf62ee
,scene,fungi,macro,,,,https://creativecommons.org/licenses/by/2.0/,Peter Burgess https://www.flickr.com/photos/burge5000/10125422073,openimages:validation:df695e30e2c92514,https://open-images-dataset.s3.amazonaws.com/validation/df695e30e2c92514.jpg,58e57490429da86e4b1f8f67d31d42dd
,scene,fungi,macro,,,,https://creativecommons.org/licenses/by/2.0/,Robbie Sproule https://www.flickr.com/photos/robbie1/3961316018,openimages:validation:39a5706e917b0bde,https://open-images-dataset.s3.amazonaws.com/validation/39a5706e917b0bde.jpg,87d225c7b269d2d23045a310fe557a47
,scene,insect_macro,macro,,,close_up,https://creativecommons.org/licenses/by/2.0/,Malcolm Manners https://www.flickr.com/photos/mmmavocado/3147949414,openimages:validation:1c2db283bf38a5b2,https://open-images-dataset.s3.amazonaws.com/validation/1c2db283bf38a5b2.jpg,97646026d9a622872fd67a3e1005072e
,scene,insect_macro,macro,,,close_up,https://creativecommons.org/licenses/by/2.0/,LASZLO ILYES https://www.flickr.com/photos/laszlo-photo/2906380649,openimages:validation:334f66de0e7c03f4,https://open-images-dataset.s3.amazonaws.com/validation/334f66de0e7c03f4.jpg,f5ea6e00440d640083dd6c59f31f923d
,scene,insect_macro,macro,,,close_up,https://creativecommons.org/licenses/by/2.0/,Emma Forsberg https://www.flickr.com/photos/echoforsberg/2578793272,openimages:validation:1782dce735b551c4,https://open-images-dataset.s3.amazonaws.com/validation/1782dce735b551c4.jpg,8898d42c7bd48836dca73c91d4879ca0
,scene,insect_macro,macro,,,close_up,https://creativecommons.org/licenses/by/2.0/,Marco Hebing https://www.flickr.com/photos/marcohebing/4019943359,openimages:validation:04c304cf2d55093c,https://open-images-dataset.s3.amazonaws.com/validation/04c304cf2d55093c.jpg,823fca7fd10420a7566ee685f2722f2a
,scene,insect_macro,macro,,,close_up,https://creativecommons.org/licenses/by/2.0/,Emilian Robert Vicol https://www.flickr.com/photos/free-stock/7940416886,openimages:validation:ef8f10ce26fde128,https://open-images-dataset.s3.amazonaws.com/validation/ef8f10ce26fde128.jpg,f0dc8c45bb6106d3d0421b03f30a45ab
,scene,insect_macro,macro,,,close_up,https://creativecommons.org/licenses/by/2.0/,Steve Jurvetson https://www.flickr.com/photos/jurvetson/482054617,openimages:validation:bb67a3e6cc78e3bc,https://open-images-dataset.s3.amazonaws.com/validation/bb67a3e6cc78e3bc.jpg,2c5ba6fb37a62e5f4158354fbb7b57a2
,scene,insect_macro,macro,,,close_up,https://creativecommons.org/licenses/by/2.0/,Philip Brewer https://www.flickr.com/photos/bradipo/20882112761,openimages:validation:02daeadd717aa3a5,https://open-images-dataset.s3.amazonaws.com/validation/02daeadd717aa3a5.jpg,4e112ec2cc0fb451a080d95c32d4b74d
,scene,insect_macro,macro,,,close_up,https://creativecommons.org/licenses/by/2.0/,Anders Sandberg https://www.flickr.com/photos/arenamontanus/2655237943,openimages:validation:288fe05f5f8b1626,https://open-images-dataset.s3.amazonaws.com/validation/288fe05f5f8b1626.jpg,80d41b76e9aeeda879e9dc1674129b14
,scene,insect_macro,macro,,,close_up,https://creativecommons.org/licenses/by/2.0/,jeffowenphotos https://www.flickr.com/photos/jeffowenphoto/5444311941,openimages:validation:6866652c3b92c40c,https://open-images-dataset.s3.amazonaws.com/validation/6866652c3b92c40c.jpg,5c4efb598d7ebfb30549727152bb5ac4
,scene,insect_macro,macro,,,close_up,https://creativecommons.org/licenses/by/2.0/,kuhnmi https://www.flickr.com/photos/31176607@N05/20005032130,openimages:validation:67cb8378d5ad6313,https://open-images-dataset.s3.amazonaws.com/validation/67cb8378d5ad6313.jpg,9c380ed03bc053c594f74de03d52bd8c
,scene,insect_macro,macro,,,close_up,https://creativecommons.org/licenses/by/2.0/,Dwayne Madden https://www.flickr.com/photos/dj-dwayne/5092309485,openimages:validation:046228d5312e13c2,https://open-images-dataset.s3.amazonaws.com/validation/046228d5312e13c2.jpg,1dd9971e36a465c63df4ebdad3017997
,scene,insect_macro,macro,,,close_up,https://creativecommons.org/licenses/by/2.0/,Giek and Black BoX https://www.flickr.com/photos/14086781@N02/1434487012/,openimages:validation:002aab1d644cae0e,https://open-images-dataset.s3.amazonaws.com/validation/002aab1d644cae0e.jpg,f196edf93bc040aadc8c13bea7369e02
,scene,insect_macro,macro,,,close_up,https://creativecommons.org/licenses/by/2.0/,liesvanrompaey https://www.flickr.com/photos/liesvanrompaey/17564535414,openimages:validation:1b40dae3aec04352,https://open-images-dataset.s3.amazonaws.com/validation/1b40dae3aec04352.jpg,5a7aceee36acb121b02a1cce7f8327e0
,scene,insect_macro,macro,,,close_up,https://creativecommons.org/licenses/by/2.0/,James McCauley https://www.flickr.com/photos/nukeit1/33325524,openimages:validation:1d1ef6def56f4b91,https://open-images-dataset.s3.amazonaws.com/validation/1d1ef6def56f4b91.jpg,d727aeef4707282cd788df5ee1f388bf
,scene,insect_macro,macro,,,close_up,https://creativecommons.org/licenses/by/2.0/,TANAKA Juuyoh (田中十洋) https://www.flickr.com/photos/tanaka_juuyoh/1417023532,openimages:validation:df44652f8e45f95c,https://open-images-dataset.s3.amazonaws.com/validation/df44652f8e45f95c.jpg,6535bb547c69a5305f5c53256819d331
,scene,insect_macro,macro,,,close_up,https://creativecommons.org/licenses/by/2.0/,ttarasiuk https://www.flickr.com/photos/tara_siuk/4915981753/,openimages:validation:010267b65baaf1bd,https://open-images-dataset.s3.amazonaws.com/validation/010267b65baaf1bd.jpg,6a17a7d49de357ad04caf0f5e86426a1
,scene,insect_macro,macro,,,close_up,https://creativecommons.org/licenses/by/2.0/,Tamaki Sono https://www.flickr.com/photos/tamakisono/14432648236,openimages:validation:8ac3dc2276dbac94,https://open-images-dataset.s3.amazonaws.com/validation/8ac3dc2276dbac94.jpg,41d3c5db4f085f0143cc10da7002bd3b
,scene,insect_macro,macro,,,close_up,https://creativecommons.org/licenses/by/2.0/,liesvanrompaey https://www.flickr.com/photos/liesvanrompaey/10170514965,openimages:validation:422e96e68436f7e1,https://open-images-dataset.s3.amazonaws.com/validation/422e96e68436f7e1.jpg,f59e3c981515463cc96e80af1b343135
,scene,insect_macro,macro,,,close_up,https://creativecommons.org/licenses/by/2.0/,Curt Smith https://www.flickr.com/photos/curtsm/4932700513,openimages:validation:2cff2da279756f7a,https://open-images-dataset.s3.amazonaws.com/validation/2cff2da279756f7a.jpg,1418b3205497919520ce080de7d094d7
,scene,insect_macro,macro,,,close_up,https://creativecommons.org/licenses/by/2.0/,Eugene Kim https://www.flickr.com/photos/eekim/3978818583,openimages:validation:241b14bab8d582d1,https://open-images-dataset.s3.amazonaws.com/validation/241b14bab8d582d1.jpg,54d8ec34daba09c6e81f8c3eeea70998
,scene,insect_macro,macro,,,close_up,https://creativecommons.org/licenses/by/2.0/,David Evans https://www.flickr.com/photos/21081514@N08/5292450285,openimages:validation:785a211866764b94,https://open-images-dataset.s3.amazonaws.com/validation/785a211866764b94.jpg,e865923917518e69aa4e1782fd06b631
,scene,insect_macro,macro,,,close_up,https://creativecommons.org/licenses/by/2.0/,Sarah https://www.flickr.com/photos/8656572@N04/2811868519,openimages:validation:9c50021ae588d989,https://open-images-dataset.s3.amazonaws.com/validation/9c50021ae588d989.jpg,49e64ecb7a697fdf061d1ac11b893e22
,scene,insect_macro,macro,,,close_up,https://creativecommons.org/licenses/by/2.0/,Brian Gratwicke https://www.flickr.com/photos/briangratwicke/7848211376,openimages:validation:7a733ec0cd9a5d95,https://open-images-dataset.s3.amazonaws.com/validation/7a733ec0cd9a5d95.jpg,f5d458320c8ad0194e90168cff3e4207
,scene,insect_macro,macro,,,close_up,https://creativecommons.org/licenses/by/2.0/,steve lodefink https://www.flickr.com/photos/32547150@N00/756539463,openimages:validation:2da7d83a6b68debc,https://open-images-dataset.s3.amazonaws.com/validation/2da7d83a6b68debc.jpg,5e7666027ceb886e6432cb7d45e18ee7
,scene,insect_macro,macro,,,close_up,https://creativecommons.org/licenses/by/2.0/,Rachel Kramer https://www.flickr.com/photos/rkramer62/4867090937,openimages:validation:d19ae39f2d5ab74b,https://open-images-dataset.s3.amazonaws.com/validation/d19ae39f2d5ab74b.jpg,255cd6a3d72890a82d308fdf9f36e26b
,scene,insect_macro,macro,,,close_up,https://creativecommons.org/licenses/by/2.0/,carrotmadman6 https://www.flickr.com/photos/carrotmadman6/4748526659,openimages:validation:ecea659236a47b11,https://open-images-dataset.s3.amazonaws.com/validation/ecea659236a47b11.jpg,608a127df83aa9f7d3163d538b58ae11
,scene,insect_macro,macro,,,close_up,https://creativecommons.org/licenses/by/2.0/,Holly Occhipinti https://www.flickr.com/photos/pinti1/9428278119,openimages:validation:4e464eff6b9992c9,https://open-images-dataset.s3.amazonaws.com/validation/4e464eff6b9992c9.jpg,40311dff6ef7f447b4ddbbe82eeaeb4d
,scene,insect_macro,macro,,,close_up,https://creativecommons.org/licenses/by/2.0/,Thomas Quine https://www.flickr.com/photos/quinet/8118259389/,openimages:validation:e47b7c9121825a16,https://open-images-dataset.s3.amazonaws.com/validation/e47b7c9121825a16.jpg,5d6bf7ce74ab509e8a41504d051c5198
,scene,insect_macro,macro,,,close_up,https://creativecommons.org/licenses/by/2.0/,richard pigott https://www.flickr.com/photos/alpharich/3962840421/,openimages:validation:e7a5b155cc3d2cb2,https://open-images-dataset.s3.amazonaws.com/validation/e7a5b155cc3d2cb2.jpg,0ef540822ef235578a60c7c438d0d80b
,scene,insect_macro,macro,,,close_up,https://creativecommons.org/licenses/by/2.0/,C Henrik Anderson https://www.flickr.com/photos/hemflock/168190760,openimages:validation:466996f8234b7cae,https://open-images-dataset.s3.amazonaws.com/validation/466996f8234b7cae.jpg,205ad5d5144edfbba3b969c785e7bdbd
,scene,insect_macro,macro,,,close_up,https://creativecommons.org/licenses/by/2.0/,Marco https://www.flickr.com/photos/foqus/14754351204,openimages:validation:050a2dbc5e91bb68,https://open-images-dataset.s3.amazonaws.com/validation/050a2dbc5e91bb68.jpg,2c544ca430f9e7ab8bb709dcbae0aa8c
,scene,insect_macro,macro,,,close_up,https://creativecommons.org/licenses/by/2.0/,Joy SanMig https://www.flickr.com/photos/purple_monarch/4069642849,openimages:validation:5b71f77c555be491,https://open-images-dataset.s3.amazonaws.com/validation/5b71f77c555be491.jpg,f77bb1b381f2de4a0e2b51285cf6b4b5
,scene,insect_macro,macro,,,close_up,https://creativecommons.org/licenses/by/2.0/,Dave Parker https://www.flickr.com/photos/daveparker/4766765274,openimages:validation:8ade1b3cc865a0fb,https://open-images-dataset.s3.amazonaws.com/validation/8ade1b3cc865a0fb.jpg,4cb1be2652681e24e0adf2e6313ffc2b
,scene,insect_macro,macro,,,close_up,https://creativecommons.org/licenses/by/2.0/,Gabriel Čenkei https://www.flickr.com/photos/cenkei/538886405,openimages:validation:27b520d2e612c5d1,https://open-images-dataset.s3.amazonaws.com/validation/27b520d2e612c5d1.jpg,50d931537f7b2b54f6b71aa7d7a4c042
,scene,insect_macro,macro,,,close_up,https://creativecommons.org/licenses/by/2.0/,reophax https://www.flickr.com/photos/41839209@N07/3857840400,openimages:validation:38b95b228d85e5bb,https://open-images-dataset.s3.amazonaws.com/validation/38b95b228d85e5bb.jpg,fcd65238eb23595205bde877c1c9a640
,scene,insect_macro,macro,,,close_up,https://creativecommons.org/licenses/by/2.0/,Dwight Sipler https://www.flickr.com/photos/photofarmer/4974853005,openimages:validation:8e501ea8e89f98db,https://open-images-dataset.s3.amazonaws.com/validation/8e501ea8e89f98db.jpg,c686be9c4f7890b10233eeca01b60f84
,scene,insect_macro,macro,,,close_up,https://creativecommons.org/licenses/by/2.0/,Clyde Robinson https://www.flickr.com/photos/crobj/5883367766,openimages:validation:22d4d11c1784f52b,https://open-images-dataset.s3.amazonaws.com/validation/22d4d11c1784f52b.jpg,945ea59cb76ad2ead90b91b88fe8f22b
,scene,insect_macro,macro,,,close_up,https://creativecommons.org/licenses/by/2.0/,Juan Manuel Jaramillo https://www.flickr.com/photos/lolitosenelrancho/8095664904,openimages:validation:40f2c67df23b8410,https://open-images-dataset.s3.amazonaws.com/validation/40f2c67df23b8410.jpg,64cbb6c741dcde900db3a39bb929a10f
,scene,insect_macro,macro,,,close_up,https://creativecommons.org/licenses/by/2.0/,@sage_solar https://www.flickr.com/photos/sagesolar/6805910496,openimages:validation:cb253006c68125ba,https://open-images-dataset.s3.amazonaws.com/validation/cb253006c68125ba.jpg,510e616e8eb375f8dbb32b5b1e78dc9e
,scene,insect_macro,macro,,,close_up,https://creativecommons.org/licenses/by/2.0/,Daniel Kleeman https://www.flickr.com/photos/75821270@N00/4024769907,openimages:validation:f39bc63075775d09,https://open-images-dataset.s3.amazonaws.com/validation/f39bc63075775d09.jpg,194db63eaedfd4574133567d6723a234
,scene,insect_macro,macro,,,close_up,https://creativecommons.org/licenses/by/2.0/,Robert https://www.flickr.com/photos/mamonello/3928265699,openimages:validation:465f80cd7ae92b9b,https://open-images-dataset.s3.amazonaws.com/validation/465f80cd7ae92b9b.jpg,bfacc5179a546636027b4973584f35db
,scene,insect_macro,macro,,,close_up,https://creativecommons.org/licenses/by/2.0/,Paul Joseph https://www.flickr.com/photos/sashafatcat/2549841453,openimages:validation:a470874395c26b8e,https://open-images-dataset.s3.amazonaws.com/validation/a470874395c26b8e.jpg,32d9d047f0ae3abc8ba5f7882ddb8b69
,scene,insect_macro,macro,,,close_up,https://creativecommons.org/licenses/by/2.0/,Danny Chapman https://www.flickr.com/photos/11152520@N03/5756494872,openimages:validation:c95956fb15e9cae1,https://open-images-dataset.s3.amazonaws.com/validation/c95956fb15e9cae1.jpg,0ddaed07949695841acd1c753e97c8f4
,scene,insect_macro,macro,,,close_up,https://creativecommons.org/licenses/by/2.0/,digital cat https://www.flickr.com/photos/14646075@N03/6710318421,openimages:validation:c83aac96b5fc5659,https://open-images-dataset.s3.amazonaws.com/validation/c83aac96b5fc5659.jpg,7732b37933cc4fd4c0f6e5c872c411b1
,scene,insect_macro,macro,,,close_up,https://creativecommons.org/licenses/by/2.0/,John Salvino https://www.flickr.com/photos/jsalvino/13994377288,openimages:validation:262dcad847c9bb55,https://open-images-dataset.s3.amazonaws.com/validation/262dcad847c9bb55.jpg,c0b22f87ec5ba5ba9f1cfb4fcdee4f46
,scene,insect_macro,macro,,,close_up,https://creativecommons.org/licenses/by/2.0/,Stewart Black https://www.flickr.com/photos/s2ublack/6647747613,openimages:validation:d2b44aa4b0d1a68c,https://open-images-dataset.s3.amazonaws.com/validation/d2b44aa4b0d1a68c.jpg,ed3b7e356b4fb9ab36c43362bdf235df
,scene,insect_macro,macro,,,close_up,https://creativecommons.org/licenses/by/2.0/,Collin Knopp-Schwyn https://www.flickr.com/photos/izzymunchted/2737857179,openimages:validation:b704e161d3df9dbb,https://open-images-dataset.s3.amazonaws.com/validation/b704e161d3df9dbb.jpg,cfb7a31711a8dd08c5002bcb2d48d8db
,scene,insect_macro,macro,,,close_up,https://creativecommons.org/licenses/by/2.0/,John Tann https://www.flickr.com/photos/31031835@N08/6769953805,openimages:validation:ee981498cfc2fd80,https://open-images-dataset.s3.amazonaws.com/validation/ee981498cfc2fd80.jpg,7c756785fa9ac69be1936bd9ac078f27
,scene,insect_macro,macro,,,close_up,https://creativecommons.org/licenses/by/2.0/,Tim Fuller https://www.flickr.com/photos/timtimes/14386970528,openimages:validation:3b4d1022c2be3076,https://open-images-dataset.s3.amazonaws.com/validation/3b4d1022c2be3076.jpg,bb1e95f723d3bb4e74ccd2229c2df301
,scene,insect_macro,macro,,,close_up,https://creativecommons.org/licenses/by/2.0/,Barış https://www.flickr.com/photos/heteropteran/7042129501,openimages:validation:3950e6e22164dc79,https://open-images-dataset.s3.amazonaws.com/validation/3950e6e22164dc79.jpg,5f9c4fe62f915402b020c9141586f6db
,scene,building,architecture,,,,https://creativecommons.org/licenses/by/2.0/,Prefeitura Municipal Itanhaém https://www.flickr.com/photos/governomunicipaldeitanhaem/8076689260,openimages:validation:cde903c976f2975f,https://open-images-dataset.s3.amazonaws.com/validation/cde903c976f2975f.jpg,0b7ddbe969c9e0e411225f4f8a4a456b
,scene,building,architecture,,,,https://creativecommons.org/licenses/by/2.0/,Allen McGregor https://www.flickr.com/photos/allenmcgregor/2026987732,openimages:validation:65ebdb225140d906,https://open-images-dataset.s3.amazonaws.com/validation/65ebdb225140d906.jpg,d8d5903dea63368714b26af13012e618
,scene,building,architecture,,,,https://creativecommons.org/licenses/by/2.0/,Eric https://www.flickr.com/photos/47919858@N00/11134109635,openimages:validation:19f5c3b3a490beff,https://open-images-dataset.s3.amazonaws.com/validation/19f5c3b3a490beff.jpg,f840f0d0c8938687b5c4d4e13debfb9a
,scene,building,architecture,,,,https://creativecommons.org/licenses/by/2.0/,Rob vL https://www.flickr.com/photos/thevls/13930905926,openimages:validation:7cbbedc2f82f0ba0,https://open-images-dataset.s3.amazonaws.com/validation/7cbbedc2f82f0ba0.jpg,f647447dacf04f8582ef2380a146b725
,scene,building,architecture,,,,https://creativecommons.org/licenses/by/2.0/,Bosc d&#x27;Anjou https://www.flickr.com/photos/boscdanjou/5273664252,openimages:validation:e7966145efde61a5,https://open-images-dataset.s3.amazonaws.com/validation/e7966145efde61a5.jpg,b4a371c316d14f504e1bc50debdf8703
,scene,building,architecture,,,,https://creativecommons.org/licenses/by/2.0/,TheDoGoodDames https://www.flickr.com/photos/dogooddames/4302207436,openimages:validation:5d44b6b1ec0d33bf,https://open-images-dataset.s3.amazonaws.com/validation/5d44b6b1ec0d33bf.jpg,6516986eb984b3595c58af38120abf3b
,scene,building,architecture,,,,https://creativecommons.org/licenses/by/2.0/,giffconstable https://www.flickr.com/photos/giffconstable/4823116580,openimages:validation:01ddeb11bfaf908a,https://open-images-dataset.s3.amazonaws.com/validation/01ddeb11bfaf908a.jpg,53771090b7e4857cc29b81bbb7d5c3b7
,scene,building,architecture,,,,https://creativecommons.org/licenses/by/2.0/,Manuela Aguilera https://www.flickr.com/photos/94570646@N03/8621828727,openimages:validation:e29db1c1963628e7,https://open-images-dataset.s3.amazonaws.com/validation/e29db1c1963628e7.jpg,e51740e66aa9a31f655a51eae4128b08
,scene,building,architecture,,,,https://creativecommons.org/licenses/by/2.0/,Anja Disseldorp https://www.flickr.com/photos/jadis1958/5398553830,openimages:validation:095eaec2849bc6c8,https://open-images-dataset.s3.amazonaws.com/validation/095eaec2849bc6c8.jpg,c434d69165d877933ff128d8c3a9e055
,scene,building,architecture,,,,https://creativecommons.org/licenses/by/2.0/,John Lord https://www.flickr.com/photos/yellowbookltd/3646580813,openimages:validation:1fc6d80f8cb3494a,https://open-images-dataset.s3.amazonaws.com/validation/1fc6d80f8cb3494a.jpg,f32d7572770a2a6177c2f00256f07ff6
,scene,building,architecture,,,,https://creativecommons.org/licenses/by/2.0/,spencer hickman https://www.flickr.com/photos/donnierobot/5892931829/,openimages:validation:a5da350f4f6951db,https://open-images-dataset.s3.amazonaws.com/validation/a5da350f4f6951db.jpg,577ebc13127116481c25f9b43d3b8095
,scene,building,architecture,,,,https://creativecommons.org/licenses/by/2.0/,EnergieAgentur.NRW https://www.flickr.com/photos/energieagentur-nrw/16793235695,openimages:validation:518aa74f70d3be03,https://open-images-dataset.s3.amazonaws.com/validation/518aa74f70d3be03.jpg,ad1969e4bc983dc64b2e4e901a9b7d1c
,scene,building,architecture,,,,https://creativecommons.org/licenses/by/2.0/,velkr0 https://www.flickr.com/photos/velkr0/3901695138,openimages:validation:c643263c50a7ad29,https://open-images-dataset.s3.amazonaws.com/validation/c643263c50a7ad29.jpg,d9a4a57c759e019f05b5bee25ba25f60
,scene,building,architecture,,,,https://creativecommons.org/licenses/by/2.0/,Ricardo Elías https://www.flickr.com/photos/128762449@N08/15391352728,openimages:validation:1b5c620731c9bc7e,https://open-images-dataset.s3.amazonaws.com/validation/1b5c620731c9bc7e.jpg,53ab43affd8b7e742c6a0a472d16b48d
,scene,building,architecture,,,,https://creativecommons.org/licenses/by/2.0/,Phil Parker https://www.flickr.com/photos/45131642@N00/10252346883,openimages:validation:795ceb98f059e7ca,https://open-images-dataset.s3.amazonaws.com/validation/795ceb98f059e7ca.jpg,0428a5f059e9c8e4df4af9628e1a23d8
,scene,building,architecture,,,,https://creativecommons.org/licenses/by/2.0/,Pixel Addict https://www.flickr.com/photos/pixel_addict/560752974,openimages:validation:7de8be65c780b5da,https://open-images-dataset.s3.amazonaws.com/validation/7de8be65c780b5da.jpg,d74c4ee9572471d9e1aa789b3669092f
,scene,building,architecture,,,,https://creativecommons.org/licenses/by/2.0/,matthew Hunt https://www.flickr.com/photos/mattphotos/2830808513,openimages:validation:9b54d35ba554d4ba,https://open-images-dataset.s3.amazonaws.com/validation/9b54d35ba554d4ba.jpg,186eb55b38d2bf8b2b4ffc354db9d36f
,scene,building,architecture,,,,https://creativecommons.org/licenses/by/2.0/,satanoid https://www.flickr.com/photos/satanoid/6079137506,openimages:validation:d960177c836926c4,https://open-images-dataset.s3.amazonaws.com/validation/d960177c836926c4.jpg,335207e0f1c2a6a1cb9bdca46b65eb76
,scene,building,architecture,,,,https://creativecommons.org/licenses/by/2.0/,Matt Turner https://www.flickr.com/photos/m_t_t/4512438522/,openimages:validation:cda4cd386daee090,https://open-images-dataset.s3.amazonaws.com/validation/cda4cd386daee090.jpg,94cb537a6d5172a1f85da480725bfcf6
,scene,building,architecture,,,,https://creativecommons.org/licenses/by/2.0/,Andres Rueda https://www.flickr.com/photos/andresrueda/16707958206,openimages:validation:ea3f7f13b6cd0e92,https://open-images-dataset.s3.amazonaws.com/validation/ea3f7f13b6cd0e92.jpg,95b86974e8dad5cc70b276a6fe2ba69b
,scene,building,architecture,,,,https://creativecommons.org/licenses/by/2.0/,Masahiro TAKAGI https://www.flickr.com/photos/m-takagi/18240285132,openimages:validation:07e132007696f157,https://open-images-dataset.s3.amazonaws.com/validation/07e132007696f157.jpg,655d867e5d855d2d51a15b19f3623ce5
,scene,building,architecture,,,,https://creativecommons.org/licenses/by/2.0/,jjandchris https://www.flickr.com/photos/26834393@N04/16546909275,openimages:validation:b15dd5bfa7c2a186,https://open-images-dataset.s3.amazonaws.com/validation/b15dd5bfa7c2a186.jpg,5576e35fabdf651c5eeb3a56ce1e5c73
,scene,building,architecture,,,,https://creativecommons.org/licenses/by/2.0/,julio_f https://www.flickr.com/photos/jfraire/5999197843,openimages:validation:63349b9e92aba1c4,https://open-images-dataset.s3.amazonaws.com/validation/63349b9e92aba1c4.jpg,9a93589a7f24fc4c532d9ff42b642182
,scene,building,architecture,,,,https://creativecommons.org/licenses/by/2.0/,Wendy Harman https://www.flickr.com/photos/quirky/526768410,openimages:validation:17ceb33b3bd29302,https://open-images-dataset.s3.amazonaws.com/validation/17ceb33b3bd29302.jpg,259347363e6b852f3b3bd96e6205f6a8
,scene,building,architecture,,,,https://creativecommons.org/licenses/by/2.0/,bagaball https://www.flickr.com/photos/bagaball/6957679939,openimages:validation:1646deba626fa0d4,https://open-images-dataset.s3.amazonaws.com/validation/1646deba626fa0d4.jpg,56ef646699e2a39ccd81bbd6cbd5e49c
,scene,building,architecture,,,,https://creativecommons.org/licenses/by/2.0/,Iñaki Queralt https://www.flickr.com/photos/inaxo/2731712209,openimages:validation:a74b2b7c97e6216c,https://open-images-dataset.s3.amazonaws.com/validation/a74b2b7c97e6216c.jpg,72d1564cc92f98c2239fb124d32e877a
,scene,building,architecture,,,,https://creativecommons.org/licenses/by/2.0/,Marc Veraart https://www.flickr.com/photos/marcveraart/2758695619,openimages:validation:abbb3f9ed96ef3c1,https://open-images-dataset.s3.amazonaws.com/validation/abbb3f9ed96ef3c1.jpg,dcbbe0c72b93cff8563b35fc42e66cec
,scene,building,architecture,,,,https://creativecommons.org/licenses/by/2.0/,Jeremy Segrott https://www.flickr.com/photos/126337928@N05/17879913138,openimages:validation:076089d70ff15929,https://open-images-dataset.s3.amazonaws.com/validation/076089d70ff15929.jpg,734f86f32292f7eccd1f66a354d59abf
,scene,building,architecture,,,,https://creativecommons.org/licenses/by/2.0/,abarrelfull https://www.flickr.com/photos/abarrelfull/3817860340,openimages:validation:f6b4421916e69e77,https://open-images-dataset.s3.amazonaws.com/validation/f6b4421916e69e77.jpg,2dbfd579cd98c1d73436a29d215b6147
,scene,building,architecture,,,,https://creativecommons.org/licenses/by/2.0/,John W. Schulze https://www.flickr.com/photos/gruenemann/11953472456,openimages:validation:501acb9aa9eeacc0,https://open-images-dataset.s3.amazonaws.com/validation/501acb9aa9eeacc0.jpg,dd44b80dc218765e9d31b0467e5c1d24
,scene,building,architecture,,,,https://creativecommons.org/licenses/by/2.0/,Partido Popular Comunitat Valenciana https://www.flickr.com/photos/popularesvalencianos/6058322345,openimages:validation:b03c06fee07435de,https://open-images-dataset.s3.amazonaws.com/validation/b03c06fee07435de.jpg,c3cc649db6b2b5126cf090375a6dfea8
,scene,building,architecture,,,,https://creativecommons.org/licenses/by/2.0/,Kunstee https://www.flickr.com/photos/kunstee/13110760975,openimages:validation:8828cab97af4692e,https://open-images-dataset.s3.amazonaws.com/validation/8828cab97af4692e.jpg,461df8e58a6e6fc89eaa2eaa4be1b4f7
,scene,building,architecture,,,,https://creativecommons.org/licenses/by/2.0/,Perfect Zero https://www.flickr.com/photos/perfectzero/3679836550/,openimages:validation:b2858a3a80dec6fe,https://open-images-dataset.s3.amazonaws.com/validation/b2858a3a80dec6fe.jpg,c7ef1c64c3bed0453b993840be68dc82
,scene,building,architecture,,,,https://creativecommons.org/licenses/by/2.0/,Oscar Marin Peris https://www.flickr.com/photos/nite_life/4476096305,openimages:validation:2f3e2cb599c43075,https://open-images-dataset.s3.amazonaws.com/validation/2f3e2cb599c43075.jpg,9f8a102480de5e4b28f4ed69efc15d11
,scene,building,architecture,,,,https://creativecommons.org/licenses/by/2.0/,lamoix https://www.flickr.com/photos/lamoix/3790144059/,openimages:validation:e3dfaf8e844654f4,https://open-images-dataset.s3.amazonaws.com/validation/e3dfaf8e844654f4.jpg,fd78d960e92c051c5a693102d984be6f
,scene,building,architecture,,,,https://creativecommons.org/licenses/by/2.0/,Oh-Barcelona.com https://www.flickr.com/photos/oh-barcelona/7413067568,openimages:validation:5b18b22f53ccc661,https://open-images-dataset.s3.amazonaws.com/validation/5b18b22f53ccc661.jpg,3fcfd419be91d3ccd0d765b556225f88
,scene,building,architecture,,,,https://creativecommons.org/licenses/by/2.0/,Kazz Watabe https://www.flickr.com/photos/kazzwatabe/9349045992,openimages:validation:f616efc6459e9078,https://open-images-dataset.s3.amazonaws.com/validation/f616efc6459e9078.jpg,8786c866b36f99de33d0472e1e2c43bf
,scene,building,architecture,,,,https://creativecommons.org/licenses/by/2.0/,Dug Song https://www.flickr.com/photos/dugsong/4302813722,openimages:validation:fe077b4299a04bd1,https://open-images-dataset.s3.amazonaws.com/validation/fe077b4299a04bd1.jpg,c2381615e2bbca03999e23bbdc0cd2a6
,scene,building,architecture,,,,https://creativecommons.org/licenses/by/2.0/,sreenivas m https://www.flickr.com/photos/14375854@N03/1466027193,openimages:validation:b321c80e00ca19e7,https://open-images-dataset.s3.amazonaws.com/validation/b321c80e00ca19e7.jpg,8a604c9911d8ddb8eb0ae4e34adf8ecc
,scene,building,architecture,,,,https://creativecommons.org/licenses/by/2.0/,Petr Magera https://www.flickr.com/photos/mpetrucho/14882191661,openimages:validation:358a88828eaca3ad,https://open-images-dataset.s3.amazonaws.com/validation/358a88828eaca3ad.jpg,9351a052153e56b8f850497d97e7c64c
,scene,building,architecture,,,,https://creativecommons.org/licenses/by/2.0/,George Campbell https://www.flickr.com/photos/65439930@N00/16875241476,openimages:validation:2c0e54cb2dcad01d,https://open-images-dataset.s3.amazonaws.com/validation/2c0e54cb2dcad01d.jpg,67af7a80434587fd0918877e1f6bbe56
,scene,building,architecture,,,,https://creativecommons.org/licenses/by/2.0/,Michael Reuter https://www.flickr.com/photos/michaelreuter/5600082581,openimages:validation:4ae2277dc53355d6,https://open-images-dataset.s3.amazonaws.com/validation/4ae2277dc53355d6.jpg,64dfb9bf6716223965f19163ad15c011
,scene,building,architecture,,,,https://creativecommons.org/licenses/by/2.0/,Wystan https://www.flickr.com/photos/70251312@N00/9052215906,openimages:validation:01ee42781d6ac0bc,https://open-images-dataset.s3.amazonaws.com/validation/01ee42781d6ac0bc.jpg,6504b8220d062107feca85fdb682b380
,scene,building,architecture,,,,https://creativecommons.org/licenses/by/2.0/,University of the Fraser Valley https://www.flickr.com/photos/ufv/14427594283,openimages:validation:804c9ce97e30c7ed,https://open-images-dataset.s3.amazonaws.com/validation/804c9ce97e30c7ed.jpg,e4753c9bcb4b51edaa19c71698f28709
,scene,building,architecture,,,,https://creativecommons.org/licenses/by/2.0/,LearningLark https://www.flickr.com/photos/44282411@N04/5913423520,openimages:validation:ae60932fd8935c33,https://open-images-dataset.s3.amazonaws.com/validation/ae60932fd8935c33.jpg,9ff2e2884a73f13b97f5be0f5b423ec0
,scene,building,architecture,,,,https://creativecommons.org/licenses/by/2.0/,Jon Worth https://www.flickr.com/photos/83015819@N00/3379958017,openimages:validation:d0cbcc1d89b07c16,https://open-images-dataset.s3.amazonaws.com/validation/d0cbcc1d89b07c16.jpg,efadaca9f7fc161303874f5f1bb4fe01
,scene,building,architecture,,,,https://creativecommons.org/licenses/by/2.0/,Jiashiang https://www.flickr.com/photos/wangjs/7391330394,openimages:validation:6f2296358dd4f358,https://open-images-dataset.s3.amazonaws.com/validation/6f2296358dd4f358.jpg,bcc66c6b2d11724f7bb69559cdce49a8
,scene,building,architecture,,,,https://creativecommons.org/licenses/by/2.0/,rogintakesphotos https://www.flickr.com/photos/111990164@N05/11899153385,openimages:validation:1a00561698778497,https://open-images-dataset.s3.amazonaws.com/validation/1a00561698778497.jpg,1cec6b0c9c66f56ffc1734d04d0cb775
,scene,building,architecture,,,,https://creativecommons.org/licenses/by/2.0/,Mitey Heroes https://www.flickr.com/photos/47446154@N08/4989623478,openimages:validation:a874d89d280b398a,https://open-images-dataset.s3.amazonaws.com/validation/a874d89d280b398a.jpg,1fbbd20d2d91d2154470887cc60a551d
,scene,building,architecture,,,,https://creativecommons.org/licenses/by/2.0/,Esme Vos https://www.flickr.com/photos/esme/3932157723,openimages:validation:a737c1ef129a54dd,https://open-images-dataset.s3.amazonaws.com/validation/a737c1ef129a54dd.jpg,f2f185d0dd717d7c842f443096cdf7a1
,scene,interior,architecture,,indoor,,https://creativecommons.org/licenses/by/2.0/,Jirka Matousek https://www.flickr.com/photos/jirka_matousek/9107254689,openimages:validation:03d9eaadefad5eaf,https://open-images-dataset.s3.amazonaws.com/validation/03d9eaadefad5eaf.jpg,23b6d03c4dcea7b6da05c01842d15d36
,scene,interior,architecture,,indoor,,https://creativecommons.org/licenses/by/2.0/,Josh Hallett https://www.flickr.com/photos/hyku/301555498,openimages:validation:3fb5e100e9962553,https://open-images-dataset.s3.amazonaws.com/validation/3fb5e100e9962553.jpg,326fe5d573d59ba64c1ed99a6e158f91
,scene,interior,architecture,,indoor,,https://creativecommons.org/licenses/by/2.0/,Brendan C https://www.flickr.com/photos/brendan-c/20050605990,openimages:validation:4d553a2fbd5a04e3,https://open-images-dataset.s3.amazonaws.com/validation/4d553a2fbd5a04e3.jpg,9a936ebcf246c4d5c8c7b15454afc4bf
,scene,interior,architecture,,indoor,,https://creativecommons.org/licenses/by/2.0/,Kyle Greenberg https://www.flickr.com/photos/bunsky/8800517807,openimages:validation:42fdbf5f7c05f39d,https://open-images-dataset.s3.amazonaws.com/validation/42fdbf5f7c05f39d.jpg,1eeef5ee69c7dcd28986f7b7f244bb72
,scene,interior,architecture,,indoor,,https://creativecommons.org/licenses/by/2.0/,Shane Global https://www.flickr.com/photos/shaneglobal/9493328679/,openimages:validation:7c2825a3d8e0ed29,https://open-images-dataset.s3.amazonaws.com/validation/7c2825a3d8e0ed29.jpg,93fa7ed83cbec90476cf79abff1f684f
,scene,interior,architecture,,indoor,,https://creativecommons.org/licenses/by/2.0/,Bjoern G https://www.flickr.com/photos/bghagen/10491701066,openimages:validation:afbde5d94a7b1f77,https://open-images-dataset.s3.amazonaws.com/validation/afbde5d94a7b1f77.jpg,9b14813e6f7af916b7016699db2de68b
,scene,interior,architecture,,indoor,,https://creativecommons.org/licenses/by/2.0/,Steven and Sarah https://www.flickr.com/photos/stevenandsarah/159090829,openimages:validation:1ad333a66420128c,https://open-images-dataset.s3.amazonaws.com/validation/1ad333a66420128c.jpg,5ca1e64c0a4d5f5fe7787885ad441622
,scene,interior,architecture,,indoor,,https://creativecommons.org/licenses/by/2.0/,jencu https://www.flickr.com/photos/jennycu/533522469,openimages:validation:0e2868759e7a615c,https://open-images-dataset.s3.amazonaws.com/validation/0e2868759e7a615c.jpg,aec1520f0de76bd09c4a88d43b1ece10
,scene,interior,architecture,,indoor,,https://creativecommons.org/licenses/by/2.0/,lynch_m_j https://www.flickr.com/photos/mjlynch/8006002817,openimages:validation:0f87b36af07e42b7,https://open-images-dataset.s3.amazonaws.com/validation/0f87b36af07e42b7.jpg,7acb4251d0a796217eea04d78abee1b8
,scene,interior,architecture,,indoor,,https://creativecommons.org/licenses/by/2.0/,Davidwhitewolf of Random Nuclear Strikes blog https://www.flickr.com/photos/8143727@N07/3272414398,openimages:validation:109579ce7ee8898b,https://open-images-dataset.s3.amazonaws.com/validation/109579ce7ee8898b.jpg,77801640db4a2a298e85d36b5fa98ed4
,scene,interior,architecture,,indoor,,https://creativecommons.org/licenses/by/2.0/,Prayitno / Thank you for (9 millions +) views https://www.flickr.com/photos/prayitnophotography/4806681793,openimages:validation:bb7f9beb82b87b1b,https://open-images-dataset.s3.amazonaws.com/validation/bb7f9beb82b87b1b.jpg,8dd44d5b512ef6b43747b6ad7d30bb68
,scene,interior,architecture,,indoor,,https://creativecommons.org/licenses/by/2.0/,Janel Bedor https://www.flickr.com/photos/bumblepuppysales/8679151797/,openimages:validation:238450f5d97b2d2b,https://open-images-dataset.s3.amazonaws.com/validation/238450f5d97b2d2b.jpg,ea6e24508c96a0ea1b66339c1a5e6fef
,scene,interior,architecture,,indoor,,https://creativecommons.org/licenses/by/2.0/,your friend le https://www.flickr.com/photos/peem/2014071665,openimages:validation:6ad3d3e6690da1c8,https://open-images-dataset.s3.amazonaws.com/validation/6ad3d3e6690da1c8.jpg,04ab3432c29cfd53b6b64047b48b5377
,scene,interior,architecture,,indoor,,https://creativecommons.org/licenses/by/2.0/,prilfish https://www.flickr.com/photos/silkebaron/4105358624,openimages:validation:c1eefc708000b69f,https://open-images-dataset.s3.amazonaws.com/validation/c1eefc708000b69f.jpg,1a05cc644253febedf81dec07f1c71fa
,scene,interior,architecture,,indoor,,https://creativecommons.org/licenses/by/2.0/,Elvert Barnes https://www.flickr.com/photos/perspective/135375645,openimages:validation:e48e74a6a4652a31,https://open-images-dataset.s3.amazonaws.com/validation/e48e74a6a4652a31.jpg,8c6831ced209ac6f6daf40fa586aa030
,scene,interior,architecture,,indoor,,https://creativecommons.org/licenses/by/2.0/,VisitPlano https://www.flickr.com/photos/visitplano/14468236510,openimages:validation:ba4b73e6225f94e8,https://open-images-dataset.s3.amazonaws.com/validation/ba4b73e6225f94e8.jpg,bfa3da60f71ef2d176ea320218432c14
,scene,interior,architecture,,indoor,,https://creativecommons.org/licenses/by/2.0/,Richard Corfield https://www.flickr.com/photos/m0rjc/5360386389,openimages:validation:1c15929e31f4ff7f,https://open-images-dataset.s3.amazonaws.com/validation/1c15929e31f4ff7f.jpg,e200297a40549d914680b68e543339cc
,scene,interior,architecture,,indoor,,https://creativecommons.org/licenses/by/2.0/,Zoha Nve https://www.flickr.com/photos/benetton/2842834308,openimages:validation:024f0e5cc2e7b405,https://open-images-dataset.s3.amazonaws.com/validation/024f0e5cc2e7b405.jpg,116cd28f54c73534cd39bc9012a44c2f
,scene,interior,architecture,,indoor,,https://creativecommons.org/licenses/by/2.0/,Kars4Kids Car Donation &amp; Educational Programs https://www.flickr.com/photos/kars4kids/15285440299,openimages:validation:870eef3856af1e25,https://open-images-dataset.s3.amazonaws.com/validation/870eef3856af1e25.jpg,a4ea3454cc989e44fe5fb928e32a8a7a
,scene,interior,architecture,,indoor,,https://creativecommons.org/licenses/by/2.0/,Parker Knight https://www.flickr.com/photos/rocketboom/6086574590,openimages:validation:701eaffd38f3bdcf,https://open-images-dataset.s3.amazonaws.com/validation/701eaffd38f3bdcf.jpg,8c043b2d0eb6ed9a1c1ac3310cba6f13
,scene,interior,architecture,,indoor,,https://creativecommons.org/licenses/by/2.0/,flippinyank https://www.flickr.com/photos/26326001@N08/10918668296,openimages:validation:3030fcc2b2c9e66c,https://open-images-dataset.s3.amazonaws.com/validation/3030fcc2b2c9e66c.jpg,dca6246b57ed2a0749394eb8af36bd60
,scene,interior,architecture,,indoor,,https://creativecommons.org/licenses/by/2.0/,Les Roches International School of Hotel Management https://www.flickr.com/photos/lesroches/9676970143,openimages:validation:a79a171d55d76f9b,https://open-images-dataset.s3.amazonaws.com/validation/a79a171d55d76f9b.jpg,8200094c1e024860b160ce15e251150d
,scene,interior,architecture,,indoor,,https://creativecommons.org/licenses/by/2.0/,Mark Turnauckas https://www.flickr.com/photos/marktee/8052055657,openimages:validation:eb6fb19e1bca556f,https://open-images-dataset.s3.amazonaws.com/validation/eb6fb19e1bca556f.jpg,736fd2ffa3ce5e40c705cbc14819d069
,scene,interior,architecture,,indoor,,https://creativecommons.org/licenses/by/2.0/,Robin Zebrowski https://www.flickr.com/photos/firepile/567286544,openimages:validation:4f73ea854581dd94,https://open-images-dataset.s3.amazonaws.com/validation/4f73ea854581dd94.jpg,dbabf3fdad640f2842ff23999489bbd8
,scene,interior,architecture,,indoor,,https://creativecommons.org/licenses/by/2.0/,Shever https://www.flickr.com/photos/mattandkim/8013107915,openimages:validation:47f1a72d56b811af,https://open-images-dataset.s3.amazonaws.com/validation/47f1a72d56b811af.jpg,ffd1c805c145ef408f0d0ebdfcde1e61
,scene,interior,architecture,,indoor,,https://creativecommons.org/licenses/by/2.0/,m01229 https://www.flickr.com/photos/39908901@N06/7327755650,openimages:validation:9f6c11b60796e451,https://open-images-dataset.s3.amazonaws.com/validation/9f6c11b60796e451.jpg,0325678da5f445168032977fe92c74af
,scene,interior,architecture,,indoor,,https://creativecommons.org/licenses/by/2.0/,Cherrysweetdeal https://www.flickr.com/photos/cherrysweetdeal/13895544241,openimages:validation:bb6f263c768b4459,https://open-images-dataset.s3.amazonaws.com/validation/bb6f263c768b4459.jpg,782f1742389b5c87ea4532d466d31ab1
,scene,interior,architecture,,indoor,,https://creativecommons.org/licenses/by/2.0/,daveynin https://www.flickr.com/photos/daveynin/7417096292,openimages:validation:c625df190e5902fb,https://open-images-dataset.s3.amazonaws.com/validation/c625df190e5902fb.jpg,75bb0df80b7b146673b5f2281c3eaec3
,scene,interior,architecture,,indoor,,https://creativecommons.org/licenses/by/2.0/,Kristy Robb https://www.flickr.com/photos/robbrestyle/6961901108/,openimages:validation:2f3a4b0e210cceb7,https://open-images-dataset.s3.amazonaws.com/validation/2f3a4b0e210cceb7.jpg,0f90529492f1b760e928759590e20f50
,scene,interior,architecture,,indoor,,https://creativecommons.org/licenses/by/2.0/,BCC Leisure Centres https://www.flickr.com/photos/92902289@N06/8444876522,openimages:validation:5dfb1f03dcffaa36,https://open-images-dataset.s3.amazonaws.com/validation/5dfb1f03dcffaa36.jpg,e6d52a7f73a89faaddefe084be6a35bc
,scene,interior,architecture,,indoor,,https://creativecommons.org/licenses/by/2.0/,theopie https://www.flickr.com/photos/opie/350518259,openimages:validation:39657155a78d956c,https://open-images-dataset.s3.amazonaws.com/validation/39657155a78d956c.jpg,80f84622f732d53359efc1a3fa505b7f
,scene,interior,architecture,,indoor,,https://creativecommons.org/licenses/by/2.0/,Ken Doerr https://www.flickr.com/photos/kendoerr/13354757044/,openimages:validation:1d1cb0e663151c74,https://open-images-dataset.s3.amazonaws.com/validation/1d1cb0e663151c74.jpg,1cf34b4b3cce17fffdff7469b5c28b3a
,scene,interior,architecture,,indoor,,https://creativecommons.org/licenses/by/2.0/,pete.stephenson https://www.flickr.com/photos/25470493@N02/18495059365,openimages:validation:c86d9e98a9e71b66,https://open-images-dataset.s3.amazonaws.com/validation/c86d9e98a9e71b66.jpg,a22bbfdc112a301ff50675d2222a7797
,scene,interior,architecture,,indoor,,https://creativecommons.org/licenses/by/2.0/,Newtown grafitti https://www.flickr.com/photos/newtown_grafitti/8890314112,openimages:validation:2eeec709f51ecd0d,https://open-images-dataset.s3.amazonaws.com/validation/2eeec709f51ecd0d.jpg,d21f60eaa40bb694bd8f0f9353464e40
,scene,interior,architecture,,indoor,,https://creativecommons.org/licenses/by/2.0/,Ryo FUKAsawa https://www.flickr.com/photos/fukapon/9274053673,openimages:validation:b5f5ad83940a5677,https://open-images-dataset.s3.amazonaws.com/validation/b5f5ad83940a5677.jpg,dcfb9499da38bd6c4be36471e7f8402b
,scene,interior,architecture,,indoor,,https://creativecommons.org/licenses/by/2.0/,Ruurd Zeinstra https://www.flickr.com/photos/ruurdz/3188444077,openimages:validation:59a5251be5e73ef0,https://open-images-dataset.s3.amazonaws.com/validation/59a5251be5e73ef0.jpg,8a103c20904e797a76f918f124ea74fb
,scene,interior,architecture,,indoor,,https://creativecommons.org/licenses/by/2.0/,Timm Meunier https://www.flickr.com/photos/auxiliarist/16908689405,openimages:validation:b769711f78356beb,https://open-images-dataset.s3.amazonaws.com/validation/b769711f78356beb.jpg,cb55a20c75d7a3b576338d05e896b876
,scene,interior,architecture,,indoor,,https://creativecommons.org/licenses/by/2.0/,Sean Hamlin https://www.flickr.com/photos/wiifm69/6503897587,openimages:validation:5a31b42feebf23e9,https://open-images-dataset.s3.amazonaws.com/validation/5a31b42feebf23e9.jpg,46caaa1fddc0bee337f2b2eb56d0e2f2
,scene,interior,architecture,,indoor,,https://creativecommons.org/licenses/by/2.0/,Beatrice Murch https://www.flickr.com/photos/blmurch/135201690,openimages:validation:2623415850b406cf,https://open-images-dataset.s3.amazonaws.com/validation/2623415850b406cf.jpg,f5ca9134f37813bc111bc92a6e4ebcf7
,scene,interior,architecture,,indoor,,https://creativecommons.org/licenses/by/2.0/,Guguhuhu https://www.flickr.com/photos/46334999@N07/7167194782,openimages:validation:2ac96d4eed4e33c8,https://open-images-dataset.s3.amazonaws.com/validation/2ac96d4eed4e33c8.jpg,5dc93ee39580b8815e9e9826e6fa7ceb
,scene,interior,architecture,,indoor,,https://creativecommons.org/licenses/by/2.0/,chaf.haddad https://www.flickr.com/photos/chaf/8155998309,openimages:validation:bce01b280e7be3c9,https://open-images-dataset.s3.amazonaws.com/validation/bce01b280e7be3c9.jpg,c17464962070c7ee2535f97616d941ac
,scene,interior,architecture,,indoor,,https://creativecommons.org/licenses/by/2.0/,Cristian Bortes https://www.flickr.com/photos/bortescristian/5716344663,openimages:validation:f4d2179468285d0e,https://open-images-dataset.s3.amazonaws.com/validation/f4d2179468285d0e.jpg,2b7eeab9713e7b7803ab308ced879666
,scene,interior,architecture,,indoor,,https://creativecommons.org/licenses/by/2.0/,Karl Baron https://www.flickr.com/photos/kalleboo/2448376399,openimages:validation:4d6551838dab6f2b,https://open-images-dataset.s3.amazonaws.com/validation/4d6551838dab6f2b.jpg,aeae43b66dee0a9acb316a09451dc633
,scene,interior,architecture,,indoor,,https://creativecommons.org/licenses/by/2.0/,Paul Irish https://www.flickr.com/photos/paul_irish/2435366038,openimages:validation:9bea36757c0e50c4,https://open-images-dataset.s3.amazonaws.com/validation/9bea36757c0e50c4.jpg,bac720a41875ae96af12ba87c16676a4
,scene,interior,architecture,,indoor,,https://creativecommons.org/licenses/by/2.0/,TimothyJ https://www.flickr.com/photos/tjc/3119029309,openimages:validation:805d2f6bfb4f5cba,https://open-images-dataset.s3.amazonaws.com/validation/805d2f6bfb4f5cba.jpg,311eae8fb014ff9f175f4d5159d94db4
,scene,interior,architecture,,indoor,,https://creativecommons.org/licenses/by/2.0/,Julie Lindsay https://www.flickr.com/photos/julielindsay/2912677740,openimages:validation:09b663e67b511024,https://open-images-dataset.s3.amazonaws.com/validation/09b663e67b511024.jpg,de09c743090d46fe76dfd0ccc58d6cdc
,scene,interior,architecture,,indoor,,https://creativecommons.org/licenses/by/2.0/,dom fellowes https://www.flickr.com/photos/domfell/21156198331,openimages:validation:e07312c926231410,https://open-images-dataset.s3.amazonaws.com/validation/e07312c926231410.jpg,22a9ef040fe2bce78e00a36821bb7677
,scene,interior,architecture,,indoor,,https://creativecommons.org/licenses/by/2.0/,banheirosparaenses https://www.flickr.com/photos/banheirosparaenses/3365624858,openimages:validation:a76997fbc61f22ec,https://open-images-dataset.s3.amazonaws.com/validation/a76997fbc61f22ec.jpg,83c92192e5ebba27b6c1947dd64e8bdd
,scene,interior,architecture,,indoor,,https://creativecommons.org/licenses/by/2.0/,Richard Smith https://www.flickr.com/photos/smith/16323466,openimages:validation:6a12f9105125c64c,https://open-images-dataset.s3.amazonaws.com/validation/6a12f9105125c64c.jpg,3651e971a6a1aa695ae431921e92a5dc
,scene,interior,architecture,,indoor,,https://creativecommons.org/licenses/by/2.0/,Sarafina LPS https://www.flickr.com/photos/sarafinalps/9250139495,openimages:validation:376c70019b86c05e,https://open-images-dataset.s3.amazonaws.com/validation/376c70019b86c05e.jpg,cf243df59c79ac853ef2ee91af3881d4
,scene,cityscape,architecture,,,,https://creativecommons.org/licenses/by/2.0/,army.arch https://www.flickr.com/photos/army_arch/3034200011,openimages:validation:e35623bbfca05b41,https://open-images-dataset.s3.amazonaws.com/validation/e35623bbfca05b41.jpg,e55e07a8cf3c9657935471fd63b6237d
,scene,cityscape,architecture,,,,https://creativecommons.org/licenses/by/2.0/,Will Folsom https://www.flickr.com/photos/willfolsom/5062469779,openimages:validation:8cda00f3b8e77296,https://open-images-dataset.s3.amazonaws.com/validation/8cda00f3b8e77296.jpg,7e112c3fbb2a8f95a4a0cadc95032f11
,scene,cityscape,architecture,,,,https://creativecommons.org/licenses/by/2.0/,Lauren Nelson https://www.flickr.com/photos/lulieboo/2781920966,openimages:validation:1940b44da8ea071b,https://open-images-dataset.s3.amazonaws.com/validation/1940b44da8ea071b.jpg,575a5df2ae573fc25ef563f8b555e764
,scene,cityscape,architecture,,,,https://creativecommons.org/licenses/by/2.0/,Roberto Verzo https://www.flickr.com/photos/verzo/7574751538,openimages:validation:d7deef955e16cc20,https://open-images-dataset.s3.amazonaws.com/validation/d7deef955e16cc20.jpg,93ebfcf2532500eb656daf159d6bffc6
,scene,cityscape,architecture,,,,https://creativecommons.org/licenses/by/2.0/,Carles Tomás Martí https://www.flickr.com/photos/carles_tomas/2700263531,openimages:validation:ae733f15aef8d723,https://open-images-dataset.s3.amazonaws.com/validation/ae733f15aef8d723.jpg,afc6100e610826e7a9411e1f2c8e2915
,scene,cityscape,architecture,,,,https://creativecommons.org/licenses/by/2.0/,Javier Losa https://www.flickr.com/photos/javier_losa/9583868614,openimages:validation:991533851d74cae7,https://open-images-dataset.s3.amazonaws.com/validation/991533851d74cae7.jpg,7bde565615ad69e5f463a53461cc3a2a
,scene,cityscape,architecture,,,,https://creativecommons.org/licenses/by/2.0/,abdallahh https://www.flickr.com/photos/husseinabdallah/6199452107,openimages:validation:fbaba818fcd88bed,https://open-images-dataset.s3.amazonaws.com/validation/fbaba818fcd88bed.jpg,501b71f452b0bb6ea5b21e8a797c3788
,scene,cityscape,architecture,,,,https://creativecommons.org/licenses/by/2.0/,Michael Rehfeldt https://www.flickr.com/photos/ipjmike/116132690,openimages:validation:7aef8ea403408bdc,https://open-images-dataset.s3.amazonaws.com/validation/7aef8ea403408bdc.jpg,5ff6b351670cf1620907ab782e10185b
,scene,cityscape,architecture,,,aerial,https://creativecommons.org/licenses/by/2.0/,Chris Hoare https://www.flickr.com/photos/u07ch/17112802465,openimages:validation:9ffa4417e3c2f93b,https://open-images-dataset.s3.amazonaws.com/validation/9ffa4417e3c2f93b.jpg,ba4138b024e1391ac15114056d919533
,scene,cityscape,architecture,,,,https://creativecommons.org/licenses/by/2.0/,Randalfino https://www.flickr.com/photos/randalfino/14073635147,openimages:validation:f1e22e8f86bde26f,https://open-images-dataset.s3.amazonaws.com/validation/f1e22e8f86bde26f.jpg,01b0ab97bf56af535db88bf554d65f1e
,scene,cityscape,architecture,golden_hour,,,https://creativecommons.org/licenses/by/2.0/,Falk Lademann https://www.flickr.com/photos/coreforce/5111908911,openimages:validation:e85921b9a045271e,https://open-images-dataset.s3.amazonaws.com/validation/e85921b9a045271e.jpg,39a8df482ad11c01b7db53731f9a7762
,scene,cityscape,architecture,,,,https://creativecommons.org/licenses/by/2.0/,Open Knowledge https://www.flickr.com/photos/okfn/8434344831,openimages:validation:160d56162dc85876,https://open-images-dataset.s3.amazonaws.com/validation/160d56162dc85876.jpg,6a6e56efe057585805f2cfea22f82a03
,scene,cityscape,architecture,,,,https://creativecommons.org/licenses/by/2.0/,Hwan Hyeok Kim https://www.flickr.com/photos/hwanhyeokkim/17704327826,openimages:validation:683fa372cc58faf5,https://open-images-dataset.s3.amazonaws.com/validation/683fa372cc58faf5.jpg,5fac4ab86618d784336c5384a77cbf80
,scene,cityscape,architecture,,,,https://creativecommons.org/licenses/by/2.0/,Windslash https://www.flickr.com/photos/windslash/18831988239,openimages:validation:d58bd5a441e5a2a8,https://open-images-dataset.s3.amazonaws.com/validation/d58bd5a441e5a2a8.jpg,85791a9f02d85076e7e1bc95f4566d20
,scene,cityscape,architecture,,,,https://creativecommons.org/licenses/by/2.0/,Phillip Capper https://www.flickr.com/photos/flissphil/19491144,openimages:validation:4d3f37c325489e39,https://open-images-dataset.s3.amazonaws.com/validation/4d3f37c325489e39.jpg,0efdbce523af3c9b709543aa6bcc334b
,scene,cityscape,architecture,,,,https://creativecommons.org/licenses/by/2.0/,Jeremy Couture https://www.flickr.com/photos/jeremy-couture/4993594592,openimages:validation:30f1505704cf7da0,https://open-images-dataset.s3.amazonaws.com/validation/30f1505704cf7da0.jpg,75f78838c0454dbeea51ba48b3f08feb
,scene,cityscape,architecture,,,,https://creativecommons.org/licenses/by/2.0/,John Mason https://www.flickr.com/photos/91451979@N00/7166956485,openimages:validation:cf98919686aa9981,https://open-images-dataset.s3.amazonaws.com/validation/cf98919686aa9981.jpg,01af295386c98eb3452f4d5020584c75
,scene,cityscape,architecture,,,aerial,https://creativecommons.org/licenses/by/2.0/,Arbeitgeberverband Gesamtmetall https://www.flickr.com/photos/mearbeitgeber/8633145971,openimages:validation:764e5fb8d5a46ff2,https://open-images-dataset.s3.amazonaws.com/validation/764e5fb8d5a46ff2.jpg,2a102869e86f7c068119edc0c67cdbbd
,scene,cityscape,architecture,,,aerial,https://creativecommons.org/licenses/by/2.0/,Dubsar Public Relations Spain https://www.flickr.com/photos/dubsar/5644970164,openimages:validation:d94378dc2841b503,https://open-images-dataset.s3.amazonaws.com/validation/d94378dc2841b503.jpg,897b0459c5b9a943e6718cc5e7c6993f
,scene,cityscape,architecture,,,,https://creativecommons.org/licenses/by/2.0/,Dominic Sayers https://www.flickr.com/photos/dominicsayers/3065165213,openimages:validation:aebbdd29f0521c29,https://open-images-dataset.s3.amazonaws.com/validation/aebbdd29f0521c29.jpg,7b9a6f5882eff8af8dab8312aceeaf09
,scene,cityscape,architecture,,,,https://creativecommons.org/licenses/by/2.0/,Kevin McCarthy https://www.flickr.com/photos/kevin1024/17738828,openimages:validation:10517249ac232c8f,https://open-images-dataset.s3.amazonaws.com/validation/10517249ac232c8f.jpg,e6c4eb58f7494248f18937adc64fe6a3
,scene,cityscape,architecture,,,aerial,https://creativecommons.org/licenses/by/2.0/,Lauri Oherd https://www.flickr.com/photos/lauri_/8081950538,openimages:validation:150d97334649f96f,https://open-images-dataset.s3.amazonaws.com/validation/150d97334649f96f.jpg,76bc947a7a78bc8d4f71bd362773633c
,scene,cityscape,architecture,,,,https://creativecommons.org/licenses/by/2.0/,Paul Arps https://www.flickr.com/photos/slapers/6689155255,openimages:validation:519a4fdbfd81d42a,https://open-images-dataset.s3.amazonaws.com/validation/519a4fdbfd81d42a.jpg,842b10fe3783c3b1917be3ab084fc044
,scene,cityscape,architecture,,,,https://creativecommons.org/licenses/by/2.0/,Kyle Brazil https://www.flickr.com/photos/kjbrazil/14063184793,openimages:validation:af6e45d2e9a8b7a3,https://open-images-dataset.s3.amazonaws.com/validation/af6e45d2e9a8b7a3.jpg,dc7690b455565ed465950f4b92790313
,scene,cityscape,architecture,,,,https://creativecommons.org/licenses/by/2.0/,Heather Cowper https://www.flickr.com/photos/heatheronhertravels/5319192655,openimages:validation:d88bb30cf0bd472f,https://open-images-dataset.s3.amazonaws.com/validation/d88bb30cf0bd472f.jpg,eb345f85c07a6595ad3ebb3282d8b9f6
,scene,cityscape,architecture,,,,https://creativecommons.org/licenses/by/2.0/,Prasad Pillai https://www.flickr.com/photos/prasad-om/5547939156,openimages:validation:c753acc98a2a3304,https://open-images-dataset.s3.amazonaws.com/validation/c753acc98a2a3304.jpg,17c638572c25b9c1f307510a78236b4e
,scene,cityscape,architecture,,,,https://creativecommons.org/licenses/by/2.0/,Mike_fleming https://www.flickr.com/photos/flem007_uk/393165021,openimages:validation:da2b7cb2ba402ff4,https://open-images-dataset.s3.amazonaws.com/validation/da2b7cb2ba402ff4.jpg,ce5f00308ffdc4f8e4e44da4a9a05a9f
,scene,cityscape,architecture,,,,https://creativecommons.org/licenses/by/2.0/,Otávio Nogueira https://www.flickr.com/photos/55953988@N00/4616643396/,openimages:validation:d46d3539f9362715,https://open-images-dataset.s3.amazonaws.com/validation/d46d3539f9362715.jpg,7da0cc9686560ec60a8a909d52f8c3b3
,scene,cityscape,architecture,,,aerial,https://creativecommons.org/licenses/by/2.0/,morebyless https://www.flickr.com/photos/morebyless/387273074,openimages:validation:062fdf17c3f8bd80,https://open-images-dataset.s3.amazonaws.com/validation/062fdf17c3f8bd80.jpg,bcf26e2ea88d6a08c1d208fcedfd4ef5
,scene,cityscape,architecture,,,,https://creativecommons.org/licenses/by/2.0/,moccasinlanding https://www.flickr.com/photos/moccasinlanding/21136943284,openimages:validation:a07d695db0b2c700,https://open-images-dataset.s3.amazonaws.com/validation/a07d695db0b2c700.jpg,16431c75f8e9c4ae99141304c39e04fe
,scene,cityscape,architecture,,,,https://creativecommons.org/licenses/by/2.0/,Gabriele Barni https://www.flickr.com/photos/scruch/3471432936,openimages:validation:b024368eccd34bfe,https://open-images-dataset.s3.amazonaws.com/validation/b024368eccd34bfe.jpg,f36eeb2743502dad8359dc232936108c
,scene,cityscape,architecture,,,,https://creativecommons.org/licenses/by/2.0/,Marit &amp; Toomas Hinnosaar https://www.flickr.com/photos/hinnosaar/3933757897,openimages:validation:d973115bbf22d5fa,https://open-images-dataset.s3.amazonaws.com/validation/d973115bbf22d5fa.jpg,b3ba2e50ce722a24c954723b0823d4fe
,scene,cityscape,architecture,,,,https://creativecommons.org/licenses/by/2.0/,Giacomo Mason https://www.flickr.com/photos/giacomomason/368251474,openimages:validation:10a8197a3cf39567,https://open-images-dataset.s3.amazonaws.com/validation/10a8197a3cf39567.jpg,321f3cfaf5fe2eda0f54c7fd6ca75592
,scene,cityscape,architecture,,,,https://creativecommons.org/licenses/by/2.0/,Daniel Oines https://www.flickr.com/photos/dno1967b/20685438985,openimages:validation:6163afc061ffa0f8,https://open-images-dataset.s3.amazonaws.com/validation/6163afc061ffa0f8.jpg,31d822b8f51b6833b83738708fbfc832
,scene,cityscape,architecture,,,,https://creativecommons.org/licenses/by/2.0/,Richard Craig https://www.flickr.com/photos/richard_craig/4831027464,openimages:validation:481c0f5fd4ec6905,https://open-images-dataset.s3.amazonaws.com/validation/481c0f5fd4ec6905.jpg,a83588e45398de3f62301bf8eb2c1189
,scene,cityscape,architecture,,,,https://creativecommons.org/licenses/by/2.0/,Rusty Clark - On the Air M-F 8am-noon https://www.flickr.com/photos/rusty_clark/6235558536,openimages:validation:9ba50cb2198a23d8,https://open-images-dataset.s3.amazonaws.com/validation/9ba50cb2198a23d8.jpg,10544f504ce1d8667e331a8d16299a9f
,scene,cityscape,architecture,,,aerial,https://creativecommons.org/licenses/by/2.0/,Edson Francisco Bonfim https://www.flickr.com/photos/mredson81/8510435241,openimages:validation:5d9031ba0c9a35e5,https://open-images-dataset.s3.amazonaws.com/validation/5d9031ba0c9a35e5.jpg,f63f653e0f69abf4c830db5d697b7fe6
,scene,cityscape,architecture,,,,https://creativecommons.org/licenses/by/2.0/,Joshua Eckert https://www.flickr.com/photos/42610811@N05/4757179504,openimages:validation:887113740f7d7548,https://open-images-dataset.s3.amazonaws.com/validation/887113740f7d7548.jpg,5677a4cb6557c58c94098541f4cee997
,scene,cityscape,architecture,,,,https://creativecommons.org/licenses/by/2.0/,GanMed64 https://www.flickr.com/photos/ganmed64/15685990882,openimages:validation:784be986eeae58da,https://open-images-dataset.s3.amazonaws.com/validation/784be986eeae58da.jpg,2457a4b91bb436d0dd5b3588f6e5668c
,scene,cityscape,architecture,,,,https://creativecommons.org/licenses/by/2.0/,Craig Howell https://www.flickr.com/photos/seat850/11128891134/,openimages:validation:04efbfa009755571,https://open-images-dataset.s3.amazonaws.com/validation/04efbfa009755571.jpg,ea1373b6d0ad881bbc6067bc3fa0569b
,scene,cityscape,architecture,,,,https://creativecommons.org/licenses/by/2.0/,Ari Helminen https://www.flickr.com/photos/picsoflife/4754857352,openimages:validation:5337819360fbbe51,https://open-images-dataset.s3.amazonaws.com/validation/5337819360fbbe51.jpg,3ace2b32a8e3d9dcd561556d4af7c8c8
,scene,cityscape,architecture,,,,https://creativecommons.org/licenses/by/2.0/,Niklas Hellerstedt https://www.flickr.com/photos/niklashellerstedt/5693560579,openimages:validation:01439856e567bc4e,https://open-images-dataset.s3.amazonaws.com/validation/01439856e567bc4e.jpg,174667e4466e3a7d7a215e742fff820c
,scene,cityscape,architecture,,,,https://creativecommons.org/licenses/by/2.0/,giulio nepi https://www.flickr.com/photos/dottorpeni/2741872963/,openimages:validation:79fd9081694d69dc,https://open-images-dataset.s3.amazonaws.com/validation/79fd9081694d69dc.jpg,29bb48ecb95e0ea118886e8be272ed43
,scene,cityscape,architecture,,,,https://creativecommons.org/licenses/by/2.0/,Dean Sloan https://www.flickr.com/photos/titney/6144930796/,openimages:validation:b8b0d6a47e48cc8c,https://open-images-dataset.s3.amazonaws.com/validation/b8b0d6a47e48cc8c.jpg,f8b07ef08209b519a5911f2d31e138e7
,scene,cityscape,architecture,,,,https://creativecommons.org/licenses/by/2.0/,Dan Previte https://www.flickr.com/photos/dprevite/4306136840,openimages:validation:27a2bfe7924afa55,https://open-images-dataset.s3.amazonaws.com/validation/27a2bfe7924afa55.jpg,6267abb4cdd4f5ead607b42b4324bce7
,scene,cityscape,architecture,,,,https://creativecommons.org/licenses/by/2.0/,Rene Schwietzke https://www.flickr.com/photos/rene-germany/3998199795,openimages:validation:38d60954765f7b4f,https://open-images-dataset.s3.amazonaws.com/validation/38d60954765f7b4f.jpg,90b583e23732b48c7cc32dfa0dad226f
,scene,cityscape,architecture,,,,https://creativecommons.org/licenses/by/2.0/,Nick https://www.flickr.com/photos/34517490@N00/5565828590,openimages:validation:eec6d050a12fec7d,https://open-images-dataset.s3.amazonaws.com/validation/eec6d050a12fec7d.jpg,2062dccf633dbeeb4f3013f8b0974872
,scene,cityscape,architecture,,,,https://creativecommons.org/licenses/by/2.0/,Paul Downey https://www.flickr.com/photos/psd/2252403359,openimages:validation:d585bb214ebb8307,https://open-images-dataset.s3.amazonaws.com/validation/d585bb214ebb8307.jpg,a51b828f75f4f1d2935da49b25693533
,scene,cityscape,architecture,,,aerial,https://creativecommons.org/licenses/by/2.0/,Yannick Loriot https://www.flickr.com/photos/96264617@N08/11311045905,openimages:validation:816ee0e2e43a1002,https://open-images-dataset.s3.amazonaws.com/validation/816ee0e2e43a1002.jpg,0c8dde0a0157bae72ef40042e61c865f
,scene,cityscape,architecture,,,,https://creativecommons.org/licenses/by/2.0/,abdallahh https://www.flickr.com/photos/husseinabdallah/2088693540,openimages:validation:54ecd2808967f80e,https://open-images-dataset.s3.amazonaws.com/validation/54ecd2808967f80e.jpg,ee8ae2380d12020ab8410baacec99cc3
,scene,monument,architecture,,,,https://creativecommons.org/licenses/by/2.0/,Derek Markham https://www.flickr.com/photos/derekmarkham/3937807425,openimages:validation:d2060c1d2932793e,https://open-images-dataset.s3.amazonaws.com/validation/d2060c1d2932793e.jpg,1ae027ce95cf796546a3b8bbd289d93e
,scene,monument,architecture,,,,https://creativecommons.org/licenses/by/2.0/,rhodesj https://www.flickr.com/photos/rhodesj/3578726809,openimages:validation:e6e507ecd1a84477,https://open-images-dataset.s3.amazonaws.com/validation/e6e507ecd1a84477.jpg,a0e2c0c0dc68a886ec59d411d2ef4a22
,scene,monument,architecture,,,,https://creativecommons.org/licenses/by/2.0/,Hamner_Fotos https://www.flickr.com/photos/jonathan_hamner/3385842982,openimages:validation:1f1981f7f317c0ca,https://open-images-dataset.s3.amazonaws.com/validation/1f1981f7f317c0ca.jpg,ac07a18df951b43a3eee6895cbd77576
,scene,monument,architecture,,,,https://creativecommons.org/licenses/by/2.0/,Gabriele Battaglia https://www.flickr.com/photos/40713859@N00/252354324,openimages:validation:aa4f844c6f89f002,https://open-images-dataset.s3.amazonaws.com/validation/aa4f844c6f89f002.jpg,0f2f66da74c527deb9a248d91a2efd6f
,scene,monument,architecture,,,,https://creativecommons.org/licenses/by/2.0/,Greg Gilbert https://www.flickr.com/photos/8063840@N02/15105305151,openimages:validation:2013eec97f457f87,https://open-images-dataset.s3.amazonaws.com/validation/2013eec97f457f87.jpg,52bc597b397917dc56c3f777b8b48901
,scene,monument,architecture,,,,https://creativecommons.org/licenses/by/2.0/,Nigel Wilson https://www.flickr.com/photos/cocca/287131251,openimages:validation:f6f353e450e638c5,https://open-images-dataset.s3.amazonaws.com/validation/f6f353e450e638c5.jpg,0d0a8ac1a04375f0d2b5e2797bec0aa9
,scene,monument,architecture,,,,https://creativecommons.org/licenses/by/2.0/,xlibber https://www.flickr.com/photos/xlibber/2480064287,openimages:validation:377448b495f7f032,https://open-images-dataset.s3.amazonaws.com/validation/377448b495f7f032.jpg,48670e16e0f1b4ba08e5c541d0415ef8
,scene,monument,architecture,,,,https://creativecommons.org/licenses/by/2.0/,Roland Tanglao https://www.flickr.com/photos/roland/53539255,openimages:validation:38d09496e445afec,https://open-images-dataset.s3.amazonaws.com/validation/38d09496e445afec.jpg,dcfb7c85209b47dfd72b4fe9f6db6081
,scene,monument,architecture,,,,https://creativecommons.org/licenses/by/2.0/,den99 https://www.flickr.com/photos/10260831@N02/2788646147,openimages:validation:692790a0a9a3c10e,https://open-images-dataset.s3.amazonaws.com/validation/692790a0a9a3c10e.jpg,05ad6b3c447643436f457a9e9780f95b
,scene,monument,architecture,,,,https://creativecommons.org/licenses/by/2.0/,Trekity https://www.flickr.com/photos/trekity/6359612515,openimages:validation:f6c88a5aa0247aa9,https://open-images-dataset.s3.amazonaws.com/validation/f6c88a5aa0247aa9.jpg,a295e000508aa6d7eede59908efcb8bd
,scene,monument,architecture,,,,https://creativecommons.org/licenses/by/2.0/,Sharon Mollerus https://www.flickr.com/photos/clairity/3531285410,openimages:validation:59472d1350cc75ca,https://open-images-dataset.s3.amazonaws.com/validation/59472d1350cc75ca.jpg,2a291d2c52014ef3220eb33ac4294d32
,scene,monument,architecture,,,,https://creativecommons.org/licenses/by/2.0/,Graham C99 https://www.flickr.com/photos/schnappi/3369740401,openimages:validation:0a29e1040eab3297,https://open-images-dataset.s3.amazonaws.com/validation/0a29e1040eab3297.jpg,e469eff5b88702fbfdb6daf973e92aa1
,scene,monument,architecture,,,,https://creativecommons.org/licenses/by/2.0/,fraufrida https://www.flickr.com/photos/fraufrida/809153033,openimages:validation:e66c0ba07d0c41f8,https://open-images-dataset.s3.amazonaws.com/validation/e66c0ba07d0c41f8.jpg,b1d9d043f631bea56152b5b0e6116a38
,scene,monument,architecture,,,,https://creativecommons.org/licenses/by/2.0/,Gael Varoquaux https://www.flickr.com/photos/gaelvaroquaux/15432376491,openimages:validation:3eb4825025b8bba8,https://open-images-dataset.s3.amazonaws.com/validation/3eb4825025b8bba8.jpg,b73a7185e16d4356062cb37be1e9a002
,scene,monument,architecture,,,,https://creativecommons.org/licenses/by/2.0/,Alice Popkorn https://www.flickr.com/photos/alicepopkorn/3264315530,openimages:validation:8ff9c2dbfaf2608d,https://open-images-dataset.s3.amazonaws.com/validation/8ff9c2dbfaf2608d.jpg,f9447c348fecbce87dbc9f1da27d67e2
,scene,monument,architecture,,,,https://creativecommons.org/licenses/by/2.0/,Nicolas Esposito https://www.flickr.com/photos/nesposit/66501541,openimages:validation:fb2ad01c19312ed6,https://open-images-dataset.s3.amazonaws.com/validation/fb2ad01c19312ed6.jpg,bf16b42d628083bb7c916da6903b7150
,scene,monument,architecture,,,,https://creativecommons.org/licenses/by/2.0/,Lesley https://www.flickr.com/photos/doeth/559202394,openimages:validation:a57531b664148786,https://open-images-dataset.s3.amazonaws.com/validation/a57531b664148786.jpg,3dc932d36b2cfacbfa3831cfa22311ef
,scene,monument,architecture,,,,https://creativecommons.org/licenses/by/2.0/,medea_material https://www.flickr.com/photos/medea_material/1606516457,openimages:validation:77958d5a97b8fe2a,https://open-images-dataset.s3.amazonaws.com/validation/77958d5a97b8fe2a.jpg,9e2227d93e0e13e5dad4af44657d1aa0
,scene,monument,architecture,,,,https://creativecommons.org/licenses/by/2.0/,Piano Piano! https://www.flickr.com/photos/hansthijs/1677301651,openimages:validation:5fe7a6e1563bd6f0,https://open-images-dataset.s3.amazonaws.com/validation/5fe7a6e1563bd6f0.jpg,c1679d65724f22ce9d48eb6eb0f7bac6
,scene,monument,architecture,,,,https://creativecommons.org/licenses/by/2.0/,Jeff Peterson https://www.flickr.com/photos/mrpetersononline/6206267614,openimages:validation:a9d686686609f2f1,https://open-images-dataset.s3.amazonaws.com/validation/a9d686686609f2f1.jpg,7596419165a0c91c164eb185e11da200
,scene,monument,architecture,,,,https://creativecommons.org/licenses/by/2.0/,Swaminathan https://www.flickr.com/photos/araswami/2052501822,openimages:validation:af454bf640079b7b,https://open-images-dataset.s3.amazonaws.com/validation/af454bf640079b7b.jpg,9986570941efbb8da1d84c3908c7d061
,scene,monument,architecture,,,,https://creativecommons.org/licenses/by/2.0/,Ivan David Gomez Arce https://www.flickr.com/photos/mrcacahuate/6143677871,openimages:validation:72b03d7eb92c621b,https://open-images-dataset.s3.amazonaws.com/validation/72b03d7eb92c621b.jpg,56813c1197af829f5cab9f247b1a30f2
,scene,monument,architecture,,,,https://creativecommons.org/licenses/by/2.0/,Martin aka Maha https://www.flickr.com/photos/maha-online/15041445084,openimages:validation:d9e57ee88aaba437,https://open-images-dataset.s3.amazonaws.com/validation/d9e57ee88aaba437.jpg,1f30c35715d4d825a29e5ef5863e226c
,scene,monument,architecture,,,,https://creativecommons.org/licenses/by/2.0/,Corey Theiss https://www.flickr.com/photos/ctheiss/28378637,openimages:validation:b9a3ea47e53dadad,https://open-images-dataset.s3.amazonaws.com/validation/b9a3ea47e53dadad.jpg,d6d191d3974bd374b756ec8b75b37690
,scene,monument,architecture,,,,https://creativecommons.org/licenses/by/2.0/,Greg Palmer https://www.flickr.com/photos/gregpalmer/107415464,openimages:validation:dc63fda48b09e09b,https://open-images-dataset.s3.amazonaws.com/validation/dc63fda48b09e09b.jpg,1810b15b5c137a0a69837c4a2a908500
,scene,monument,architecture,,,,https://creativecommons.org/licenses/by/2.0/,sun https://www.flickr.com/photos/suncana/31670117,openimages:validation:3882bfcbabba3200,https://open-images-dataset.s3.amazonaws.com/validation/3882bfcbabba3200.jpg,13a14621ad3d2a054a948c984a32c784
,scene,monument,architecture,,,,https://creativecommons.org/licenses/by/2.0/,t-mizo https://www.flickr.com/photos/tmizo/6934135416,openimages:validation:9303cec7435f7829,https://open-images-dataset.s3.amazonaws.com/validation/9303cec7435f7829.jpg,6a6c1c2ea8741e80dfd94a9242367f8e
,scene,monument,architecture,,,,https://creativecommons.org/licenses/by/2.0/,Oh Paris https://www.flickr.com/photos/oh-paris/5954134632,openimages:validation:2ccf620fabfd3994,https://open-images-dataset.s3.amazonaws.com/validation/2ccf620fabfd3994.jpg,69747dcd659046fcb7304ce5ddf2592e
,scene,monument,architecture,,,,https://creativecommons.org/licenses/by/2.0/,Ruth Graham https://www.flickr.com/photos/26211269@N05/4732213230,openimages:validation:b3ceb593a122f4d6,https://open-images-dataset.s3.amazonaws.com/validation/b3ceb593a122f4d6.jpg,d856f4811b308b8b332e4d65e74afd4f
,scene,monument,architecture,,,,https://creativecommons.org/licenses/by/2.0/,zandrikuun https://www.flickr.com/photos/125653686@N04/15225944786,openimages:validation:7af9f1d7ce15fdaf,https://open-images-dataset.s3.amazonaws.com/validation/7af9f1d7ce15fdaf.jpg,c531b85d6c06f4e26d1d0a0d9b78387d
,scene,monument,architecture,,,,https://creativecommons.org/licenses/by/2.0/,Paulio Geordio https://www.flickr.com/photos/pauliogeordio/2310865388,openimages:validation:0670d75b15417a15,https://open-images-dataset.s3.amazonaws.com/validation/0670d75b15417a15.jpg,10a2b0579e2d255fce5e9b256442ebd4
,scene,monument,architecture,,,,https://creativecommons.org/licenses/by/2.0/,Craig Howell https://www.flickr.com/photos/seat850/3192551512/,openimages:validation:e6218f8c372e0fe3,https://open-images-dataset.s3.amazonaws.com/validation/e6218f8c372e0fe3.jpg,0266094aa8fb8a67d9a832abfeb256ee
,scene,monument,architecture,,,,https://creativecommons.org/licenses/by/2.0/,Charlie Phillips https://www.flickr.com/photos/savingfutures/6999716160/,openimages:validation:5749dc06b188c588,https://open-images-dataset.s3.amazonaws.com/validation/5749dc06b188c588.jpg,c45a368cef699c00acf652da63a2b16a
,scene,monument,architecture,,,,https://creativecommons.org/licenses/by/2.0/,Jardel A https://www.flickr.com/photos/jardel/230255825/in/album-72157594336267924/,openimages:validation:18958cb6f8523c8c,https://open-images-dataset.s3.amazonaws.com/validation/18958cb6f8523c8c.jpg,4fb3d9da5603053cb3af15e2350b4ed4
,scene,monument,architecture,,,,https://creativecommons.org/licenses/by/2.0/,Chi King https://www.flickr.com/photos/davelau/6689994535,openimages:validation:436d9265a1138325,https://open-images-dataset.s3.amazonaws.com/validation/436d9265a1138325.jpg,af49eaa64f14a809284610a13a80bea0
,scene,monument,architecture,,,,https://creativecommons.org/licenses/by/2.0/,Shaun Fisher https://www.flickr.com/photos/87007001@N04/9519346984,openimages:validation:4693570803310851,https://open-images-dataset.s3.amazonaws.com/validation/4693570803310851.jpg,1aa703eea1f164dc8b5ad552f43f88a2
,scene,monument,architecture,,,,https://creativecommons.org/licenses/by/2.0/,Frank Bodden https://www.flickr.com/photos/wwwflickrcomphotoscaltexian/9188118159,openimages:validation:921fe387febca37c,https://open-images-dataset.s3.amazonaws.com/validation/921fe387febca37c.jpg,6990990f4d58dfc7a9b64aeec0a70925
,scene,monument,architecture,,,,https://creativecommons.org/licenses/by/2.0/,Roger H. Goun https://www.flickr.com/photos/sskennel/4657180289,openimages:validation:59ff219a2d17ba9e,https://open-images-dataset.s3.amazonaws.com/validation/59ff219a2d17ba9e.jpg,8febe25e5649cb5fd24f922cded8efef
,scene,monument,architecture,,,,https://creativecommons.org/licenses/by/2.0/,iPhone-shoot https://www.flickr.com/photos/iphoneshoot/15666905933,openimages:validation:7d1cb6eec3e2d13f,https://open-images-dataset.s3.amazonaws.com/validation/7d1cb6eec3e2d13f.jpg,f7736111510dfd5cf5665b9c6ce5bd3d
,scene,monument,architecture,,,,https://creativecommons.org/licenses/by/2.0/,Jose A. https://www.flickr.com/photos/sky_hlv/15611569597,openimages:validation:c64139a83a1ffadb,https://open-images-dataset.s3.amazonaws.com/validation/c64139a83a1ffadb.jpg,95711d62a02a9a4d9860eb9b611567e2
,scene,monument,architecture,,,,https://creativecommons.org/licenses/by/2.0/,tearsxintherain https://www.flickr.com/photos/tearsxintherain/2405096795,openimages:validation:ebaaf7f42fbb8bbc,https://open-images-dataset.s3.amazonaws.com/validation/ebaaf7f42fbb8bbc.jpg,fc0ded4d4b6ceeefc54bdde3fc6ee276
,scene,monument,architecture,,,,https://creativecommons.org/licenses/by/2.0/,Paul Wilkinson https://www.flickr.com/photos/eepaul/13249470795,openimages:validation:1687a81fd0d93ea3,https://open-images-dataset.s3.amazonaws.com/validation/1687a81fd0d93ea3.jpg,394558d9fd3781d2fd873cbfbcfff542
,scene,monument,architecture,,,,https://creativecommons.org/licenses/by/2.0/,-JvL- https://www.flickr.com/photos/-jvl-/13972062383,openimages:validation:0f5268b184ffcf29,https://open-images-dataset.s3.amazonaws.com/validation/0f5268b184ffcf29.jpg,d2e283da88bbd6bed71cd2d89d0a55cc
,scene,monument,architecture,,,,https://creativecommons.org/licenses/by/2.0/,Mike Vondran https://www.flickr.com/photos/over_kind_man/5913569070,openimages:validation:82915903d983498a,https://open-images-dataset.s3.amazonaws.com/validation/82915903d983498a.jpg,93a9e1f7730a90943c9dbe44f86b670e
,scene,monument,architecture,,,,https://creativecommons.org/licenses/by/2.0/,Andreas März https://www.flickr.com/photos/andreas63/6222573640,openimages:validation:6d507443740be438,https://open-images-dataset.s3.amazonaws.com/validation/6d507443740be438.jpg,49a4c1cd5070a138ab4e1c0c8e0090f5
,scene,monument,architecture,,,,https://creativecommons.org/licenses/by/2.0/,ptwo https://www.flickr.com/photos/ptwo/14958155929,openimages:validation:b1607ca77bd11c84,https://open-images-dataset.s3.amazonaws.com/validation/b1607ca77bd11c84.jpg,b7edbe76cce1ef20535f3985f52bd6af
,scene,monument,architecture,,,,https://creativecommons.org/licenses/by/2.0/,Mafalda Moreira Santos https://www.flickr.com/photos/glances-of-mine/4558208636,openimages:validation:770a783095ad54b4,https://open-images-dataset.s3.amazonaws.com/validation/770a783095ad54b4.jpg,9f49e36b61183734967bd7692035a769
,scene,monument,architecture,,,,https://creativecommons.org/licenses/by/2.0/,Tommy Wong https://www.flickr.com/photos/gracewong/93632419,openimages:validation:53b40664569b00f9,https://open-images-dataset.s3.amazonaws.com/validation/53b40664569b00f9.jpg,06ae63be3de191fab4a4f7ab540a70f5
,scene,monument,architecture,,,,https://creativecommons.org/licenses/by/2.0/,Wendy Mann https://www.flickr.com/photos/haversack/122079850,openimages:validation:700ea4d99daecf7e,https://open-images-dataset.s3.amazonaws.com/validation/700ea4d99daecf7e.jpg,8ea36a8185d245e4b194bf970e956d58
,scene,monument,architecture,,,,https://creativecommons.org/licenses/by/2.0/,watchsmart https://www.flickr.com/photos/watchsmart/1401456431,openimages:validation:092ddc69710b592c,https://open-images-dataset.s3.amazonaws.com/validation/092ddc69710b592c.jpg,e516b30f50c6e7dd1677bb6d0087011f
,scene,rural,architecture,,,,https://creativecommons.org/licenses/by/2.0/,Tim Regan https://www.flickr.com/photos/dumbledad/2896301362,openimages:validation:58b3906f2adfe7a1,https://open-images-dataset.s3.amazonaws.com/validation/58b3906f2adfe7a1.jpg,c55cae077c4a6cda46d1b44caff362d3
,scene,rural,architecture,,,,https://creativecommons.org/licenses/by/2.0/,peter boer https://www.flickr.com/photos/minuseleven/15727552676,openimages:validation:a9ff60adafca14c6,https://open-images-dataset.s3.amazonaws.com/validation/a9ff60adafca14c6.jpg,498f5ef841003d5cd9c6955ac95e3938
,scene,rural,architecture,,,,https://creativecommons.org/licenses/by/2.0/,Great Valley Center https://www.flickr.com/photos/greatvalleycenter/38286811,openimages:validation:16557ffcb475ee5c,https://open-images-dataset.s3.amazonaws.com/validation/16557ffcb475ee5c.jpg,794408e8019893f33eb1fc164d36d518
,scene,rural,architecture,,,,https://creativecommons.org/licenses/by/2.0/,Amal FM https://www.flickr.com/photos/amal-fm/8610193211,openimages:validation:981242488ca71a86,https://open-images-dataset.s3.amazonaws.com/validation/981242488ca71a86.jpg,20d7e3d8c00f0700bba7a53b9b365a73
,scene,rural,architecture,,,,https://creativecommons.org/licenses/by/2.0/,shunei1506 https://www.flickr.com/photos/shunei1506/485891748,openimages:validation:b38354f62093ee73,https://open-images-dataset.s3.amazonaws.com/validation/b38354f62093ee73.jpg,b6ddced771956160520ef44c0268250f
,scene,rural,architecture,,,,https://creativecommons.org/licenses/by/2.0/,Brian Jeffery Beggerly https://www.flickr.com/photos/beggs/1814203034,openimages:validation:271e335e2a64b273,https://open-images-dataset.s3.amazonaws.com/validation/271e335e2a64b273.jpg,61da502ad4b9aa5372aa350e20df453a
,scene,rural,architecture,,,,https://creativecommons.org/licenses/by/2.0/,Iwao https://www.flickr.com/photos/kemeko/6069721678,openimages:validation:afaa45b07c5c483e,https://open-images-dataset.s3.amazonaws.com/validation/afaa45b07c5c483e.jpg,4577b837801fea563fb1c568270ce22a
,scene,rural,architecture,,,,https://creativecommons.org/licenses/by/2.0/,Robert Michalove https://www.flickr.com/photos/robertmichalove/4357770015,openimages:validation:00fe64cf0eedb1cb,https://open-images-dataset.s3.amazonaws.com/validation/00fe64cf0eedb1cb.jpg,5df0efa6704167169f9c5ed2e8caf3b6
,scene,rural,architecture,,,,https://creativecommons.org/licenses/by/2.0/,Joel Henner https://www.flickr.com/photos/cameravox/8774205870,openimages:validation:7dc8e21413f3ab2a,https://open-images-dataset.s3.amazonaws.com/validation/7dc8e21413f3ab2a.jpg,6cfb6608ef340670d9bbe0487ce66bf5
,scene,rural,architecture,,,,https://creativecommons.org/licenses/by/2.0/,Br John Walker msc https://www.flickr.com/photos/brjack/4151609515/,openimages:validation:42a6138a298b3d77,https://open-images-dataset.s3.amazonaws.com/validation/42a6138a298b3d77.jpg,d846692a2f9c6d4b1a246b2d0a24c493
,scene,rural,architecture,,,,https://creativecommons.org/licenses/by/2.0/,USFWS Mountain-Prairie https://flickr.com/51986662@N05/13968959421,openimages:validation:1454a20a0891814c,https://open-images-dataset.s3.amazonaws.com/validation/1454a20a0891814c.jpg,1373e30082f26535bb3c9128c014af4c
,scene,rural,architecture,,,,https://creativecommons.org/licenses/by/2.0/,Melvin &quot;Buddy&quot; Baker https://www.flickr.com/photos/i_level_news/4667530249,openimages:validation:14bbb30e5c1c47c7,https://open-images-dataset.s3.amazonaws.com/validation/14bbb30e5c1c47c7.jpg,9bfc1f623708081a2d393a020a0cda04
,scene,rural,architecture,,,wide,https://creativecommons.org/licenses/by/2.0/,neekoh.fi https://www.flickr.com/photos/neekohfi/4676655392,openimages:validation:580d7ee5239c1c06,https://open-images-dataset.s3.amazonaws.com/validation/580d7ee5239c1c06.jpg,f04e42bd4212b1a3166c2b4b769f8bd3
,scene,rural,architecture,,,,https://creativecommons.org/licenses/by/2.0/,Masahiko OHKUBO https://www.flickr.com/photos/mah_japan/15461959858,openimages:validation:f7fe6607d89e5a78,https://open-images-dataset.s3.amazonaws.com/validation/f7fe6607d89e5a78.jpg,d538e66f4206c30e585ff7a451299838
,scene,rural,architecture,,,,https://creativecommons.org/licenses/by/2.0/,Kate Ausburn https://www.flickr.com/photos/treslola/7731437550/,openimages:validation:9e6c28c8e2d670d4,https://open-images-dataset.s3.amazonaws.com/validation/9e6c28c8e2d670d4.jpg,3b86724d30462294d57b9d2802e3ffd2
,scene,rural,architecture,,,,https://creativecommons.org/licenses/by/2.0/,daveynin https://www.flickr.com/photos/daveynin/14689607959,openimages:validation:ea1c9b23ecffa2d2,https://open-images-dataset.s3.amazonaws.com/validation/ea1c9b23ecffa2d2.jpg,a4965b6b3608644ad27711e1e63ed8e1
,scene,rural,architecture,,,,https://creativecommons.org/licenses/by/2.0/,Jérôme Decq https://www.flickr.com/photos/lesphotosdejerome/5357655900,openimages:validation:bb81236c84ba2268,https://open-images-dataset.s3.amazonaws.com/validation/bb81236c84ba2268.jpg,25bdb6e47a43de299dc24fbbe414d392
,scene,rural,architecture,,,,https://creativecommons.org/licenses/by/2.0/,James Emery https://www.flickr.com/photos/emeryjl/449590687/,openimages:validation:8b3cbd186fbe298e,https://open-images-dataset.s3.amazonaws.com/validation/8b3cbd186fbe298e.jpg,0e9c460a01e5fc554cd46bde7fc6c7a8
,scene,rural,architecture,,,,https://creativecommons.org/licenses/by/2.0/,Farther Along https://www.flickr.com/photos/jcbrandon/1278497393,openimages:validation:49a173e5ea8e08ee,https://open-images-dataset.s3.amazonaws.com/validation/49a173e5ea8e08ee.jpg,92c616ce9449b9301726b13fb993d587
,scene,rural,architecture,,,,https://creativecommons.org/licenses/by/2.0/,Åsen Museum og Historielag https://www.flickr.com/photos/aasenhistorie/9789141594,openimages:validation:fdca2fe7b4ad4e3d,https://open-images-dataset.s3.amazonaws.com/validation/fdca2fe7b4ad4e3d.jpg,1feeb511d2c444d911d1539d5829e5d0
,scene,rural,architecture,,,,https://creativecommons.org/licenses/by/2.0/,Wesley Fryer https://www.flickr.com/photos/wfryer/9615637872,openimages:validation:baf3f4660a059677,https://open-images-dataset.s3.amazonaws.com/validation/baf3f4660a059677.jpg,3545fdb28f527b5a8940578f668abde4
,scene,rural,architecture,,,,https://creativecommons.org/licenses/by/2.0/,vazexqi https://www.flickr.com/photos/vazexqi/1433961127,openimages:validation:f699ccae41f02992,https://open-images-dataset.s3.amazonaws.com/validation/f699ccae41f02992.jpg,3eb58210842fbf80f09e416f12c92df4
,scene,rural,architecture,,,,https://creativecommons.org/licenses/by/2.0/,Joxe Aranzabal https://www.flickr.com/photos/joxe/5829603693,openimages:validation:a3b5c9069f070dde,https://open-images-dataset.s3.amazonaws.com/validation/a3b5c9069f070dde.jpg,d53e39ffefc8a80ccaae400ac1c44caf
,scene,rural,architecture,,,wide,https://creativecommons.org/licenses/by/2.0/,Cuno de Boer https://www.flickr.com/photos/cuno/4919215243,openimages:validation:c3ad6481a0d00e50,https://open-images-dataset.s3.amazonaws.com/validation/c3ad6481a0d00e50.jpg,9923aa354c5d44ff17ebb1ac4b023649
,scene,rural,architecture,,,,https://creativecommons.org/licenses/by/2.0/,Gareth Williams https://www.flickr.com/photos/gareth1953/8831851858,openimages:validation:796cd93ac50fee9d,https://open-images-dataset.s3.amazonaws.com/validation/796cd93ac50fee9d.jpg,b2c850841e2407ea2f1e10f95d33b464
,scene,rural,architecture,,,,https://creativecommons.org/licenses/by/2.0/,PaulAdamsPhotography https://www.flickr.com/photos/pauladamsphotos/4866805276,openimages:validation:982c21d1bf3c27dc,https://open-images-dataset.s3.amazonaws.com/validation/982c21d1bf3c27dc.jpg,3d70ca3c094c26f1a3cdda548cfe2edb
,scene,rural,architecture,,,,https://creativecommons.org/licenses/by/2.0/,el cajon yacht club https://www.flickr.com/photos/el_cajon_yacht_club/14971683112,openimages:validation:1d11fa97c901eb00,https://open-images-dataset.s3.amazonaws.com/validation/1d11fa97c901eb00.jpg,a05d745dab082e67ae423592ef19e43d
,scene,rural,architecture,,,,https://creativecommons.org/licenses/by/2.0/,Michela Di Mario https://www.flickr.com/photos/micheladimario/4454286523,openimages:validation:f3d6de07c93666d6,https://open-images-dataset.s3.amazonaws.com/validation/f3d6de07c93666d6.jpg,05c1a94144d8482597a76485c6994d4f
,scene,rural,architecture,,,,https://creativecommons.org/licenses/by/2.0/,Jon Stow https://www.flickr.com/photos/45958029@N06/15024018447,openimages:validation:66137ba696091649,https://open-images-dataset.s3.amazonaws.com/validation/66137ba696091649.jpg,64294fbb30fec1c094f73efb3ee2def5
,scene,rural,architecture,,,,https://creativecommons.org/licenses/by/2.0/,Thomas Quine https://www.flickr.com/photos/quinet/141963648,openimages:validation:45ee67a9d2d0bf8d,https://open-images-dataset.s3.amazonaws.com/validation/45ee67a9d2d0bf8d.jpg,1ee3c42c3147fe2a5b55905a17cd0bdb
,scene,rural,architecture,,,aerial,https://creativecommons.org/licenses/by/2.0/,Wonderlane https://www.flickr.com/photos/wonderlane/5210239773,openimages:validation:25bed79c007ca4ef,https://open-images-dataset.s3.amazonaws.com/validation/25bed79c007ca4ef.jpg,2b6dbd1b6ae113a7a27b024cf33fdfba
,scene,rural,architecture,,,,https://creativecommons.org/licenses/by/2.0/,Muneef Hameed https://www.flickr.com/photos/muneef/4172722991,openimages:validation:1b95d2d968e4f430,https://open-images-dataset.s3.amazonaws.com/validation/1b95d2d968e4f430.jpg,137473fdd4a52e07fabaaf0dcaee67d4
,scene,rural,architecture,,,,https://creativecommons.org/licenses/by/2.0/,saneax https://www.flickr.com/photos/saneax/15462469666,openimages:validation:578144132c8fc82b,https://open-images-dataset.s3.amazonaws.com/validation/578144132c8fc82b.jpg,c26f4254b23e1d1e522317254921441a
,scene,rural,architecture,,,,https://creativecommons.org/licenses/by/2.0/,David Evers https://www.flickr.com/photos/31216636@N00/7188849502,openimages:validation:3632d975bd623167,https://open-images-dataset.s3.amazonaws.com/validation/3632d975bd623167.jpg,6ce5d9a1c174d9eb96dc3245e2bc816a
,scene,rural,architecture,,,,https://creativecommons.org/licenses/by/2.0/,amateur photography by michel https://www.flickr.com/photos/119886413@N05/15644270230,openimages:validation:496ca85f5db977f9,https://open-images-dataset.s3.amazonaws.com/validation/496ca85f5db977f9.jpg,77725381be67f8e4de9dc0fc6255ce68
,scene,rural,architecture,,,,https://creativecommons.org/licenses/by/2.0/,KaMpErƎ &amp; Le-tticia https://www.flickr.com/photos/kampere/7874441152,openimages:validation:f4dcbdceb4b4dc16,https://open-images-dataset.s3.amazonaws.com/validation/f4dcbdceb4b4dc16.jpg,643266ee4dfafd4e19cd1f13bfe04632
,scene,rural,architecture,,,,https://creativecommons.org/licenses/by/2.0/,Miran  Rijavec https://www.flickr.com/photos/miran/87070867,openimages:validation:85ab9bd71a069616,https://open-images-dataset.s3.amazonaws.com/validation/85ab9bd71a069616.jpg,f6b1a275f06b6132bac160928e3ff636
,scene,rural,architecture,,,,https://creativecommons.org/licenses/by/2.0/,Conny Sandland https://www.flickr.com/photos/carworld/3884140874,openimages:validation:1892326fce33bbbe,https://open-images-dataset.s3.amazonaws.com/validation/1892326fce33bbbe.jpg,29d59728e90c437e3c39b9d1acd6c9b7
,scene,rural,architecture,,,wide,https://creativecommons.org/licenses/by/2.0/,Lars K Jensen https://www.flickr.com/photos/larskjensen/4809325783/,openimages:validation:16e2332d5d230090,https://open-images-dataset.s3.amazonaws.com/validation/16e2332d5d230090.jpg,2e0a8c6730633f41eb7e0bf2cd388d3b
,scene,rural,architecture,,,,https://creativecommons.org/licenses/by/2.0/,Bunny Paffenroth https://www.flickr.com/photos/craftybunny/89144555,openimages:validation:84d07529873ad4ee,https://open-images-dataset.s3.amazonaws.com/validation/84d07529873ad4ee.jpg,4696e928e11a92789686aa125960f66f
,scene,rural,architecture,,,,https://creativecommons.org/licenses/by/2.0/,USDA NRCS https://www.flickr.com/photos/nrcs-ca/6131197724,openimages:validation:98b5f8fbfff0d05d,https://open-images-dataset.s3.amazonaws.com/validation/98b5f8fbfff0d05d.jpg,fcb0f3d0176dc611c5bf9bce75641826
,scene,rural,architecture,,,,https://creativecommons.org/licenses/by/2.0/,jo.sau https://www.flickr.com/photos/johnas/444131954,openimages:validation:f2848708e440eb72,https://open-images-dataset.s3.amazonaws.com/validation/f2848708e440eb72.jpg,505683378e4ccaf80b453fe4ae395a2f
,scene,rural,architecture,,,,https://creativecommons.org/licenses/by/2.0/,hongtymuoi 299 https://www.flickr.com/photos/60961468@N00/2678215631,openimages:validation:8d44775ffa0bbc02,https://open-images-dataset.s3.amazonaws.com/validation/8d44775ffa0bbc02.jpg,ee38a66d5b717e79b2b35c3711d00099
,scene,rural,architecture,,,,https://creativecommons.org/licenses/by/2.0/,Steven Jackson https://www.flickr.com/photos/jackson3/3685664546,openimages:validation:467bf15dad1a4996,https://open-images-dataset.s3.amazonaws.com/validation/467bf15dad1a4996.jpg,e44331059303ff568651c4e085511acf
,scene,rural,architecture,,,,https://creativecommons.org/licenses/by/2.0/,Carl Wycoff https://www.flickr.com/photos/carlwwycoff/17218472621,openimages:validation:473749ee9d8714d4,https://open-images-dataset.s3.amazonaws.com/validation/473749ee9d8714d4.jpg,9335523c075128bf0f0a23023a95dbf4
,scene,rural,architecture,,,,https://creativecommons.org/licenses/by/2.0/,Department of Foreign Affairs and Trade https://www.flickr.com/photos/dfataustralianaid/10730560425,openimages:validation:f65474c7f8384bd9,https://open-images-dataset.s3.amazonaws.com/validation/f65474c7f8384bd9.jpg,0df4124a5bca0c8b5372986ff83bc211
,scene,rural,architecture,,,,https://creativecommons.org/licenses/by/2.0/,David https://www.flickr.com/photos/bootbearwdc/26221185,openimages:validation:7a8b8f4293763eec,https://open-images-dataset.s3.amazonaws.com/validation/7a8b8f4293763eec.jpg,9c87d54dcaaff7462abcd21c0dbe28e2
,scene,rural,architecture,,,,https://creativecommons.org/licenses/by/2.0/,Linda Hartley https://www.flickr.com/photos/lindah/13946802636,openimages:validation:ce9effe4843c4867,https://open-images-dataset.s3.amazonaws.com/validation/ce9effe4843c4867.jpg,9b1384870bd3462153eaad3dabebc4ba
,scene,rural,architecture,,,,https://creativecommons.org/licenses/by/2.0/,hdptcar https://www.flickr.com/photos/hdptcar/2261225458,openimages:validation:0dffbbcfdb76724f,https://open-images-dataset.s3.amazonaws.com/validation/0dffbbcfdb76724f.jpg,be99b90f787ba2ab77f3015d1ce6a683
,scene,rural,architecture,,,,https://creativecommons.org/licenses/by/2.0/,GoToVan https://www.flickr.com/photos/gotovan/4488568093,openimages:validation:6dfde538c45623b4,https://open-images-dataset.s3.amazonaws.com/validation/6dfde538c45623b4.jpg,fd6e2c8f2ec702fec77387b31a37d5e0
,scene,food_drink,food,,,,https://creativecommons.org/licenses/by/2.0/,Elin B https://www.flickr.com/photos/beckmann/19439595900,openimages:validation:b7bd07d5b6ca3e4e,https://open-images-dataset.s3.amazonaws.com/validation/b7bd07d5b6ca3e4e.jpg,1261a017be9a7abd267157dc10516de6
,scene,food_drink,food,,,,https://creativecommons.org/licenses/by/2.0/,Gene Wang https://www.flickr.com/photos/gene_wang/16415366860,openimages:validation:f891b05056e36515,https://open-images-dataset.s3.amazonaws.com/validation/f891b05056e36515.jpg,e6a496e7afc50e2aacb207f86322410b
,scene,food_drink,food,,,,https://creativecommons.org/licenses/by/2.0/,Dan Markeye https://www.flickr.com/photos/knowledge-test/9645148044,openimages:validation:5408d905bac4d77a,https://open-images-dataset.s3.amazonaws.com/validation/5408d905bac4d77a.jpg,afba1f664275579f7bb46817efc0528d
,scene,food_drink,food,,,,https://creativecommons.org/licenses/by/2.0/,David Berkowitz https://www.flickr.com/photos/davidberkowitz/7598623628,openimages:validation:7ea23862c4d3be83,https://open-images-dataset.s3.amazonaws.com/validation/7ea23862c4d3be83.jpg,493bc164fb91238039cf20ec849338bf
,scene,food_drink,food,,,,https://creativecommons.org/licenses/by/2.0/,eric molina https://www.flickr.com/photos/iamagenious/6467160911,openimages:validation:ac4690f9cbab9007,https://open-images-dataset.s3.amazonaws.com/validation/ac4690f9cbab9007.jpg,e7cb291dc8f196674bd4367de257fd8c
,scene,food_drink,food,,,,https://creativecommons.org/licenses/by/2.0/,nerissa&#x27;s ring https://www.flickr.com/photos/21524179@N08/2873201063,openimages:validation:b32a25e7f0a97071,https://open-images-dataset.s3.amazonaws.com/validation/b32a25e7f0a97071.jpg,5c3f4bfaf534181e63027e6d47ab5918
,scene,food_drink,food,,,,https://creativecommons.org/licenses/by/2.0/,netstrolling https://www.flickr.com/photos/netstrolling/16673732828,openimages:validation:99db37510e089a47,https://open-images-dataset.s3.amazonaws.com/validation/99db37510e089a47.jpg,5afdff2c39115670c3858f06a028e124
,scene,food_drink,food,,,,https://creativecommons.org/licenses/by/2.0/,CCFoodTravel.com https://www.flickr.com/photos/cumidanciki/18612106539,openimages:validation:0150f50d412837f1,https://open-images-dataset.s3.amazonaws.com/validation/0150f50d412837f1.jpg,f879a810e0564b203155b9aa76864056
,scene,food_drink,food,,,,https://creativecommons.org/licenses/by/2.0/,silkeybeto https://www.flickr.com/photos/16710211@N03/5373302507,openimages:validation:38582850ad4927f5,https://open-images-dataset.s3.amazonaws.com/validation/38582850ad4927f5.jpg,b1e8c266384bb66aaaa4353206d62e6c
,scene,food_drink,food,,,,https://creativecommons.org/licenses/by/2.0/,sarah https://www.flickr.com/photos/81143208@N00/154956419,openimages:validation:8cf5c792c667661f,https://open-images-dataset.s3.amazonaws.com/validation/8cf5c792c667661f.jpg,304b388c89379ec3d5641f904bb5e89a
,scene,food_drink,food,,,,https://creativecommons.org/licenses/by/2.0/,Neeta Lind https://www.flickr.com/photos/neeta_lind/2825410326,openimages:validation:d2cd0b557bb7840a,https://open-images-dataset.s3.amazonaws.com/validation/d2cd0b557bb7840a.jpg,19c294fa506af6167edb6466ec38a8de
,scene,food_drink,food,,,,https://creativecommons.org/licenses/by/2.0/,David Armano https://www.flickr.com/photos/7855449@N02/5300238652,openimages:validation:19611dcf54decdef,https://open-images-dataset.s3.amazonaws.com/validation/19611dcf54decdef.jpg,82688e7bc766df09a08b26d7db7b2ff4
,scene,food_drink,food,,,,https://creativecommons.org/licenses/by/2.0/,ta@keshi kimi https://www.flickr.com/photos/kimi-/6580880317,openimages:validation:755678ded3ed701c,https://open-images-dataset.s3.amazonaws.com/validation/755678ded3ed701c.jpg,cf4c16ef7be22cf243b725cc1c339fe7
,scene,food_drink,food,,,,https://creativecommons.org/licenses/by/2.0/,karen H. nickname.{ pooh} https://www.flickr.com/photos/rugybugynicknamepooh/4417234370,openimages:validation:a07a3bd7edacda4a,https://open-images-dataset.s3.amazonaws.com/validation/a07a3bd7edacda4a.jpg,e7273c52c21b4e0e53f04fe9d2a50fe0
,scene,food_drink,food,,,,https://creativecommons.org/licenses/by/2.0/,Eugene Kim https://www.flickr.com/photos/eekim/2054476608,openimages:validation:c6eeb806bfb8f6a3,https://open-images-dataset.s3.amazonaws.com/validation/c6eeb806bfb8f6a3.jpg,50cedec93b5bf5344009f1d7453f47aa
,scene,food_drink,food,,,,https://creativecommons.org/licenses/by/2.0/,Shinichi Haramizu https://www.flickr.com/photos/haramizu3/4734051157,openimages:validation:7f4a939cbc991f35,https://open-images-dataset.s3.amazonaws.com/validation/7f4a939cbc991f35.jpg,e45a88cfcfae428b364c708dd09a2a94
,scene,food_drink,food,,,,https://creativecommons.org/licenses/by/2.0/,Elin B https://www.flickr.com/photos/beckmann/2840173155,openimages:validation:22a434238f10726d,https://open-images-dataset.s3.amazonaws.com/validation/22a434238f10726d.jpg,6f8d7b4439741f16b8ab8edc94132a7d
,scene,food_drink,food,,,,https://creativecommons.org/licenses/by/2.0/,AnneCN https://www.flickr.com/photos/anne-cathrine_nyberg/5907305168,openimages:validation:086705ab0bcebaef,https://open-images-dataset.s3.amazonaws.com/validation/086705ab0bcebaef.jpg,7bfd0b1c96d21f7506f777c5b34194cb
,scene,food_drink,food,,,,https://creativecommons.org/licenses/by/2.0/,judywitts https://www.flickr.com/photos/overthetuscanstove/16182226523,openimages:validation:6b736f399900710c,https://open-images-dataset.s3.amazonaws.com/validation/6b736f399900710c.jpg,e3adc8e76a7ff9ba46a1c2275e787801
,scene,food_drink,food,,,,https://creativecommons.org/licenses/by/2.0/,Vernon Chan https://www.flickr.com/photos/vernieman/8193207830,openimages:validation:cc150468ce403ec3,https://open-images-dataset.s3.amazonaws.com/validation/cc150468ce403ec3.jpg,b1539df16200d7840dfcdc8dbbc7cf31
,scene,food_drink,food,,,,https://creativecommons.org/licenses/by/2.0/,The Cut https://www.flickr.com/photos/63875512@N04/20305550411,openimages:validation:67dc054ae3326e92,https://open-images-dataset.s3.amazonaws.com/validation/67dc054ae3326e92.jpg,f915c661f76944c3734a6113f9aef06e
,scene,food_drink,food,,,,https://creativecommons.org/licenses/by/2.0/,Roger Braunstein https://www.flickr.com/photos/rogerimp/2734913388,openimages:validation:d5992eb7b51bd780,https://open-images-dataset.s3.amazonaws.com/validation/d5992eb7b51bd780.jpg,5c46a10cf26e27fe5b199923ad61c4f3
,scene,food_drink,food,,,,https://creativecommons.org/licenses/by/2.0/,Darius II https://www.flickr.com/photos/darius2/871626350,openimages:validation:9c996642ed92cd23,https://open-images-dataset.s3.amazonaws.com/validation/9c996642ed92cd23.jpg,7bf05253c30166ad642dee3db761aeae
,scene,food_drink,food,,,,https://creativecommons.org/licenses/by/2.0/,monoprixgourmet https://www.flickr.com/photos/54383933@N03/17710414601,openimages:validation:8dbf7586e58dc1b6,https://open-images-dataset.s3.amazonaws.com/validation/8dbf7586e58dc1b6.jpg,e9ffaab8ecb76cdc9efc49a62027f1f7
,scene,food_drink,food,,,,https://creativecommons.org/licenses/by/2.0/,Emilian Robert Vicol https://www.flickr.com/photos/free-stock/6970874706/,openimages:validation:056b823b35b47079,https://open-images-dataset.s3.amazonaws.com/validation/056b823b35b47079.jpg,18de1e6ceca1bee67533aa7edcac037f
,scene,food_drink,food,,,,https://creativecommons.org/licenses/by/2.0/,MollySVH https://www.flickr.com/photos/18472724@N00/8349419400,openimages:validation:fdaa97ed4a633414,https://open-images-dataset.s3.amazonaws.com/validation/fdaa97ed4a633414.jpg,b7b17b84178435645e6d15ca2e89d6e7
,scene,food_drink,food,,underwater,,https://creativecommons.org/licenses/by/2.0/,prilfish https://www.flickr.com/photos/silkebaron/294646694,openimages:validation:f34ade0612276ce1,https://open-images-dataset.s3.amazonaws.com/validation/f34ade0612276ce1.jpg,2aa7d51a1b89a3f9fd85037ab2088a4d
,scene,food_drink,food,,,,https://creativecommons.org/licenses/by/2.0/,Lexy Spreitzer https://www.flickr.com/photos/130602149@N06/16357784240/,openimages:validation:c538b09abf3aa802,https://open-images-dataset.s3.amazonaws.com/validation/c538b09abf3aa802.jpg,71452d66e1e2f7a3bbd39716367a4897
,scene,food_drink,food,,,,https://creativecommons.org/licenses/by/2.0/,Sebastian Bassi https://www.flickr.com/photos/sbassi/5255188354/,openimages:validation:1aa100b182053061,https://open-images-dataset.s3.amazonaws.com/validation/1aa100b182053061.jpg,b174af518004dfbc29c069bf2c82d0f4
,scene,food_drink,food,,,,https://creativecommons.org/licenses/by/2.0/,Michelle https://www.flickr.com/photos/dragnfly78/472236537,openimages:validation:579e2886e28fd8e6,https://open-images-dataset.s3.amazonaws.com/validation/579e2886e28fd8e6.jpg,f9e8ba7717230fe0b7db133d35e75aa7
,scene,food_drink,food,,,,https://creativecommons.org/licenses/by/2.0/,"Kurman Communications, Inc. https://www.flickr.com/photos/kurmanphotos/15432904618",openimages:validation:d35cd4b2e8db5a97,https://open-images-dataset.s3.amazonaws.com/validation/d35cd4b2e8db5a97.jpg,7f9c14d1f4be27c544aa2bfaa43c2107
,scene,food_drink,food,,,,https://creativecommons.org/licenses/by/2.0/,webbgun https://www.flickr.com/photos/56433265@N04/14292226019,openimages:validation:1c3e106b0bebbba5,https://open-images-dataset.s3.amazonaws.com/validation/1c3e106b0bebbba5.jpg,de5594f65e14a495617859ca9991c79d
,scene,food_drink,food,,,,https://creativecommons.org/licenses/by/2.0/,Marina Aguiar https://www.flickr.com/photos/12725519@N07/6483458935,openimages:validation:aeb9a5923be0ea09,https://open-images-dataset.s3.amazonaws.com/validation/aeb9a5923be0ea09.jpg,fb84ea86b31809c0883ca3be5f5929eb
,scene,food_drink,food,,,,https://creativecommons.org/licenses/by/2.0/,J Wynia https://www.flickr.com/photos/jwynia/148153720,openimages:validation:7002def73abeb6a3,https://open-images-dataset.s3.amazonaws.com/validation/7002def73abeb6a3.jpg,aa428e474151aa9399f8b0803ba1b063
,scene,food_drink,food,,,,https://creativecommons.org/licenses/by/2.0/,Joi Ito https://www.flickr.com/photos/joi/3148459945,openimages:validation:3321a0cb9ba0f372,https://open-images-dataset.s3.amazonaws.com/validation/3321a0cb9ba0f372.jpg,d7259eb39d5a44625f7831b062ff88e1
,scene,food_drink,food,,,,https://creativecommons.org/licenses/by/2.0/,David Pursehouse https://www.flickr.com/photos/mdid/4545051975,openimages:validation:3687f4bfa9aa6a9a,https://open-images-dataset.s3.amazonaws.com/validation/3687f4bfa9aa6a9a.jpg,dd9964bc3b6a37e359dc35280c2d3a24
,scene,food_drink,food,,,,https://creativecommons.org/licenses/by/2.0/,Samu https://www.flickr.com/photos/samualpedrete/16476662827,openimages:validation:47f71d2688913cfb,https://open-images-dataset.s3.amazonaws.com/validation/47f71d2688913cfb.jpg,90a20a9821d33a7234c55bb113918356
,scene,food_drink,food,,,,https://creativecommons.org/licenses/by/2.0/,Yuya Tamai https://www.flickr.com/photos/tamaiyuya/3809462738,openimages:validation:4b2e4d84fddf6348,https://open-images-dataset.s3.amazonaws.com/validation/4b2e4d84fddf6348.jpg,eeaddaf4ef11a81b6d545a4c69108536
,scene,food_drink,food,,,,https://creativecommons.org/licenses/by/2.0/,Shehal Joseph https://www.flickr.com/photos/shehal/19399884670,openimages:validation:67f7a5369c6846af,https://open-images-dataset.s3.amazonaws.com/validation/67f7a5369c6846af.jpg,3502c84abb0ae3fe95c07177d64d8854
,scene,food_drink,food,,,,https://creativecommons.org/licenses/by/2.0/,Revolution_Ferg https://www.flickr.com/photos/11795120@N06/4473375841,openimages:validation:c9ebd63bc789073a,https://open-images-dataset.s3.amazonaws.com/validation/c9ebd63bc789073a.jpg,8b2070ac2d608f549555a6311336b334
,scene,food_drink,food,,,,https://creativecommons.org/licenses/by/2.0/,Jennifer https://www.flickr.com/photos/23126594@N00/476802461,openimages:validation:023600db0b78ac52,https://open-images-dataset.s3.amazonaws.com/validation/023600db0b78ac52.jpg,c4ff9158e4d9ffaa839476a1bd1dac8c
,scene,food_drink,food,,,,https://creativecommons.org/licenses/by/2.0/,Francis https://www.flickr.com/photos/bofh/31729024,openimages:validation:c506cdf48321ee2e,https://open-images-dataset.s3.amazonaws.com/validation/c506cdf48321ee2e.jpg,1de86d757b84e7783893633a20a235db
,scene,food_drink,food,,,,https://creativecommons.org/licenses/by/2.0/,Mike McCune https://www.flickr.com/photos/mccun934/11660468063,openimages:validation:192aa71edc844e29,https://open-images-dataset.s3.amazonaws.com/validation/192aa71edc844e29.jpg,799087c4e707e2e0ba480b953b2c41fe
,scene,food_drink,food,,,,https://creativecommons.org/licenses/by/2.0/,J E Theriot https://www.flickr.com/photos/jetheriot/18619950029,openimages:validation:4dfdacc5cc6dcb56,https://open-images-dataset.s3.amazonaws.com/validation/4dfdacc5cc6dcb56.jpg,7b11cc2e692711d8300640435c290115
,scene,food_drink,food,,,,https://creativecommons.org/licenses/by/2.0/,kathryn https://www.flickr.com/photos/prybylphotos/2808166787,openimages:validation:bd94662728840ffc,https://open-images-dataset.s3.amazonaws.com/validation/bd94662728840ffc.jpg,16156c35edd81a502e1b732acf425ad6
,scene,food_drink,food,,,,https://creativecommons.org/licenses/by/2.0/,goblinbox_(queen_of_ad_hoc_bento) https://www.flickr.com/photos/goblinbox/15273419220,openimages:validation:20bc3793dd47fb89,https://open-images-dataset.s3.amazonaws.com/validation/20bc3793dd47fb89.jpg,dc106969ca1358bea7014b7dd644cc02
,scene,food_drink,food,,,,https://creativecommons.org/licenses/by/2.0/,Eric Chan https://www.flickr.com/photos/maveric2003/7132222575,openimages:validation:038d1dae9fc162d4,https://open-images-dataset.s3.amazonaws.com/validation/038d1dae9fc162d4.jpg,330df41cb7556c50542793c99d494e60
,scene,food_drink,food,,,,https://creativecommons.org/licenses/by/2.0/,cbertel https://www.flickr.com/photos/cbertel/2853986337,openimages:validation:83a6e3258306cc9c,https://open-images-dataset.s3.amazonaws.com/validation/83a6e3258306cc9c.jpg,2b2bbecd6d12749d045433d782c8a5c3
,scene,food_drink,food,,,,https://creativecommons.org/licenses/by/2.0/,Evan Bench https://www.flickr.com/photos/austinevan/2385490032,openimages:validation:0f9a06045bd59364,https://open-images-dataset.s3.amazonaws.com/validation/0f9a06045bd59364.jpg,140b3fc96703cf503bdedf6dbfcce13d
,scene,food_drink,food,,,,https://creativecommons.org/licenses/by/2.0/,Jonathan Pincas https://www.flickr.com/photos/saynototheoffice/7892935092,openimages:validation:5de8832d639f179b,https://open-images-dataset.s3.amazonaws.com/validation/5de8832d639f179b.jpg,9755c331d0d64eb2a6b677f25c464424
,scene,vehicle,other,,,,https://creativecommons.org/licenses/by/2.0/,Paisley Scotland https://www.flickr.com/photos/paisleyorguk/2651022412,openimages:validation:c9e4987877b7b804,https://open-images-dataset.s3.amazonaws.com/validation/c9e4987877b7b804.jpg,c7c0c8f625d1cf45c12448b33398b400
,scene,vehicle,other,,,,https://creativecommons.org/licenses/by/2.0/,German Medeot https://www.flickr.com/photos/motosclasicas/8383348435,openimages:validation:e34ada32db901328,https://open-images-dataset.s3.amazonaws.com/validation/e34ada32db901328.jpg,b7a5d265865fed142d260a2cf77a939a
,scene,vehicle,other,,,,https://creativecommons.org/licenses/by/2.0/,Allan Ferguson https://www.flickr.com/photos/kid_pro_quo/2677585056,openimages:validation:398c551f330ede07,https://open-images-dataset.s3.amazonaws.com/validation/398c551f330ede07.jpg,e532138d54519a729ccf6869387d2f2b
,scene,vehicle,other,,,,https://creativecommons.org/licenses/by/2.0/,Pablo BM https://www.flickr.com/photos/pablobm/14949726232,openimages:validation:14a04785175a312c,https://open-images-dataset.s3.amazonaws.com/validation/14a04785175a312c.jpg,f592735a49861082218070f3e8432685
,scene,vehicle,other,,,,https://creativecommons.org/licenses/by/2.0/,Chris  Bodine https://www.flickr.com/photos/the_halfwitboy/6671151681/,openimages:validation:bbff5564f59d5141,https://open-images-dataset.s3.amazonaws.com/validation/bbff5564f59d5141.jpg,77d25e1d98c097ca5f5b6fe4d241e7e5
,scene,vehicle,other,,,,https://creativecommons.org/licenses/by/2.0/,PCGB Region 2 Photos https://www.flickr.com/photos/pcgb_r2_photos/20047112512,openimages:validation:b5ea2d422bac643d,https://open-images-dataset.s3.amazonaws.com/validation/b5ea2d422bac643d.jpg,aed89ee1791ddd44464dba96842a3e11
,scene,vehicle,other,,,,https://creativecommons.org/licenses/by/2.0/,Daniel Hartwig https://www.flickr.com/photos/dwhartwig/2078112678,openimages:validation:cf22a3042a3991cf,https://open-images-dataset.s3.amazonaws.com/validation/cf22a3042a3991cf.jpg,3b48bbfa2ca71268e92be851483b87eb
,scene,vehicle,other,,,,https://creativecommons.org/licenses/by/2.0/,Michelle Tribe https://www.flickr.com/photos/greencolander/5553870797,openimages:validation:62e71424b599e0ce,https://open-images-dataset.s3.amazonaws.com/validation/62e71424b599e0ce.jpg,95c1f492757bca936387d5cff5e59f5b
,scene,vehicle,other,,,,https://creativecommons.org/licenses/by/2.0/,Randen Pederson https://www.flickr.com/photos/chefranden/326772810,openimages:validation:70c0b0bec0ccfcb8,https://open-images-dataset.s3.amazonaws.com/validation/70c0b0bec0ccfcb8.jpg,d54c94dcb3b0e5ac969d8282c625a405
,scene,vehicle,other,,,,https://creativecommons.org/licenses/by/2.0/,amateur photography by michel https://www.flickr.com/photos/119886413@N05/14691046721,openimages:validation:a5c30a6dbef6a00b,https://open-images-dataset.s3.amazonaws.com/validation/a5c30a6dbef6a00b.jpg,2e89233fa0a1dd4066a83893eb419728
,scene,vehicle,other,,,,https://creativecommons.org/licenses/by/2.0/,David Jackmanson https://www.flickr.com/photos/djackmanson/6061582646,openimages:validation:546afa6a8541874c,https://open-images-dataset.s3.amazonaws.com/validation/546afa6a8541874c.jpg,aa2065ba6e2d18659003b1d54296dc3e
,scene,vehicle,other,,,,https://creativecommons.org/licenses/by/2.0/,Peter &amp; Laila https://www.flickr.com/photos/properpictures/2932038883,openimages:validation:f2c6af55e93f77a6,https://open-images-dataset.s3.amazonaws.com/validation/f2c6af55e93f77a6.jpg,a8b91736509ba1c81849e9522f2c4cc6
,scene,vehicle,other,,,,https://creativecommons.org/licenses/by/2.0/,Arturo Hurtado https://www.flickr.com/photos/omnious100/16971675232/in/pool-858649@N21,openimages:validation:e0af7064456c99f9,https://open-images-dataset.s3.amazonaws.com/validation/e0af7064456c99f9.jpg,cda335ad1a7ac31c3fec64af5877c8de
,scene,vehicle,other,,,,https://creativecommons.org/licenses/by/2.0/,MotorBlog https://www.flickr.com/photos/motorblog/8714481848/,openimages:validation:7e03960e3a8de1b7,https://open-images-dataset.s3.amazonaws.com/validation/7e03960e3a8de1b7.jpg,45dd45b6523a323541c9e5842dcb2e43
,scene,vehicle,other,,,,https://creativecommons.org/licenses/by/2.0/,Brian Snelson https://www.flickr.com/photos/exfordy/186643068,openimages:validation:0a02e8b6820064f5,https://open-images-dataset.s3.amazonaws.com/validation/0a02e8b6820064f5.jpg,aa1348a35800f70f323dbe2d80abf98b
,scene,vehicle,other,,,,https://creativecommons.org/licenses/by/2.0/,Anackire https://www.flickr.com/photos/anackire/18823703013,openimages:validation:ac5032342498b981,https://open-images-dataset.s3.amazonaws.com/validation/ac5032342498b981.jpg,a21d5350bd760f21568634438486fd8d
,scene,vehicle,other,,,,https://creativecommons.org/licenses/by/2.0/,Jakob Montrasio https://www.flickr.com/photos/yakobusan/8057808473,openimages:validation:b1a50a3824887ee2,https://open-images-dataset.s3.amazonaws.com/validation/b1a50a3824887ee2.jpg,1dc36c7a9dab37578b32ea9bb26be6a8
,scene,vehicle,other,,,,https://creativecommons.org/licenses/by/2.0/,Bruce Turner https://www.flickr.com/photos/whiskeytango/818692693,openimages:validation:7132df95d999f3a2,https://open-images-dataset.s3.amazonaws.com/validation/7132df95d999f3a2.jpg,80cc6e83c5ab6c5675ec86788044b2c6
,scene,vehicle,other,,,,https://creativecommons.org/licenses/by/2.0/,Autoviva https://www.flickr.com/photos/autovivacom/5537525894,openimages:validation:2bbf301d0918afb5,https://open-images-dataset.s3.amazonaws.com/validation/2bbf301d0918afb5.jpg,0c4fd445a2e0dd45353946c9f89946f2
,scene,vehicle,other,,,,https://creativecommons.org/licenses/by/2.0/,Michael Gil https://www.flickr.com/photos/msvg/8513620015,openimages:validation:37439c3c26bb342a,https://open-images-dataset.s3.amazonaws.com/validation/37439c3c26bb342a.jpg,af46b497b267940c8c45770536527afb
,scene,vehicle,other,,,,https://creativecommons.org/licenses/by/2.0/,Jorge Figueroa https://www.flickr.com/photos/jiff01/15919013456,openimages:validation:9700f10900c691e3,https://open-images-dataset.s3.amazonaws.com/validation/9700f10900c691e3.jpg,f0321c404bffdd6c12d9f74ce66f3928
,scene,vehicle,other,,,,https://creativecommons.org/licenses/by/2.0/,Ti_Kawamoto https://www.flickr.com/photos/tikawamoto/8400735516,openimages:validation:9add8c99eb1ce2e2,https://open-images-dataset.s3.amazonaws.com/validation/9add8c99eb1ce2e2.jpg,01f002c311ec3217a45fa1c8dc33dcc5
,scene,vehicle,other,,,,https://creativecommons.org/licenses/by/2.0/,jmv https://www.flickr.com/photos/jmv/20637200785,openimages:validation:b1c1b4297422faed,https://open-images-dataset.s3.amazonaws.com/validation/b1c1b4297422faed.jpg,a10cb57fc5db59c304c866c08df62d45
,scene,vehicle,other,,,,https://creativecommons.org/licenses/by/2.0/,Nicolás Boullosa https://www.flickr.com/photos/faircompanies/9355988968,openimages:validation:6b4492434b2d950e,https://open-images-dataset.s3.amazonaws.com/validation/6b4492434b2d950e.jpg,df77e9e88c5720905e1b86f89f9f933e
,scene,vehicle,other,,,,https://creativecommons.org/licenses/by/2.0/,Supermac1961 https://www.flickr.com/photos/supermac/4916373920,openimages:validation:ad9a3e709c2c7c5d,https://open-images-dataset.s3.amazonaws.com/validation/ad9a3e709c2c7c5d.jpg,39a6843b44431151811fd3da2aecd27a
,scene,vehicle,other,,,,https://creativecommons.org/licenses/by/2.0/,lmnop88a https://www.flickr.com/photos/d_lee/364078912,openimages:validation:82535e5d8b84b874,https://open-images-dataset.s3.amazonaws.com/validation/82535e5d8b84b874.jpg,35ace3375e4ca7d5fb607d8149c4385c
,scene,vehicle,other,,,,https://creativecommons.org/licenses/by/2.0/,durdaneta https://www.flickr.com/photos/diego440/20682488820,openimages:validation:379af54f8557b9ae,https://open-images-dataset.s3.amazonaws.com/validation/379af54f8557b9ae.jpg,5ccfb58b20963e20efdcea2150620c32
,scene,vehicle,other,,,,https://creativecommons.org/licenses/by/2.0/,Arvell Dorsey Jr. https://www.flickr.com/photos/chicagofd1996/9931872285,openimages:validation:4f7db69adf060f1b,https://open-images-dataset.s3.amazonaws.com/validation/4f7db69adf060f1b.jpg,5976fcd901d70735dd910cb60a12135e
,scene,vehicle,other,,,,https://creativecommons.org/licenses/by/2.0/,Glen Edelson https://www.flickr.com/photos/glenirah/3266694528,openimages:validation:bbfca7922f3672d4,https://open-images-dataset.s3.amazonaws.com/validation/bbfca7922f3672d4.jpg,54f0153291b785198c2bee73071a0dae
,scene,vehicle,other,,,,https://creativecommons.org/licenses/by/2.0/,Alistair Young https://www.flickr.com/photos/ajy/5893105159,openimages:validation:40bba250e5ab685e,https://open-images-dataset.s3.amazonaws.com/validation/40bba250e5ab685e.jpg,684bd29ee9df4d3b8e8ed2ef59660f36
,scene,vehicle,other,,,,https://creativecommons.org/licenses/by/2.0/,Supermac1961 https://www.flickr.com/photos/supermac/5582249981,openimages:validation:4088693ae20eb0fc,https://open-images-dataset.s3.amazonaws.com/validation/4088693ae20eb0fc.jpg,60bfc954b97f28cc237e080684cfe83d
,scene,vehicle,other,,,,https://creativecommons.org/licenses/by/2.0/,Stephane Mignon https://www.flickr.com/photos/topsteph53/8077405332,openimages:validation:05eeba1be80d74fc,https://open-images-dataset.s3.amazonaws.com/validation/05eeba1be80d74fc.jpg,159e4c1d0f28d5f59a73dab472119055
,scene,vehicle,other,,,,https://creativecommons.org/licenses/by/2.0/,Michael Kumm https://www.flickr.com/photos/mkumm/3708298431,openimages:validation:4dff434a26184faa,https://open-images-dataset.s3.amazonaws.com/validation/4dff434a26184faa.jpg,45dd5377b991a94c18c54500ea12689c
,scene,vehicle,other,,,,https://creativecommons.org/licenses/by/2.0/,Eddy 1 https://www.flickr.com/photos/eddy1/20794449885,openimages:validation:13bdb6c82e9ef869,https://open-images-dataset.s3.amazonaws.com/validation/13bdb6c82e9ef869.jpg,79c2f9f656b646d400bacddf24f120f4
,scene,vehicle,other,,,,https://creativecommons.org/licenses/by/2.0/,lpcmidst0128 https://www.flickr.com/photos/lpcmidst0128/7161475767,openimages:validation:09c67960e389e4df,https://open-images-dataset.s3.amazonaws.com/validation/09c67960e389e4df.jpg,b140fa249b196cf880c799023b5c5ca5
,scene,vehicle,other,,,,https://creativecommons.org/licenses/by/2.0/,Rob Faulkner https://www.flickr.com/photos/robef/5031358616,openimages:validation:7c3ceda1f348c24c,https://open-images-dataset.s3.amazonaws.com/validation/7c3ceda1f348c24c.jpg,68a10dd7eb5e825258e7f2a672230d3a
,scene,vehicle,other,,,,https://creativecommons.org/licenses/by/2.0/,Dawn Hopkins https://www.flickr.com/photos/seenoevil/4429146887/,openimages:validation:bf626ba35cc040e7,https://open-images-dataset.s3.amazonaws.com/validation/bf626ba35cc040e7.jpg,e4bea8cd38c33b227a5aa900e46e8a39
,scene,vehicle,other,,,,https://creativecommons.org/licenses/by/2.0/,planet_oleary https://www.flickr.com/photos/planet_oleary/3993789031,openimages:validation:aeb9e98961f81a3b,https://open-images-dataset.s3.amazonaws.com/validation/aeb9e98961f81a3b.jpg,652e4d3726ce720e1e7c22ed71456251
,scene,vehicle,other,,,,https://creativecommons.org/licenses/by/2.0/,Michael Gil https://www.flickr.com/photos/msvg/5057884778,openimages:validation:74a887d6687b996b,https://open-images-dataset.s3.amazonaws.com/validation/74a887d6687b996b.jpg,fefb44f22e34e24c0ab07179dcc59fd9
,scene,vehicle,other,,,,https://creativecommons.org/licenses/by/2.0/,Daniel Wehner https://www.flickr.com/photos/daniel-wehner/14406726876,openimages:validation:f236d9aa8356dca6,https://open-images-dataset.s3.amazonaws.com/validation/f236d9aa8356dca6.jpg,af1731453ca0676119f736cef1eea33b
,scene,vehicle,other,,,,https://creativecommons.org/licenses/by/2.0/,David Amsler https://www.flickr.com/photos/amslerpix/7761984950/,openimages:validation:fdb6bb167c6164bc,https://open-images-dataset.s3.amazonaws.com/validation/fdb6bb167c6164bc.jpg,43d81aede744e0d6b756c8aa2549597f
,scene,vehicle,other,,,,https://creativecommons.org/licenses/by/2.0/,pedalweb https://www.flickr.com/photos/51336483@N06/8291655926,openimages:validation:7bbb9eafbd6ba5d9,https://open-images-dataset.s3.amazonaws.com/validation/7bbb9eafbd6ba5d9.jpg,efadc68102c317ccbc1580d28ad8448e
,scene,vehicle,other,,,,https://creativecommons.org/licenses/by/2.0/,evan p. cordes https://www.flickr.com/photos/pheezy/4851047672,openimages:validation:8b8cba7b7f09e54f,https://open-images-dataset.s3.amazonaws.com/validation/8b8cba7b7f09e54f.jpg,d5589696de30aeffa8076371656246fd
,scene,vehicle,other,,,,https://creativecommons.org/licenses/by/2.0/,Humberto Moreno https://www.flickr.com/photos/azuquin/2242024489,openimages:validation:35a1eac5274a454d,https://open-images-dataset.s3.amazonaws.com/validation/35a1eac5274a454d.jpg,9e9578e00f25e26a8b735a47a0c9f885
,scene,vehicle,other,,,,https://creativecommons.org/licenses/by/2.0/,Andrew Bone https://www.flickr.com/photos/andreboeni/16519873415,openimages:validation:ba5728bd66bb70ff,https://open-images-dataset.s3.amazonaws.com/validation/ba5728bd66bb70ff.jpg,f659ff727a9b178b741b8941678df831
,scene,vehicle,other,,,,https://creativecommons.org/licenses/by/2.0/,U.S. Naval Forces Central Command/U.S. Fifth Fleet https://www.flickr.com/photos/navcent/10034059455,openimages:validation:c12a4117fe6910fc,https://open-images-dataset.s3.amazonaws.com/validation/c12a4117fe6910fc.jpg,b30e126f0a5c9de5baad7b89be8ddc9c
,scene,vehicle,other,,,,https://creativecommons.org/licenses/by/2.0/,Chad Kainz https://www.flickr.com/photos/smaedli/6865295079/,openimages:validation:a816c9f0af3eeb58,https://open-images-dataset.s3.amazonaws.com/validation/a816c9f0af3eeb58.jpg,0d9da81675a960c63b30b8b1b19da027
,scene,vehicle,other,,,,https://creativecommons.org/licenses/by/2.0/,Roel van Deursen - Spijkenisse / Nissewaard - Nederland https://www.flickr.com/photos/roel_van_deursen/14005359078,openimages:validation:bbc49bd3742d3351,https://open-images-dataset.s3.amazonaws.com/validation/bbc49bd3742d3351.jpg,e07496be57cade2db15f16409cedcddc
,scene,vehicle,other,,,,https://creativecommons.org/licenses/by/2.0/,Sarah_Ackerman https://www.flickr.com/photos/sackerman519/14401757950,openimages:validation:0ade7aef439e2102,https://open-images-dataset.s3.amazonaws.com/validation/0ade7aef439e2102.jpg,921923df9e7d18b1752d645db559b99b
,scene,vehicle,other,,,,https://creativecommons.org/licenses/by/2.0/,Tony Monblat https://www.flickr.com/photos/128484499@N06/17123012451,openimages:validation:b91dfaaa4182d2a4,https://open-images-dataset.s3.amazonaws.com/validation/b91dfaaa4182d2a4.jpg,0dcea525c8e6daa81b2b2ca18c6cdc3d
,scene,still_life,other,,,,https://creativecommons.org/licenses/by/2.0/,"egg (Hong, Yun Seon) https://www.flickr.com/photos/eggnara/2569638805",openimages:validation:8289e44957b30080,https://open-images-dataset.s3.amazonaws.com/validation/8289e44957b30080.jpg,39f92f4cf67520280cf089a793a5e3a8
,scene,still_life,other,,,close_up,https://creativecommons.org/licenses/by/2.0/,nerissa&#x27;s ring https://www.flickr.com/photos/21524179@N08/3935707212,openimages:validation:b5c57763b0dad42c,https://open-images-dataset.s3.amazonaws.com/validation/b5c57763b0dad42c.jpg,3f6e6df331f8c4930ae9acbed198ca7e
,scene,still_life,other,,,,https://creativecommons.org/licenses/by/2.0/,Nan Palmero https://www.flickr.com/photos/nanpalmero/17278736572,openimages:validation:8001afb4dde45db6,https://open-images-dataset.s3.amazonaws.com/validation/8001afb4dde45db6.jpg,b86fd1ac37ebcd395270aded0bf1b5c3
,scene,still_life,other,,,close_up,https://creativecommons.org/licenses/by/2.0/,Nikko https://www.flickr.com/photos/nikko314/7161095569,openimages:validation:a804c40b9c9cf4a8,https://open-images-dataset.s3.amazonaws.com/validation/a804c40b9c9cf4a8.jpg,445322aec38130e1c69dca110afc1c0b
,scene,still_life,other,,,,https://creativecommons.org/licenses/by/2.0/,Damian Gadal https://www.flickr.com/photos/23024164@N06/15044175009/,openimages:validation:eae2ab880edff8ba,https://open-images-dataset.s3.amazonaws.com/validation/eae2ab880edff8ba.jpg,7deea59e7cc9753da075a10d5997205a
,scene,still_life,other,,,,https://creativecommons.org/licenses/by/2.0/,libraryrachel https://www.flickr.com/photos/libraryrachel/4182787921,openimages:validation:6708c917862153ec,https://open-images-dataset.s3.amazonaws.com/validation/6708c917862153ec.jpg,c052d24c548151f94a0b6f484a09ba78
,scene,still_life,other,,,,https://creativecommons.org/licenses/by/2.0/,Alexander Lyubavin https://www.flickr.com/photos/santea/16366774119,openimages:validation:b4cb895b4eb903a4,https://open-images-dataset.s3.amazonaws.com/validation/b4cb895b4eb903a4.jpg,6df897c6607e819e4fc07201df54cc2a
,scene,still_life,other,,,,https://creativecommons.org/licenses/by/2.0/,Ryan Dickey https://www.flickr.com/photos/meesterdickey/12271561996,openimages:validation:54ee33745009dec2,https://open-images-dataset.s3.amazonaws.com/validation/54ee33745009dec2.jpg,2500bfa10af475847644506d54db6b6d
,scene,still_life,other,,,,https://creativecommons.org/licenses/by/2.0/,ElTico68 https://www.flickr.com/photos/31506745@N03/9428040664,openimages:validation:2fc204f1f507a19b,https://open-images-dataset.s3.amazonaws.com/validation/2fc204f1f507a19b.jpg,ba634b613f4865fa05a61b9187245d2e
,scene,still_life,other,,,,https://creativecommons.org/licenses/by/2.0/,Kate Fisher https://www.flickr.com/photos/katefisher/9604786378,openimages:validation:c99db9c3802cb506,https://open-images-dataset.s3.amazonaws.com/validation/c99db9c3802cb506.jpg,4554b7ead2b4f53a947bf257502f2df1
,scene,still_life,other,,,,https://creativecommons.org/licenses/by/2.0/,david pacey https://www.flickr.com/photos/63723146@N08/13148818093,openimages:validation:8d8b3404db99c145,https://open-images-dataset.s3.amazonaws.com/validation/8d8b3404db99c145.jpg,eed70645c778aaba4547b9abb5479b70
,scene,still_life,other,,,,https://creativecommons.org/licenses/by/2.0/,DaveBleasdale https://www.flickr.com/photos/sidelong/243410231,openimages:validation:4174b51f06810b95,https://open-images-dataset.s3.amazonaws.com/validation/4174b51f06810b95.jpg,28d13af715f108ae3a915b5f7bb7a437
,scene,still_life,other,,,,https://creativecommons.org/licenses/by/2.0/,Bob Doran https://www.flickr.com/photos/humblog/9603393898,openimages:validation:93a65ad209801d34,https://open-images-dataset.s3.amazonaws.com/validation/93a65ad209801d34.jpg,46c4a04a0ae36027c2f4e0e8d6e3a6dd
,scene,still_life,other,,,close_up,https://creativecommons.org/licenses/by/2.0/,Victor https://www.flickr.com/photos/v1ctor/16022405878,openimages:validation:099bf27e8fc86ec3,https://open-images-dataset.s3.amazonaws.com/validation/099bf27e8fc86ec3.jpg,d22387aa2a49cc792554bd99826b231e
,scene,still_life,other,,,,https://creativecommons.org/licenses/by/2.0/,Truth 4 all https://www.flickr.com/photos/45639276@N05/16689620466,openimages:validation:41e2356b97f775c4,https://open-images-dataset.s3.amazonaws.com/validation/41e2356b97f775c4.jpg,f2e7b5cc9b8b9bd340c7cd22dc0d5c76
,scene,still_life,other,,,,https://creativecommons.org/licenses/by/2.0/,J and R Photography https://www.flickr.com/photos/jdeleon/3296833126,openimages:validation:5c33f87aa8823aea,https://open-images-dataset.s3.amazonaws.com/validation/5c33f87aa8823aea.jpg,b05e96776c061254b4a55004e78ab801
,scene,still_life,other,,,,https://creativecommons.org/licenses/by/2.0/,KARL-SEBASTIAN SCHULTE https://www.flickr.com/photos/karlsebastianschulte/15833536048,openimages:validation:e6697a9f8ec12c82,https://open-images-dataset.s3.amazonaws.com/validation/e6697a9f8ec12c82.jpg,22ac650bc00a996e5d5d607b65d36dff
,scene,still_life,other,,,,https://creativecommons.org/licenses/by/2.0/,Fabián Núñez https://www.flickr.com/photos/fabdango/7987005432,openimages:validation:a9eaae4555ad0a96,https://open-images-dataset.s3.amazonaws.com/validation/a9eaae4555ad0a96.jpg,cd07428643745dd0d39bead9d3a1d2d9
,scene,still_life,other,,,,https://creativecommons.org/licenses/by/2.0/,Tania Jain https://www.flickr.com/photos/12582174@N08/3346626262,openimages:validation:52c33abf081b58ce,https://open-images-dataset.s3.amazonaws.com/validation/52c33abf081b58ce.jpg,52d2a339a26494f817ccac74b5b7f7d5
,scene,still_life,other,,,,https://creativecommons.org/licenses/by/2.0/,Lori L. Stalteri https://www.flickr.com/photos/llstalteri/6113006446,openimages:validation:b02e39b35c91975a,https://open-images-dataset.s3.amazonaws.com/validation/b02e39b35c91975a.jpg,da7097c01a53018958d2a6187f74367f
,scene,still_life,other,,,,https://creativecommons.org/licenses/by/2.0/,John Spade https://www.flickr.com/photos/john-spade/9581888135/,openimages:validation:eac1711429685ced,https://open-images-dataset.s3.amazonaws.com/validation/eac1711429685ced.jpg,5239b341e4f5369cfd4fcebc3adc74ff
,scene,still_life,other,,,,https://creativecommons.org/licenses/by/2.0/,sabin paul croce https://www.flickr.com/photos/psc49/11320778085,openimages:validation:2e5f02731ae7036d,https://open-images-dataset.s3.amazonaws.com/validation/2e5f02731ae7036d.jpg,07d47748bb1a93041f038b96d6be275d
,scene,still_life,other,,,,https://creativecommons.org/licenses/by/2.0/,Elin B https://www.flickr.com/photos/beckmann/3090313054/,openimages:validation:3d3324b8ac298d83,https://open-images-dataset.s3.amazonaws.com/validation/3d3324b8ac298d83.jpg,3767f548d81b1ef697260df07c9a80f7
,scene,still_life,other,,,,https://creativecommons.org/licenses/by/2.0/,ResoluteSupportMedia https://www.flickr.com/photos/isafmedia/3221646257,openimages:validation:70193f7825e12c5c,https://open-images-dataset.s3.amazonaws.com/validation/70193f7825e12c5c.jpg,51a7a79415479d7dfb3a0365c0696be6
,scene,still_life,other,,,,https://creativecommons.org/licenses/by/2.0/,Cristian Bortes https://www.flickr.com/photos/bortescristian/4700819912,openimages:validation:bf0bf1aed784ecf2,https://open-images-dataset.s3.amazonaws.com/validation/bf0bf1aed784ecf2.jpg,d9eaf1c4170821cf82d16224260676ca
,scene,still_life,other,,,close_up,https://creativecommons.org/licenses/by/2.0/,tuchodi https://www.flickr.com/photos/tuchodi/16717476911,openimages:validation:c552e01cc9f3f0be,https://open-images-dataset.s3.amazonaws.com/validation/c552e01cc9f3f0be.jpg,1a3841b5cb338175590743eea603e9f9
,scene,art,other,,,,https://creativecommons.org/licenses/by/2.0/,Yabby https://www.flickr.com/photos/yabby/56577298,openimages:validation:9cd0e1155ea95a96,https://open-images-dataset.s3.amazonaws.com/validation/9cd0e1155ea95a96.jpg,0453230d8faa1ad15cea9945780308d3
,scene,art,other,,,,https://creativecommons.org/licenses/by/2.0/,rjones0856 https://www.flickr.com/photos/91829349@N00/4463922684,openimages:validation:f11499a0087e453d,https://open-images-dataset.s3.amazonaws.com/validation/f11499a0087e453d.jpg,e4dcd4f5ee210bea80e6d45f61885edc
,scene,art,other,,,,https://creativecommons.org/licenses/by/2.0/,Nancy Sims https://www.flickr.com/photos/pugno_muliebriter/6473497813,openimages:validation:810b611c91a1fa00,https://open-images-dataset.s3.amazonaws.com/validation/810b611c91a1fa00.jpg,bf6de0c919fdc417009fb132108a58e7
,scene,art,other,,,,https://creativecommons.org/licenses/by/2.0/,vl04 https://www.flickr.com/photos/vladimir04/7023256311/,openimages:validation:2ccf2343d8d6b899,https://open-images-dataset.s3.amazonaws.com/validation/2ccf2343d8d6b899.jpg,24a8b23dafcc714e39b3aad93ebb88c0
,scene,art,other,,,,https://creativecommons.org/licenses/by/2.0/,Werner  Bayer https://www.flickr.com/photos/wbayercom/18713051538,openimages:validation:789aa48f405cb14a,https://open-images-dataset.s3.amazonaws.com/validation/789aa48f405cb14a.jpg,9aadfcb0d3b2734b98d1e09e8153e7c1
,scene,art,other,,,,https://creativecommons.org/licenses/by/2.0/,wetribe https://www.flickr.com/photos/kylehailey/255053224,openimages:validation:68d5b6da132f1ebf,https://open-images-dataset.s3.amazonaws.com/validation/68d5b6da132f1ebf.jpg,1deac3864316d7f65655f60fdf7da178
,scene,art,other,,,,https://creativecommons.org/licenses/by/2.0/,Kyle Taylor https://www.flickr.com/photos/kyletaylor/4049142073,openimages:validation:bcad33919b9ea92a,https://open-images-dataset.s3.amazonaws.com/validation/bcad33919b9ea92a.jpg,077da24584b4b00ba179809dc1474678
,scene,art,other,,,,https://creativecommons.org/licenses/by/2.0/,Jay Bergesen https://www.flickr.com/photos/jaybergesen/3640190415,openimages:validation:3d9e1e6b202a8f72,https://open-images-dataset.s3.amazonaws.com/validation/3d9e1e6b202a8f72.jpg,91b75495504ed5a5309419bf75312dc5
,scene,art,other,,,,https://creativecommons.org/licenses/by/2.0/,Matt Gibson https://www.flickr.com/photos/matt_gibson/442557726,openimages:validation:0a9f73b3c2557150,https://open-images-dataset.s3.amazonaws.com/validation/0a9f73b3c2557150.jpg,c9f6da3fea3c451fde3ad0ac4a18c2f2
,scene,art,other,,,,https://creativecommons.org/licenses/by/2.0/,Barry Skeates https://www.flickr.com/photos/barryskeates/20325235366,openimages:validation:406861262402ca06,https://open-images-dataset.s3.amazonaws.com/validation/406861262402ca06.jpg,8fab27d055a64ef596bb73826adbeb4d
,scene,art,other,,,,https://creativecommons.org/licenses/by/2.0/,Brian Hillegas https://www.flickr.com/photos/seatbelt67/7420428806,openimages:validation:3c0daac3329257f7,https://open-images-dataset.s3.amazonaws.com/validation/3c0daac3329257f7.jpg,a682187424c26ce44c4bd2839b901b3e
,scene,art,other,,,,https://creativecommons.org/licenses/by/2.0/,Cliff https://www.flickr.com/photos/nostri-imago/2873854422,openimages:validation:d63ab599cc1846b7,https://open-images-dataset.s3.amazonaws.com/validation/d63ab599cc1846b7.jpg,648672704802e4c8b3a0bd1f8c2ef075
,scene,art,other,,,,https://creativecommons.org/licenses/by/2.0/,renaissance_nerd_1 https://www.flickr.com/photos/55959851@N08/5174899257,openimages:validation:fb5d62ee12f802f7,https://open-images-dataset.s3.amazonaws.com/validation/fb5d62ee12f802f7.jpg,53a1aefb62110e84b0251642c6f2a906
,scene,art,other,,,,https://creativecommons.org/licenses/by/2.0/,Jean-Pierre Dalbéra https://www.flickr.com/photos/dalbera/6736297201,openimages:validation:c0e6ed8f8af5c123,https://open-images-dataset.s3.amazonaws.com/validation/c0e6ed8f8af5c123.jpg,4a165da20f247cead13eba8e802856c9
,scene,art,other,,,close_up,https://creativecommons.org/licenses/by/2.0/,SNappa2006 https://www.flickr.com/photos/snappa2006/5097196267,openimages:validation:f34b8bca4d147c29,https://open-images-dataset.s3.amazonaws.com/validation/f34b8bca4d147c29.jpg,27ad4cf3bceedffacabce5bb198bdbd8
,scene,art,other,,,,https://creativecommons.org/licenses/by/2.0/,Jeff Egnaczyk https://www.flickr.com/photos/post406/2010184381,openimages:validation:cd6ccc693a1bd3ac,https://open-images-dataset.s3.amazonaws.com/validation/cd6ccc693a1bd3ac.jpg,a47a0bc5186a655b556c600147995018
,scene,art,other,,,,https://creativecommons.org/licenses/by/2.0/,GretaMichelle Joachim https://www.flickr.com/photos/michellegj/15116294250,openimages:validation:29c8ae2fd58b8049,https://open-images-dataset.s3.amazonaws.com/validation/29c8ae2fd58b8049.jpg,3f210cb5dc862981d56348bff566b330
,scene,art,other,,,,https://creativecommons.org/licenses/by/2.0/,Yandle https://www.flickr.com/photos/yandle/217003339,openimages:validation:018020ef0517542d,https://open-images-dataset.s3.amazonaws.com/validation/018020ef0517542d.jpg,405f549f8ad0ae7677ac546482c96e85
,scene,art,other,,,close_up,https://creativecommons.org/licenses/by/2.0/,Don McCullough https://www.flickr.com/photos/69214385@N04/8629025567/,openimages:validation:9177f216a5b1c6c2,https://open-images-dataset.s3.amazonaws.com/validation/9177f216a5b1c6c2.jpg,f34089543724e7656fa01aa6fda11487
,scene,art,other,,,,https://creativecommons.org/licenses/by/2.0/,Sam Howzit https://www.flickr.com/photos/aloha75/9593200123,openimages:validation:22039e72b61152ec,https://open-images-dataset.s3.amazonaws.com/validation/22039e72b61152ec.jpg,9f97a93f222edaada426876f6d0b7ff8
,scene,art,other,,,,https://creativecommons.org/licenses/by/2.0/,jbquig https://www.flickr.com/photos/7517712@N03/7574805662,openimages:validation:9e72314b92c745ce,https://open-images-dataset.s3.amazonaws.com/validation/9e72314b92c745ce.jpg,cd8c4dafd7c69e619ba0784dd189e2b0
,scene,art,other,,,,https://creativecommons.org/licenses/by/2.0/,Rita Hutcheson Cobbs https://www.flickr.com/photos/ritahcobbs/5320894661,openimages:validation:a22ed281be5ab1ab,https://open-images-dataset.s3.amazonaws.com/validation/a22ed281be5ab1ab.jpg,84ebae355f557cd536c8279001593fa4
,scene,art,other,,,,https://creativecommons.org/licenses/by/2.0/,Tinerfe2006 https://www.flickr.com/photos/tinerfetenerife/15405098054,openimages:validation:a892701b4d5ee1cc,https://open-images-dataset.s3.amazonaws.com/validation/a892701b4d5ee1cc.jpg,7f7b6e58c9466cc34fd2068e5f439751
,scene,art,other,,,,https://creativecommons.org/licenses/by/2.0/,Aula de Tutoría https://www.flickr.com/photos/auladetutoria/6798435692,openimages:validation:cb56747197672e47,https://open-images-dataset.s3.amazonaws.com/validation/cb56747197672e47.jpg,e0b344e84a02d28e44c8511ab2464987
,scene,art,other,,,,https://creativecommons.org/licenses/by/2.0/,thierry ehrmann https://www.flickr.com/photos/home_of_chaos/2754037178,openimages:validation:46fb1ff26c75c73c,https://open-images-dataset.s3.amazonaws.com/validation/46fb1ff26c75c73c.jpg,bd567482993d68f57bee6765dcdf71b1
,scene,art,other,,,close_up,https://creativecommons.org/licenses/by/2.0/,Steven Depolo https://www.flickr.com/photos/stevendepolo/4526785627,openimages:validation:b08bc8d1e574ad86,https://open-images-dataset.s3.amazonaws.com/validation/b08bc8d1e574ad86.jpg,e8245466a24cc17fbe442d0aa9e6f391
,scene,art,other,,,,https://creativecommons.org/licenses/by/2.0/,Cristian Bortes https://www.flickr.com/photos/bortescristian/3312484900,openimages:validation:f389a5c7c4a52c06,https://open-images-dataset.s3.amazonaws.com/validation/f389a5c7c4a52c06.jpg,11e8c54ab035aa2b62df4927642a8406
,scene,art,other,,,,https://creativecommons.org/licenses/by/2.0/,emmeffe6 https://www.flickr.com/photos/emmeffe6/4074178539,openimages:validation:e5d839d2570d7325,https://open-images-dataset.s3.amazonaws.com/validation/e5d839d2570d7325.jpg,2f00c044097d207590d99934ef1a81f6
,scene,art,other,,,,https://creativecommons.org/licenses/by/2.0/,Felipe Spina https://www.flickr.com/photos/fspina/5271816465,openimages:validation:9ce3c9f9c135baac,https://open-images-dataset.s3.amazonaws.com/validation/9ce3c9f9c135baac.jpg,052cc314ad93b51cc58441ad088ed955
,scene,art,other,,,,https://creativecommons.org/licenses/by/2.0/,Andreanna Moya Photography https://www.flickr.com/photos/andreanna/2770223052,openimages:validation:d84ee93f857d14ad,https://open-images-dataset.s3.amazonaws.com/validation/d84ee93f857d14ad.jpg,cb52621414a2337c746c0e47f4c0fded
,scene,art,other,,,,https://creativecommons.org/licenses/by/2.0/,Heidi De Vries https://www.flickr.com/photos/veritatem/6495549933,openimages:validation:77aa05f37f9322d0,https://open-images-dataset.s3.amazonaws.com/validation/77aa05f37f9322d0.jpg,08af65a31e95a46ef010019a821068cc
,scene,art,other,,,,https://creativecommons.org/licenses/by/2.0/,Takahiro Kyono https://www.flickr.com/photos/75972766@N02/14744381459,openimages:validation:af5cfd0de82825c9,https://open-images-dataset.s3.amazonaws.com/validation/af5cfd0de82825c9.jpg,23450b918d4489c6c6eafd15c64bb4ac
,scene,art,other,,,,https://creativecommons.org/licenses/by/2.0/,Sébastien Bertrand https://www.flickr.com/photos/tiseb/8397963059,openimages:validation:2709c365ca958120,https://open-images-dataset.s3.amazonaws.com/validation/2709c365ca958120.jpg,eaba0f8047f96a46e728ff236ed186ea
,scene,art,other,,,,https://creativecommons.org/licenses/by/2.0/,Visit Greenwich https://www.flickr.com/photos/greenwichwhs/3400989855,openimages:validation:5b1a47a5b3cd31c1,https://open-images-dataset.s3.amazonaws.com/validation/5b1a47a5b3cd31c1.jpg,5bb44503dfee11e4a60d5c890c3e8339
,scene,art,other,,underwater,,https://creativecommons.org/licenses/by/2.0/,Vesa Linja-aho https://www.flickr.com/photos/vesa_linja-aho/15553321907,openimages:validation:ad48ff178a4d17a0,https://open-images-dataset.s3.amazonaws.com/validation/ad48ff178a4d17a0.jpg,3e989fe7b5bd2e9b478278645db0c73f
,scene,art,other,,,,https://creativecommons.org/licenses/by/2.0/,cw3283 https://www.flickr.com/photos/lipsss/383242077,openimages:validation:4ebc2c7d8668ac37,https://open-images-dataset.s3.amazonaws.com/validation/4ebc2c7d8668ac37.jpg,834c580b0afdee3de26078223b428ca4
,scene,art,other,,,close_up,https://creativecommons.org/licenses/by/2.0/,R Barraez D´Lucca https://www.flickr.com/photos/rahul3/2205761798,openimages:validation:d886a8439d21f6b6,https://open-images-dataset.s3.amazonaws.com/validation/d886a8439d21f6b6.jpg,d878affded7f1e4dacd54ee2806f56cd
,scene,art,other,,,,https://creativecommons.org/licenses/by/2.0/,Lauren  Lonergan https://www.flickr.com/photos/57890884@N05/20285273788,openimages:validation:1dc1e0464f4181a5,https://open-images-dataset.s3.amazonaws.com/validation/1dc1e0464f4181a5.jpg,eefd8ac6779cecb5a58612b9ca9d6f34
,scene,art,other,,,,https://creativecommons.org/licenses/by/2.0/,Ruben Garcia https://www.flickr.com/photos/quiksoul/2851410711,openimages:validation:004a9412eb1a83e8,https://open-images-dataset.s3.amazonaws.com/validation/004a9412eb1a83e8.jpg,4282aed7573a1cf005d5bdf98a8ccd0a
,scene,art,other,,,,https://creativecommons.org/licenses/by/2.0/,ukahbob777 https://www.flickr.com/photos/michaelcrane123/5711012637,openimages:validation:2a5fea615b179b43,https://open-images-dataset.s3.amazonaws.com/validation/2a5fea615b179b43.jpg,5614d12d83183873f66292caf9f93e8c
,scene,art,other,,,,https://creativecommons.org/licenses/by/2.0/,stevestein1982 https://www.flickr.com/photos/stevestein1982/4047840322,openimages:validation:13d86af81cf7717d,https://open-images-dataset.s3.amazonaws.com/validation/13d86af81cf7717d.jpg,4bf29fc5dc71f752c5c2428831a9f793
,scene,art,other,,,,https://creativecommons.org/licenses/by/2.0/,Yusoff Abdul Latiff https://www.flickr.com/photos/al_yus/4660238930,openimages:validation:7a4fc3418795752c,https://open-images-dataset.s3.amazonaws.com/validation/7a4fc3418795752c.jpg,c11b534fe3558702514d68eb6b526f78
,scene,art,other,,,,https://creativecommons.org/licenses/by/2.0/,helen genevere https://www.flickr.com/photos/helengenevere/6317960498,openimages:validation:32df2cf2522292b5,https://open-images-dataset.s3.amazonaws.com/validation/32df2cf2522292b5.jpg,0f33858bfb580cd83086cfaef1f9b1aa
,scene,art,other,,,,https://creativecommons.org/licenses/by/2.0/,Florian Pilz https://www.flickr.com/photos/florianpilz/9029893738,openimages:validation:fd53effee17ceae6,https://open-images-dataset.s3.amazonaws.com/validation/fd53effee17ceae6.jpg,66af03218dff2982943d196556a1b73c
,scene,art,other,,,,https://creativecommons.org/licenses/by/2.0/,Aaron of NEPA https://www.flickr.com/photos/aaron_c/15029094940,openimages:validation:326a6e15283d8cea,https://open-images-dataset.s3.amazonaws.com/validation/326a6e15283d8cea.jpg,793e17682cf202849f12ae7bdc8e55ba
,scene,art,other,,,,https://creativecommons.org/licenses/by/2.0/,Joey McCoy https://www.flickr.com/photos/9290304@N06/5791832985,openimages:validation:133667cd04b760e7,https://open-images-dataset.s3.amazonaws.com/validation/133667cd04b760e7.jpg,1ffded0232cd713353a0dd1a0e89b198
,scene,art,other,,,,https://creativecommons.org/licenses/by/2.0/,Futurilla https://www.flickr.com/photos/futurilla/8913515801,openimages:validation:c16b6ab96ac2efc7,https://open-images-dataset.s3.amazonaws.com/validation/c16b6ab96ac2efc7.jpg,4efd79c25fcb19f0dc80df7b36c65c05
,scene,art,other,,,,https://creativecommons.org/licenses/by/2.0/,Mahesh Kularatne https://www.flickr.com/photos/kularatne/9133236408,openimages:validation:3ab0cdd6eca5c146,https://open-images-dataset.s3.amazonaws.com/validation/3ab0cdd6eca5c146.jpg,98485a54c6f7d9c71f8fec1b8d78da57
,scene,art,other,,,,https://creativecommons.org/licenses/by/2.0/,lordcarla210350 https://www.flickr.com/photos/61969937@N02/5887452733,openimages:validation:91ee2942594c99b9,https://open-images-dataset.s3.amazonaws.com/validation/91ee2942594c99b9.jpg,39cdee35a15a642ed9f0521c82eac0f8
,scene,art,other,,,,https://creativecommons.org/licenses/by/2.0/,cybrgrl https://www.flickr.com/photos/cybrgrl/9090732828,openimages:validation:eaa08868a909e94b,https://open-images-dataset.s3.amazonaws.com/validation/eaa08868a909e94b.jpg,b7a2ef9ad10f8ed78bbac6274fe279cc
,scene,utility,other,,,,https://creativecommons.org/licenses/by/2.0/,Development Planning Unit University College London https://www.flickr.com/photos/dpu-ucl/8167415917,openimages:validation:4ec14b668b440c8f,https://open-images-dataset.s3.amazonaws.com/validation/4ec14b668b440c8f.jpg,3e7345aa28923acae4fd6fbe988b6885
,scene,utility,other,,,aerial,https://creativecommons.org/licenses/by/2.0/,Alicia0928 https://www.flickr.com/photos/aliciamhernandez/4352956962/,openimages:validation:fd078c9dd7850e98,https://open-images-dataset.s3.amazonaws.com/validation/fd078c9dd7850e98.jpg,8240b3a5f628ad51d604609335b89875
,scene,utility,other,,,,https://creativecommons.org/licenses/by/2.0/,Sergey G https://www.flickr.com/photos/133232468@N07/20011000914,openimages:validation:0ed4f2f4079a5fd6,https://open-images-dataset.s3.amazonaws.com/validation/0ed4f2f4079a5fd6.jpg,69acb71571e9308891eabd2c4461f1bb
,scene,utility,other,,,,https://creativecommons.org/licenses/by/2.0/,LegendZ3 https://www.flickr.com/photos/legendz3/7895888046,openimages:validation:034f57948233aa89,https://open-images-dataset.s3.amazonaws.com/validation/034f57948233aa89.jpg,1e0e8f8a462e09e2229a5558dc16887f
,scene,utility,other,,,,https://creativecommons.org/licenses/by/2.0/,Shepherd Gallery https://www.flickr.com/photos/shepherdny/4119865241,openimages:validation:c085c523455fe958,https://open-images-dataset.s3.amazonaws.com/validation/c085c523455fe958.jpg,db7db25bc6700a1ed136c561066db1bb
,scene,utility,other,,,,https://creativecommons.org/licenses/by/2.0/,JAWspeak https://www.flickr.com/photos/jawspeak/5150768236,openimages:validation:a48edc4f72914eb6,https://open-images-dataset.s3.amazonaws.com/validation/a48edc4f72914eb6.jpg,37019bb2ab328c270ae38f149d5b83a4
,scene,utility,other,,,,https://creativecommons.org/licenses/by/2.0/,Marco https://www.flickr.com/photos/23992608@N06/6371017855,openimages:validation:ee3a2f5746ee3427,https://open-images-dataset.s3.amazonaws.com/validation/ee3a2f5746ee3427.jpg,4040bd3a2d44e40110daf1f82b888c7e
,scene,utility,other,,indoor,,https://creativecommons.org/licenses/by/2.0/,Lachlan Hardy https://www.flickr.com/photos/lachlanhardy/8324447255,openimages:validation:6e2ea48a2474adf1,https://open-images-dataset.s3.amazonaws.com/validation/6e2ea48a2474adf1.jpg,bef73f44f9e999ce213f5ebc648b4af3
,scene,utility,other,,,,https://creativecommons.org/licenses/by/2.0/,Henry de Saussure Copeland https://www.flickr.com/photos/hdescopeland/4923392735,openimages:validation:b6de7c44449aca43,https://open-images-dataset.s3.amazonaws.com/validation/b6de7c44449aca43.jpg,d5566f057cbe46ce17fb2aa0996b66f0
,scene,utility,other,,,,https://creativecommons.org/licenses/by/2.0/,Phil K 37 https://www.flickr.com/photos/philk37/8351430737,openimages:validation:faa2096bde4becc7,https://open-images-dataset.s3.amazonaws.com/validation/faa2096bde4becc7.jpg,b2d5b234444bf17a244052c005421241
,scene,utility,other,,,,https://creativecommons.org/licenses/by/2.0/,Oeko-Institut e.V. https://www.flickr.com/photos/oekoinstitut/6706838147,openimages:validation:41eea40eeef84af7,https://open-images-dataset.s3.amazonaws.com/validation/41eea40eeef84af7.jpg,4d4db1576352ab35eb3ab659df2372c9
,scene,utility,other,,,,https://creativecommons.org/licenses/by/2.0/,David Lisbona https://www.flickr.com/photos/dlisbona/388846761,openimages:validation:b8bcedae65a3b3a9,https://open-images-dataset.s3.amazonaws.com/validation/b8bcedae65a3b3a9.jpg,e057aef528b358fb060db153cd04e569
,scene,utility,other,,,,https://creativecommons.org/licenses/by/2.0/,Jeff https://www.flickr.com/photos/teknokool/2479916803,openimages:validation:042c4bb4cc873c0e,https://open-images-dataset.s3.amazonaws.com/validation/042c4bb4cc873c0e.jpg,383e27c74e2f5421e576d2ad2d96cf1d
,scene,utility,other,,,,https://creativecommons.org/licenses/by/2.0/,Scott Lewis https://www.flickr.com/photos/99781513@N04/15246301062,openimages:validation:288d0619abeb57ed,https://open-images-dataset.s3.amazonaws.com/validation/288d0619abeb57ed.jpg,a70712600d2416aba46919ebf927f0f1
,scene,utility,other,,,,https://creativecommons.org/licenses/by/2.0/,Jarrett Campbell https://www.flickr.com/photos/wjarrettc/12196451224,openimages:validation:d5063f31191f5fff,https://open-images-dataset.s3.amazonaws.com/validation/d5063f31191f5fff.jpg,c95eab9151d40df5bc701079b523c6d0
,scene,utility,other,,,,https://creativecommons.org/licenses/by/2.0/,Kuruman https://www.flickr.com/photos/kuruman/18358966314,openimages:validation:c1e70b998bf4ba09,https://open-images-dataset.s3.amazonaws.com/validation/c1e70b998bf4ba09.jpg,2f518e7f529796e3c4e62f984a32c29c
,scene,utility,other,,,,https://creativecommons.org/licenses/by/2.0/,Jorge Jaramillo https://www.flickr.com/photos/georigami/4902322451,openimages:validation:6a7580c4d79ab973,https://open-images-dataset.s3.amazonaws.com/validation/6a7580c4d79ab973.jpg,dadc2ea6fdbc9019f74a2897977efca9
,scene,utility,other,,,,https://creativecommons.org/licenses/by/2.0/,ernie https://www.flickr.com/photos/hairylunch/4706508562,openimages:validation:9f9e8c3480662075,https://open-images-dataset.s3.amazonaws.com/validation/9f9e8c3480662075.jpg,ba6957c731cfcb331d9897cd1bbda069
,scene,utility,other,,,,https://creativecommons.org/licenses/by/2.0/,Christian Jensen https://www.flickr.com/photos/cs-jay/15186398071,openimages:validation:feafa9c154df1472,https://open-images-dataset.s3.amazonaws.com/validation/feafa9c154df1472.jpg,53a9274c2721a12dadd974daedbb88dd
,scene,utility,other,,,,https://creativecommons.org/licenses/by/2.0/,David Armano https://www.flickr.com/photos/7855449@N02/3347003848,openimages:validation:74285f3668f14b62,https://open-images-dataset.s3.amazonaws.com/validation/74285f3668f14b62.jpg,b0c43be1797e2287dac01bd8860a8132
,scene,utility,other,,,,https://creativecommons.org/licenses/by/2.0/,Phil Parker https://www.flickr.com/photos/45131642@N00/14126349403,openimages:validation:0ccc376abac79138,https://open-images-dataset.s3.amazonaws.com/validation/0ccc376abac79138.jpg,f51d69093a3020d5e6e062c0bf05ad89
,scene,utility,other,,,,https://creativecommons.org/licenses/by/2.0/,Hey Paul Studios https://www.flickr.com/photos/hey__paul/8675456179,openimages:validation:c1cae40d71a05911,https://open-images-dataset.s3.amazonaws.com/validation/c1cae40d71a05911.jpg,83cba02752e8fbc73ebec2bd3c1e5807
,scene,utility,other,,,,https://creativecommons.org/licenses/by/2.0/,Anna Hape https://www.flickr.com/photos/annahape-gallery/2493597315,openimages:validation:7e126aed3cf4dff0,https://open-images-dataset.s3.amazonaws.com/validation/7e126aed3cf4dff0.jpg,f03029487e512c0443451e9e1fe4388f
,scene,utility,other,,,,https://creativecommons.org/licenses/by/2.0/,heatkernel https://www.flickr.com/photos/heatkernel/377194941,openimages:validation:389f038bd6d8f44a,https://open-images-dataset.s3.amazonaws.com/validation/389f038bd6d8f44a.jpg,aabf1efea81ba0c9e1c0a3845ecfc465
,scene,utility,other,,,,https://creativecommons.org/licenses/by/2.0/,Terry Madeley https://www.flickr.com/photos/terry/6209007006,openimages:validation:a5bd92b9a4f017c9,https://open-images-dataset.s3.amazonaws.com/validation/a5bd92b9a4f017c9.jpg,36e82f29b0518676a073c2b077aff4fd
,scene,utility,other,,,,https://creativecommons.org/licenses/by/2.0/,Boston Public Library https://www.flickr.com/photos/boston_public_library/8962117248,openimages:validation:208f0f83cb2f2ed4,https://open-images-dataset.s3.amazonaws.com/validation/208f0f83cb2f2ed4.jpg,f312df98efa4781f7c93bcb18892055c
,scene,utility,other,,,,https://creativecommons.org/licenses/by/2.0/,Christine Rondeau https://www.flickr.com/photos/crondeau/4677399002,openimages:validation:5f0a77d72e4ee1bf,https://open-images-dataset.s3.amazonaws.com/validation/5f0a77d72e4ee1bf.jpg,c236c4ea698f88f02b7bff75245fc7fd
,scene,utility,other,,,,https://creativecommons.org/licenses/by/2.0/,tribalicious https://www.flickr.com/photos/tribalicious/3981177555,openimages:validation:687e3e2c5124f383,https://open-images-dataset.s3.amazonaws.com/validation/687e3e2c5124f383.jpg,7b81101bb794773049be2d66656dc4da
,scene,utility,other,,,,https://creativecommons.org/licenses/by/2.0/,juliegomoll https://www.flickr.com/photos/juliegomoll/5384865128,openimages:validation:d76420a01c981f7e,https://open-images-dataset.s3.amazonaws.com/validation/d76420a01c981f7e.jpg,b9804f9b2c406a729f434e1e060fa3fe
,scene,utility,other,,,,https://creativecommons.org/licenses/by/2.0/,Josh Hallett https://www.flickr.com/photos/hyku/296853673,openimages:validation:89abb4ebb17ca3f0,https://open-images-dataset.s3.amazonaws.com/validation/89abb4ebb17ca3f0.jpg,36e9d1d8ca79535f340f6de4fe159fce
,scene,utility,other,,,,https://creativecommons.org/licenses/by/2.0/,J R https://www.flickr.com/photos/103707855@N05/10063684634,openimages:validation:a8c267fddc680ae7,https://open-images-dataset.s3.amazonaws.com/validation/a8c267fddc680ae7.jpg,857e651dfbb1bbe38e9d62cafa46a2af
,scene,utility,other,,,,https://creativecommons.org/licenses/by/2.0/,Daniela Meleo https://www.flickr.com/photos/danilutz/4785305252,openimages:validation:2c7d34af39a69273,https://open-images-dataset.s3.amazonaws.com/validation/2c7d34af39a69273.jpg,c296427aa90b6d08efca82bce017babb
,scene,utility,other,,,,https://creativecommons.org/licenses/by/2.0/,Marco Raaphorst https://www.flickr.com/photos/raaphorst/954855299/in/photostream/,openimages:validation:64ba443678f785ed,https://open-images-dataset.s3.amazonaws.com/validation/64ba443678f785ed.jpg,3c42dbb616a5d4166ece9c258d94c977
,scene,utility,other,,,,https://creativecommons.org/licenses/by/2.0/,cea + https://www.flickr.com/photos/centralasian/3370723294,openimages:validation:c2291a13c825966f,https://open-images-dataset.s3.amazonaws.com/validation/c2291a13c825966f.jpg,7fbc9381e1caef192b4212f3fca3f725
,scene,utility,other,,,close_up,https://creativecommons.org/licenses/by/2.0/,Wendy Cope https://www.flickr.com/photos/litratcher/16606524482,openimages:validation:a6b1220738c3d227,https://open-images-dataset.s3.amazonaws.com/validation/a6b1220738c3d227.jpg,36f9596968e78af1cf9db3423e212896
,scene,utility,other,,,,https://creativecommons.org/licenses/by/2.0/,Knut Hebstreit https://www.flickr.com/photos/netsign/300780085,openimages:validation:5decf14b6cff681c,https://open-images-dataset.s3.amazonaws.com/validation/5decf14b6cff681c.jpg,da4b48b9db8119ca002770551270def2
,scene,utility,other,,,,https://creativecommons.org/licenses/by/2.0/,Christine und Hagen Graf https://www.flickr.com/photos/hagengraf/2441388228,openimages:validation:b4e3257187e72e00,https://open-images-dataset.s3.amazonaws.com/validation/b4e3257187e72e00.jpg,c6dc62a70bb92dd8bc73a6b2426e3366
,scene,utility,other,,,,https://creativecommons.org/licenses/by/2.0/,Phil Kalina https://www.flickr.com/photos/40748539@N00/9835086165,openimages:validation:4e83e46e6f617df9,https://open-images-dataset.s3.amazonaws.com/validation/4e83e46e6f617df9.jpg,9c3cabe99f4cfd3898dce570734a21b3
,scene,utility,other,,,,https://creativecommons.org/licenses/by/2.0/,Epic Fireworks https://www.flickr.com/photos/epicfireworks/16722629682,openimages:validation:008e12a039f69f8a,https://open-images-dataset.s3.amazonaws.com/validation/008e12a039f69f8a.jpg,96b21f5de1bf7da2cdf3ec875c772df6
,scene,utility,other,,,,https://creativecommons.org/licenses/by/2.0/,wiccahwang https://www.flickr.com/photos/wiccahwang/5480606101,openimages:validation:f0cfedabc5c6d615,https://open-images-dataset.s3.amazonaws.com/validation/f0cfedabc5c6d615.jpg,7b299bbe0131e39d82e15ba07d6332c5
,scene,utility,other,,indoor,,https://creativecommons.org/licenses/by/2.0/,Wendy Berry https://www.flickr.com/photos/twodolla/8732954679,openimages:validation:ff9d6b864d154460,https://open-images-dataset.s3.amazonaws.com/validation/ff9d6b864d154460.jpg,c929cad2dec596fb0f5a40a30632b7db
,scene,utility,other,,,,https://creativecommons.org/licenses/by/2.0/,Morag Riddell https://www.flickr.com/photos/morag_riddell/8445664613,openimages:validation:c8c8df9a949b0b81,https://open-images-dataset.s3.amazonaws.com/validation/c8c8df9a949b0b81.jpg,7ed4cb8166781ee45a400a5820686ceb
,scene,utility,other,,,,https://creativecommons.org/licenses/by/2.0/,DaveBleasdale https://www.flickr.com/photos/sidelong/299643924,openimages:validation:9052dbaa51a72aac,https://open-images-dataset.s3.amazonaws.com/validation/9052dbaa51a72aac.jpg,7268c1099a706f38f962cffecafea323
,scene,utility,other,,,,https://creativecommons.org/licenses/by/2.0/,frkstyle https://www.flickr.com/photos/frkstyle/2303174668,openimages:validation:764ce7eedf8b52a5,https://open-images-dataset.s3.amazonaws.com/validation/764ce7eedf8b52a5.jpg,e25c590b042b3912eff412ad3cb74830
,scene,utility,other,,,,https://creativecommons.org/licenses/by/2.0/,Benn Wolfe https://www.flickr.com/photos/bennthewolfe/3398254482,openimages:validation:2c8f14ff582e7f59,https://open-images-dataset.s3.amazonaws.com/validation/2c8f14ff582e7f59.jpg,6646f54447d57b3ac9ebb88cdbcabf53
,scene,utility,other,,,,https://creativecommons.org/licenses/by/2.0/,anrt2 https://www.flickr.com/photos/80358908@N06/7447096844,openimages:validation:6261fb5e6bc208be,https://open-images-dataset.s3.amazonaws.com/validation/6261fb5e6bc208be.jpg,a601f3b90f4312dba6b7e3455214c8ba
,scene,utility,other,,,,https://creativecommons.org/licenses/by/2.0/,Bill Bradford https://www.flickr.com/photos/mrbill/3756069515,openimages:validation:cd2e8764835b02fe,https://open-images-dataset.s3.amazonaws.com/validation/cd2e8764835b02fe.jpg,0bffc6fe5f500c924749a1cfe1d37866
,scene,utility,other,,,,https://creativecommons.org/licenses/by/2.0/,sndrv https://www.flickr.com/photos/sndrv/8609348881,openimages:validation:e3f2995cf9135eaa,https://open-images-dataset.s3.amazonaws.com/validation/e3f2995cf9135eaa.jpg,97db7852cd4de8a52722aa5f4d5eea40
,scene,utility,other,,,,https://creativecommons.org/licenses/by/2.0/,Clayton Shonkwiler https://www.flickr.com/photos/shonk/57302289,openimages:validation:05bd562acd97329e,https://open-images-dataset.s3.amazonaws.com/validation/05bd562acd97329e.jpg,4c989b8857aa3e76a6fe7b0df1bbb90e
,scene,utility,other,,,,https://creativecommons.org/licenses/by/2.0/,yaluker https://www.flickr.com/photos/yaluker/2422179644,openimages:validation:05ba9463111af7af,https://open-images-dataset.s3.amazonaws.com/validation/05ba9463111af7af.jpg,568d8a7c33803d859036e05a14414793
,scene,abstract,other,,,,https://creativecommons.org/licenses/by/2.0/,DanaK~WaterPenny https://www.flickr.com/photos/dana-k/6892973682,openimages:validation:d6740af010158693,https://open-images-dataset.s3.amazonaws.com/validation/d6740af010158693.jpg,0738a81de3eb0770b404a70179c66f3d
,scene,abstract,other,,,,https://creativecommons.org/licenses/by/2.0/,David Matthew Parker https://www.flickr.com/photos/vividp/4627951050,openimages:validation:71922c6504775bd1,https://open-images-dataset.s3.amazonaws.com/validation/71922c6504775bd1.jpg,ec453a1295cf22560caa2c4e0e7d8162
,scene,abstract,other,,,,https://creativecommons.org/licenses/by/2.0/,Janelle Spice https://www.flickr.com/photos/lacyjanelle/75534356,openimages:validation:c32e6c767c7e5e0f,https://open-images-dataset.s3.amazonaws.com/validation/c32e6c767c7e5e0f.jpg,7f23b831a2f34e764ef52d2a0c66388c
,scene,abstract,other,,,,https://creativecommons.org/licenses/by/2.0/,Kyle Monahan https://www.flickr.com/photos/kylemonahan/4776618552,openimages:validation:f0274a7a3ff3a053,https://open-images-dataset.s3.amazonaws.com/validation/f0274a7a3ff3a053.jpg,c1676efe160a02fc361784ceb5aa9718
,scene,abstract,other,,,,https://creativecommons.org/licenses/by/2.0/,Caraline Mellor https://www.flickr.com/photos/prettylittleme/15962258668,openimages:validation:108c6f0c235b2c47,https://open-images-dataset.s3.amazonaws.com/validation/108c6f0c235b2c47.jpg,01f560dd0058e4372d4f5812401beb23
,scene,abstract,other,,,,https://creativecommons.org/licenses/by/2.0/,Cristian Borquez https://www.flickr.com/photos/seo2/7051399495,openimages:validation:a495e84cbce82995,https://open-images-dataset.s3.amazonaws.com/validation/a495e84cbce82995.jpg,c6bcaa38f76c1fa5994e5f44d3a9dc88
,scene,abstract,other,,,,https://creativecommons.org/licenses/by/2.0/,julia Chapple https://www.flickr.com/photos/julzart/18447145550,openimages:validation:871bc988caf1507a,https://open-images-dataset.s3.amazonaws.com/validation/871bc988caf1507a.jpg,ef76f4db942328d7fc83c933d180da5c
,scene,abstract,other,,,,https://creativecommons.org/licenses/by/2.0/,Solarbotics https://www.flickr.com/photos/solarbotics/8695801961,openimages:validation:2763104e6cb405ce,https://open-images-dataset.s3.amazonaws.com/validation/2763104e6cb405ce.jpg,cce0294d8879d7530d0ddae30909a009
,scene,abstract,other,,,close_up,https://creativecommons.org/licenses/by/2.0/,flattop341 https://www.flickr.com/photos/flattop341/237658930,openimages:validation:9118e584c41b977e,https://open-images-dataset.s3.amazonaws.com/validation/9118e584c41b977e.jpg,9d2006e782115ad1178a50796f39cf93
,scene,abstract,other,,,,https://creativecommons.org/licenses/by/2.0/,Sajjadi Livejournal https://www.flickr.com/photos/62896794@N02/6642632547,openimages:validation:6917910f3f4f5cb8,https://open-images-dataset.s3.amazonaws.com/validation/6917910f3f4f5cb8.jpg,64b19b99f174de8e1aeb1bb58fdf4036
,scene,abstract,other,,,,https://creativecommons.org/licenses/by/2.0/,Gobierno de la Ciudad de Buenos Aires https://www.flickr.com/photos/buenosairesprensa/5504875566,openimages:validation:a305a71dbceb67f1,https://open-images-dataset.s3.amazonaws.com/validation/a305a71dbceb67f1.jpg,71e36f8ed66da5498ccbba5996deaa40
,scene,abstract,other,,,,https://creativecommons.org/licenses/by/2.0/,-murdoc (Maybe trading) https://www.flickr.com/photos/jjw3k/14962492602,openimages:validation:033c819c0e0b382e,https://open-images-dataset.s3.amazonaws.com/validation/033c819c0e0b382e.jpg,0a24c172dab46f50ff81efcb5d99b863
,scene,abstract,other,,,,https://creativecommons.org/licenses/by/2.0/,Kenny Cole https://www.flickr.com/photos/kennycole/19924935639/,openimages:validation:97a5515aee2499ad,https://open-images-dataset.s3.amazonaws.com/validation/97a5515aee2499ad.jpg,5bbedf164595274ca7eaf4bd58fe6f59
,scene,abstract,other,,,,https://creativecommons.org/licenses/by/2.0/,Øklands trykksaker - av Bergen Off. Bibliotek https://www.flickr.com/photos/oklands_trykksaker/4702935024,openimages:validation:ac3d956bdc8e9a85,https://open-images-dataset.s3.amazonaws.com/validation/ac3d956bdc8e9a85.jpg,600a24cf529962e80130b91fe72ccccd
,scene,abstract,other,,,,https://creativecommons.org/licenses/by/2.0/,Digital Game Museum https://www.flickr.com/photos/digitalgamemuseum/5947821248,openimages:validation:4f2cd4f4a41d1ad3,https://open-images-dataset.s3.amazonaws.com/validation/4f2cd4f4a41d1ad3.jpg,f2cdc13dea8d3741e4fa88e255fe9beb
,scene,abstract,other,,,,https://creativecommons.org/licenses/by/2.0/,Jukka Zitting https://www.flickr.com/photos/jlz/4194029036,openimages:validation:0f40f3137be5f727,https://open-images-dataset.s3.amazonaws.com/validation/0f40f3137be5f727.jpg,4058e026395e8df349f9a1c42f7936fd
,scene,abstract,other,,,,https://creativecommons.org/licenses/by/2.0/,sung ming whang https://www.flickr.com/photos/smwhang/4590738266,openimages:validation:05a9160cd94b1fe4,https://open-images-dataset.s3.amazonaws.com/validation/05a9160cd94b1fe4.jpg,f250b79986e52a0d118cd8b35a4ea32c
,scene,abstract,other,,,,https://creativecommons.org/licenses/by/2.0/,fervent-adepte-de-la-mode https://www.flickr.com/photos/51528537@N08/4870241360,openimages:validation:d71dc791224b7964,https://open-images-dataset.s3.amazonaws.com/validation/d71dc791224b7964.jpg,fd261f8a9ea13944c718bd18a5df53fb
,scene,abstract,other,,,,https://creativecommons.org/licenses/by/2.0/,Mehmet Pinarci https://www.flickr.com/photos/99843102@N05/14020760665,openimages:validation:10b0a4ad3ea0bac0,https://open-images-dataset.s3.amazonaws.com/validation/10b0a4ad3ea0bac0.jpg,ff84757ede4df897ba36f586cb0b2894
,scene,abstract,other,,,,https://creativecommons.org/licenses/by/2.0/,Heidi Rewell - alternativefashioninsl.com https://www.flickr.com/photos/heidirewell/18962272625,openimages:validation:bd6bcadcd2f98603,https://open-images-dataset.s3.amazonaws.com/validation/bd6bcadcd2f98603.jpg,36fb1b446e1e8484e18f4a4257899cce
,scene,abstract,other,,,,https://creativecommons.org/licenses/by/2.0/,Nik https://www.flickr.com/photos/nikboi/9617156897/,openimages:validation:f20dbcd07c475ed4,https://open-images-dataset.s3.amazonaws.com/validation/f20dbcd07c475ed4.jpg,835736f025ccde5c56a8ceb2003be87d
,scene,abstract,other,,,,https://creativecommons.org/licenses/by/2.0/,Billie Grace Ward https://www.flickr.com/photos/wwward0/14411342784,openimages:validation:c06612aadc00e430,https://open-images-dataset.s3.amazonaws.com/validation/c06612aadc00e430.jpg,d597319cdb064c7d5858b0edfe07ead6
,scene,abstract,other,,,,https://creativecommons.org/licenses/by/2.0/,Luigi Mengato https://www.flickr.com/photos/luigimengato/5600952795,openimages:validation:6c5a13f1f0edc9a8,https://open-images-dataset.s3.amazonaws.com/validation/6c5a13f1f0edc9a8.jpg,23644525e2710d846039cfbb1c15b9cc
,scene,abstract,other,,,,https://creativecommons.org/licenses/by/2.0/,Kārlis Dambrāns https://www.flickr.com/photos/janitors/14639498630,openimages:validation:c4f39f3bd2e64016,https://open-images-dataset.s3.amazonaws.com/validation/c4f39f3bd2e64016.jpg,bd48afe85b46fed2e039301f787521b5
,scene,abstract,other,,,,https://creativecommons.org/licenses/by/2.0/,Evangelical Resident https://www.flickr.com/photos/virtualevangelical/16750933257,openimages:validation:8720a27f0fcdcd90,https://open-images-dataset.s3.amazonaws.com/validation/8720a27f0fcdcd90.jpg,3972a01fd1f6cb5df3fa33422a3dac96
,scene,abstract,other,,,,https://creativecommons.org/licenses/by/2.0/,Christopher Adams https://www.flickr.com/photos/christopheradams/7861777124,openimages:validation:bc91bc871230c5b1,https://open-images-dataset.s3.amazonaws.com/validation/bc91bc871230c5b1.jpg,bb17bc9a52f70ae467941c80d1dddb4b
,scene,abstract,other,,,close_up,https://creativecommons.org/licenses/by/2.0/,Kuttelie https://www.flickr.com/photos/23490892@N02/13703162344/,openimages:validation:b78703b1e2859e4c,https://open-images-dataset.s3.amazonaws.com/validation/b78703b1e2859e4c.jpg,8f34ad9526f5eea940fe2eeeda85c254
,scene,abstract,other,,,,https://creativecommons.org/licenses/by/2.0/,#158 https://www.flickr.com/photos/hashtag158/5706947914/,openimages:validation:6ce6fafe79ef72ad,https://open-images-dataset.s3.amazonaws.com/validation/6ce6fafe79ef72ad.jpg,838ff215784e896c9f2d90eaa6671484
,scene,abstract,other,,,close_up,https://creativecommons.org/licenses/by/2.0/,Chase Lindberg https://www.flickr.com/photos/chaselindberg/5764335356,openimages:validation:723cdee1a60ecb48,https://open-images-dataset.s3.amazonaws.com/validation/723cdee1a60ecb48.jpg,07ecd2be0fd01329ec30d0c7dd8823df
,scene,abstract,other,,,,https://creativecommons.org/licenses/by/2.0/,Amy https://www.flickr.com/photos/irulan_amy/14937015448,openimages:validation:5d6f6b9c77f2de36,https://open-images-dataset.s3.amazonaws.com/validation/5d6f6b9c77f2de36.jpg,246aceec3e31d3328d9f5bd863c24f8c
,scene,abstract,other,,,close_up,https://creativecommons.org/licenses/by/2.0/,distelfliege https://www.flickr.com/photos/distelfliege/17300544865,openimages:validation:085849a60c818140,https://open-images-dataset.s3.amazonaws.com/validation/085849a60c818140.jpg,e1414f669201ba1213acde364fb6a2ec
,scene,abstract,other,,,,https://creativecommons.org/licenses/by/2.0/,Me-Liss-A https://www.flickr.com/photos/lissjasmin/6324231116,openimages:validation:ba246c102bf13a92,https://open-images-dataset.s3.amazonaws.com/validation/ba246c102bf13a92.jpg,59c7718180e824ebd81d7a13292bc81e
,scene,abstract,other,,,,https://creativecommons.org/licenses/by/2.0/,Sarah https://www.flickr.com/photos/dichohecho/3592886211,openimages:validation:0528011ebe294817,https://open-images-dataset.s3.amazonaws.com/validation/0528011ebe294817.jpg,4ef767ae6d2bfb39bd03a03aa9ed70ef
,scene,abstract,other,,,,https://creativecommons.org/licenses/by/2.0/,yoppy https://www.flickr.com/photos/spilt-milk/4960367206,openimages:validation:2ef5492ef6e5ba4f,https://open-images-dataset.s3.amazonaws.com/validation/2ef5492ef6e5ba4f.jpg,aa1b945d3fca1997f2f49cd8a175d8ca
,scene,abstract,other,,,,https://creativecommons.org/licenses/by/2.0/,Blondinrikard Fröberg https://www.flickr.com/photos/blondinrikard/18834407586,openimages:validation:12ca1e664d9911a2,https://open-images-dataset.s3.amazonaws.com/validation/12ca1e664d9911a2.jpg,3426779b04c83ffce46833fc1726d6e1
,scene,abstract,other,,,,https://creativecommons.org/licenses/by/2.0/,lambsandivydesigns.com https://www.flickr.com/photos/lambsandivydesigns/15822800285,openimages:validation:74d2d01bf2e2097e,https://open-images-dataset.s3.amazonaws.com/validation/74d2d01bf2e2097e.jpg,b5ac3d33bd7128d7ee3b5697dbd7ddba
,scene,abstract,other,,,,https://creativecommons.org/licenses/by/2.0/,Jordan Deja https://www.flickr.com/photos/deeyhordee/4168463945,openimages:validation:46c63f45262a8ac5,https://open-images-dataset.s3.amazonaws.com/validation/46c63f45262a8ac5.jpg,c433c2f5b1d04eee163ef08535e87952
,scene,abstract,other,,,,https://creativecommons.org/licenses/by/2.0/,nycmominthecity https://www.flickr.com/photos/nycmominthecity/5652153029,openimages:validation:4e3434295a04dbf7,https://open-images-dataset.s3.amazonaws.com/validation/4e3434295a04dbf7.jpg,74a499870ff5a175f5c5e96728966934
,scene,abstract,other,,,,https://creativecommons.org/licenses/by/2.0/,Shari https://www.flickr.com/photos/28998778@N00/8013421462,openimages:validation:19956690b58448f8,https://open-images-dataset.s3.amazonaws.com/validation/19956690b58448f8.jpg,473c2e573dd1d1b26c0eb1397d434b94
,scene,abstract,other,,,,https://creativecommons.org/licenses/by/2.0/,cakersandco https://www.flickr.com/photos/knitgirl63/3479696315,openimages:validation:13294241736a49d7,https://open-images-dataset.s3.amazonaws.com/validation/13294241736a49d7.jpg,e2d448ebfb45a4cf4347091c4141e622
,scene,abstract,other,,,,https://creativecommons.org/licenses/by/2.0/,rehview https://www.flickr.com/photos/snoopert/3965647631,openimages:validation:90300c946547767c,https://open-images-dataset.s3.amazonaws.com/validation/90300c946547767c.jpg,630b5f103d7d63b18262ca1d7912103b
,scene,abstract,other,,,,https://creativecommons.org/licenses/by/2.0/,Christian Schnettelker https://www.flickr.com/photos/manoftaste-de/19846620829,openimages:validation:8457c5c14a7cc987,https://open-images-dataset.s3.amazonaws.com/validation/8457c5c14a7cc987.jpg,6d2e54039e86a7a2c8e54accaf864bdc
,scene,abstract,other,,,,https://creativecommons.org/licenses/by/2.0/,Fergal Carr https://www.flickr.com/photos/fergiec/235400267,openimages:validation:0b19fbf13f8296d6,https://open-images-dataset.s3.amazonaws.com/validation/0b19fbf13f8296d6.jpg,249b645f425145dff8fd14a44609a9e7
,scene,abstract,other,,,,https://creativecommons.org/licenses/by/2.0/,Tim Walker https://www.flickr.com/photos/timjoyfamily/8657947139,openimages:validation:474a3a05cb65320b,https://open-images-dataset.s3.amazonaws.com/validation/474a3a05cb65320b.jpg,af097af2fab58778ed86bf1e8e1972ed
,scene,abstract,other,,,,https://creativecommons.org/licenses/by/2.0/,Luke Lawreszuk https://www.flickr.com/photos/luke-photography/13215638364,openimages:validation:65edcf161fdaa5d3,https://open-images-dataset.s3.amazonaws.com/validation/65edcf161fdaa5d3.jpg,fcb5dc503a3d72ffec01e4a2599c248f
,scene,abstract,other,,,,https://creativecommons.org/licenses/by/2.0/,Michael Smith https://www.flickr.com/photos/mbransons/4699611945,openimages:validation:b67f7e3c19750778,https://open-images-dataset.s3.amazonaws.com/validation/b67f7e3c19750778.jpg,28ad4fdc6e866fa8d1b1d62e6239a365
,scene,abstract,other,,,,https://creativecommons.org/licenses/by/2.0/,David Amsler https://www.flickr.com/photos/amslerpix/15707332127,openimages:validation:f40b61af72171904,https://open-images-dataset.s3.amazonaws.com/validation/f40b61af72171904.jpg,a41821d47e0603205a9ebdeb9647b19d
,scene,abstract,other,,,,https://creativecommons.org/licenses/by/2.0/,Daniel Lobo https://www.flickr.com/photos/daquellamanera/1470600334,openimages:validation:d5c23e340a05d0b8,https://open-images-dataset.s3.amazonaws.com/validation/d5c23e340a05d0b8.jpg,02cffe2fafc87866f7d3dbd136e0090e
,scene,abstract,other,,,,https://creativecommons.org/licenses/by/2.0/,Jens karlsson https://www.flickr.com/photos/chapter3/2446940639,openimages:validation:253fc5b5281180ff,https://open-images-dataset.s3.amazonaws.com/validation/253fc5b5281180ff.jpg,3ddc3be0f9b250c1ccca0fe50481d555
,scene,abstract,other,,,,https://creativecommons.org/licenses/by/2.0/,Alosh Bennett https://www.flickr.com/photos/aloshbennett/3019113705/,openimages:validation:021ffae0d3d1d25b,https://open-images-dataset.s3.amazonaws.com/validation/021ffae0d3d1d25b.jpg,a3722ca31115b85c80e29bfc232f7051
,scene,bird_flight,wildlife,,,,https://creativecommons.org/licenses/by/2.0/,Guy MOLL https://www.flickr.com/photos/guymoll/2974179514,openimages:test:8a302544fe309f11,https://open-images-dataset.s3.amazonaws.com/test/8a302544fe309f11.jpg,fc7f56ba0f2cd9283285767b8f1a40c4
,scene,bird_flight,wildlife,,,,https://creativecommons.org/licenses/by/2.0/,paul f https://www.flickr.com/photos/12808493@N00/16486459455,openimages:test:b7b809456645605a,https://open-images-dataset.s3.amazonaws.com/test/b7b809456645605a.jpg,2ec968310505b47741316ac8b26f1c4e
,scene,bird_flight,wildlife,,,,https://creativecommons.org/licenses/by/2.0/,Eliya https://www.flickr.com/photos/eliya/419505438,openimages:test:8bad9c973ef409a9,https://open-images-dataset.s3.amazonaws.com/test/8bad9c973ef409a9.jpg,8968f9e18737af8c239a8f151373819b
,scene,bird_flight,wildlife,,,,https://creativecommons.org/licenses/by/2.0/,Dawn Huczek https://www.flickr.com/photos/31064702@N05/3906295363,openimages:test:70470f22b97eb2a0,https://open-images-dataset.s3.amazonaws.com/test/70470f22b97eb2a0.jpg,506a9ab89df709304e99d89716029659
,scene,bird_flight,wildlife,,,,https://creativecommons.org/licenses/by/2.0/,Lee Hulbert-Williams https://www.flickr.com/photos/drleehw/7974367098,openimages:test:ca9da8b73988c5ed,https://open-images-dataset.s3.amazonaws.com/test/ca9da8b73988c5ed.jpg,49cbe9856762b0797df2797c3d3f6099
,scene,bird_flight,wildlife,,,,https://creativecommons.org/licenses/by/2.0/,bottled_void https://www.flickr.com/photos/22964099@N05/2972481339,openimages:test:8d83efd50642ec04,https://open-images-dataset.s3.amazonaws.com/test/8d83efd50642ec04.jpg,a329f4df305c4ff937622dc231a72a43
,scene,bird_flight,wildlife,,,,https://creativecommons.org/licenses/by/2.0/,nick fullerton https://www.flickr.com/photos/18203311@N08/3628485678,openimages:test:18f2af57c9d05ddc,https://open-images-dataset.s3.amazonaws.com/test/18f2af57c9d05ddc.jpg,4f6771ac1cd01153c4932808c4e91972
,scene,bird_flight,wildlife,,,,https://creativecommons.org/licenses/by/2.0/,U.S. Fish and Wildlife Service Northeast Region https://www.flickr.com/photos/usfwsnortheast/7064506321,openimages:test:290ca9a215571ac2,https://open-images-dataset.s3.amazonaws.com/test/290ca9a215571ac2.jpg,074f0b8f8628228c280cfd09515cade4
,scene,bird_flight,wildlife,,,,https://creativecommons.org/licenses/by/2.0/,Nina Hale https://www.flickr.com/photos/94693506@N00/3206625767,openimages:test:c74d5f3dab4b8c14,https://open-images-dataset.s3.amazonaws.com/test/c74d5f3dab4b8c14.jpg,4d0723336d000ff062fa7c245bb78938
,scene,bird_flight,wildlife,,,,https://creativecommons.org/licenses/by/2.0/,Traj https://www.flickr.com/photos/traj/6864823556,openimages:test:fee86531ac6df3ef,https://open-images-dataset.s3.amazonaws.com/test/fee86531ac6df3ef.jpg,20d0f5da5f2961ce02b34bcc47415d9b
,scene,bird_flight,wildlife,,,,https://creativecommons.org/licenses/by/2.0/,JasonParis https://www.flickr.com/photos/jasonparis/7938597062,openimages:test:b1d89ef7dfa11cb8,https://open-images-dataset.s3.amazonaws.com/test/b1d89ef7dfa11cb8.jpg,2f08a560c266373341f37df2e29eaee7
,scene,bird_flight,wildlife,,,,https://creativecommons.org/licenses/by/2.0/,Andy Reago &amp; Chrissy McClarren https://www.flickr.com/photos/wildreturn/11807967626,openimages:test:753e69f17675e835,https://open-images-dataset.s3.amazonaws.com/test/753e69f17675e835.jpg,d7e3d54384a67bb48902f7da646b38de
,scene,bird_flight,wildlife,,,,https://creativecommons.org/licenses/by/2.0/,David Brodbeck https://www.flickr.com/photos/cgull/5718965359,openimages:test:384c32a640272513,https://open-images-dataset.s3.amazonaws.com/test/384c32a640272513.jpg,b2124ecbec0f4f37ca4434ccca9495c2
,scene,bird_flight,wildlife,,,,https://creativecommons.org/licenses/by/2.0/,Steve https://www.flickr.com/photos/fromoutofthevalley/14982210927,openimages:test:d84b26c3865bec24,https://open-images-dataset.s3.amazonaws.com/test/d84b26c3865bec24.jpg,9be158bf7f3126b4fbd9e13576260784
,scene,bird_flight,wildlife,,,,https://creativecommons.org/licenses/by/2.0/,Bruce Bouley https://www.flickr.com/photos/bouley/5500328490,openimages:test:e21b3c9ceda4960b,https://open-images-dataset.s3.amazonaws.com/test/e21b3c9ceda4960b.jpg,b14fe08d4d593fe6321b30b33771880d
,scene,bird_flight,wildlife,,,,https://creativecommons.org/licenses/by/2.0/,Tony Alter https://www.flickr.com/photos/78428166@N00/8684932644,openimages:test:d37ef275ce42d6fa,https://open-images-dataset.s3.amazonaws.com/test/d37ef275ce42d6fa.jpg,68966b0d81f1e15c8117a35e312ee44b
,scene,bird_flight,wildlife,,,,https://creativecommons.org/licenses/by/2.0/,Mighty Travels https://www.flickr.com/photos/96223380@N02/15578732136,openimages:test:2a58811c3075544d,https://open-images-dataset.s3.amazonaws.com/test/2a58811c3075544d.jpg,6b2e35e16cc029e9ca9579f850e87ee5
,scene,bird_flight,wildlife,,,,https://creativecommons.org/licenses/by/2.0/,brian washburn https://www.flickr.com/photos/bgwashburn/13974468220,openimages:test:e6931e60dd8d3567,https://open-images-dataset.s3.amazonaws.com/test/e6931e60dd8d3567.jpg,fb868427e868cf37f5989a7d72a3a443
,scene,bird_flight,wildlife,,,,https://creativecommons.org/licenses/by/2.0/,Mike Maguire https://www.flickr.com/photos/mikespeaks/15400428610,openimages:test:df22d4352a82912b,https://open-images-dataset.s3.amazonaws.com/test/df22d4352a82912b.jpg,472e6bfd02f656cc8e3c28ae2a3b78e9
,scene,bird_flight,wildlife,,,,https://creativecommons.org/licenses/by/2.0/,shutter41 https://www.flickr.com/photos/24277960@N08/2609390563,openimages:test:baa3b1a55e8a66cb,https://open-images-dataset.s3.amazonaws.com/test/baa3b1a55e8a66cb.jpg,c35780422d9b506c70776e0b29bf5921
,scene,bird_flight,wildlife,,,,https://creativecommons.org/licenses/by/2.0/,Andrew C https://www.flickr.com/photos/acryptozoo/15312200625,openimages:test:fd7b8fca015abb7c,https://open-images-dataset.s3.amazonaws.com/test/fd7b8fca015abb7c.jpg,05820c683341fb66428d3be9ddb11ade
,scene,bird_flight,wildlife,,,,https://creativecommons.org/licenses/by/2.0/,Joe North https://www.flickr.com/photos/joenorth/2827287487,openimages:test:0f4e511fc23b18ff,https://open-images-dataset.s3.amazonaws.com/test/0f4e511fc23b18ff.jpg,a3b7ca205b31b3fb27674757753d5921
,scene,bird_flight,wildlife,,,,https://creativecommons.org/licenses/by/2.0/,S.Kiranjot Singh Malhotra https://www.flickr.com/photos/skiranjotsingh/6840664139,openimages:test:1b91d3a935dd37e8,https://open-images-dataset.s3.amazonaws.com/test/1b91d3a935dd37e8.jpg,bc2cc36edf4d5a0b8ab73018645de658
,scene,bird_flight,wildlife,,,,https://creativecommons.org/licenses/by/2.0/,Greg Pye https://www.flickr.com/photos/gregpye/3859309007,openimages:test:006a4d298e822b6c,https://open-images-dataset.s3.amazonaws.com/test/006a4d298e822b6c.jpg,86a251e14ef443c9c90b18e7574f6a0f
,scene,bird_flight,wildlife,,,,https://creativecommons.org/licenses/by/2.0/,Rolf F. Katzenberger https://www.flickr.com/photos/rfkatzenberger/9199211650,openimages:test:fb622b18c3eadfe4,https://open-images-dataset.s3.amazonaws.com/test/fb622b18c3eadfe4.jpg,324f72fd46f0f2859c16af8cb6d5a38c
,scene,bird_flight,wildlife,,,,https://creativecommons.org/licenses/by/2.0/,skyseeker https://www.flickr.com/photos/skyseeker/65026285,openimages:test:80864b69fa3fc293,https://open-images-dataset.s3.amazonaws.com/test/80864b69fa3fc293.jpg,e6ccc7bcb5693e62609242ebd1874ef4
,scene,bird_flight,wildlife,,,,https://creativecommons.org/licenses/by/2.0/,Elias Gayles https://www.flickr.com/photos/elias_daniel/360040293,openimages:test:454c9dc134357b63,https://open-images-dataset.s3.amazonaws.com/test/454c9dc134357b63.jpg,3bc8fcd68e97760f52ef7c3ff85bc058
,scene,bird_flight,wildlife,,,,https://creativecommons.org/licenses/by/2.0/,tuchodi https://www.flickr.com/photos/tuchodi/4546220213,openimages:test:626afde82efd5d24,https://open-images-dataset.s3.amazonaws.com/test/626afde82efd5d24.jpg,9051e52034b01b282b1f0660dd3da08d
,scene,desert,landscape,,,wide,https://creativecommons.org/licenses/by/2.0/,Tscherno https://www.flickr.com/photos/tscherno/5584760930,openimages:test:0253665f4e07c04f,https://open-images-dataset.s3.amazonaws.com/test/0253665f4e07c04f.jpg,dd0a6e19e845cf97cd4a0bf3e76ec0ec
,scene,desert,landscape,,,wide,https://creativecommons.org/licenses/by/2.0/,Damian Gadal https://www.flickr.com/photos/23024164@N06/3265616424,openimages:test:831dcbd5f56cd7d3,https://open-images-dataset.s3.amazonaws.com/test/831dcbd5f56cd7d3.jpg,e1dff0e43c445b29e39e960aa0076e6e
,scene,desert,landscape,,,,https://creativecommons.org/licenses/by/2.0/,Three Peanuts https://www.flickr.com/photos/3peanuts/16078530198,openimages:test:98a888e7729a613e,https://open-images-dataset.s3.amazonaws.com/test/98a888e7729a613e.jpg,79f555bdc6b42697e880a2541b8fa71f
,scene,desert,landscape,,,wide,https://creativecommons.org/licenses/by/2.0/,Ed Webster https://www.flickr.com/photos/ed_webster/17129211274,openimages:test:02f02d28c1f32db5,https://open-images-dataset.s3.amazonaws.com/test/02f02d28c1f32db5.jpg,9489248c7d6a491ba522e7f15462194d
,scene,desert,landscape,,,wide,https://creativecommons.org/licenses/by/2.0/,Loco Steve https://www.flickr.com/photos/locosteve/5218477953,openimages:test:b0c057f514ca119d,https://open-images-dataset.s3.amazonaws.com/test/b0c057f514ca119d.jpg,9d892bab4ec07abee8112564098e45a7
,scene,desert,landscape,,,wide,https://creativecommons.org/licenses/by/2.0/,Christopher Michel https://www.flickr.com/photos/cmichel67/79644939,openimages:test:212756a285a393ce,https://open-images-dataset.s3.amazonaws.com/test/212756a285a393ce.jpg,4d72e4a7fe322d4a52c7ac0a71c9eb75
,scene,desert,landscape,,,wide,https://creativecommons.org/licenses/by/2.0/,Shawn Allen https://www.flickr.com/photos/shazbot/18082793,openimages:test:d2b169dd30b846fa,https://open-images-dataset.s3.amazonaws.com/test/d2b169dd30b846fa.jpg,a8556eef0e4ac6138c41e7fddf385b5c
,scene,desert,landscape,,,wide,https://creativecommons.org/licenses/by/2.0/,Lukas Bergstrom https://www.flickr.com/photos/lukas/2402518173,openimages:test:ea16f9c1b9d0b038,https://open-images-dataset.s3.amazonaws.com/test/ea16f9c1b9d0b038.jpg,3467474476062a1ff947882e6156e071
,scene,desert,landscape,,,wide,https://creativecommons.org/licenses/by/2.0/,Cameron Wears https://www.flickr.com/photos/camwears/5212256200,openimages:test:12918df743f97902,https://open-images-dataset.s3.amazonaws.com/test/12918df743f97902.jpg,7a8c441a27d2157c981b37c09f6cdd04
,scene,desert,landscape,,,wide,https://creativecommons.org/licenses/by/2.0/,chetbox https://www.flickr.com/photos/chetbox/3843212285/,openimages:test:97bc673bb2284d01,https://open-images-dataset.s3.amazonaws.com/test/97bc673bb2284d01.jpg,f4c40005bbaf7a9b40057b527bc140c6
,scene,desert,landscape,,,wide,https://creativecommons.org/licenses/by/2.0/,nelson ebelt https://www.flickr.com/photos/nelsonebelt/5395350237,openimages:test:72a1924083fa2f5c,https://open-images-dataset.s3.amazonaws.com/test/72a1924083fa2f5c.jpg,eeca6a59a5aa10336f3582576b3318a6
,scene,desert,landscape,,,,https://creativecommons.org/licenses/by/2.0/,poppet with a camera https://www.flickr.com/photos/infobunny/6312429519,openimages:test:0d7ca096aba499ed,https://open-images-dataset.s3.amazonaws.com/test/0d7ca096aba499ed.jpg,dbe6e88cbe75fe0b938b0bf86f2a0465
,scene,desert,landscape,,,,https://creativecommons.org/licenses/by/2.0/,VasenkaPhotography https://www.flickr.com/photos/vasenka/8641014727,openimages:test:d95866f5338969ec,https://open-images-dataset.s3.amazonaws.com/test/d95866f5338969ec.jpg,371188c2e02be4a2e906c50d14b76fd2
,scene,desert,landscape,,,wide,https://creativecommons.org/licenses/by/2.0/,d a v i d v e r a https://www.flickr.com/photos/vera_project/5124632584,openimages:test:b619159dfca4b357,https://open-images-dataset.s3.amazonaws.com/test/b619159dfca4b357.jpg,6a5de46b7a26173abb25b2d96088f5f7
,scene,desert,landscape,,,,https://creativecommons.org/licenses/by/2.0/,Alice Keeler https://www.flickr.com/photos/alicegop/17859060105,openimages:test:9d360ae2de20110b,https://open-images-dataset.s3.amazonaws.com/test/9d360ae2de20110b.jpg,c11021fc3b326ec041ad377291f1255d
,scene,desert,landscape,,,wide,https://creativecommons.org/licenses/by/2.0/,Homini:) https://www.flickr.com/photos/homini/6454597229,openimages:test:9a0da3d26f27d2e0,https://open-images-dataset.s3.amazonaws.com/test/9a0da3d26f27d2e0.jpg,cd25c942c0d8572d6b295b7486ec45a2
,scene,desert,landscape,,,wide,https://creativecommons.org/licenses/by/2.0/,Guillermo Perez https://www.flickr.com/photos/gsantos/10366243546,openimages:test:867d8a8f06504751,https://open-images-dataset.s3.amazonaws.com/test/867d8a8f06504751.jpg,efded4bc6924ef1a98d4a2e2cbda6e43
,scene,desert,landscape,,,wide,https://creativecommons.org/licenses/by/2.0/,Land Rover MENA https://www.flickr.com/photos/landrovermena/10849170593,openimages:test:90c62e5cb88006e5,https://open-images-dataset.s3.amazonaws.com/test/90c62e5cb88006e5.jpg,3b8a8e29d50a13cfa69164a5a925bca9
,scene,desert,landscape,,,wide,https://creativecommons.org/licenses/by/2.0/,Parker Knight https://www.flickr.com/photos/rocketboom/2816811574,openimages:test:76ebb41f75f2c070,https://open-images-dataset.s3.amazonaws.com/test/76ebb41f75f2c070.jpg,ab8cd16de0f97c3d30f6c4174e5ed342
,scene,aurora,night,golden_hour,,,https://creativecommons.org/licenses/by/2.0/,Jennifer C. https://www.flickr.com/photos/29638108@N06/6855341709,openimages:test:a2560b4e405bde7e,https://open-images-dataset.s3.amazonaws.com/test/a2560b4e405bde7e.jpg,e93b435243284ab86a90aa68160d57dd
,scene,aurora,night,,,,https://creativecommons.org/licenses/by/2.0/,James Southorn https://www.flickr.com/photos/jsouthorn/9884841644,openimages:test:e12e773aebe387c8,https://open-images-dataset.s3.amazonaws.com/test/e12e773aebe387c8.jpg,2c54cea57fb1e7b049a50e5dfa8e1fa4
,scene,aurora,night,,,,https://creativecommons.org/licenses/by/2.0/,Madison Scott-Clary https://www.flickr.com/photos/ranna/353097254,openimages:test:f92627d16455aed8,https://open-images-dataset.s3.amazonaws.com/test/f92627d16455aed8.jpg,c126e9d163e42a16be18a88af5281af8
,scene,aurora,night,,,,https://creativecommons.org/licenses/by/2.0/,Athena Iluz https://www.flickr.com/photos/pandapples/7738226954,openimages:test:b6ef5928cde4bf68,https://open-images-dataset.s3.amazonaws.com/test/b6ef5928cde4bf68.jpg,7faf1a7743888fd0ebe7e450b5604aa5
,scene,aurora,night,,,,https://creativecommons.org/licenses/by/2.0/,eeYee Lu https://www.flickr.com/photos/eeyeelu/2850716505,openimages:test:f41f71cd683f5c43,https://open-images-dataset.s3.amazonaws.com/test/f41f71cd683f5c43.jpg,4dacc63e8e1c14a11ea2f0f0e87aae2e
,scene,moon,night,night,,,https://creativecommons.org/licenses/by/2.0/,spacedust2019 https://www.flickr.com/photos/ruben9/7018723309,openimages:test:d16feec9d0e06f57,https://open-images-dataset.s3.amazonaws.com/test/d16feec9d0e06f57.jpg,02345d85d0f3356f11ba3dddd5bbaa5d
,scene,moon,night,,,,https://creativecommons.org/licenses/by/2.0/,Krishna Bhagavatula https://www.flickr.com/photos/bkkishore/4149307215,openimages:test:dacbf9838813f144,https://open-images-dataset.s3.amazonaws.com/test/dacbf9838813f144.jpg,fda34010a51d800e46d6316832761567
,scene,moon,night,,,,https://creativecommons.org/licenses/by/2.0/,Alex Indigo https://www.flickr.com/photos/alexindigo/2282468759,openimages:test:fb531b83b60cc63e,https://open-images-dataset.s3.amazonaws.com/test/fb531b83b60cc63e.jpg,ccc27e872549db8a9cde591ebd90e506
,scene,moon,night,night,,,https://creativecommons.org/licenses/by/2.0/,Klearchos Kapoutsis https://www.flickr.com/photos/klearchos/5550419806,openimages:test:9181b2596b196fb4,https://open-images-dataset.s3.amazonaws.com/test/9181b2596b196fb4.jpg,c4a5e51bfa36e8de5b08f47f5203de34
,scene,moon,night,,,,https://creativecommons.org/licenses/by/2.0/,DAN SCOTT https://www.flickr.com/photos/danny4425/21791237812,openimages:test:fc658cec796b1e72,https://open-images-dataset.s3.amazonaws.com/test/fc658cec796b1e72.jpg,fc178b01a037fc4763c39c6b9e7a9d86
,scene,moon,night,,,,https://creativecommons.org/licenses/by/2.0/,Poakpong https://www.flickr.com/photos/poakpong/10337576263,openimages:test:41f0af6bd5f6c932,https://open-images-dataset.s3.amazonaws.com/test/41f0af6bd5f6c932.jpg,4aa91b4092254f0bc8389162e7330fbf
,scene,moon,night,,,,https://creativecommons.org/licenses/by/2.0/,Bruno Cordioli https://www.flickr.com/photos/br1dotcom/16870185142,openimages:test:0a4d2e118736c370,https://open-images-dataset.s3.amazonaws.com/test/0a4d2e118736c370.jpg,95b9c843cfb78ffc30d07846c864c21f
,scene,city_lights,night,night,,,https://creativecommons.org/licenses/by/2.0/,Sendai Blog https://www.flickr.com/photos/sendaiblog/5296389745,openimages:test:c665424f1a2aec7c,https://open-images-dataset.s3.amazonaws.com/test/c665424f1a2aec7c.jpg,64037055227498d3a40a069208a3ab16
,scene,city_lights,night,night,,,https://creativecommons.org/licenses/by/2.0/,HIBIKIFL https://www.flickr.com/photos/hibiki_fl/7830642312,openimages:test:8a8d05961ec690a1,https://open-images-dataset.s3.amazonaws.com/test/8a8d05961ec690a1.jpg,e4c9d95f6ff513015a76c0d78108680b
,scene,city_lights,night,night,,,https://creativecommons.org/licenses/by/2.0/,Mauro Codella https://www.flickr.com/photos/34218149@N04/4254052501,openimages:test:6f4d210ef8215096,https://open-images-dataset.s3.amazonaws.com/test/6f4d210ef8215096.jpg,cf4f0b5f0543bed5038c73595fff770e
,scene,city_lights,night,night,,,https://creativecommons.org/licenses/by/2.0/,Blue Diamond Photography https://www.flickr.com/photos/blue_diamond/4202892017,openimages:test:570c0c865585194f,https://open-images-dataset.s3.amazonaws.com/test/570c0c865585194f.jpg,f1245af82b61a796a2c25d4cd47e3485
,scene,city_lights,night,night,,,https://creativecommons.org/licenses/by/2.0/,David Stanley https://www.flickr.com/photos/davidstanleytravel/8227857728,openimages:test:884a9ba0d4a8e034,https://open-images-dataset.s3.amazonaws.com/test/884a9ba0d4a8e034.jpg,dd13e157d5d822cc2ae3d6a4e16a5d3d
,scene,city_lights,night,night,,,https://creativecommons.org/licenses/by/2.0/,pato garza https://www.flickr.com/photos/pato_garza/2368429024,openimages:test:4c53694204d8b06a,https://open-images-dataset.s3.amazonaws.com/test/4c53694204d8b06a.jpg,927b2e349d1256780930511f620ce659
,scene,city_lights,night,night,,,https://creativecommons.org/licenses/by/2.0/,Craig Howell https://www.flickr.com/photos/seat850/3190213065/,openimages:test:27c03fe9b10189d4,https://open-images-dataset.s3.amazonaws.com/test/27c03fe9b10189d4.jpg,d7309db8bfd34f88adf2bf35b9b9b423
,scene,city_lights,night,night,,,https://creativecommons.org/licenses/by/2.0/,FLORA1 https://www.flickr.com/photos/flora1/23559618,openimages:test:7774c96d0cab6125,https://open-images-dataset.s3.amazonaws.com/test/7774c96d0cab6125.jpg,1dced9baa125cbc6ef04191b090efe84
,scene,city_lights,night,night,,,https://creativecommons.org/licenses/by/2.0/,Smarterlam https://www.flickr.com/photos/smarterlam/305572625,openimages:test:3885a99f8e5c2ea4,https://open-images-dataset.s3.amazonaws.com/test/3885a99f8e5c2ea4.jpg,03dafaed5d08c859833c861ffd70b183
,scene,city_lights,night,night,,,https://creativecommons.org/licenses/by/2.0/,Navdeep Dhillon https://www.flickr.com/photos/navdeepsinghdhillon/5169259737,openimages:test:aa26d710ff606aaa,https://open-images-dataset.s3.amazonaws.com/test/aa26d710ff606aaa.jpg,2c902a4390faf3a96378e860b0f6a778
,scene,city_lights,night,night,,,https://creativecommons.org/licenses/by/2.0/,amateur photography by michel https://www.flickr.com/photos/119886413@N05/16132851946,openimages:test:cdd584a017db9dca,https://open-images-dataset.s3.amazonaws.com/test/cdd584a017db9dca.jpg,5052ef2b3812963ebf1df47b29f4fc35
,scene,city_lights,night,night,,,https://creativecommons.org/licenses/by/2.0/,Raniel Diaz https://www.flickr.com/photos/ranieldiaz/3873447954,openimages:test:71cde105654ebdd8,https://open-images-dataset.s3.amazonaws.com/test/71cde105654ebdd8.jpg,274a0384d9b6e69ae60db5c61217c1ad
,scene,city_lights,night,night,,,https://creativecommons.org/licenses/by/2.0/,Shinji https://www.flickr.com/photos/cinz/4159223161/,openimages:test:b2ab5f3d70954216,https://open-images-dataset.s3.amazonaws.com/test/b2ab5f3d70954216.jpg,fa33ce882382ee6a5bdf3e4cbce76534
,scene,city_lights,night,night,,,https://creativecommons.org/licenses/by/2.0/,kanegen https://www.flickr.com/photos/kanegen/3794363241,openimages:test:987d3926c2e74e24,https://open-images-dataset.s3.amazonaws.com/test/987d3926c2e74e24.jpg,47e4851713ef1fc1a4c8d6c50189330b
,scene,city_lights,night,night,,,https://creativecommons.org/licenses/by/2.0/,Ashish Gupta https://www.flickr.com/photos/blackfog/16338512412,openimages:test:59972bee26ac2e17,https://open-images-dataset.s3.amazonaws.com/test/59972bee26ac2e17.jpg,18e76650682bc5abe2f6bd365fc2d6d6
,scene,city_lights,night,night,,,https://creativecommons.org/licenses/by/2.0/,Raelene Gutierrez https://www.flickr.com/photos/raes_antics/2194372661,openimages:test:90d0547785a14147,https://open-images-dataset.s3.amazonaws.com/test/90d0547785a14147.jpg,1409fb2c31be236b1dad3388ab2b9378
,scene,city_lights,night,night,,,https://creativecommons.org/licenses/by/2.0/,Abdul Rahman https://www.flickr.com/photos/abdulrahman-cc/6536093195,openimages:test:ee5961ef538e122c,https://open-images-dataset.s3.amazonaws.com/test/ee5961ef538e122c.jpg,201cfa4b74d0445df1c767f205187cf3
,scene,city_lights,night,night,,,https://creativecommons.org/licenses/by/2.0/,Steven Bratman https://www.flickr.com/photos/darkdenver/5362219722,openimages:test:f05e8bf3a3bd65ae,https://open-images-dataset.s3.amazonaws.com/test/f05e8bf3a3bd65ae.jpg,3cbe71fcb0e6ed4383e0e03a986abeb4
,scene,city_lights,night,night,,,https://creativecommons.org/licenses/by/2.0/,Luigi Guarino https://www.flickr.com/photos/luigi_and_linda/2122577888,openimages:test:c4c5c7841f474830,https://open-images-dataset.s3.amazonaws.com/test/c4c5c7841f474830.jpg,f0b60eb6b47e02c1646d2c6fc125d1cb
,scene,city_lights,night,night,,,https://creativecommons.org/licenses/by/2.0/,Leonel Ponce https://www.flickr.com/photos/leonizzy/4290658825,openimages:test:3c8d21429d69eb5e,https://open-images-dataset.s3.amazonaws.com/test/3c8d21429d69eb5e.jpg,ded0d2307bcc76c2faa9f4acdfa9466e
,scene,city_lights,night,night,,,https://creativecommons.org/licenses/by/2.0/,Jerry Huddleston https://www.flickr.com/photos/huddleston/14694499669,openimages:test:742f490d1110733d,https://open-images-dataset.s3.amazonaws.com/test/742f490d1110733d.jpg,d7f407d1422a562683d6a442d3494193
,scene,city_lights,night,night,,,https://creativecommons.org/licenses/by/2.0/,David Syzdek https://www.flickr.com/photos/dsyzdek/5210449037,openimages:test:ecb2142aee6d5ea0,https://open-images-dataset.s3.amazonaws.com/test/ecb2142aee6d5ea0.jpg,d175e347cb6c1a8226c361d567eb58af
,scene,city_lights,night,night,,,https://creativecommons.org/licenses/by/2.0/,Ding Yuin Shan https://www.flickr.com/photos/90461913@N00/5461939422,openimages:test:0545c925e4315cf4,https://open-images-dataset.s3.amazonaws.com/test/0545c925e4315cf4.jpg,b547822ac6a8fe7dee512e98ca1cf33f
,scene,city_lights,night,night,,,https://creativecommons.org/licenses/by/2.0/,GunnerVV https://www.flickr.com/photos/44861310@N03/8924578636,openimages:test:d458841b7989c2dd,https://open-images-dataset.s3.amazonaws.com/test/d458841b7989c2dd.jpg,c87c90c2d39bb551741193e6e50bf397
,scene,city_lights,night,night,,,https://creativecommons.org/licenses/by/2.0/,Dorothy Finley https://www.flickr.com/photos/santafeegret/3106798542,openimages:test:cb15e6468e012273,https://open-images-dataset.s3.amazonaws.com/test/cb15e6468e012273.jpg,9310d5e7b12554451240d487ab41d2ed
,scene,city_lights,night,night,,,https://creativecommons.org/licenses/by/2.0/,Max https://www.flickr.com/photos/madmaxnyc/9733022757,openimages:test:9ae5319bae0e3b16,https://open-images-dataset.s3.amazonaws.com/test/9ae5319bae0e3b16.jpg,b2a3c88a6e11eafa9d7457cec14a2bc9
,scene,city_lights,night,night,,,https://creativecommons.org/licenses/by/2.0/,Dorte https://www.flickr.com/photos/dortef/4190106854,openimages:test:5d21147a78e2e853,https://open-images-dataset.s3.amazonaws.com/test/5d21147a78e2e853.jpg,3cc7d14d58f43eb9fd6462c8e5eb3020
,scene,city_lights,night,night,,,https://creativecommons.org/licenses/by/2.0/,Day Donaldson https://www.flickr.com/photos/thespeakernews/14999399414,openimages:test:e2e4b8154a419c62,https://open-images-dataset.s3.amazonaws.com/test/e2e4b8154a419c62.jpg,321c04e2f8291c2054772a34ed3266de
,scene,city_lights,night,night,,,https://creativecommons.org/licenses/by/2.0/,.:elNico:. https://www.flickr.com/photos/elnicofotos/825163161,openimages:test:3d89593ba3e2e2ef,https://open-images-dataset.s3.amazonaws.com/test/3d89593ba3e2e2ef.jpg,6923357374250c3600eb78240818e871
,scene,city_lights,night,night,,,https://creativecommons.org/licenses/by/2.0/,David Shen https://www.flickr.com/photos/dshenphotos/16078319986,openimages:test:8c9f52306333d6c4,https://open-images-dataset.s3.amazonaws.com/test/8c9f52306333d6c4.jpg,ce061d035348ea3dc67b16b3f265c2e2
,scene,city_lights,night,night,,,https://creativecommons.org/licenses/by/2.0/,Alvin de Castro Chan https://www.flickr.com/photos/alvinchanphotography/6805627830,openimages:test:a15bbd21642f4054,https://open-images-dataset.s3.amazonaws.com/test/a15bbd21642f4054.jpg,06a3b04ebab5c9e30de506aa0e162300
,scene,city_lights,night,night,,,https://creativecommons.org/licenses/by/2.0/,Du Hangst https://www.flickr.com/photos/duhangst/3086507995,openimages:test:84de805cbb63cd3e,https://open-images-dataset.s3.amazonaws.com/test/84de805cbb63cd3e.jpg,5ee286337768415729128af2c12ed274
,scene,city_lights,night,night,,,https://creativecommons.org/licenses/by/2.0/,Katie Hunt https://www.flickr.com/photos/scubagirl66/5154113875,openimages:test:2cb490f905c817c7,https://open-images-dataset.s3.amazonaws.com/test/2cb490f905c817c7.jpg,9e6a9552ebfd3c57f9627a8488769ad6
,scene,group,people,,,,https://creativecommons.org/licenses/by/2.0/,Andrea Schaffer https://www.flickr.com/photos/aschaf/11900188303,openimages:test:ad762165d5eeb1bd,https://open-images-dataset.s3.amazonaws.com/test/ad762165d5eeb1bd.jpg,214f0b3f003b129c20e56beaf1e54da1
,scene,group,people,,,,https://creativecommons.org/licenses/by/2.0/,Neeta Lind https://www.flickr.com/photos/neeta_lind/11921964385,openimages:test:76781d5880acc414,https://open-images-dataset.s3.amazonaws.com/test/76781d5880acc414.jpg,f7b1a88b9553f39d41f3ea500d53d609
,scene,group,people,,,,https://creativecommons.org/licenses/by/2.0/,Ian Gampon https://www.flickr.com/photos/ishot71/8576773322,openimages:test:3e75c209f25301a8,https://open-images-dataset.s3.amazonaws.com/test/3e75c209f25301a8.jpg,a4c7b1f3cbf557a1d6a19ce4204f11ae
,scene,group,people,,,,https://creativecommons.org/licenses/by/2.0/,Stig Nygaard https://www.flickr.com/photos/stignygaard/7845824452,openimages:test:764151de11b3e11a,https://open-images-dataset.s3.amazonaws.com/test/764151de11b3e11a.jpg,be7b0f539e8ace7350256a1763a0483d
,scene,group,people,,,,https://creativecommons.org/licenses/by/2.0/,תיכון הראל מבשרת ציון https://www.flickr.com/photos/tichonharel/5823905464,openimages:test:ce2ddf0b806d08ed,https://open-images-dataset.s3.amazonaws.com/test/ce2ddf0b806d08ed.jpg,25aa0e7edd6235df2a4c399b6fba617c
,scene,group,people,,,,https://creativecommons.org/licenses/by/2.0/,Deirdre Cai https://www.flickr.com/photos/underpurplesky/6621036525,openimages:test:7a5f99f8127f3e36,https://open-images-dataset.s3.amazonaws.com/test/7a5f99f8127f3e36.jpg,ccd7671d1c5f7beb348acf0439cf5f48
,scene,group,people,,,,https://creativecommons.org/licenses/by/2.0/,Pietro Motta https://www.flickr.com/photos/pietromotta/8319474084,openimages:test:6df37ce678fa95cb,https://open-images-dataset.s3.amazonaws.com/test/6df37ce678fa95cb.jpg,534cbf87296f9cc0f3162c90981e08ac
,scene,group,people,night,,,https://creativecommons.org/licenses/by/2.0/,Christopher Michel https://www.flickr.com/photos/cmichel67/10482917955,openimages:test:5bdeb023a725b3c1,https://open-images-dataset.s3.amazonaws.com/test/5bdeb023a725b3c1.jpg,91cee28a7ee33fbf7bf6e73e415f9e95
,scene,group,people,,,,https://creativecommons.org/licenses/by/2.0/,Senado Federal https://www.flickr.com/photos/agenciasenado/16167351791,openimages:test:77547c3e413fc125,https://open-images-dataset.s3.amazonaws.com/test/77547c3e413fc125.jpg,a40d17dc0b3a04a7af885911a332abd7
,scene,street,people,,,,https://creativecommons.org/licenses/by/2.0/,Doug  Sun Beams https://www.flickr.com/photos/126817823@N08/14956133960,openimages:test:2d1e265e949a35a2,https://open-images-dataset.s3.amazonaws.com/test/2d1e265e949a35a2.jpg,f9506e834a854471d34a4ed335acf4e5
,scene,street,people,,,,https://creativecommons.org/licenses/by/2.0/,Twilight  Taggers https://www.flickr.com/photos/twilight_taggers/5855315661,openimages:test:61e2af2655a85f8e,https://open-images-dataset.s3.amazonaws.com/test/61e2af2655a85f8e.jpg,3d6fca847e5626203e555b4fdfa5b4a4
,scene,street,people,,,,https://creativecommons.org/licenses/by/2.0/,Vasile Cotovanu https://www.flickr.com/photos/vasile23/6351207173,openimages:test:b905c27219e7745c,https://open-images-dataset.s3.amazonaws.com/test/b905c27219e7745c.jpg,9cee9b152af642a81a6782892786c0fd
,scene,street,people,,,,https://creativecommons.org/licenses/by/2.0/,philhearing https://www.flickr.com/photos/philhearing/5018090648,openimages:test:7114129305c6f128,https://open-images-dataset.s3.amazonaws.com/test/7114129305c6f128.jpg,c090a29851e9a399bdb3cc85551aa5b5
,scene,street,people,,,,https://creativecommons.org/licenses/by/2.0/,Sebastian Wallroth https://www.flickr.com/photos/swallroth/6022414953/,openimages:test:5e38601514eef4d1,https://open-images-dataset.s3.amazonaws.com/test/5e38601514eef4d1.jpg,dd0217922ac2e865d2e215cccaac4c0c
,scene,street,people,,,,https://creativecommons.org/licenses/by/2.0/,stachelbeer https://www.flickr.com/photos/mario_storch/2754800858,openimages:test:f2d12514ff4550ee,https://open-images-dataset.s3.amazonaws.com/test/f2d12514ff4550ee.jpg,1d9b4ccbdd5375096a1178313a43ebb9
,scene,street,people,,,,https://creativecommons.org/licenses/by/2.0/,Solis Invicti https://www.flickr.com/photos/sol_invictus/5371991827,openimages:test:0d3382b196306798,https://open-images-dataset.s3.amazonaws.com/test/0d3382b196306798.jpg,0129bdfaadb2bdde577a7aca80614226
,scene,street,people,,,,https://creativecommons.org/licenses/by/2.0/,Callum Hopkins https://www.flickr.com/photos/caleuanhopkins/6736021075,openimages:test:4b2659d361e9edab,https://open-images-dataset.s3.amazonaws.com/test/4b2659d361e9edab.jpg,3c820cbe0502d7ee6624724476afa09f
,scene,street,people,,,,https://creativecommons.org/licenses/by/2.0/,David Álvarez López https://www.flickr.com/photos/david_a_l/14970612769,openimages:test:ee7153412fc73f18,https://open-images-dataset.s3.amazonaws.com/test/ee7153412fc73f18.jpg,7f11d3b945913114d0c072163bdd1f4e
,scene,street,people,,,,https://creativecommons.org/licenses/by/2.0/,youngseok lee https://www.flickr.com/photos/mulgae26/8650119143,openimages:test:1b26fc265b072033,https://open-images-dataset.s3.amazonaws.com/test/1b26fc265b072033.jpg,0a59772215cae38736bc896d029e5d10
,scene,street,people,,,,https://creativecommons.org/licenses/by/2.0/,Stilgherrian https://www.flickr.com/photos/stilgherrian/8372542934,openimages:test:8f18729ec50e7c20,https://open-images-dataset.s3.amazonaws.com/test/8f18729ec50e7c20.jpg,050ba796fe3815674e84c6f7991bed22
,scene,street,people,,,,https://creativecommons.org/licenses/by/2.0/,CGP Grey https://www.flickr.com/photos/cgpgrey/4887789380,openimages:test:0f9b7d13a8e47159,https://open-images-dataset.s3.amazonaws.com/test/0f9b7d13a8e47159.jpg,a23c75e4bb733833f85873597626ee1d
,scene,street,people,,,,https://creativecommons.org/licenses/by/2.0/,Svensk Handel https://www.flickr.com/photos/svenskhandel/8493752727,openimages:test:46d19e3449aad4bb,https://open-images-dataset.s3.amazonaws.com/test/46d19e3449aad4bb.jpg,8695de2bfd944e9cb50d3110c957e02d
,scene,street,people,,,,https://creativecommons.org/licenses/by/2.0/,Rui Ornelas https://www.flickr.com/photos/fotos_dos_ornelas/445165604,openimages:test:9c19eb0c20e1b770,https://open-images-dataset.s3.amazonaws.com/test/9c19eb0c20e1b770.jpg,9fee8434a6a2e42acd5729c22b9a76a2
,scene,street,people,,,,https://creativecommons.org/licenses/by/2.0/,Dan DeLuca https://www.flickr.com/photos/dandeluca/16986966347,openimages:test:92afd3550d7534e8,https://open-images-dataset.s3.amazonaws.com/test/92afd3550d7534e8.jpg,52e1a6ad301e87ab8ce9bb4f8ac8265d
,scene,street,people,,,,https://creativecommons.org/licenses/by/2.0/,Helen Alfvegren https://www.flickr.com/photos/rockspindeln/5706922582,openimages:test:2d708880697e0d81,https://open-images-dataset.s3.amazonaws.com/test/2d708880697e0d81.jpg,2dcb7c939d3eb57474e4befa6c6bff49
,scene,street,people,,,,https://creativecommons.org/licenses/by/2.0/,Wolfgang Weigelt https://flickr.com/photos/77327893@N07/9380859887,openimages:test:15f906d19b4f189d,https://open-images-dataset.s3.amazonaws.com/test/15f906d19b4f189d.jpg,696a3b4512deea52adddb9da0b742b1c
,scene,street,people,,,,https://creativecommons.org/licenses/by/2.0/,Nora&#x27;s Photo https://www.flickr.com/photos/nora_sweat_photos/2614658627,openimages:test:7c1a4eb736b3fc4d,https://open-images-dataset.s3.amazonaws.com/test/7c1a4eb736b3fc4d.jpg,c0d6d5f99b3161cfc430ce6dab5170d7
,scene,street,people,,,,https://creativecommons.org/licenses/by/2.0/,Max Chang https://www.flickr.com/photos/max_chang/3999827278,openimages:test:ef1c92617f2a63e3,https://open-images-dataset.s3.amazonaws.com/test/ef1c92617f2a63e3.jpg,07549775739cd88a019a1c0d0b07369f
,scene,street,people,,,,https://creativecommons.org/licenses/by/2.0/,Andreas Lehner https://www.flickr.com/photos/lehnin78/9383813267,openimages:test:5c4eb9e85f3502d0,https://open-images-dataset.s3.amazonaws.com/test/5c4eb9e85f3502d0.jpg,afd00573450a3e0114b661c4a36d221c
,scene,street,people,,,,https://creativecommons.org/licenses/by/2.0/,Omar Sayed https://www.flickr.com/photos/omar-sayed/3128199851,openimages:test:5cd5f47a4f755ebd,https://open-images-dataset.s3.amazonaws.com/test/5cd5f47a4f755ebd.jpg,83efac17332ecbe943c171458744643c
,scene,street,people,,,,https://creativecommons.org/licenses/by/2.0/,Kathy Ponce https://www.flickr.com/photos/candlescents/2968043947/in/photostream/,openimages:test:61fb2c67b847586b,https://open-images-dataset.s3.amazonaws.com/test/61fb2c67b847586b.jpg,60f44996b7ffd2539540975e33b2c0f1
,scene,street,people,,,,https://creativecommons.org/licenses/by/2.0/,Romain Toornier https://www.flickr.com/photos/romainphotographer/14467435342,openimages:test:d0f1539cb0f66c75,https://open-images-dataset.s3.amazonaws.com/test/d0f1539cb0f66c75.jpg,55219435ec93765b58c0ebe1f3426fe3
,scene,street,people,,,,https://creativecommons.org/licenses/by/2.0/,Chris https://www.flickr.com/photos/berlinrider/6915543377,openimages:test:be523b236eaaa270,https://open-images-dataset.s3.amazonaws.com/test/be523b236eaaa270.jpg,79b8abdf0b4bd16ed0513d4bf83bca29
,scene,street,people,,,,https://creativecommons.org/licenses/by/2.0/,Hugo Bernard https://www.flickr.com/photos/hugobernard/11780337094,openimages:test:9b0ab1fc34ba01dc,https://open-images-dataset.s3.amazonaws.com/test/9b0ab1fc34ba01dc.jpg,bd06d49ca0a2eba72e017b1a9790154d
,scene,street,people,,,,https://creativecommons.org/licenses/by/2.0/,SoniaT 360. https://www.flickr.com/photos/soniat360/4594076771,openimages:test:ad3da7ca289e5de2,https://open-images-dataset.s3.amazonaws.com/test/ad3da7ca289e5de2.jpg,7e6cc5016861ca60b6ad5b47e6bda939
,scene,street,people,,,,https://creativecommons.org/licenses/by/2.0/,daliscar1 https://www.flickr.com/photos/daliscar/16634972776,openimages:test:539687a3112244b8,https://open-images-dataset.s3.amazonaws.com/test/539687a3112244b8.jpg,c146b33a30c25dfb5572acfd149cc892
,scene,still_life,other,,,,https://creativecommons.org/licenses/by/2.0/,Anssi Koskinen https://www.flickr.com/photos/ansik/4220208062,openimages:test:a907b10b2f44a61e,https://open-images-dataset.s3.amazonaws.com/test/a907b10b2f44a61e.jpg,280ebb6b9a17445255a7279026380126
,scene,still_life,other,,,,https://creativecommons.org/licenses/by/2.0/,mat&#x27;s eye https://www.flickr.com/photos/matte0ne/7988293599,openimages:test:dfccc0126b11e86c,https://open-images-dataset.s3.amazonaws.com/test/dfccc0126b11e86c.jpg,7b751e50f6d855e329516e7b0d58d558
,scene,still_life,other,,,,https://creativecommons.org/licenses/by/2.0/,Karen Cropper https://www.flickr.com/photos/dentonpotter/5828315732,openimages:test:53f7c44aa2f84928,https://open-images-dataset.s3.amazonaws.com/test/53f7c44aa2f84928.jpg,2c2169947105444c12d5a071c62486ac
,scene,still_life,other,,,,https://creativecommons.org/licenses/by/2.0/,Thomas Skov https://www.flickr.com/photos/thomas_skov/9538913619,openimages:test:a07a33b01d087d69,https://open-images-dataset.s3.amazonaws.com/test/a07a33b01d087d69.jpg,e23ce54a58d23bb099b34993f97e2b54
,scene,still_life,other,,,,https://creativecommons.org/licenses/by/2.0/,Mika Stetsovski https://www.flickr.com/photos/psyxek/6002385478,openimages:test:24a7d30dc785da1d,https://open-images-dataset.s3.amazonaws.com/test/24a7d30dc785da1d.jpg,7fe448d7b061e0ceb21a1ef42f1c2d53
,scene,still_life,other,,,,https://creativecommons.org/licenses/by/2.0/,Yuliya Nemova https://www.flickr.com/photos/julinemo/3720080967,openimages:test:646302c85c1e3b99,https://open-images-dataset.s3.amazonaws.com/test/646302c85c1e3b99.jpg,5382e0148ddd3a1bda6ef72a1415140e
,scene,still_life,other,,,,https://creativecommons.org/licenses/by/2.0/,Dakota_Starr https://www.flickr.com/photos/xcodyxcalamityx/5337622280,openimages:test:ebe187dc40d3a98f,https://open-images-dataset.s3.amazonaws.com/test/ebe187dc40d3a98f.jpg,7aadd653b4662dd7e2aa9b1f15c79146
,scene,still_life,other,,,,https://creativecommons.org/licenses/by/2.0/,Miltos Gikas https://www.flickr.com/photos/aries_tottle/3880926760,openimages:test:a83700700b6d1f0a,https://open-images-dataset.s3.amazonaws.com/test/a83700700b6d1f0a.jpg,536152e2938edc28f5d6966cc3e5f413
,scene,still_life,other,,,close_up,https://creativecommons.org/licenses/by/2.0/,Chad  Cooper https://www.flickr.com/photos/chadcooperphotos/8880475414,openimages:test:de57cbfd219d775d,https://open-images-dataset.s3.amazonaws.com/test/de57cbfd219d775d.jpg,00d77a059af9fa89d263e34f503704fe
,scene,still_life,other,,,close_up,https://creativecommons.org/licenses/by/2.0/,Rebecca Wilson https://www.flickr.com/photos/saucysalad/4949164309,openimages:test:23a1074ea4cd27fe,https://open-images-dataset.s3.amazonaws.com/test/23a1074ea4cd27fe.jpg,7215eb29f729a1174d5f81111443079b
,scene,still_life,other,,,,https://creativecommons.org/licenses/by/2.0/,Patrick Feller https://www.flickr.com/photos/nakrnsm/4079430848,openimages:test:a5ff695ef97c8bcd,https://open-images-dataset.s3.amazonaws.com/test/a5ff695ef97c8bcd.jpg,80068d28c681582e2ffbd436e5ffd55b
,scene,still_life,other,,,,https://creativecommons.org/licenses/by/2.0/,Hallenser https://www.flickr.com/photos/mein-halle/5912868508,openimages:test:32ae143c7a93bb50,https://open-images-dataset.s3.amazonaws.com/test/32ae143c7a93bb50.jpg,fee3283701deffbd827a4fbee2d40323
,scene,still_life,other,,,,https://creativecommons.org/licenses/by/2.0/,RonAlmog https://www.flickr.com/photos/ronalmog/2897850235,openimages:test:1aec902b1a6e3dc2,https://open-images-dataset.s3.amazonaws.com/test/1aec902b1a6e3dc2.jpg,44e960c82c9f757caa96d12a4f4850cb
,scene,still_life,other,,,,https://creativecommons.org/licenses/by/2.0/,Roland Tanglao https://www.flickr.com/photos/roland/8264353125,openimages:test:7e295288b9607043,https://open-images-dataset.s3.amazonaws.com/test/7e295288b9607043.jpg,f2c5e2eb31ad697501f30fbec4daacfc
,scene,still_life,other,,,,https://creativecommons.org/licenses/by/2.0/,Markus Grossalber https://www.flickr.com/photos/tschiae/8666057433,openimages:test:bff7108553d5ca53,https://open-images-dataset.s3.amazonaws.com/test/bff7108553d5ca53.jpg,42d089bdd06190985786d9b7e0fbcd0e
,scene,still_life,other,,,close_up,https://creativecommons.org/licenses/by/2.0/,John Lodder https://www.flickr.com/photos/jlodder/5165159527,openimages:test:c0320cf32cc00d80,https://open-images-dataset.s3.amazonaws.com/test/c0320cf32cc00d80.jpg,e2bdec4c62f69b6e4aee73df88c99f77
,scene,still_life,other,,,,https://creativecommons.org/licenses/by/2.0/,Irina https://www.flickr.com/photos/repolco/18428152598,openimages:test:622e074fe98116c3,https://open-images-dataset.s3.amazonaws.com/test/622e074fe98116c3.jpg,c2945c7ba48bee2adc3246533908f68e
,scene,still_life,other,,,,https://creativecommons.org/licenses/by/2.0/,Evonne https://www.flickr.com/photos/evoo73/3373805307,openimages:test:60e7ef0acf23e7d5,https://open-images-dataset.s3.amazonaws.com/test/60e7ef0acf23e7d5.jpg,bd369f4d60ea8e64846f30f7fefc5d92
,scene,still_life,other,,,close_up,https://creativecommons.org/licenses/by/2.0/,Reza https://www.flickr.com/photos/r-z/3099404820,openimages:test:cce154c02aa3111b,https://open-images-dataset.s3.amazonaws.com/test/cce154c02aa3111b.jpg,ab7bde44e80c35a1e57f6796af6895b9
,scene,still_life,other,,,,https://creativecommons.org/licenses/by/2.0/,Deborah Schwartzkopf https://www.flickr.com/photos/debspottery/6589797749,openimages:test:7926b46e613c53a9,https://open-images-dataset.s3.amazonaws.com/test/7926b46e613c53a9.jpg,64b22db9b2b65d51b8c8723f55f1ee93
,scene,still_life,other,,,close_up,https://creativecommons.org/licenses/by/2.0/,Sur Name https://www.flickr.com/photos/hcjr/16164365497,openimages:test:a0bb5e106e47e200,https://open-images-dataset.s3.amazonaws.com/test/a0bb5e106e47e200.jpg,8f2d8603885f6b14354768427727cdaf
,scene,still_life,other,,,,https://creativecommons.org/licenses/by/2.0/,Martin Howard https://www.flickr.com/photos/martinhoward/5895864079,openimages:test:d4e9201d8399a74d,https://open-images-dataset.s3.amazonaws.com/test/d4e9201d8399a74d.jpg,4f5657153296bfffe63ab608870afd08
,scene,still_life,other,,,,https://creativecommons.org/licenses/by/2.0/,Andrew Kuznetsov https://www.flickr.com/photos/-cavin-/2142259160,openimages:test:4b630363a7b7fe5a,https://open-images-dataset.s3.amazonaws.com/test/4b630363a7b7fe5a.jpg,5329c6a56196838bcd1071dbe661d0f7
,scene,still_life,other,,,,https://creativecommons.org/licenses/by/2.0/,Martin Taylor https://www.flickr.com/photos/martintaylor/5544821018,openimages:test:699fe5924d776a5d,https://open-images-dataset.s3.amazonaws.com/test/699fe5924d776a5d.jpg,56388f5331c1d8422acfc54b35670758
