scientific,common,order,family,birdnet_label,birdnet_how
Ornithorhynchus anatinus,Platypus,Monotremata,Ornithorhynchidae,Ornithorhynchus anatinus_Platypus,exact
Tachyglossus aculeatus,Short-beaked Echidna,Monotremata,Tachyglossidae,Tachyglossus aculeatus_Short-beaked Echidna,exact
Zaglossus attenboroughi,Attenborough's Long-beaked Echidna,Monotremata,Tachyglossidae,,none
Zaglossus bartoni,Eastern Long-beaked Echidna,Monotremata,Tachyglossidae,,none
Zaglossus bruijnii,Western Long-beaked Echidna,Monotremata,Tachyglossidae,,none
Caenolestes caniventer,Gray-bellied Shrew-opossum,Paucituberculata,Caenolestidae,,none
Caenolestes condorensis,Condor Shrew-opossum,Paucituberculata,Caenolestidae,,none
Caenolestes convelatus,Blackish Shrew-opossum,Paucituberculata,Caenolestidae,,none
Caenolestes fuliginosus,Dusky Shrew-opossum,Paucituberculata,Caenolestidae,,none
Caenolestes sangay,Sangay Shrew-opossum,Paucituberculata,Caenolestidae,,none
Lestoros inca,Incan Shrew-opossum,Paucituberculata,Caenolestidae,,none
Rhyncholestes raphanurus,Long-nosed Shrew-opossum,Paucituberculata,Caenolestidae,,none
Caluromys derbianus,Derby's Woolly Opossum,Didelphimorphia,Didelphidae,Caluromys derbianus_Derby's Woolly Opossum,exact
Caluromys lanatus,Brown-eared Woolly Opossum,Didelphimorphia,Didelphidae,Caluromys lanatus_Brown-eared Woolly Opossum,exact
Caluromys philander,Bare-tailed Woolly Opossum,Didelphimorphia,Didelphidae,Caluromys philander_Bare-tailed Woolly Opossum,exact
Caluromysiops irruptus,Black-shouldered Opossum,Didelphimorphia,Didelphidae,,none
Chironectes minimus,Water Opossum,Didelphimorphia,Didelphidae,,none
Didelphis albiventris,Brazilian White-eared Opossum,Didelphimorphia,Didelphidae,Didelphis albiventris_White-eared Opossum,exact
Didelphis aurita,Southern Black-eared Opossum,Didelphimorphia,Didelphidae,Didelphis aurita_Big-eared Opossum,exact
Didelphis imperfecta,Guianan White-eared Opossum,Didelphimorphia,Didelphidae,,none
Didelphis marsupialis,Northern Black-eared Opossum,Didelphimorphia,Didelphidae,Didelphis marsupialis_Southern Opossum,exact
Didelphis pernigra,Andean White-eared Opossum,Didelphimorphia,Didelphidae,,none
Didelphis poecilotus,Southern White-eared Opossum,Didelphimorphia,Didelphidae,,none
Didelphis virginiana,Virginia Opossum,Didelphimorphia,Didelphidae,Didelphis virginiana_Virginia Opossum,exact
Lutreolina crassicaudata,Big Lutrine Opossum,Didelphimorphia,Didelphidae,,none
Lutreolina massoia,Massoia's Lutrine Opossum,Didelphimorphia,Didelphidae,,none
Philander andersoni,Anderson's Four-eyed Opossum,Didelphimorphia,Didelphidae,,none
Philander canus,Common Four-eyed Opossum,Didelphimorphia,Didelphidae,,none
Philander deltae,Orinoco Four-eyed Opossum,Didelphimorphia,Didelphidae,,none
Philander mcilhennyi,McIlhenny's Four-eyed Opossum,Didelphimorphia,Didelphidae,,none
Philander melanurus,Dark Four-eyed Opossum,Didelphimorphia,Didelphidae,,none
Philander nigratus,Black Four-eyed Opossum,Didelphimorphia,Didelphidae,,none
Philander opossum,Gray Four-eyed Opossum,Didelphimorphia,Didelphidae,,none
Philander pebas,Pebas Four-eyed Opossum,Didelphimorphia,Didelphidae,,none
Philander quica,Southern Four-eyed Opossum,Didelphimorphia,Didelphidae,,none
Philander vossi,Northern Four-eyed Opossum,Didelphimorphia,Didelphidae,Philander vossi_Northern Four-eyed Opossum,exact
Marmosa adleri,Adler's Woolly Mouse Opossum,Didelphimorphia,Didelphidae,,none
Marmosa alstoni,Alston's Woolly Mouse Opossum,Didelphimorphia,Didelphidae,,none
Marmosa andersoni,Anderson's Mouse Opossum,Didelphimorphia,Didelphidae,,none
Marmosa chachapoya,Chachapoya Mouse Opossum,Didelphimorphia,Didelphidae,,none
Marmosa constantiae,White-bellied Woolly Mouse Opossum,Didelphimorphia,Didelphidae,,none
Marmosa demerarae,Northeastern Woolly Mouse Opossum,Didelphimorphia,Didelphidae,,none
Marmosa germana,Northwestern Woolly Mouse Opossum,Didelphimorphia,Didelphidae,,none
Marmosa isthmica,Panama Mouse Opossum,Didelphimorphia,Didelphidae,,none
Marmosa jansae,Jansa's Woolly Mouse Opossum,Didelphimorphia,Didelphidae,,none
Marmosa lepida,Rufous Mouse Opossum,Didelphimorphia,Didelphidae,,none
Marmosa macrotarsus,Western Amazonian Mouse Opossum,Didelphimorphia,Didelphidae,,none
Marmosa mexicana,Mexican Mouse Opossum,Didelphimorphia,Didelphidae,,none
Marmosa murina,Linnaeus's Mouse Opossum,Didelphimorphia,Didelphidae,,none
Marmosa nicaraguae,Nicaraguan Woolly Mouse Opossum,Didelphimorphia,Didelphidae,,none
Marmosa paraguayana,Southeastern Woolly Mouse Opossum,Didelphimorphia,Didelphidae,,none
Marmosa parda,Peruvian Woolly Mouse Opossum,Didelphimorphia,Didelphidae,,none
Marmosa perplexa,Anthony's Woolly Mouse Opossum,Didelphimorphia,Didelphidae,,none
Marmosa phaea,Little Woolly Mouse Opossum,Didelphimorphia,Didelphidae,,none
Marmosa rapposa,Bolivian Woolly Mouse Opossum,Didelphimorphia,Didelphidae,,none
Marmosa robinsoni,Robinson's Mouse Opossum,Didelphimorphia,Didelphidae,,none
Marmosa rubra,Red Mouse Opossum,Didelphimorphia,Didelphidae,,none
Marmosa rutteri,Bare-tailed Woolly Mouse Opossum,Didelphimorphia,Didelphidae,,none
Marmosa simonsi,Simons's Mouse Opossum,Didelphimorphia,Didelphidae,,none
Marmosa tyleriana,Tyleria Mouse Opossum,Didelphimorphia,Didelphidae,,none
Marmosa waterhousei,Waterhouse's Mouse Opossum,Didelphimorphia,Didelphidae,,none
Marmosa xerophila,Dryland Mouse Opossum,Didelphimorphia,Didelphidae,,none
Marmosa zeledoni,Zeledon's Mouse Opossum,Didelphimorphia,Didelphidae,,none
Monodelphis adusta,Sepia Short-tailed Opossum,Didelphimorphia,Didelphidae,,none
Monodelphis americana,Northern Three-striped Opossum,Didelphimorphia,Didelphidae,,none
Monodelphis arlindoi,Arlindo's Short-tailed Opossum,Didelphimorphia,Didelphidae,,none
Monodelphis brevicaudata,Guyanan Short-tailed Opossum,Didelphimorphia,Didelphidae,,none
Monodelphis dimidiata,Orange-sided Opossum,Didelphimorphia,Didelphidae,,none
Monodelphis domestica,Gray Short-tailed Opossum,Didelphimorphia,Didelphidae,,none
Monodelphis emiliae,Emilie's Short-tailed Opossum,Didelphimorphia,Didelphidae,,none
Monodelphis gardneri,Gardner's Short-tailed Opossum,Didelphimorphia,Didelphidae,,none
Monodelphis glirina,Amazonian Red-sided Opossum,Didelphimorphia,Didelphidae,,none
Monodelphis handleyi,Handley's Short-tailed Opossum,Didelphimorphia,Didelphidae,,none
Monodelphis iheringi,Ihering's Three-striped Opossum,Didelphimorphia,Didelphidae,,none
Monodelphis kunsi,Pygmy Short-tailed Opossum,Didelphimorphia,Didelphidae,,none
Monodelphis osgoodi,Osgood's Short-tailed Opossum,Didelphimorphia,Didelphidae,,none
Monodelphis palliolata,Hooded Red-sided Opossum,Didelphimorphia,Didelphidae,,none
Monodelphis peruviana,Peruvian Short-tailed Opossum,Didelphimorphia,Didelphidae,,none
Monodelphis pinocchio,Long-nosed Short-tailed Opossum,Didelphimorphia,Didelphidae,,none
Monodelphis reigi,Reig's Opossum,Didelphimorphia,Didelphidae,,none
Monodelphis ronaldi,Pine's Opossum,Didelphimorphia,Didelphidae,,none
Monodelphis saci,Saci Short-tailed Opossum,Didelphimorphia,Didelphidae,,none
Monodelphis sanctaerosae,Santa Rosa Short-tailed Opossum,Didelphimorphia,Didelphidae,,none
Monodelphis scalops,Tawny-headed Opossum,Didelphimorphia,Didelphidae,,none
Monodelphis semilineata,Half-striped Short-tailed Opossum,Didelphimorphia,Didelphidae,,none
Monodelphis touan,Touan Short-tailed Opossum,Didelphimorphia,Didelphidae,,none
Monodelphis unistriata,Single-striped Opossum,Didelphimorphia,Didelphidae,,none
Monodelphis vossi,Voss's Short-tailed Opossum,Didelphimorphia,Didelphidae,,none
Tlacuatzin balsasensis,Balsas Gray Mouse Opossum,Didelphimorphia,Didelphidae,,none
Tlacuatzin canescens,Tehuantepec Gray Mouse Opossum,Didelphimorphia,Didelphidae,,none
Tlacuatzin gaumeri,Yucatán Gray Mouse Opossum,Didelphimorphia,Didelphidae,,none
Tlacuatzin insularis,Tres Marías Gray Mouse Opossum,Didelphimorphia,Didelphidae,,none
Tlacuatzin sinaloae,Northern Gray Mouse Opossum,Didelphimorphia,Didelphidae,,none
Metachirus aritanai,Aritana's Brown Four-eyed Opossum,Didelphimorphia,Didelphidae,,none
Metachirus myosuros,Common Brown Four-eyed Opossum,Didelphimorphia,Didelphidae,,none
Metachirus nudicaudatus,Guianan Brown Four-eyed Opossum,Didelphimorphia,Didelphidae,,none
Chacodelphys formosa,Pygmy Opossum,Didelphimorphia,Didelphidae,,none
Cryptonanus agricolai,Agricola's Opossum,Didelphimorphia,Didelphidae,,none
Cryptonanus chacoensis,Chacoan Mouse Opossum,Didelphimorphia,Didelphidae,,none
Cryptonanus guahybae,Guaiba Mouse Opossum,Didelphimorphia,Didelphidae,,none
Cryptonanus unduaviensis,Unduavi Mouse Opossum,Didelphimorphia,Didelphidae,,none
Gracilinanus aceramarcae,Aceramarca Opossum,Didelphimorphia,Didelphidae,,none
Gracilinanus agilis,Agile Opossum,Didelphimorphia,Didelphidae,,none
Gracilinanus dryas,Wood Sprite Opossum,Didelphimorphia,Didelphidae,,none
Gracilinanus emiliae,Emilie's Opossum,Didelphimorphia,Didelphidae,,none
Gracilinanus marica,Northern Gracile Opossum,Didelphimorphia,Didelphidae,,none
Gracilinanus microtarsus,Brazilian Gracile Opossum,Didelphimorphia,Didelphidae,,none
Gracilinanus peruanus,Peruvian Opossum,Didelphimorphia,Didelphidae,,none
Lestodelphys halli,Patagonian Opossum,Didelphimorphia,Didelphidae,,none
Marmosops bishopi,Bishop's Slender Opossum,Didelphimorphia,Didelphidae,,none
Marmosops carri,Carr's Slender Opossum,Didelphimorphia,Didelphidae,,none
Marmosops caucae,Tschudi's Slender Opossum,Didelphimorphia,Didelphidae,,none
Marmosops chucha,Cordillera Slender Opossum,Didelphimorphia,Didelphidae,,none
Marmosops creightoni,Creighton's Slender Opossum,Didelphimorphia,Didelphidae,,none
Marmosops fuscatus,Dusky Slender Opossum,Didelphimorphia,Didelphidae,,none
Marmosops handleyi,Handley's Slender Opossum,Didelphimorphia,Didelphidae,,none
Marmosops incanus,Gray Slender Opossum,Didelphimorphia,Didelphidae,,none
Marmosops invictus,Panama Slender Opossum,Didelphimorphia,Didelphidae,,none
Marmosops juninensis,Junin Slender Opossum,Didelphimorphia,Didelphidae,,none
Marmosops magdalenae,Río Magdalena Slender Opossum,Didelphimorphia,Didelphidae,,none
Marmosops marina,Silva's Slender Opossum,Didelphimorphia,Didelphidae,,none
Marmosops noctivagus,White-bellied Slender Opossum,Didelphimorphia,Didelphidae,,none
Marmosops ocellatus,Spectacled Slender Opossum,Didelphimorphia,Didelphidae,,none
Marmosops ojastii,Ojasti's Slender Opossum,Didelphimorphia,Didelphidae,,none
Marmosops pakaraimae,Pantepui Slender Opossum,Didelphimorphia,Didelphidae,,none
Marmosops parvidens,Delicate Slender Opossum,Didelphimorphia,Didelphidae,,none
Marmosops paulensis,Brazilian Slender Opossum,Didelphimorphia,Didelphidae,,none
Marmosops pinheiroi,Pinheiro's Slender Opossum,Didelphimorphia,Didelphidae,,none
Marmosops soinii,Soini's Slender Opossum,Didelphimorphia,Didelphidae,,none
Marmosops woodalli,Woodall's Slender Opossum,Didelphimorphia,Didelphidae,,none
Thylamys bruchi,Dry Chaco Fat-tailed Opossum,Didelphimorphia,Didelphidae,,none
Thylamys citellus,Mesopotamian Fat-tailed Opossum,Didelphimorphia,Didelphidae,,none
Thylamys elegans,Elegant Fat-tailed Opossum,Didelphimorphia,Didelphidae,,none
Thylamys karimii,Karimi's Fat-tailed Opossum,Didelphimorphia,Didelphidae,,none
Thylamys macrurus,Paraguayan Fat-tailed Opossum,Didelphimorphia,Didelphidae,,none
Thylamys pallidior,Pallid Fat-tailed Opossum,Didelphimorphia,Didelphidae,,none
Thylamys pulchellus,Chacoan Fat-tailed Opossum,Didelphimorphia,Didelphidae,,none
Thylamys pusillus,Common Fat-tailed Opossum,Didelphimorphia,Didelphidae,,none
Thylamys sponsorius,Argentine Fat-tailed Opossum,Didelphimorphia,Didelphidae,,none
Thylamys tatei,Tate's Fat-tailed Opossum,Didelphimorphia,Didelphidae,,none
Thylamys velutinus,Dwarf Fat-tailed Opossum,Didelphimorphia,Didelphidae,,none
Thylamys venustus,Buff-bellied Fat-tailed Opossum,Didelphimorphia,Didelphidae,,none
Glironia venusta,Bushy-tailed Opossum,Didelphimorphia,Didelphidae,,none
Hyladelphys kalinowskii,Kalinowski's Opossum,Didelphimorphia,Didelphidae,,none
Dromiciops bozinovici,Pancho's Monito del Monte,Microbiotheria,Microbiotheriidae,,none
Dromiciops gliroides,Southern Monito del Monte,Microbiotheria,Microbiotheriidae,,none
Notoryctes caurinus,Northwestern Marsupial Mole,Notoryctemorphia,Notoryctidae,,none
Notoryctes typhlops,Central Desert Marsupial Mole,Notoryctemorphia,Notoryctidae,,none
Dasycercus archeri,Southern Mulgara,Dasyuromorphia,Dasyuridae,,none
Dasycercus blythi,Spinifex Mulgara,Dasyuromorphia,Dasyuridae,,none
Dasycercus cristicauda,Crest-tailed Mulgara,Dasyuromorphia,Dasyuridae,,none
Dasycercus hillieri,Ampurta,Dasyuromorphia,Dasyuridae,,none
Dasycercus marlowi,Little Mulgara,Dasyuromorphia,Dasyuridae,,none
Dasycercus woolleyae,Northern Mulgara,Dasyuromorphia,Dasyuridae,,none
Dasykaluta rosamondae,Kaluta,Dasyuromorphia,Dasyuridae,,none
Dasyuroides byrnei,Kowari,Dasyuromorphia,Dasyuridae,,none
Dasyurus albopunctatus,New Guinea Quoll,Dasyuromorphia,Dasyuridae,,none
Dasyurus geoffroii,Western Quoll,Dasyuromorphia,Dasyuridae,Dasyurus geoffroii_Western Quoll,exact
Dasyurus hallucatus,Northern Quoll,Dasyuromorphia,Dasyuridae,,none
Dasyurus maculatus,Spotted-tailed Quoll,Dasyuromorphia,Dasyuridae,Dasyurus maculatus_Spotted-tailed Quoll,exact
Dasyurus spartacus,Bronze Quoll,Dasyuromorphia,Dasyuridae,,none
Dasyurus viverrinus,Eastern Quoll,Dasyuromorphia,Dasyuridae,,none
Myoictis leucura,Woolley's Three-striped Dasyure,Dasyuromorphia,Dasyuridae,,none
Myoictis melas,Müller's Three-striped Dasyure,Dasyuromorphia,Dasyuridae,,none
Myoictis wallacii,Wallace's Three-striped Dasyure,Dasyuromorphia,Dasyuridae,,none
Myoictis wavica,Tate's Three-striped Dasyure,Dasyuromorphia,Dasyuridae,,none
Neophascogale lorentzii,Speckled Dasyure,Dasyuromorphia,Dasyuridae,,none
Parantechinus apicalis,Dibbler,Dasyuromorphia,Dasyuridae,,none
Phascolosorex doriae,Red-bellied Phascogale,Dasyuromorphia,Dasyuridae,,none
Phascolosorex dorsalis,Narrow-striped Dasyure,Dasyuromorphia,Dasyuridae,,none
Pseudantechinus bilarni,Sandstone Pseudantechinus,Dasyuromorphia,Dasyuridae,,none
Pseudantechinus macdonnellensis,Fat-tailed Pseudantechinus,Dasyuromorphia,Dasyuridae,,none
Pseudantechinus mimulus,Carpentarian Pseudantechinus,Dasyuromorphia,Dasyuridae,,none
Pseudantechinus ningbing,Ningbing Pseudantechinus,Dasyuromorphia,Dasyuridae,,none
Pseudantechinus woolleyae,Woolley's Pseudantechinus,Dasyuromorphia,Dasyuridae,,none
Sarcophilus harrisii,Tasmanian Devil,Dasyuromorphia,Dasyuridae,Sarcophilus harrisii_Tasmanian Devil,exact
Antechinus adustus,Rusty Antechinus,Dasyuromorphia,Dasyuridae,,none
Antechinus agilis,Agile Antechinus,Dasyuromorphia,Dasyuridae,,none
Antechinus argentus,Silver-headed Antechinus,Dasyuromorphia,Dasyuridae,,none
Antechinus arktos,Black-tailed Antechinus,Dasyuromorphia,Dasyuridae,,none
Antechinus bellus,Fawn Antechinus,Dasyuromorphia,Dasyuridae,,none
Antechinus flavipes,Yellow-footed Antechinus,Dasyuromorphia,Dasyuridae,Antechinus flavipes_Yellow-footed Antechinus,exact
Antechinus godmani,Atherton Antechinus,Dasyuromorphia,Dasyuridae,,none
Antechinus leo,Cinnamon Antechinus,Dasyuromorphia,Dasyuridae,,none
Antechinus mimetes,Mainland Dusky Antechinus,Dasyuromorphia,Dasyuridae,,none
Antechinus minimus,Swamp Antechinus,Dasyuromorphia,Dasyuridae,,none
Antechinus mysticus,Buff-footed Antechinus,Dasyuromorphia,Dasyuridae,,none
Antechinus stuartii,Brown Antechinus,Dasyuromorphia,Dasyuridae,,none
Antechinus subtropicus,Subtropical Antechinus,Dasyuromorphia,Dasyuridae,,none
Antechinus swainsonii,Tasmanian Dusky Antechinus,Dasyuromorphia,Dasyuridae,,none
Antechinus vandycki,Tasman Peninsula Dusky Antechinus,Dasyuromorphia,Dasyuridae,,none
Murexia aspera,Southern Short-furred Dasyure,Dasyuromorphia,Dasyuridae,,none
Murexia habbema,Habbema Dasyure,Dasyuromorphia,Dasyuridae,,none
Murexia longicaudata,Aru Short-furred Dasyure,Dasyuromorphia,Dasyuridae,,none
Murexia maxima,Northern Short-furred Dasyure,Dasyuromorphia,Dasyuridae,,none
Murexia melanura,Black-tailed Dasyure,Dasyuromorphia,Dasyuridae,,none
Murexia murex,Eastern Short-furred Dasyure,Dasyuromorphia,Dasyuridae,,none
Murexia naso,Western Long-nosed Dasyure,Dasyuromorphia,Dasyuridae,,none
Murexia rothschildi,Broad-striped Dasyure,Dasyuromorphia,Dasyuridae,,none
Murexia tafa,Eastern Long-nosed Dasyure,Dasyuromorphia,Dasyuridae,,none
Murexia wilhelmina,Lesser Dasyure,Dasyuromorphia,Dasyuridae,,none
Phascogale calurus,Red-tailed Phascogale,Dasyuromorphia,Dasyuridae,,none
Phascogale pirata,Northern Brush-tailed Phascogale,Dasyuromorphia,Dasyuridae,,none
Phascogale tapoatafa,Common Brush-tailed Phascogale,Dasyuromorphia,Dasyuridae,Phascogale tapoatafa_Brush-tailed Phascogale,exact
Planigale gilesi,Giles's Planigale,Dasyuromorphia,Dasyuridae,,none
Planigale ingrami,Little Planigale,Dasyuromorphia,Dasyuridae,,none
Planigale kendricki,Orange-headed Pilbara Planigale,Dasyuromorphia,Dasyuridae,,none
Planigale maculata,Common Planigale,Dasyuromorphia,Dasyuridae,,none
Planigale novaeguineae,Papuan Planigale,Dasyuromorphia,Dasyuridae,,none
Planigale petrophila,Arnhem Plateau Planigale,Dasyuromorphia,Dasyuridae,,none
Planigale subtilissima,Kimberley Planigale,Dasyuromorphia,Dasyuridae,,none
Planigale tealei,Cracking-clay Pilbara Planigale,Dasyuromorphia,Dasyuridae,,none
Planigale tenuirostris,Narrow-nosed Planigale,Dasyuromorphia,Dasyuridae,,none
Antechinomys auritus,Long-eared Kultarr,Dasyuromorphia,Dasyuridae,,none
Antechinomys laniger,Eastern Kultarr,Dasyuromorphia,Dasyuridae,,none
Antechinomys longicaudatus,Greater Long-tailed Dunnart,Dasyuromorphia,Dasyuridae,,none
Antechinomys spenceri,Gibber Kultarr,Dasyuromorphia,Dasyuridae,,none
Ningaui ridei,Wongai Ningaui,Dasyuromorphia,Dasyuridae,,none
Ningaui timealeyi,Pilbara Ningaui,Dasyuromorphia,Dasyuridae,,none
Ningaui yvonneae,Southern Ningaui,Dasyuromorphia,Dasyuridae,,none
Sminthopsis archeri,Chestnut Dunnart,Dasyuromorphia,Dasyuridae,,none
Sminthopsis bindi,Kakadu Dunnart,Dasyuromorphia,Dasyuridae,,none
Sminthopsis butleri,Butler's Dunnart,Dasyuromorphia,Dasyuridae,,none
Sminthopsis crassicaudata,Fat-tailed Dunnart,Dasyuromorphia,Dasyuridae,,none
Sminthopsis dolichura,Little Long-tailed Dunnart,Dasyuromorphia,Dasyuridae,,none
Sminthopsis douglasi,Julia Creek Dunnart,Dasyuromorphia,Dasyuridae,,none
Sminthopsis froggatti,Froggatt's Dunnart,Dasyuromorphia,Dasyuridae,,none
Sminthopsis fuliginosa,Gray-bellied Dunnart,Dasyuromorphia,Dasyuridae,,none
Sminthopsis gilberti,Gilbert's Dunnart,Dasyuromorphia,Dasyuridae,,none
Sminthopsis granulipes,White-tailed Dunnart,Dasyuromorphia,Dasyuridae,,none
Sminthopsis hirtipes,Greater Hairy-footed Dunnart,Dasyuromorphia,Dasyuridae,,none
Sminthopsis leucopus,White-footed Dunnart,Dasyuromorphia,Dasyuridae,,none
Sminthopsis macroura,Stripe-faced Dunnart,Dasyuromorphia,Dasyuridae,,none
Sminthopsis murina,Common Dunnart,Dasyuromorphia,Dasyuridae,,none
Sminthopsis nitela,Western Red-cheeked Dunnart,Dasyuromorphia,Dasyuridae,,none
Sminthopsis ooldea,Ooldea Dunnart,Dasyuromorphia,Dasyuridae,,none
Sminthopsis psammophila,Sandhill Dunnart,Dasyuromorphia,Dasyuridae,,none
Sminthopsis stalkeri,Stalker's Dunnart,Dasyuromorphia,Dasyuridae,,none
Sminthopsis virginiae,Eastern Red-cheeked Dunnart,Dasyuromorphia,Dasyuridae,,none
Sminthopsis youngsoni,Lesser Hairy-footed Dunnart,Dasyuromorphia,Dasyuridae,,none
Myrmecobius fasciatus,Numbat,Dasyuromorphia,Myrmecobiidae,,none
Thylacinus cynocephalus,Thylacine,Dasyuromorphia,Thylacinidae,,none
Chaeropus ecaudatus,Southern Pig-footed Bandicoot,Peramelemorphia,Chaeropodidae,,none
Chaeropus yirratji,Northern Pig-footed Bandicoot,Peramelemorphia,Chaeropodidae,,none
Echymipera clara,Clara's Spiny Bandicoot,Peramelemorphia,Peramelidae,,none
Echymipera davidi,David's Spiny Bandicoot,Peramelemorphia,Peramelidae,,none
Echymipera echinista,Menzies's Spiny Bandicoot,Peramelemorphia,Peramelidae,,none
Echymipera kalubu,Common Spiny Bandicoot,Peramelemorphia,Peramelidae,,none
Echymipera rufescens,Long-nosed Spiny Bandicoot,Peramelemorphia,Peramelidae,,none
Microperoryctes aplini,Arfak Pygmy Bandicoot,Peramelemorphia,Peramelidae,,none
Microperoryctes longicauda,Long-tailed Bandicoot,Peramelemorphia,Peramelidae,,none
Microperoryctes murinus,Mouse Bandicoot,Peramelemorphia,Peramelidae,,none
Microperoryctes ornatus,Striped Bandicoot,Peramelemorphia,Peramelidae,,none
Microperoryctes papuensis,Papuan Bandicoot,Peramelemorphia,Peramelidae,,none
Rhynchomeles prattorum,Seram Bandicoot,Peramelemorphia,Peramelidae,,none
Isoodon auratus,Golden Bandicoot,Peramelemorphia,Peramelidae,,none
Isoodon fusciventer,Western Brown Bandicoot,Peramelemorphia,Peramelidae,,none
Isoodon macrourus,Northern Brown Bandicoot,Peramelemorphia,Peramelidae,Isoodon macrourus_Northern Brown Bandicoot,exact
Isoodon obesulus,Southern Brown Bandicoot,Peramelemorphia,Peramelidae,Isoodon obesulus_Southern Brown Bandicoot,exact
Isoodon peninsulae,Cape York Brown Bandicoot,Peramelemorphia,Peramelidae,,none
Perameles bougainville,Western Barred Bandicoot,Peramelemorphia,Peramelidae,,none
Perameles eremiana,Desert Bandicoot,Peramelemorphia,Peramelidae,,none
Perameles fasciata,New South Wales Barred Bandicoot,Peramelemorphia,Peramelidae,,none
Perameles gunnii,Eastern Barred Bandicoot,Peramelemorphia,Peramelidae,,none
Perameles myosuros,Southwestern Barred Bandicoot,Peramelemorphia,Peramelidae,,none
Perameles nasuta,Long-nosed Bandicoot,Peramelemorphia,Peramelidae,Perameles nasuta_Long-nosed Bandicoot,exact
Perameles notina,Southern Barred Bandicoot,Peramelemorphia,Peramelidae,,none
Perameles pallescens,Queensland Barred Bandicoot,Peramelemorphia,Peramelidae,,none
Perameles papillon,Ooldea Barred Bandicoot,Peramelemorphia,Peramelidae,,none
Peroryctes broadbentii,Giant Bandicoot,Peramelemorphia,Peramelidae,,none
Peroryctes raffrayanus,Raffray's Bandicoot,Peramelemorphia,Peramelidae,,none
Peroryctes trigonodon,Wablo,Peramelemorphia,Peramelidae,,none
Macrotis lagotis,Greater Bilby,Peramelemorphia,Thylacomyidae,,none
Macrotis leucura,Lesser Bilby,Peramelemorphia,Thylacomyidae,,none
Burramys parvus,Mountain Pygmy Possum,Diprotodontia,Burramyidae,,none
Cercartetus caudatus,Long-tailed Pygmy Possum,Diprotodontia,Burramyidae,,none
Cercartetus concinnus,Western Pygmy Possum,Diprotodontia,Burramyidae,,none
Cercartetus lepidus,Little Pygmy Possum,Diprotodontia,Burramyidae,,none
Cercartetus nana,Eastern Pygmy Possum,Diprotodontia,Burramyidae,,none
Hypsiprymnodon moschatus,Musky Rat Kangaroo,Diprotodontia,Hypsiprymnodontidae,,none
Lagostrophus fasciatus,Banded Hare Wallaby,Diprotodontia,Macropodidae,,none
Dendrolagus bennettianus,Bennett's Tree Kangaroo,Diprotodontia,Macropodidae,,none
Dendrolagus dorianus,Doria's Tree Kangaroo,Diprotodontia,Macropodidae,,none
Dendrolagus goodfellowi,Goodfellow's Tree Kangaroo,Diprotodontia,Macropodidae,,none
Dendrolagus inustus,Grizzled Tree Kangaroo,Diprotodontia,Macropodidae,,none
Dendrolagus lumholtzi,Lumholtz's Tree Kangaroo,Diprotodontia,Macropodidae,,none
Dendrolagus matschiei,Huon Tree Kangaroo,Diprotodontia,Macropodidae,,none
Dendrolagus mayri,Wondiwoi Tree Kangaroo,Diprotodontia,Macropodidae,,none
Dendrolagus mbaiso,Dingiso,Diprotodontia,Macropodidae,,none
Dendrolagus notatus,Ifola Tree Kangaroo,Diprotodontia,Macropodidae,,none
Dendrolagus pulcherrimus,Golden-mantled Tree Kangaroo,Diprotodontia,Macropodidae,,none
Dendrolagus scottae,Scott's Tree Kangaroo,Diprotodontia,Macropodidae,,none
Dendrolagus spadix,Lowland Tree Kangaroo,Diprotodontia,Macropodidae,,none
Dendrolagus stellarum,Seri's Tree Kangaroo,Diprotodontia,Macropodidae,,none
Dendrolagus ursinus,Vogelkop Tree Kangaroo,Diprotodontia,Macropodidae,,none
Petrogale assimilis,Allied Rock Wallaby,Diprotodontia,Macropodidae,,none
Petrogale brachyotis,Short-eared Rock Wallaby,Diprotodontia,Macropodidae,,none
Petrogale burbidgei,Monjon,Diprotodontia,Macropodidae,,none
Petrogale coenensis,Cape York Rock Wallaby,Diprotodontia,Macropodidae,,none
Petrogale concinna,Nabarlek,Diprotodontia,Macropodidae,,none
Petrogale godmani,Godman's Rock Wallaby,Diprotodontia,Macropodidae,,none
Petrogale herberti,Herbert's Rock Wallaby,Diprotodontia,Macropodidae,,none
Petrogale inornata,Unadorned Rock Wallaby,Diprotodontia,Macropodidae,,none
Petrogale lateralis,Black-footed Rock Wallaby,Diprotodontia,Macropodidae,,none
Petrogale mareeba,Mareeba Rock Wallaby,Diprotodontia,Macropodidae,,none
Petrogale penicillata,Brush-tailed Rock Wallaby,Diprotodontia,Macropodidae,,none
Petrogale persephone,Proserpine Rock Wallaby,Diprotodontia,Macropodidae,,none
Petrogale purpureicollis,Purple-necked Rock Wallaby,Diprotodontia,Macropodidae,,none
Petrogale rothschildi,Rothschild's Rock Wallaby,Diprotodontia,Macropodidae,,none
Petrogale sharmani,Sharman's Rock Wallaby,Diprotodontia,Macropodidae,,none
Petrogale wilkinsi,Wilkins's Rock Wallaby,Diprotodontia,Macropodidae,,none
Petrogale xanthopus,Yellow-footed Rock Wallaby,Diprotodontia,Macropodidae,Petrogale xanthopus_Yellow-footed Rock Wallaby,exact
Thylogale billardierii,Rufous-bellied Pademelon,Diprotodontia,Macropodidae,Thylogale billardierii_Rufous-bellied Pademelon,exact
Thylogale brownii,New Guinea Pademelon,Diprotodontia,Macropodidae,,none
Thylogale brunii,Dusky Pademelon,Diprotodontia,Macropodidae,,none
Thylogale calabyi,Calaby's Pademelon,Diprotodontia,Macropodidae,,none
Thylogale stigmatica,Red-legged Pademelon,Diprotodontia,Macropodidae,Thylogale stigmatica_Red-legged Pademelon,exact
Thylogale thetis,Red-necked Pademelon,Diprotodontia,Macropodidae,Thylogale thetis_Red-necked Pademelon,exact
Dorcopsis atrata,Black Forest Wallaby,Diprotodontia,Macropodidae,,none
Dorcopsis hageni,White-striped Forest Wallaby,Diprotodontia,Macropodidae,,none
Dorcopsis luctuosa,Gray Forest Wallaby,Diprotodontia,Macropodidae,,none
Dorcopsis macleayi,Macleay's Forest Wallaby,Diprotodontia,Macropodidae,,none
Dorcopsis muelleri,Brown Forest Wallaby,Diprotodontia,Macropodidae,,none
Dorcopsis phyllis,Phyllis's Forest Wallaby,Diprotodontia,Macropodidae,,none
Dorcopsis vanheurni,Small Forest Wallaby,Diprotodontia,Macropodidae,,none
Lagorchestes asomatus,Central Hare Wallaby,Diprotodontia,Macropodidae,,none
Lagorchestes conspicillatus,Spectacled Hare Wallaby,Diprotodontia,Macropodidae,,none
Lagorchestes hirsutus,Rufous Hare Wallaby,Diprotodontia,Macropodidae,,none
Lagorchestes leporides,Eastern Hare Wallaby,Diprotodontia,Macropodidae,,none
Macropus fuliginosus,Western Gray Kangaroo,Diprotodontia,Macropodidae,Macropus fuliginosus_Western Grey Kangaroo,exact
Macropus giganteus,Eastern Gray Kangaroo,Diprotodontia,Macropodidae,Macropus giganteus_Eastern Grey Kangaroo,exact
Notamacropus agilis,Agile Wallaby,Diprotodontia,Macropodidae,Notamacropus agilis_Agile Wallaby,exact
Notamacropus dorsalis,Black-striped Wallaby,Diprotodontia,Macropodidae,,none
Notamacropus eugenii,Tammar Wallaby,Diprotodontia,Macropodidae,,none
Notamacropus greyi,Toolache Wallaby,Diprotodontia,Macropodidae,,none
Notamacropus irma,Western Brush Wallaby,Diprotodontia,Macropodidae,,none
Notamacropus parma,Parma Wallaby,Diprotodontia,Macropodidae,,none
Notamacropus parryi,Whip-tailed Wallaby,Diprotodontia,Macropodidae,,none
Notamacropus rufogriseus,Red-necked Wallaby,Diprotodontia,Macropodidae,,none
Onychogalea frenata,Bridled Nail-tailed Wallaby,Diprotodontia,Macropodidae,,none
Onychogalea lunata,Crescent Nail-tailed Wallaby,Diprotodontia,Macropodidae,,none
Onychogalea unguifera,Northern Nail-tailed Wallaby,Diprotodontia,Macropodidae,,none
Osphranter antilopinus,Antilopine Wallaroo,Diprotodontia,Macropodidae,,none
Osphranter bernardus,Black Wallaroo,Diprotodontia,Macropodidae,,none
Osphranter robustus,Common Wallaroo,Diprotodontia,Macropodidae,,none
Osphranter rufus,Red Kangaroo,Diprotodontia,Macropodidae,,none
Setonix brachyurus,Quokka,Diprotodontia,Macropodidae,,none
Wallabia bicolor,Swamp Wallaby,Diprotodontia,Macropodidae,,none
Aepyprymnus rufescens,Rufous Bettong,Diprotodontia,Potoroidae,Aepyprymnus rufescens_Rufous Bettong,exact
Bettongia anhydra,Desert Bettong,Diprotodontia,Potoroidae,,none
Bettongia gaimardi,Eastern Bettong,Diprotodontia,Potoroidae,,none
Bettongia haoucharae,Little Bettong,Diprotodontia,Potoroidae,,none
Bettongia lesueur,Burrowing Bettong,Diprotodontia,Potoroidae,,none
Bettongia ogilbyi,Woylie,Diprotodontia,Potoroidae,,none
Bettongia penicillata,Brush-tailed Bettong,Diprotodontia,Potoroidae,,none
Bettongia pusilla,Nullarbor Dwarf Bettong,Diprotodontia,Potoroidae,,none
Bettongia tropica,Northern Bettong,Diprotodontia,Potoroidae,,none
Caloprymnus campestris,Desert Rat Kangaroo,Diprotodontia,Potoroidae,,none
Potorous gilbertii,Gilbert's Potoroo,Diprotodontia,Potoroidae,,none
Potorous longipes,Long-footed Potoroo,Diprotodontia,Potoroidae,,none
Potorous platyops,Broad-faced Potoroo,Diprotodontia,Potoroidae,,none
Potorous tridactylus,Long-nosed Potoroo,Diprotodontia,Potoroidae,Potorous tridactylus_Long-nosed Potoroo,exact
Acrobates frontalis,Broad-toed Feather-tailed Glider,Diprotodontia,Acrobatidae,,none
Acrobates pygmaeus,Narrow-toed Feather-tailed Glider,Diprotodontia,Acrobatidae,Acrobates pygmaeus_Narrow-toed Feather-tailed Glider,exact
Distoechurus pennatus,Feather-tailed Possum,Diprotodontia,Acrobatidae,,none
Dactylonax ernstmayri,Eastern Long-fingered Possum,Diprotodontia,Petauridae,,none
Dactylonax kambuayai,Pygmy Long-fingered Possum,Diprotodontia,Petauridae,,none
Dactylonax palpator,Western Long-fingered Possum,Diprotodontia,Petauridae,,none
Dactylopsila megalura,Great-tailed Striped Possum,Diprotodontia,Petauridae,,none
Dactylopsila tatei,Tate's Striped Possum,Diprotodontia,Petauridae,,none
Dactylopsila trivirgata,Torresian Striped Possum,Diprotodontia,Petauridae,Dactylopsila trivirgata_Striped Possum,exact
Gymnobelideus leadbeateri,Leadbeater's Possum,Diprotodontia,Petauridae,,none
Petaurus abidi,Northern Glider,Diprotodontia,Petauridae,,none
Petaurus ariel,Savanna Glider,Diprotodontia,Petauridae,,none
Petaurus australis,Yellow-bellied Glider,Diprotodontia,Petauridae,Petaurus australis_Yellow-bellied Glider,exact
Petaurus biacensis,Biak Glider,Diprotodontia,Petauridae,,none
Petaurus breviceps,Sugar Glider,Diprotodontia,Petauridae,Petaurus breviceps_Sugar Glider,exact
Petaurus gracilis,Mahogany Glider,Diprotodontia,Petauridae,,none
Petaurus norfolcensis,Squirrel Glider,Diprotodontia,Petauridae,Petaurus norfolcensis_Squirrel Glider,exact
Petaurus notatus,Krefft's Glider,Diprotodontia,Petauridae,Petaurus notatus_Krefft's Glider,exact
Petaurus papuanus,New Guinea Glider,Diprotodontia,Petauridae,,none
Hemibelideus lemuroides,Lemuroid Ring-tailed Possum,Diprotodontia,Pseudocheiridae,,none
Petauroides armillatus,Central Greater Glider,Diprotodontia,Pseudocheiridae,,none
Petauroides minor,Northern Greater Glider,Diprotodontia,Pseudocheiridae,,none
Petauroides volans,Southern Greater Glider,Diprotodontia,Pseudocheiridae,Petauroides volans_Greater Glider,exact
Tous ayamaruensis,Ring-tailed Glider,Diprotodontia,Pseudocheiridae,,none
Pseudocheirus occidentalis,Western Ring-tailed Possum,Diprotodontia,Pseudocheiridae,,none
Pseudocheirus peregrinus,Eastern Ring-tailed Possum,Diprotodontia,Pseudocheiridae,Pseudocheirus peregrinus_Common Ring-tailed Possum,exact
Pseudochirulus canescens,Lowland Ring-tailed Possum,Diprotodontia,Pseudocheiridae,,none
Pseudochirulus caroli,Weyland Ring-tailed Possum,Diprotodontia,Pseudocheiridae,,none
Pseudochirulus cinereus,Daintree River Ring-tailed Possum,Diprotodontia,Pseudocheiridae,,none
Pseudochirulus forbesi,Painted Ring-tailed Possum,Diprotodontia,Pseudocheiridae,,none
Pseudochirulus herbertensis,Herbert River Ring-tailed Possum,Diprotodontia,Pseudocheiridae,,none
Pseudochirulus larvatus,Masked Ring-tailed Possum,Diprotodontia,Pseudocheiridae,,none
Pseudochirulus mayeri,Pygmy Ring-tailed Possum,Diprotodontia,Pseudocheiridae,,none
Pseudochirulus schlegelii,Arfak Ring-tailed Possum,Diprotodontia,Pseudocheiridae,,none
Pseudochirops albertisii,D'Albertis's Ring-tailed Possum,Diprotodontia,Pseudocheiridae,,none
Pseudochirops archeri,Green Ring-tailed Possum,Diprotodontia,Pseudocheiridae,,none
Pseudochirops corinnae,Plush-coated Ring-tailed Possum,Diprotodontia,Pseudocheiridae,,none
Pseudochirops coronatus,Reclusive Ring-tailed Possum,Diprotodontia,Pseudocheiridae,,none
Pseudochirops cupreus,Coppery Ring-tailed Possum,Diprotodontia,Pseudocheiridae,,none
Pseudochirops dahlii,Rock Ring-tailed Possum,Diprotodontia,Pseudocheiridae,,none
Tarsipes rostratus,Honey Possum,Diprotodontia,Tarsipedidae,,none
Ailurops furvus,Mountain Bear Cuscus,Diprotodontia,Phalangeridae,,none
Ailurops melanotis,Talaud Bear Cuscus,Diprotodontia,Phalangeridae,,none
Ailurops ursinus,Common Bear Cuscus,Diprotodontia,Phalangeridae,,none
Strigocuscus celebensis,Small Sulawesi Cuscus,Diprotodontia,Phalangeridae,,none
Strigocuscus sangirensis,Small Sangihe Cuscus,Diprotodontia,Phalangeridae,,none
Phalanger alexandrae,Gebe Cuscus,Diprotodontia,Phalangeridae,,none
Phalanger breviceps,New Britain Cuscus,Diprotodontia,Phalangeridae,Phalanger breviceps_New Britain Cuscus,exact
Phalanger carmelitae,Mountain Cuscus,Diprotodontia,Phalangeridae,,none
Phalanger gymnotis,Ground Cuscus,Diprotodontia,Phalangeridae,,none
Phalanger intercastellanus,Eastern Common Cuscus,Diprotodontia,Phalangeridae,,none
Phalanger lullulae,Woodlark Cuscus,Diprotodontia,Phalangeridae,,none
Phalanger matabiru,Blue-eyed Cuscus,Diprotodontia,Phalangeridae,,none
Phalanger matanim,Telefomin Cuscus,Diprotodontia,Phalangeridae,,none
Phalanger mimicus,Southern Common Cuscus,Diprotodontia,Phalangeridae,Phalanger mimicus_Southern Common Cuscus,exact
Phalanger orientalis,Northern Common Cuscus,Diprotodontia,Phalangeridae,,none
Phalanger ornatus,Moluccan Cuscus,Diprotodontia,Phalangeridae,,none
Phalanger pelengensis,Peleng Cuscus,Diprotodontia,Phalangeridae,,none
Phalanger rothschildi,Obi Cuscus,Diprotodontia,Phalangeridae,,none
Phalanger sericeus,Silky Cuscus,Diprotodontia,Phalangeridae,,none
Phalanger vestitus,Stein's Cuscus,Diprotodontia,Phalangeridae,,none
Spilocuscus kraemeri,Admiralty Spotted Cuscus,Diprotodontia,Phalangeridae,,none
Spilocuscus maculatus,Common Spotted Cuscus,Diprotodontia,Phalangeridae,,none
Spilocuscus nudicaudatus,Australian Spotted Cuscus,Diprotodontia,Phalangeridae,Spilocuscus nudicaudatus_Australian Spotted Cuscus,exact
Spilocuscus papuensis,Waigeo Spotted Cuscus,Diprotodontia,Phalangeridae,,none
Spilocuscus rufoniger,Black Spotted Cuscus,Diprotodontia,Phalangeridae,,none
Spilocuscus wilsoni,Blue-eyed Spotted Cuscus,Diprotodontia,Phalangeridae,,none
Trichosurus caninus,Short-eared Brush-tailed Possum,Diprotodontia,Phalangeridae,Trichosurus caninus_Short-eared Brush-tailed Possum,exact
Trichosurus cunninghami,Mountain Brush-tailed Possum,Diprotodontia,Phalangeridae,Trichosurus cunninghami_Mountain Brush-tailed Possum,exact
Trichosurus johnstonii,Coppery Brush-tailed Possum,Diprotodontia,Phalangeridae,,none
Trichosurus vulpecula,Common Brush-tailed Possum,Diprotodontia,Phalangeridae,Trichosurus vulpecula_Common Brushtail Possum,exact
Wyulda squamicaudata,Scaly-tailed Possum,Diprotodontia,Phalangeridae,,none
Phascolarctos cinereus,Koala,Diprotodontia,Phascolarctidae,Phascolarctos cinereus_Koala,exact
Lasiorhinus krefftii,Northern Hairy-nosed Wombat,Diprotodontia,Vombatidae,,none
Lasiorhinus latifrons,Southern Hairy-nosed Wombat,Diprotodontia,Vombatidae,,none
Vombatus ursinus,Common Wombat,Diprotodontia,Vombatidae,Vombatus ursinus_Bare-nosed Wombat,exact
Calyptophractus retusus,Greater Fairy Armadillo,Cingulata,Chlamyphoridae,,none
Chlamyphorus truncatus,Pink Fairy Armadillo,Cingulata,Chlamyphoridae,,none
Chaetophractus villosus,Large Hairy Armadillo,Cingulata,Euphractidae,Chaetophractus villosus_Large Hairy Armadillo,exact
Dasyphractus vellerosus,Screaming Hairy Armadillo,Cingulata,Euphractidae,,none
Euphractus sexcinctus,Six-banded Armadillo,Cingulata,Euphractidae,,none
Zaedyus pichiy,Pichi,Cingulata,Euphractidae,,none
Cabassous centralis,Northern Naked-tailed Armadillo,Cingulata,Tolypeutidae,,none
Cabassous chacoensis,Chacoan Naked-tailed Armadillo,Cingulata,Tolypeutidae,,none
Cabassous squamicaudis,Cerrado Naked-tailed Armadillo,Cingulata,Tolypeutidae,,none
Cabassous tatouay,Greater Naked-tailed Armadillo,Cingulata,Tolypeutidae,,none
Cabassous unicinctus,Amazon Naked-tailed Armadillo,Cingulata,Tolypeutidae,Cabassous unicinctus_Southern Naked-tailed Armadillo,exact
Priodontes maximus,Giant Armadillo,Cingulata,Tolypeutidae,,none
Tolypeutes matacus,Southern Three-banded Armadillo,Cingulata,Tolypeutidae,,none
Tolypeutes tricinctus,Brazilian Three-banded Armadillo,Cingulata,Tolypeutidae,,none
Dasypus beniensis,Eastern Greater Long-nosed Armadillo,Cingulata,Dasypodidae,,none
Dasypus fenestratus,Western Andean Long-nosed Armadillo,Cingulata,Dasypodidae,Dasypus fenestratus_West Andean Long-nosed Armadillo,exact
Dasypus guianensis,Guianan Long-nosed Armadillo,Cingulata,Dasypodidae,,none
Dasypus kappleri,Guianan Greater Long-nosed Armadillo,Cingulata,Dasypodidae,,none
Dasypus mazzai,Yungas Long-nosed Armadillo,Cingulata,Dasypodidae,,none
Dasypus mexicanus,Mexican Long-nosed Armadillo,Cingulata,Dasypodidae,Dasypus mexicanus_Mexican Long-nosed Armadillo,exact
Dasypus novemcinctus,Southern Long-nosed Armadillo,Cingulata,Dasypodidae,,none
Dasypus pastasae,Western Greater Long-nosed Armadillo,Cingulata,Dasypodidae,,none
Dasypus pilosus,Hairy Long-nosed Armadillo,Cingulata,Dasypodidae,,none
Dasypus sabanicola,Llanos Long-nosed Armadillo,Cingulata,Dasypodidae,,none
Dasypus septemcinctus,Seven-banded Long-nosed Armadillo,Cingulata,Dasypodidae,,none
Bradypus crinitus,Southern Maned Three-toed Sloth,Pilosa,Bradypodidae,,none
Bradypus pygmaeus,Pygmy Three-toed Sloth,Pilosa,Bradypodidae,,none
Bradypus torquatus,Northern Maned Three-toed Sloth,Pilosa,Bradypodidae,,none
Bradypus tridactylus,Pale-throated Three-toed Sloth,Pilosa,Bradypodidae,,none
Bradypus variegatus,Brown-throated Three-toed Sloth,Pilosa,Bradypodidae,Bradypus variegatus_Brown-throated Three-toed Sloth,exact
Choloepus didactylus,Linnaeus's Two-toed Sloth,Pilosa,Choloepodidae,,none
Choloepus hoffmanni,Hoffmann's Two-toed Sloth,Pilosa,Choloepodidae,,none
Cyclopes catellus,Amboro Silky Anteater,Pilosa,Cyclopedidae,,none
Cyclopes didactylus,Common Silky Anteater,Pilosa,Cyclopedidae,,none
Cyclopes dorsalis,Central American Silky Anteater,Pilosa,Cyclopedidae,,none
Cyclopes ida,Rio Negro Silky Anteater,Pilosa,Cyclopedidae,,none
Cyclopes rufus,Red Silky Anteater,Pilosa,Cyclopedidae,,none
Cyclopes thomasi,Thomas's Silky Anteater,Pilosa,Cyclopedidae,,none
Cyclopes xinguensis,Xingu Silky Anteater,Pilosa,Cyclopedidae,,none
Myrmecophaga tridactyla,Giant Anteater,Pilosa,Myrmecophagidae,Myrmecophaga tridactyla_Giant Anteater,exact
Tamandua mexicana,Northern Tamandua,Pilosa,Myrmecophagidae,Tamandua mexicana_Northern Tamandua,exact
Tamandua tetradactyla,Southern Tamandua,Pilosa,Myrmecophagidae,Tamandua tetradactyla_Southern Tamandua,exact
Elephantulus brachyrhynchus,Short-snouted Sengi,Macroscelidea,Macroscelididae,,none
Elephantulus edwardii,Cape Rock Sengi,Macroscelidea,Macroscelididae,,none
Elephantulus fuscipes,Dusky-footed Sengi,Macroscelidea,Macroscelididae,,none
Elephantulus fuscus,Dusky Sengi,Macroscelidea,Macroscelididae,,none
Elephantulus intufi,Bushveld Sengi,Macroscelidea,Macroscelididae,,none
Elephantulus myurus,Eastern Rock Sengi,Macroscelidea,Macroscelididae,,none
Elephantulus pilicaudus,Karoo Rock Sengi,Macroscelidea,Macroscelididae,,none
Elephantulus rupestris,Western Rock Sengi,Macroscelidea,Macroscelididae,,none
Galegeeska revoilii,Somali Sengi,Macroscelidea,Macroscelididae,,none
Galegeeska rufescens,Rufous Sengi,Macroscelidea,Macroscelididae,,none
Macroscelides flavicaudatus,Namib Round-eared Sengi,Macroscelidea,Macroscelididae,,none
Macroscelides micus,Etendeka Round-eared Sengi,Macroscelidea,Macroscelididae,,none
Macroscelides proboscideus,Karoo Round-eared Sengi,Macroscelidea,Macroscelididae,,none
Petrodromus tetradactylus,Four-toed Sengi,Macroscelidea,Macroscelididae,,none
Petrosaltator rozeti,North African Sengi,Macroscelidea,Macroscelididae,,none
Rhynchocyon chrysopygus,Golden-rumped Sengi,Macroscelidea,Macroscelididae,,none
Rhynchocyon cirnei,Chequered Sengi,Macroscelidea,Macroscelididae,,none
Rhynchocyon petersi,Black-and-rufous Sengi,Macroscelidea,Macroscelididae,Rhynchocyon petersi_Black-and-rufous Sengi,exact
Rhynchocyon stuhlmanni,White-tailed Sengi,Macroscelidea,Macroscelididae,,none
Rhynchocyon udzungwensis,Gray-faced Sengi,Macroscelidea,Macroscelididae,,none
Amblysomus corriae,Fynbos Golden Mole,Afrosoricida,Chrysochloridae,,none
Amblysomus hottentotus,Hottentot Golden Mole,Afrosoricida,Chrysochloridae,,none
Amblysomus marleyi,Marley's Golden Mole,Afrosoricida,Chrysochloridae,,none
Amblysomus robustus,Robust Golden Mole,Afrosoricida,Chrysochloridae,,none
Amblysomus septentrionalis,Highveld Golden Mole,Afrosoricida,Chrysochloridae,,none
Calcochloris obtusirostris,Yellow Golden Mole,Afrosoricida,Chrysochloridae,,none
Huetia leucorhina,Congo Golden Mole,Afrosoricida,Chrysochloridae,,none
Huetia tytonis,Somali Golden Mole,Afrosoricida,Chrysochloridae,,none
Neamblysomus gunningi,Gunning's Golden Mole,Afrosoricida,Chrysochloridae,,none
Neamblysomus julianae,Juliana's Golden Mole,Afrosoricida,Chrysochloridae,,none
Carpitalpa arendsi,Arends's Golden Mole,Afrosoricida,Chrysochloridae,,none
Chlorotalpa duthieae,Duthie's Golden Mole,Afrosoricida,Chrysochloridae,,none
Chlorotalpa sclateri,Sclater's Golden Mole,Afrosoricida,Chrysochloridae,,none
Chrysochloris asiatica,Cape Golden Mole,Afrosoricida,Chrysochloridae,,none
Chrysochloris stuhlmanni,Stuhlmann's Golden Mole,Afrosoricida,Chrysochloridae,,none
Chrysochloris visagiei,Visagie's Golden Mole,Afrosoricida,Chrysochloridae,,none
Chrysospalax trevelyani,Giant Golden Mole,Afrosoricida,Chrysochloridae,,none
Chrysospalax villosus,Rough-haired Golden Mole,Afrosoricida,Chrysochloridae,,none
Cryptochloris wintoni,De Winton's Golden Mole,Afrosoricida,Chrysochloridae,,none
Cryptochloris zyli,Van Zyl's Golden Mole,Afrosoricida,Chrysochloridae,,none
Eremitalpa granti,Grant's Golden Mole,Afrosoricida,Chrysochloridae,,none
Micropotamogale lamottei,Nimba Otter-shrew,Afrosoricida,Potamogalidae,,none
Micropotamogale ruwenzorii,Rwenzori Otter-shrew,Afrosoricida,Potamogalidae,,none
Potamogale velox,Giant Otter-shrew,Afrosoricida,Potamogalidae,,none
Geogale aurita,Large-eared Tenrec,Afrosoricida,Tenrecidae,,none
Microgale brevicaudata,Short-tailed Shrew Tenrec,Afrosoricida,Tenrecidae,,none
Microgale cowani,Cowan's Shrew Tenrec,Afrosoricida,Tenrecidae,,none
Microgale drouhardi,Drouhard's Shrew Tenrec,Afrosoricida,Tenrecidae,,none
Microgale dryas,Dryad Shrew Tenrec,Afrosoricida,Tenrecidae,,none
Microgale fotsifotsy,Pale Shrew Tenrec,Afrosoricida,Tenrecidae,,none
Microgale gracilis,Gracile Shrew Tenrec,Afrosoricida,Tenrecidae,,none
Microgale grandidieri,Grandidier's Shrew Tenrec,Afrosoricida,Tenrecidae,,none
Microgale gymnorhyncha,Naked-nosed Shrew Tenrec,Afrosoricida,Tenrecidae,,none
Microgale jenkinsae,Jenkins's Shrew Tenrec,Afrosoricida,Tenrecidae,,none
Microgale jobihely,Dark Shrew Tenrec,Afrosoricida,Tenrecidae,,none
Microgale longicaudata,Lesser Long-tailed Shrew Tenrec,Afrosoricida,Tenrecidae,,none
Microgale majori,Major's Shrew Tenrec,Afrosoricida,Tenrecidae,,none
Microgale mergulus,Web-footed Tenrec,Afrosoricida,Tenrecidae,,none
Microgale monticola,Montane Shrew Tenrec,Afrosoricida,Tenrecidae,,none
Microgale nasoloi,Nasolo's Shrew Tenrec,Afrosoricida,Tenrecidae,,none
Microgale parvula,Pygmy Shrew Tenrec,Afrosoricida,Tenrecidae,,none
Microgale principula,Greater Long-tailed Shrew Tenrec,Afrosoricida,Tenrecidae,,none
Microgale pusilla,Least Shrew Tenrec,Afrosoricida,Tenrecidae,,none
Microgale soricoides,Shrew-toothed Shrew Tenrec,Afrosoricida,Tenrecidae,,none
Microgale taiva,Taiva Shrew Tenrec,Afrosoricida,Tenrecidae,,none
Microgale thomasi,Thomas's Shrew Tenrec,Afrosoricida,Tenrecidae,,none
Nesogale dobsoni,Dobson's Shrew Tenrec,Afrosoricida,Tenrecidae,,none
Nesogale talazaci,Talazac's Shrew Tenrec,Afrosoricida,Tenrecidae,,none
Oryzorictes hova,Mole-like Rice Tenrec,Afrosoricida,Tenrecidae,,none
Oryzorictes tetradactylus,Four-toed Rice Tenrec,Afrosoricida,Tenrecidae,,none
Echinops telfairi,Lesser Hedgehog Tenrec,Afrosoricida,Tenrecidae,,none
Hemicentetes nigriceps,Highland Streaked Tenrec,Afrosoricida,Tenrecidae,,none
Hemicentetes semispinosus,Lowland Streaked Tenrec,Afrosoricida,Tenrecidae,,none
Setifer setosus,Greater Hedgehog Tenrec,Afrosoricida,Tenrecidae,,none
Tenrec ecaudatus,Tailless Tenrec,Afrosoricida,Tenrecidae,,none
Orycteropus afer,Aardvark,Tubulidentata,Orycteropodidae,,none
Elephas maximus,Asian Elephant,Proboscidea,Elephantidae,Elephas maximus_Asian Elephant,exact
Loxodonta africana,African Savanna Elephant,Proboscidea,Elephantidae,Loxodonta africana_African Savanna Elephant,exact
Loxodonta cyclotis,African Forest Elephant,Proboscidea,Elephantidae,Loxodonta cyclotis_Forest Elephant,exact
Dendrohyrax arboreus,Southern Tree Hyrax,Hyracoidea,Procaviidae,Dendrohyrax arboreus_Southern Tree Hyrax,exact
Dendrohyrax dorsalis,Western Tree Hyrax,Hyracoidea,Procaviidae,Dendrohyrax dorsalis_Western Tree Hyrax,exact
Dendrohyrax interfluvialis,Benin Tree Hyrax,Hyracoidea,Procaviidae,,none
Dendrohyrax validus,Eastern Tree Hyrax,Hyracoidea,Procaviidae,Dendrohyrax validus_Eastern Tree Hyrax,exact
Heterohyrax brucei,Bush Hyrax,Hyracoidea,Procaviidae,Heterohyrax brucei_Bush Hyrax,exact
Procavia capensis,Rock Hyrax,Hyracoidea,Procaviidae,Procavia capensis_Rock Hyrax,exact
Dugong dugon,Dugong,Sirenia,Dugongidae,,none
Hydrodamalis gigas,Steller's Sea Cow,Sirenia,Dugongidae,,none
Trichechus inunguis,Amazonian Manatee,Sirenia,Trichechidae,,none
Trichechus manatus,West Indian Manatee,Sirenia,Trichechidae,,none
Trichechus senegalensis,West African Manatee,Sirenia,Trichechidae,,none
Cynocephalus volans,Philippine Colugo,Dermoptera,Cynocephalidae,,none
Galeopterus variegatus,Sunda Colugo,Dermoptera,Cynocephalidae,,none
Ptilocercus lowii,Pen-tailed Treeshrew,Scandentia,Ptilocercidae,,none
Anathana ellioti,Madras Treeshrew,Scandentia,Tupaiidae,Anathana ellioti_Madras Treeshrew,exact
Dendrogale melanura,Bornean Smooth-tailed Treeshrew,Scandentia,Tupaiidae,,none
Dendrogale murina,Northern Smooth-tailed Treeshrew,Scandentia,Tupaiidae,,none
Tupaia belangeri,Northern Treeshrew,Scandentia,Tupaiidae,Tupaia belangeri_Northern Treeshrew,exact
Tupaia chrysogaster,Golden-bellied Treeshrew,Scandentia,Tupaiidae,,none
Tupaia discolor,Banka Island Treeshrew,Scandentia,Tupaiidae,,none
Tupaia dorsalis,Striped Treeshrew,Scandentia,Tupaiidae,,none
Tupaia everetti,Mindanao Treeshrew,Scandentia,Tupaiidae,,none
Tupaia ferruginea,Sumatran Treeshrew,Scandentia,Tupaiidae,,none
Tupaia glis,Common Treeshrew,Scandentia,Tupaiidae,Tupaia glis_Common Treeshrew,exact
Tupaia gracilis,Slender Treeshrew,Scandentia,Tupaiidae,,none
Tupaia hypochrysa,Javan Treeshrew,Scandentia,Tupaiidae,,none
Tupaia javanica,Horsfield's Treeshrew,Scandentia,Tupaiidae,Tupaia javanica_Horsfield's Treeshrew,exact
Tupaia longipes,Long-footed Treeshrew,Scandentia,Tupaiidae,,none
Tupaia minor,Lesser Treeshrew,Scandentia,Tupaiidae,,none
Tupaia montana,Mountain Treeshrew,Scandentia,Tupaiidae,Tupaia montana_Mountain Treeshrew,exact
Tupaia nicobarica,Nicobar Treeshrew,Scandentia,Tupaiidae,,none
Tupaia palawanensis,Palawan Treeshrew,Scandentia,Tupaiidae,,none
Tupaia picta,Painted Treeshrew,Scandentia,Tupaiidae,,none
Tupaia salatana,Kalimantan Treeshrew,Scandentia,Tupaiidae,,none
Tupaia splendidula,Splendid Treeshrew,Scandentia,Tupaiidae,,none
Tupaia tana,Large Treeshrew,Scandentia,Tupaiidae,Tupaia tana_Large Treeshrew,exact
Allenopithecus nigroviridis,Allen's Swamp Monkey,Primates,Cercopithecidae,Allenopithecus nigroviridis_Allen's Swamp Monkey,exact
Allochrocebus lhoesti,L'Hoest's Monkey,Primates,Cercopithecidae,,none
Allochrocebus preussi,Preuss's Monkey,Primates,Cercopithecidae,,none
Allochrocebus solatus,Sun-tailed Monkey,Primates,Cercopithecidae,,none
Cercopithecus ascanius,Red-tailed Monkey,Primates,Cercopithecidae,Cercopithecus ascanius_Red-tailed Monkey,exact
Cercopithecus campbelli,Campbell's Monkey,Primates,Cercopithecidae,Cercopithecus campbelli_Campbell's Monkey,exact
Cercopithecus cephus,Mustached Monkey,Primates,Cercopithecidae,Cercopithecus cephus_Moustached Monkey,exact
Cercopithecus denti,Dent's Monkey,Primates,Cercopithecidae,,none
Cercopithecus diana,Diana Monkey,Primates,Cercopithecidae,,none
Cercopithecus erythrogaster,Red-bellied Monkey,Primates,Cercopithecidae,,none
Cercopithecus erythrotis,Red-eared Monkey,Primates,Cercopithecidae,,none
Cercopithecus hamlyni,Owl-faced Monkey,Primates,Cercopithecidae,,none
Cercopithecus lomamiensis,Lesula,Primates,Cercopithecidae,,none
Cercopithecus lowei,Lowe's Monkey,Primates,Cercopithecidae,Cercopithecus lowei_Lowe's Monkey,exact
Cercopithecus mitis,Blue Monkey,Primates,Cercopithecidae,Cercopithecus mitis_Blue Monkey,exact
Cercopithecus mona,Mona Monkey,Primates,Cercopithecidae,Cercopithecus mona_Mona Monkey,exact
Cercopithecus neglectus,De Brazza's Monkey,Primates,Cercopithecidae,Cercopithecus neglectus_De Brazza's Monkey,exact
Cercopithecus nictitans,Putty-nosed Monkey,Primates,Cercopithecidae,Cercopithecus nictitans_Putty-nosed Monkey,exact
Cercopithecus petaurista,Spot-nosed Monkey,Primates,Cercopithecidae,Cercopithecus petaurista_Lesser Spot-nosed Monkey,exact
Cercopithecus pogonias,Crowned Monkey,Primates,Cercopithecidae,Cercopithecus pogonias_Crowned Monkey,exact
Cercopithecus roloway,Roloway Monkey,Primates,Cercopithecidae,,none
Cercopithecus sclateri,Sclater's Monkey,Primates,Cercopithecidae,,none
Cercopithecus wolfi,Wolf's Monkey,Primates,Cercopithecidae,,none
Chlorocebus aethiops,Grivet Monkey,Primates,Cercopithecidae,,none
Chlorocebus cynosuros,Malbrouck Monkey,Primates,Cercopithecidae,Chlorocebus cynosuros_Malbrouck,exact
Chlorocebus djamdjamensis,Bale Mountains Monkey,Primates,Cercopithecidae,,none
Chlorocebus dryas,Dryas Monkey,Primates,Cercopithecidae,,none
Chlorocebus pygerythrus,Vervet Monkey,Primates,Cercopithecidae,Chlorocebus pygerythrus_Vervet Monkey,exact
Chlorocebus sabaeus,Green Monkey,Primates,Cercopithecidae,Chlorocebus sabaeus_Green Monkey,exact
Chlorocebus tantalus,Tantalus Monkey,Primates,Cercopithecidae,Chlorocebus tantalus_Tantalus Monkey,exact
Erythrocebus baumstarki,Southern Patas Monkey,Primates,Cercopithecidae,,none
Erythrocebus patas,Common Patas Monkey,Primates,Cercopithecidae,Erythrocebus patas_Patas Monkey,exact
Erythrocebus poliophaeus,Blue Nile Patas Monkey,Primates,Cercopithecidae,,none
Miopithecus ogouensis,Northern Talapoin Monkey,Primates,Cercopithecidae,Miopithecus ogouensis_Northern Talapoin,exact
Miopithecus talapoin,Southern Talapoin Monkey,Primates,Cercopithecidae,,none
Cercocebus agilis,Agile Mangabey,Primates,Cercopithecidae,Cercocebus agilis_Agile Mangabey,exact
Cercocebus atys,Sooty Mangabey,Primates,Cercopithecidae,,none
Cercocebus chrysogaster,Golden-bellied Mangabey,Primates,Cercopithecidae,,none
Cercocebus galeritus,Tana River Mangabey,Primates,Cercopithecidae,,none
Cercocebus lunulatus,White-naped Mangabey,Primates,Cercopithecidae,,none
Cercocebus sanjei,Sanje River Mangabey,Primates,Cercopithecidae,,none
Cercocebus torquatus,Red-capped Mangabey,Primates,Cercopithecidae,,none
Lophocebus albigena,Gray-cheeked Mangabey,Primates,Cercopithecidae,Lophocebus albigena_grey-mantled grey-cheeked mangabey,exact
Lophocebus aterrimus,Black Crested Mangabey,Primates,Cercopithecidae,,none
Lophocebus johnstoni,Johnston's Mangabey,Primates,Cercopithecidae,,none
Lophocebus opdenboschi,Southern Black Crested Mangabey,Primates,Cercopithecidae,,none
Lophocebus osmani,Rusty-Mantled Mangabey,Primates,Cercopithecidae,,none
Lophocebus ugandae,Ugandan Crested Mangabey,Primates,Cercopithecidae,,none
Macaca arctoides,Stump-tailed Macaque,Primates,Cercopithecidae,Macaca arctoides_Stump-tailed Macaque,exact
Macaca assamensis,Assamese Macaque,Primates,Cercopithecidae,Macaca assamensis_Assam Macaque,exact
Macaca brunnescens,Buton Macaque,Primates,Cercopithecidae,,none
Macaca cyclopis,Taiwanese Macaque,Primates,Cercopithecidae,Macaca cyclopis_Formosan Rock Macaque,exact
Macaca fascicularis,Long-tailed Macaque,Primates,Cercopithecidae,Macaca fascicularis_Long-tailed Macaque,exact
Macaca fuscata,Japanese Macaque,Primates,Cercopithecidae,Macaca fuscata_Japanese Macaque,exact
Macaca hecki,Heck's Macaque,Primates,Cercopithecidae,,none
Macaca leonina,Northern Pig-tailed Macaque,Primates,Cercopithecidae,Macaca leonina_Northern Pig-tailed Macaque,exact
Macaca leucogenys,White-cheeked Macaque,Primates,Cercopithecidae,,none
Macaca maura,Moor Macaque,Primates,Cercopithecidae,Macaca maura_Moor Macaque,exact
Macaca mulatta,Rhesus Macaque,Primates,Cercopithecidae,Macaca mulatta_Rhesus Macaque,exact
Macaca munzala,Arunachal Macaque,Primates,Cercopithecidae,Macaca munzala_Arunachal Macaque,exact
Macaca nemestrina,Southern Pig-tailed Macaque,Primates,Cercopithecidae,Macaca nemestrina_Southern Pig-tailed Macaque,exact
Macaca nigra,Crested Macaque,Primates,Cercopithecidae,Macaca nigra_Celebes Crested Macaque,exact
Macaca nigrescens,Gorontalo Macaque,Primates,Cercopithecidae,,none
Macaca ochreata,Booted Macaque,Primates,Cercopithecidae,,none
Macaca pagensis,Pagai Macaque,Primates,Cercopithecidae,,none
Macaca radiata,Bonnet Macaque,Primates,Cercopithecidae,Macaca radiata_Bonnet Macaque,exact
Macaca selai,Sela Macaque,Primates,Cercopithecidae,,none
Macaca siberu,Siberut Macaque,Primates,Cercopithecidae,,none
Macaca silenus,Lion-tailed Macaque,Primates,Cercopithecidae,Macaca silenus_Lion-tailed Macaque,exact
Macaca sinica,Toque Macaque,Primates,Cercopithecidae,Macaca sinica_Toque Macaque,exact
Macaca sylvanus,Barbary Macaque,Primates,Cercopithecidae,Macaca sylvanus_Barbary Macaque,exact
Macaca thibetana,Tibetan Macaque,Primates,Cercopithecidae,Macaca thibetana_Tibetan Macaque,exact
Macaca tonkeana,Tonkean Macaque,Primates,Cercopithecidae,,none
Mandrillus leucophaeus,Drill,Primates,Cercopithecidae,,none
Mandrillus sphinx,Mandrill,Primates,Cercopithecidae,Mandrillus sphinx_Mandrill,exact
Papio anubis,Olive Baboon,Primates,Cercopithecidae,Papio anubis_Olive Baboon,exact
Papio cynocephalus,Yellow Baboon,Primates,Cercopithecidae,Papio cynocephalus_Yellow Baboon,exact
Papio hamadryas,Hamadryas Baboon,Primates,Cercopithecidae,,none
Papio kindae,Kinda Baboon,Primates,Cercopithecidae,Papio kindae_Kinda Baboon,exact
Papio papio,Guinea Baboon,Primates,Cercopithecidae,Papio papio_Guinea Baboon,exact
Papio ursinus,Chacma Baboon,Primates,Cercopithecidae,Papio ursinus_Chacma Baboon,exact
Rungwecebus kipunji,Kipunji,Primates,Cercopithecidae,,none
Theropithecus gelada,Gelada,Primates,Cercopithecidae,Theropithecus gelada_Gelada,exact
Colobus angolensis,Angolan Colobus,Primates,Cercopithecidae,,none
Colobus congoensis,Likweli,Primates,Cercopithecidae,,none
Colobus guereza,Guereza,Primates,Cercopithecidae,Colobus guereza_Mantled Guereza,exact
Colobus polykomos,King Colobus,Primates,Cercopithecidae,Colobus polykomos_King Colobus,exact
Colobus satanas,Black Colobus,Primates,Cercopithecidae,,none
Colobus vellerosus,White-thighed Colobus,Primates,Cercopithecidae,,none
Piliocolobus badius,Upper Guinea Red Colobus,Primates,Cercopithecidae,Piliocolobus badius_Western Red Colobus,exact
Piliocolobus bouvieri,Bouvier's Red Colobus,Primates,Cercopithecidae,,none
Piliocolobus epieni,Niger Delta Red Colobus,Primates,Cercopithecidae,,none
Piliocolobus foai,Foa's Red Colobus,Primates,Cercopithecidae,,none
Piliocolobus gordonorum,Udzungwa Red Colobus,Primates,Cercopithecidae,Piliocolobus gordonorum_Udzungwa Red Colobus,exact
Piliocolobus kirkii,Zanzibar Red Colobus,Primates,Cercopithecidae,,none
Piliocolobus langi,Lang's Red Colobus,Primates,Cercopithecidae,,none
Piliocolobus oustaleti,Oustalet's Red Colobus,Primates,Cercopithecidae,,none
Piliocolobus parmentieri,Lomami Red Colobus,Primates,Cercopithecidae,,none
Piliocolobus pennantii,Pennant's Red Colobus,Primates,Cercopithecidae,,none
Piliocolobus preussi,Preuss's Red Colobus,Primates,Cercopithecidae,,none
Piliocolobus rufomitratus,Tana River Red Colobus,Primates,Cercopithecidae,,none
Piliocolobus semlikiensis,Semliki Red Colobus,Primates,Cercopithecidae,,none
Piliocolobus tephrosceles,Ashy Red Colobus,Primates,Cercopithecidae,,none
Piliocolobus tholloni,Tshuapa Red Colobus,Primates,Cercopithecidae,,none
Piliocolobus waldroni,Miss Waldron's Red Colobus,Primates,Cercopithecidae,,none
Procolobus verus,Olive Colobus,Primates,Cercopithecidae,,none
Nasalis larvatus,Proboscis Monkey,Primates,Cercopithecidae,Nasalis larvatus_Proboscis Monkey,exact
Presbytis bicolor,Black-and-white Langur,Primates,Cercopithecidae,,none
Presbytis canicrus,Miller's Langur,Primates,Cercopithecidae,,none
Presbytis chrysomelas,Cross-marked Langur,Primates,Cercopithecidae,,none
Presbytis comata,Javan Grizzled Langur,Primates,Cercopithecidae,Presbytis comata_Javan Surili,exact
Presbytis femoralis,Raffles's Banded Langur,Primates,Cercopithecidae,Presbytis femoralis_Banded Surili,exact
Presbytis fredericae,Javan Fuscous Langur,Primates,Cercopithecidae,,none
Presbytis frontata,White-fronted Langur,Primates,Cercopithecidae,,none
Presbytis hosei,Hose's Langur,Primates,Cercopithecidae,,none
Presbytis melalophos,Black-crested Sumatran Langur,Primates,Cercopithecidae,Presbytis melalophos_Sumatran Surili,exact
Presbytis mitrata,Mitered Langur,Primates,Cercopithecidae,,none
Presbytis natunae,Natuna Islands Langur,Primates,Cercopithecidae,,none
Presbytis percura,East Sumatran Banded Langur,Primates,Cercopithecidae,,none
Presbytis potenziani,Mentawai Langur,Primates,Cercopithecidae,,none
Presbytis robinsoni,Robinson's Banded Langur,Primates,Cercopithecidae,Presbytis robinsoni_Robinson’s Banded Langur,exact
Presbytis rubicunda,Maroon Langur,Primates,Cercopithecidae,Presbytis rubicunda_Maroon Leaf Monkey,exact
Presbytis sabana,Sabah Grizzled Langur,Primates,Cercopithecidae,,none
Presbytis siamensis,Pale-thighed Langur,Primates,Cercopithecidae,Presbytis siamensis_White-thighed Surili,exact
Presbytis siberu,Siberut Langur,Primates,Cercopithecidae,,none
Presbytis sumatrana,Black Sumatran Langur,Primates,Cercopithecidae,,none
Presbytis thomasi,Thomas's Langur,Primates,Cercopithecidae,,none
Pygathrix cinerea,Gray-shanked Douc,Primates,Cercopithecidae,,none
Pygathrix nemaeus,Red-shanked Douc,Primates,Cercopithecidae,Pygathrix nemaeus_Red-shanked Douc Langur,exact
Pygathrix nigripes,Black-shanked Douc,Primates,Cercopithecidae,Pygathrix nigripes_Black-shanked Douc Langur,exact
Rhinopithecus avunculus,Tonkin Snub-nosed Monkey,Primates,Cercopithecidae,,none
Rhinopithecus bieti,Yunnan Snub-nosed Monkey,Primates,Cercopithecidae,,none
Rhinopithecus brelichi,Guizhou Snub-nosed Monkey,Primates,Cercopithecidae,,none
Rhinopithecus roxellana,Golden Snub-nosed Monkey,Primates,Cercopithecidae,,none
Rhinopithecus strykeri,Stryker's Snub-nosed Monkey,Primates,Cercopithecidae,,none
Semnopithecus ajax,Chamba Sacred Langur,Primates,Cercopithecidae,,none
Semnopithecus entellus,Bengal Sacred Langur,Primates,Cercopithecidae,Semnopithecus entellus_Bengal Sacred Langur,exact
Semnopithecus hector,Terai Sacred Langur,Primates,Cercopithecidae,Semnopithecus hector_Terai Sacred Langur,exact
Semnopithecus hypoleucos,Malabar Sacred Langur,Primates,Cercopithecidae,Semnopithecus hypoleucos_Malabar Sacred Langur,exact
Semnopithecus johnii,Nilgiri Langur,Primates,Cercopithecidae,Semnopithecus johnii_Nilgiri Langur,exact
Semnopithecus priam,Tufted Gray Langur,Primates,Cercopithecidae,Semnopithecus priam_Tufted Gray Langur,exact
Semnopithecus schistaceus,Nepal Sacred Langur,Primates,Cercopithecidae,Semnopithecus schistaceus_Nepal Sacred Langur,exact
Semnopithecus vetulus,Purple-faced Langur,Primates,Cercopithecidae,Semnopithecus vetulus_Purple-faced Langur,exact
Simias concolor,Pig-tailed Langur,Primates,Cercopithecidae,,none
Trachypithecus auratus,East Javan Langur,Primates,Cercopithecidae,Trachypithecus auratus_Javan Lutung,exact
Trachypithecus barbei,Tenasserim Langur,Primates,Cercopithecidae,,none
Trachypithecus crepusculus,Indochinese Gray Langur,Primates,Cercopithecidae,Trachypithecus crepusculus_Indochinese Gray Langur,exact
Trachypithecus cristatus,Sunda Silvery Langur,Primates,Cercopithecidae,Trachypithecus cristatus_Silvered Leaf Monkey,exact
Trachypithecus delacouri,Delacour's Langur,Primates,Cercopithecidae,,none
Trachypithecus ebenus,Black Langur,Primates,Cercopithecidae,,none
Trachypithecus francoisi,François's Langur,Primates,Cercopithecidae,,none
Trachypithecus geei,Golden Langur,Primates,Cercopithecidae,Trachypithecus geei_Gee's Golden Lutung,exact
Trachypithecus germaini,Germain's Langur,Primates,Cercopithecidae,Trachypithecus germaini_Indochinese Lutung,exact
Trachypithecus hatinhensis,Hatinh Langur,Primates,Cercopithecidae,,none
Trachypithecus laotum,Laos Langur,Primates,Cercopithecidae,,none
Trachypithecus leucocephalus,White-headed Langur,Primates,Cercopithecidae,Trachypithecus leucocephalus_White-headed Lutung,exact
Trachypithecus margarita,Annamese Langur,Primates,Cercopithecidae,,none
Trachypithecus mauritius,West Javan Langur,Primates,Cercopithecidae,,none
Trachypithecus melamera,Shan Langur,Primates,Cercopithecidae,,none
Trachypithecus obscurus,Dusky Langur,Primates,Cercopithecidae,Trachypithecus obscurus_Dusky Leaf Monkey,exact
Trachypithecus phayrei,Phayre's Langur,Primates,Cercopithecidae,Trachypithecus phayrei_Phayre's Leaf Monkey,exact
Trachypithecus pileatus,Capped Langur,Primates,Cercopithecidae,,none
Trachypithecus poliocephalus,Cat Ba Langur,Primates,Cercopithecidae,,none
Trachypithecus popa,Popa Langur,Primates,Cercopithecidae,,none
Trachypithecus selangorensis,Selangor Silvery Langur,Primates,Cercopithecidae,Trachypithecus selangorensis_Selangor Silvered Langur,exact
Trachypithecus shortridgei,Shortridge's Langur,Primates,Cercopithecidae,,none
Gorilla beringei,Eastern Gorilla,Primates,Hominidae,,none
Gorilla gorilla,Western Gorilla,Primates,Hominidae,,none
Homo sapiens,Human,Primates,Hominidae,Homo sapiens_Human,exact
Pan paniscus,Bonobo,Primates,Hominidae,Pan paniscus_Bonobo,exact
Pan troglodytes,Chimpanzee,Primates,Hominidae,Pan troglodytes_Chimpanzee,exact
Pongo abelii,Sumatran Orangutan,Primates,Hominidae,,none
Pongo pygmaeus,Bornean Orangutan,Primates,Hominidae,Pongo pygmaeus_Bornean Orangutan,exact
Pongo tapanuliensis,Tapanuli Orangutan,Primates,Hominidae,,none
Hoolock hoolock,Western Hoolock Gibbon,Primates,Hylobatidae,Hoolock hoolock_Western Hoolock Gibbon,exact
Hoolock leuconedys,Eastern Hoolock Gibbon,Primates,Hylobatidae,,none
Hoolock tianxing,Skywalker Hoolock Gibbon,Primates,Hylobatidae,Hoolock tianxing_Skywalker Hoolock Gibbon,exact
Hylobates abbotti,Western Gray Gibbon,Primates,Hylobatidae,,none
Hylobates agilis,Agile Gibbon,Primates,Hylobatidae,Hylobates agilis_Agile Gibbon,exact
Hylobates albibarbis,Bornean White-bearded Gibbon,Primates,Hylobatidae,Hylobates albibarbis_Bornean White-bearded Gibbon,exact
Hylobates funereus,Eastern Gray Gibbon,Primates,Hylobatidae,Hylobates funereus_North Bornean Gray Gibbon,exact
Hylobates klossii,Kloss's Gibbon,Primates,Hylobatidae,,none
Hylobates lar,Lar Gibbon,Primates,Hylobatidae,Hylobates lar_Lar Gibbon,exact
Hylobates moloch,Moloch Gibbon,Primates,Hylobatidae,Hylobates moloch_Javan Gibbon,exact
Hylobates muelleri,Southern Gray Gibbon,Primates,Hylobatidae,Hylobates muelleri_Müller's Gibbon,exact
Hylobates pileatus,Pileated Gibbon,Primates,Hylobatidae,Hylobates pileatus_Pileated Gibbon,exact
Nomascus annamensis,Northern Yellow-cheeked Crested Gibbon,Primates,Hylobatidae,,none
Nomascus concolor,Western Black Crested Gibbon,Primates,Hylobatidae,,none
Nomascus gabriellae,Southern Yellow-cheeked Crested Gibbon,Primates,Hylobatidae,Nomascus gabriellae_Southern Yellow-cheeked Gibbon,exact
Nomascus hainanus,Hainan Crested Gibbon,Primates,Hylobatidae,,none
Nomascus leucogenys,Northern White-cheeked Crested Gibbon,Primates,Hylobatidae,,none
Nomascus nasutus,Eastern Black Crested Gibbon,Primates,Hylobatidae,,none
Nomascus siki,Southern White-cheeked Crested Gibbon,Primates,Hylobatidae,,none
Symphalangus syndactylus,Siamang,Primates,Hylobatidae,Symphalangus syndactylus_Siamang,exact
Aotus azarae,Azara's Night Monkey,Primates,Aotidae,Aotus azarae_Azara’s Night Monkey,exact
Aotus brumbacki,Brumback's Night Monkey,Primates,Aotidae,,none
Aotus griseimembra,Gray-legged Night Monkey,Primates,Aotidae,,none
Aotus lemurinus,Lemurine Night Monkey,Primates,Aotidae,Aotus lemurinus_Colombian Night Monkey,exact
Aotus miconax,Andean Night Monkey,Primates,Aotidae,,none
Aotus nancymai,Ma's Night Monkey,Primates,Aotidae,,none
Aotus nigriceps,Black-headed Night Monkey,Primates,Aotidae,Aotus nigriceps_Black-headed Night Monkey,exact
Aotus trivirgatus,Humboldt's Night Monkey,Primates,Aotidae,,none
Aotus vociferans,Spix's Night Monkey,Primates,Aotidae,Aotus vociferans_Spix's Night Monkey,exact
Aotus zonalis,Panamanian Night Monkey,Primates,Aotidae,,none
Alouatta arctoidea,Ursine Red Howler,Primates,Atelidae,Alouatta arctoidea_Ursine Howler Monkey,exact
Alouatta belzebul,Eastern Red-handed Howler,Primates,Atelidae,Alouatta belzebul_Red-handed Howler Monkey,exact
Alouatta caraya,Black-and-gold Howler,Primates,Atelidae,Alouatta caraya_Black-and-gold Howler Monkey,exact
Alouatta discolor,Spix's Red-handed Howler,Primates,Atelidae,Alouatta discolor_Spix's Red-handed Howler Monkey,exact
Alouatta guariba,Brown Howler,Primates,Atelidae,Alouatta guariba_Brown Howler Monkey,exact
Alouatta macconnelli,Guianan Red Howler,Primates,Atelidae,Alouatta macconnelli_Guianan Red Howler Monkey,exact
Alouatta nigerrima,Amazon Black Howler,Primates,Atelidae,,none
Alouatta palliata,Mantled Howler,Primates,Atelidae,Alouatta palliata_Mantled Howler Monkey,exact
Alouatta pigra,Central American Black Howler,Primates,Atelidae,Alouatta pigra_Yucatán Black Howler Monkey,exact
Alouatta sara,Bolivian Red Howler,Primates,Atelidae,Alouatta sara_Bolivian Red Howler Monkey,exact
Alouatta seniculus,Colombian Red Howler,Primates,Atelidae,Alouatta seniculus_Colombian Red Howler Monkey,exact
Alouatta ululata,Maranhão Red-handed Howler,Primates,Atelidae,,none
Ateles belzebuth,White-bellied Spider Monkey,Primates,Atelidae,Ateles belzebuth_White-bellied Spider Monkey,exact
Ateles chamek,Black Spider Monkey,Primates,Atelidae,Ateles chamek_Black-faced Black Spider Monkey,exact
Ateles fusciceps,Brown-headed Spider Monkey,Primates,Atelidae,Ateles fusciceps_Brown-headed Spider Monkey,exact
Ateles geoffroyi,Central American Spider Monkey,Primates,Atelidae,Ateles geoffroyi_Central American Spider Monkey,exact
Ateles hybridus,Variegated Spider Monkey,Primates,Atelidae,Ateles hybridus_Long-haired spider monkey,exact
Ateles marginatus,White-whiskered Spider Monkey,Primates,Atelidae,Ateles marginatus_White-cheeked Spider Monkey,exact
Ateles paniscus,Red-faced Black Spider Monkey,Primates,Atelidae,Ateles paniscus_Guiana Spider Monkey,exact
Brachyteles arachnoides,Southern Muriqui,Primates,Atelidae,Brachyteles arachnoides_Southern Muriqui,exact
Brachyteles hypoxanthus,Northern Muriqui,Primates,Atelidae,Brachyteles hypoxanthus_Northern Muriqui,exact
Lagothrix flavicauda,Yellow-tailed Woolly Monkey,Primates,Atelidae,,none
Lagothrix lagothricha,Common Woolly Monkey,Primates,Atelidae,Lagothrix lagothricha_Common Woolly Monkey,exact
Callimico goeldii,Goeldi's Monkey,Primates,Callitrichidae,,none
Callithrix aurita,Buffy-tufted-ear Marmoset,Primates,Callitrichidae,Callithrix aurita_Buffy-tufted-ear Marmoset,exact
Callithrix flaviceps,Buffy-headed Marmoset,Primates,Callitrichidae,Callithrix flaviceps_Buffy-headed Marmoset,exact
Callithrix geoffroyi,Geoffroy's Tufted-ear Marmoset,Primates,Callitrichidae,Callithrix geoffroyi_Geoffroy’s Tufted-ear Marmoset,exact
Callithrix jacchus,Common Marmoset,Primates,Callitrichidae,Callithrix jacchus_Common Marmoset,exact
Callithrix kuhlii,Wied's Marmoset,Primates,Callitrichidae,Callithrix kuhlii_Wied's Black-tufted-ear Marmoset,exact
Callithrix penicillata,Black-tufted-ear Marmoset,Primates,Callitrichidae,Callithrix penicillata_Black-tufted-ear Marmoset,exact
Cebuella niveiventris,Southern Pygmy Marmoset,Primates,Callitrichidae,,none
Cebuella pygmaea,Northern Pygmy Marmoset,Primates,Callitrichidae,Cebuella pygmaea_Western Pygmy Marmoset,exact
Leontopithecus caissara,Black-faced Lion Tamarin,Primates,Callitrichidae,,none
Leontopithecus chrysomelas,Golden-headed Lion Tamarin,Primates,Callitrichidae,Leontopithecus chrysomelas_Golden-headed Lion Tamarin,exact
Leontopithecus chrysopygus,Black Lion Tamarin,Primates,Callitrichidae,Leontopithecus chrysopygus_Black Lion Tamarin,exact
Leontopithecus rosalia,Golden Lion Tamarin,Primates,Callitrichidae,Leontopithecus rosalia_Golden Lion Tamarin,exact
Mico acariensis,Rio Acarí Marmoset,Primates,Callitrichidae,,none
Mico argentatus,Silvery Marmoset,Primates,Callitrichidae,,none
Mico chrysoleucos,Golden-white Tassel-ear Marmoset,Primates,Callitrichidae,,none
Mico emiliae,Snethlage's Marmoset,Primates,Callitrichidae,,none
Mico humeralifer,Santarém Marmoset,Primates,Callitrichidae,,none
Mico humilis,Black-crowned Dwarf Marmoset,Primates,Callitrichidae,,none
Mico intermedius,Rio Aripuanã Marmoset,Primates,Callitrichidae,,none
Mico leucippe,Golden-white Bare-ear Marmoset,Primates,Callitrichidae,,none
Mico marcai,Marca's Marmoset,Primates,Callitrichidae,,none
Mico mauesi,Maués Marmoset,Primates,Callitrichidae,,none
Mico melanurus,Black-tailed Marmoset,Primates,Callitrichidae,Mico melanurus_Black-tailed Marmoset,exact
Mico munduruku,Munduruku Marmoset,Primates,Callitrichidae,,none
Mico nigriceps,Black-headed Marmoset,Primates,Callitrichidae,,none
Mico rondoni,Rondon's Marmoset,Primates,Callitrichidae,Mico rondoni_Rondon's Marmoset,exact
Mico saterei,Sateré Marmoset,Primates,Callitrichidae,,none
Mico schneideri,Schneider's Marmoset,Primates,Callitrichidae,,none
Saguinus bicolor,Pied Bare-faced Tamarin,Primates,Callitrichidae,,none
Saguinus cruzlimai,Cruz Lima's Saddle-back Tamarin,Primates,Callitrichidae,,none
Saguinus fuscicollis,Spix's Saddle-back Tamarin,Primates,Callitrichidae,Saguinus fuscicollis_Saddleback Tamarin,exact
Saguinus fuscus,Lesson's Saddle-back Tamarin,Primates,Callitrichidae,,none
Saguinus geoffroyi,Geoffroy's Tamarin,Primates,Callitrichidae,Saguinus geoffroyi_Geoffroy’s Tamarin,exact
Saguinus illigeri,Illiger's Saddle-back Tamarin,Primates,Callitrichidae,,none
Saguinus imperator,Black-chinned Emperor Tamarin,Primates,Callitrichidae,Saguinus imperator_Black-chinned Emperor Tamarin,exact
Saguinus inustus,Mottled-face Tamarin,Primates,Callitrichidae,Saguinus inustus_Mottled-face Tamarin,exact
Saguinus kulina,Kulinas' Mustached Tamarin,Primates,Callitrichidae,,none
Saguinus labiatus,Red-bellied Tamarin,Primates,Callitrichidae,Saguinus labiatus_Red-chested Mustached Tamarin,exact
Saguinus lagonotus,Red-mantled Saddle-back Tamarin,Primates,Callitrichidae,Saguinus lagonotus_Red-mantle Saddle-back Tamarin,exact
Saguinus leucogenys,Andean Saddle-back Tamarin,Primates,Callitrichidae,Saguinus leucogenys_Andean Saddle-back Tamarin,exact
Saguinus leucopus,White-footed Tamarin,Primates,Callitrichidae,Saguinus leucopus_Silvery-brown Tamarin,exact
Saguinus martinsi,Martins's Bare-faced Tamarin,Primates,Callitrichidae,,none
Saguinus midas,Midas Tamarin,Primates,Callitrichidae,Saguinus midas_Golden-handed Tamarin,exact
Saguinus mystax,Spix's Mustached Tamarin,Primates,Callitrichidae,Saguinus mystax_Spix's Mustached Tamarin,exact
Saguinus niger,Western Black-handed Tamarin,Primates,Callitrichidae,Saguinus niger_Western Black-handed Tamarin,exact
Saguinus nigricollis,Black-mantled Tamarin,Primates,Callitrichidae,Saguinus nigricollis_Black-mantled Tamarin,exact
Saguinus nigrifrons,Geoffroy's Saddle-back Tamarin,Primates,Callitrichidae,,none
Saguinus oedipus,Cotton-top Tamarin,Primates,Callitrichidae,Saguinus oedipus_Cotton-headed Tamarin,exact
Saguinus pileatus,Red-cap Mustached Tamarin,Primates,Callitrichidae,,none
Saguinus subgrisescens,Bearded Emperor Tamarin,Primates,Callitrichidae,,none
Saguinus tripartitus,Golden-mantled Saddle-back Tamarin,Primates,Callitrichidae,Saguinus tripartitus_Golden-mantle Saddleback Tamarin,exact
Saguinus ursula,Eastern Black-handed Tamarin,Primates,Callitrichidae,Saguinus ursula_Eastern Black-handed Tamarin,exact
Saguinus weddellii,Weddell's Saddle-back Tamarin,Primates,Callitrichidae,Saguinus weddelli_White-mantled Tamarin,synonym
Cebus albifrons,White-fronted Capuchin,Primates,Cebidae,Cebus aequatorialis_Ecuadorian White-fronted Capuchin|Cebus cuscinus_Shock-headed Capuchin|Cebus versicolor_Varied Capuchin|Cebus yuracus_Marañón white-fronted capuchin,synonym
Cebus capucinus,White-faced Capuchin,Primates,Cebidae,Cebus capucinus_Colombian White-throated Capuchin|Cebus imitator_Central American White-faced Capuchin,exact
Cebus kaapori,Ka'apor Capuchin,Primates,Cebidae,,none
Cebus olivaceus,Weeper Capuchin,Primates,Cebidae,,none
Sapajus apella,Brown Capuchin,Primates,Cebidae,Sapajus apella_Brown Capuchin,exact
Sapajus cay,Hooded Capuchin,Primates,Cebidae,Sapajus cay_Hooded Capuchin,exact
Sapajus flavius,Blond Capuchin,Primates,Cebidae,,none
Sapajus libidinosus,Bearded Capuchin,Primates,Cebidae,Sapajus libidinosus_Black-striped Capuchin,exact
Sapajus nigritus,Black-horned Capuchin,Primates,Cebidae,Sapajus nigritus_Black capuchin,exact
Sapajus robustus,Crested Capuchin,Primates,Cebidae,Sapajus robustus_Crested Capuchin,exact
Sapajus xanthosternos,Yellow-breasted Capuchin,Primates,Cebidae,,none
Saimiri boliviensis,Black-capped Squirrel Monkey,Primates,Cebidae,Saimiri boliviensis_Black-capped Squirrel Monkey,exact
Saimiri cassiquiarensis,Humboldt's Squirrel Monkey,Primates,Cebidae,Saimiri cassiquiarensis_Humboldt’s Squirrel Monkey,exact
Saimiri collinsi,Collins's Squirrel Monkey,Primates,Cebidae,Saimiri collinsi_Collins' Squirrel Monkey,exact
Saimiri macrodon,Ecuadorian Squirrel Monkey,Primates,Cebidae,Saimiri macrodon_Ecuadorian Squirrel Monkey,exact
Saimiri oerstedii,Central American Squirrel Monkey,Primates,Cebidae,Saimiri oerstedii_Central American Squirrel Monkey,exact
Saimiri sciureus,Guianan Squirrel Monkey,Primates,Cebidae,Saimiri sciureus_Common Squirrel Monkey,exact
Saimiri ustus,Golden-backed Squirrel Monkey,Primates,Cebidae,,none
Saimiri vanzolinii,Black-headed Squirrel Monkey,Primates,Cebidae,,none
Callicebus barbarabrownae,Blond Titi,Primates,Pitheciidae,Callicebus barbarabrownae_Blonde Titi,exact
Callicebus coimbrai,Coimbra-Filho's Titi,Primates,Pitheciidae,Callicebus coimbrai_Coimbra's Titi,exact
Callicebus melanochir,Southern Bahian Titi,Primates,Pitheciidae,,none
Callicebus nigrifrons,Black-fronted Titi,Primates,Pitheciidae,Callicebus nigrifrons_Black-fronted Titi,exact
Callicebus personatus,Masked Titi,Primates,Pitheciidae,Callicebus personatus_Northern Masked Titi,exact
Cheracebus aquinoi,Aquino's Titi,Primates,Pitheciidae,,none
Cheracebus lucifer,Yellow-handed Titi,Primates,Pitheciidae,Cheracebus lucifer_Lucifer Titi,exact
Cheracebus lugens,White-chested Titi,Primates,Pitheciidae,Cheracebus lugens_Black Titi,exact
Cheracebus medemi,Medem's Titi,Primates,Pitheciidae,,none
Cheracebus regulus,Rio Juruá Collared Titi,Primates,Pitheciidae,,none
Cheracebus torquatus,White-collared Titi,Primates,Pitheciidae,,none
Plecturocebus baptista,Lake Baptista Titi,Primates,Pitheciidae,,none
Plecturocebus bernhardi,Prince Bernhard's Titi,Primates,Pitheciidae,,none
Plecturocebus brunneus,Brown Titi,Primates,Pitheciidae,Plecturocebus brunneus_Brown Titi,exact
Plecturocebus caligatus,Chestnut-bellied Titi,Primates,Pitheciidae,Plecturocebus caligatus_Booted Titi,exact
Plecturocebus caquetensis,Caquetá Titi,Primates,Pitheciidae,,none
Plecturocebus cinerascens,Ashy Titi,Primates,Pitheciidae,,none
Plecturocebus cupreus,Coppery Titi,Primates,Pitheciidae,Plecturocebus cupreus_Coppery Titi|Plecturocebus discolor_White-tailed Titi,exact
Plecturocebus donacophilus,White-eared Titi,Primates,Pitheciidae,Plecturocebus donacophilus_Bolivian Gray Titi,exact
Plecturocebus grovesi,Groves's Titi,Primates,Pitheciidae,,none
Plecturocebus hoffmannsi,Hoffmanns's Titi,Primates,Pitheciidae,,none
Plecturocebus leucometopus,Red-crowned Titi,Primates,Pitheciidae,,none
Plecturocebus miltoni,Milton's Titi,Primates,Pitheciidae,,none
Plecturocebus modestus,Río Beni Titi,Primates,Pitheciidae,,none
Plecturocebus moloch,Red-bellied Titi,Primates,Pitheciidae,Plecturocebus moloch_Red-bellied Titi,exact
Plecturocebus oenanthe,San Martín Titi,Primates,Pitheciidae,Plecturocebus oenanthe_Rio Mayo Titi,exact
Plecturocebus olallae,Olallas' Titi,Primates,Pitheciidae,,none
Plecturocebus ornatus,Ornate Titi,Primates,Pitheciidae,Plecturocebus ornatus_Ornate Titi,exact
Plecturocebus pallescens,Pale Titi,Primates,Pitheciidae,Plecturocebus pallescens_Pale Titi,exact
Plecturocebus parecis,Parecis Titi,Primates,Pitheciidae,,none
Plecturocebus toppini,Toppin's Titi,Primates,Pitheciidae,Plecturocebus toppini_Toppin's Titi|Plecturocebus aureipalatii_Madidi Titi,exact
Plecturocebus urubambensis,Urubamba Brown Titi,Primates,Pitheciidae,,none
Plecturocebus vieirai,Vieira's Titi,Primates,Pitheciidae,,none
Xenothrix mcgregori,Jamaican Monkey,Primates,Pitheciidae,,none
Cacajao amuna,Kanamari White Uacari,Primates,Pitheciidae,,none
Cacajao ayresi,Araçá Uacari,Primates,Pitheciidae,,none
Cacajao calvus,White Bald Uacari,Primates,Pitheciidae,,none
Cacajao hosomi,Neblina Uacari,Primates,Pitheciidae,,none
Cacajao melanocephalus,Golden-brown Uacari,Primates,Pitheciidae,,none
Cacajao novaesi,Novaes's Bald Uacari,Primates,Pitheciidae,,none
Cacajao rubicundus,Red Bald Uacari,Primates,Pitheciidae,,none
Cacajao ucayalii,Ucayali Bald Uacari,Primates,Pitheciidae,Cacajao ucayalii_Ucayali Bald Uacari,exact
Chiropotes albinasus,Red-nosed Bearded Saki,Primates,Pitheciidae,,none
Chiropotes chiropotes,Rio Negro Bearded Saki,Primates,Pitheciidae,,none
Chiropotes sagulatus,Guianan Bearded Saki,Primates,Pitheciidae,Chiropotes sagulatus_Northern Bearded Saki Monkey,exact
Chiropotes satanas,Black Bearded Saki,Primates,Pitheciidae,,none
Chiropotes utahicki,Uta Hick's Bearded Saki,Primates,Pitheciidae,Chiropotes utahicki_Uta Hick's Bearded Saki,exact
Pithecia aequatorialis,Equatorial Saki,Primates,Pitheciidae,,none
Pithecia albicans,Buffy Saki,Primates,Pitheciidae,,none
Pithecia cazuzai,Cazuza's Saki,Primates,Pitheciidae,,none
Pithecia chrysocephala,Golden-faced Saki,Primates,Pitheciidae,Pithecia chrysocephala_Golden-faced Saki,exact
Pithecia hirsuta,Hairy Saki,Primates,Pitheciidae,,none
Pithecia irrorata,Gray's Bald-faced Saki,Primates,Pitheciidae,Pithecia irrorata_Gray's Bald-faced Saki,exact
Pithecia isabela,Isabel's Saki,Primates,Pitheciidae,,none
Pithecia milleri,Miller's Saki,Primates,Pitheciidae,Pithecia milleri_Miller's Saki,exact
Pithecia monachus,Monk Saki,Primates,Pitheciidae,Pithecia monachus_Monk Saki,exact
Pithecia napensis,Napo Saki,Primates,Pitheciidae,Pithecia napensis_Napo Saki,exact
Pithecia pithecia,White-faced Saki,Primates,Pitheciidae,,none
Pithecia vanzolinii,Vanzolini's Bald-faced Saki,Primates,Pitheciidae,,none
Carlito syrichta,Philippine Tarsier,Primates,Tarsiidae,,none
Cephalopachus bancanus,Western Tarsier,Primates,Tarsiidae,,none
Tarsius dentatus,Dian's Tarsier,Primates,Tarsiidae,,none
Tarsius fuscus,Makassar Tarsier,Primates,Tarsiidae,,none
Tarsius lariang,Lariang Tarsier,Primates,Tarsiidae,,none
Tarsius niemitzi,Niemitz's Tarsier,Primates,Tarsiidae,,none
Tarsius pelengensis,Peleng Tarsier,Primates,Tarsiidae,,none
Tarsius pumilus,Pygmy Tarsier,Primates,Tarsiidae,,none
Tarsius sangirensis,Great Sangihe Tarsier,Primates,Tarsiidae,,none
Tarsius spectrumgurskyae,Gursky's Spectral Tarsier,Primates,Tarsiidae,Tarsius spectrumgurskyae_Gursky's Spectral Tarsier,exact
Tarsius supriatnai,Jatna's Tarsier,Primates,Tarsiidae,,none
Tarsius tarsier,Selayar Tarsier,Primates,Tarsiidae,,none
Tarsius tumpara,Siau Island Tarsier,Primates,Tarsiidae,,none
Tarsius wallacei,Wallace's Tarsier,Primates,Tarsiidae,,none
Daubentonia madagascariensis,Aye-aye,Primates,Daubentoniidae,,none
Archaeolemur edwardsi,Edwards's Monkey Lemur,Primates,Archaeolemuridae,,none
Allocebus trichotis,Hairy-eared Dwarf Lemur,Primates,Cheirogaleidae,,none
Cheirogaleus andysabini,Montagne d'Ambre Dwarf Lemur,Primates,Cheirogaleidae,,none
Cheirogaleus crossleyi,Crossley's Dwarf Lemur,Primates,Cheirogaleidae,,none
Cheirogaleus grovesi,Groves's Dwarf Lemur,Primates,Cheirogaleidae,,none
Cheirogaleus lavasoensis,Lavasoa Dwarf Lemur,Primates,Cheirogaleidae,,none
Cheirogaleus major,Greater Dwarf Lemur,Primates,Cheirogaleidae,,none
Cheirogaleus medius,Fat-tailed Dwarf Lemur,Primates,Cheirogaleidae,,none
Cheirogaleus minusculus,Lesser Iron-gray Dwarf Lemur,Primates,Cheirogaleidae,,none
Cheirogaleus shethi,Ankarana Dwarf Lemur,Primates,Cheirogaleidae,,none
Cheirogaleus sibreei,Sibree's Dwarf Lemur,Primates,Cheirogaleidae,,none
Cheirogaleus thomasi,Thomas's Dwarf Lemur,Primates,Cheirogaleidae,,none
Microcebus arnholdi,Montagne d'Ambre Mouse Lemur,Primates,Cheirogaleidae,,none
Microcebus berthae,Madame Berthe's Mouse Lemur,Primates,Cheirogaleidae,,none
Microcebus danfossi,Ambarijeby Mouse Lemur,Primates,Cheirogaleidae,,none
Microcebus gerpi,Gerp's Mouse Lemur,Primates,Cheirogaleidae,,none
Microcebus griseorufus,Gray-brown Mouse Lemur,Primates,Cheirogaleidae,,none
Microcebus jollyae,Jolly's Mouse Lemur,Primates,Cheirogaleidae,,none
Microcebus jonahi,Jonah's Mouse Lemur,Primates,Cheirogaleidae,,none
Microcebus lehilahytsara,Goodman's Mouse Lemur,Primates,Cheirogaleidae,,none
Microcebus macarthurii,Anjiahely Mouse Lemur,Primates,Cheirogaleidae,,none
Microcebus mamiratra,Nosy Be Mouse Lemur,Primates,Cheirogaleidae,,none
Microcebus margotmarshae,Margot Marsh's Mouse Lemur,Primates,Cheirogaleidae,,none
Microcebus murinus,Gray Mouse Lemur,Primates,Cheirogaleidae,,none
Microcebus myoxinus,Peters's Mouse Lemur,Primates,Cheirogaleidae,,none
Microcebus ravelobensis,Golden-brown Mouse Lemur,Primates,Cheirogaleidae,,none
Microcebus rufus,Rufous Mouse Lemur,Primates,Cheirogaleidae,,none
Microcebus sambiranensis,Sambirano Mouse Lemur,Primates,Cheirogaleidae,,none
Microcebus simmonsi,Simmons's Mouse Lemur,Primates,Cheirogaleidae,,none
Microcebus tanosi,Anosy Mouse Lemur,Primates,Cheirogaleidae,,none
Microcebus tavaratra,Tavaratra Mouse Lemur,Primates,Cheirogaleidae,,none
Mirza coquereli,Coquerel's Giant Mouse Lemur,Primates,Cheirogaleidae,,none
Mirza zaza,Northern Giant Mouse Lemur,Primates,Cheirogaleidae,,none
Phaner electromontis,Montagne d'Ambre Fork-marked Lemur,Primates,Cheirogaleidae,,none
Phaner furcifer,Masoala Fork-marked Lemur,Primates,Cheirogaleidae,,none
Phaner pallescens,Pale Fork-marked Lemur,Primates,Cheirogaleidae,Phaner pallescens_Pale Fork-marked Lemur,exact
Phaner parienti,Sambirano Fork-marked Lemur,Primates,Cheirogaleidae,,none
Avahi betsileo,Betsileo Woolly Lemur,Primates,Indriidae,,none
Avahi cleesei,Bemaraha Woolly Lemur,Primates,Indriidae,,none
Avahi laniger,Eastern Woolly Lemur,Primates,Indriidae,Avahi laniger_Gmelin's Woolly Lemur,exact
Avahi meridionalis,Southern Woolly Lemur,Primates,Indriidae,,none
Avahi mooreorum,Masoala Woolly Lemur,Primates,Indriidae,,none
Avahi occidentalis,Western Woolly Lemur,Primates,Indriidae,,none
Avahi peyrierasi,Peyrieras's Woolly Lemur,Primates,Indriidae,,none
Avahi ramanantsoavani,Manombo Woolly Lemur,Primates,Indriidae,,none
Avahi unicolor,Sambirano Woolly Lemur,Primates,Indriidae,,none
Indri indri,Indri,Primates,Indriidae,Indri indri_Indri,exact
Propithecus candidus,Silky Sifaka,Primates,Indriidae,,none
Propithecus coquereli,Coquerel's Sifaka,Primates,Indriidae,Propithecus coquereli_Coquerel's Sifaka,exact
Propithecus coronatus,Crowned Sifaka,Primates,Indriidae,,none
Propithecus deckenii,Decken's Sifaka,Primates,Indriidae,,none
Propithecus diadema,Diademed Sifaka,Primates,Indriidae,Propithecus diadema_Diademed Sifaka,exact
Propithecus edwardsi,Milne-Edwards's Sifaka,Primates,Indriidae,,none
Propithecus perrieri,Perrier's Sifaka,Primates,Indriidae,,none
Propithecus tattersalli,Tattersall's Sifaka,Primates,Indriidae,,none
Propithecus verreauxi,Verreaux's Sifaka,Primates,Indriidae,Propithecus verreauxi_Verreaux's Sifaka,exact
Eulemur albifrons,White-fronted Brown Lemur,Primates,Lemuridae,Eulemur albifrons_White-fronted Brown Lemur,exact
Eulemur cinereiceps,White-collared Brown Lemur,Primates,Lemuridae,,none
Eulemur collaris,Red-collared Brown Lemur,Primates,Lemuridae,,none
Eulemur coronatus,Crowned Lemur,Primates,Lemuridae,,none
Eulemur flavifrons,Blue-eyed Black Lemur,Primates,Lemuridae,,none
Eulemur fulvus,Brown Lemur,Primates,Lemuridae,Eulemur fulvus_Common Brown Lemur,exact
Eulemur macaco,Black Lemur,Primates,Lemuridae,Eulemur macaco_Black Lemur,exact
Eulemur mongoz,Mongoose Lemur,Primates,Lemuridae,,none
Eulemur rubriventer,Red-bellied Lemur,Primates,Lemuridae,,none
Eulemur rufifrons,Red-fronted Brown Lemur,Primates,Lemuridae,,none
Eulemur rufus,Rufous Brown Lemur,Primates,Lemuridae,Eulemur rufus_Red Brown Lemur,exact
Eulemur sanfordi,Sanford's Brown Lemur,Primates,Lemuridae,,none
Hapalemur alaotrensis,Lac Alaotra Bamboo Lemur,Primates,Lemuridae,,none
Hapalemur aureus,Golden Bamboo Lemur,Primates,Lemuridae,,none
Hapalemur griseus,Gray Bamboo Lemur,Primates,Lemuridae,,none
Hapalemur meridionalis,Southern Bamboo Lemur,Primates,Lemuridae,,none
Hapalemur occidentalis,Northern Bamboo Lemur,Primates,Lemuridae,,none
Lemur catta,Ring-tailed Lemur,Primates,Lemuridae,Lemur catta_Ring-tailed Lemur,exact
Prolemur simus,Greater Bamboo Lemur,Primates,Lemuridae,,none
Varecia rubra,Red Ruffed Lemur,Primates,Lemuridae,Varecia rubra_Red Ruffed Lemur,exact
Varecia variegata,Black-and-white Ruffed Lemur,Primates,Lemuridae,Varecia variegata_Black-and-white Ruffed Lemur,exact
Lepilemur aeeclis,Antafia Sportive Lemur,Primates,Lepilemuridae,,none
Lepilemur ahmansoni,Tsiombikibo Sportive Lemur,Primates,Lepilemuridae,,none
Lepilemur ankaranensis,Ankarana Sportive Lemur,Primates,Lepilemuridae,,none
Lepilemur betsileo,Betsileo Sportive Lemur,Primates,Lepilemuridae,,none
Lepilemur dorsalis,Gray's Sportive Lemur,Primates,Lepilemuridae,,none
Lepilemur edwardsi,Milne-Edwards's Sportive Lemur,Primates,Lepilemuridae,,none
Lepilemur fleuretae,Andohahela Sportive Lemur,Primates,Lepilemuridae,,none
Lepilemur grewcocki,Anjiamangirana Sportive Lemur,Primates,Lepilemuridae,,none
Lepilemur hollandorum,Mananara-Nord Sportive Lemur,Primates,Lepilemuridae,,none
Lepilemur hubbardi,Zombitse Sportive Lemur,Primates,Lepilemuridae,,none
Lepilemur jamesi,Manombo Sportive Lemur,Primates,Lepilemuridae,,none
Lepilemur leucopus,White-footed Sportive Lemur,Primates,Lepilemuridae,,none
Lepilemur microdon,Small-toothed Sportive Lemur,Primates,Lepilemuridae,,none
Lepilemur milanoii,Daraina Sportive Lemur,Primates,Lepilemuridae,,none
Lepilemur mustelinus,Weasel Sportive Lemur,Primates,Lepilemuridae,,none
Lepilemur otto,Ambodimahabibo Sportive Lemur,Primates,Lepilemuridae,,none
Lepilemur petteri,Petter's Sportive Lemur,Primates,Lepilemuridae,,none
Lepilemur randrianasoloi,Bemaraha Sportive Lemur,Primates,Lepilemuridae,,none
Lepilemur ruficaudatus,Red-tailed Sportive Lemur,Primates,Lepilemuridae,,none
Lepilemur sahamalaza,Sahamalaza Sportive Lemur,Primates,Lepilemuridae,,none
Lepilemur scottorum,Masoala Sportive Lemur,Primates,Lepilemuridae,,none
Lepilemur seali,Seal's Sportive Lemur,Primates,Lepilemuridae,,none
Lepilemur septentrionalis,Sahafary Sportive Lemur,Primates,Lepilemuridae,,none
Lepilemur tymerlachsoni,Nosy Be Sportive Lemur,Primates,Lepilemuridae,,none
Lepilemur wrighti,Wright's Sportive Lemur,Primates,Lepilemuridae,,none
Megaladapis madagascariensis,Koala Lemur,Primates,Megaladapidae,,none
Palaeopropithecus ingens,Large Sloth Lemur,Primates,Palaeopropithecidae,,none
Euoticus elegantulus,Southern Needle-clawed Galago,Primates,Galagidae,Euoticus elegantulus_Southern Needle-clawed Galago,exact
Euoticus pallidus,Northern Needle-clawed Galago,Primates,Galagidae,,none
Galago gallarum,Somali Lesser Galago,Primates,Galagidae,,none
Galago matschiei,Spectacled Lesser Galago,Primates,Galagidae,,none
Galago moholi,Southern Lesser Galago,Primates,Galagidae,Galago moholi_Southern Lesser Galago,exact
Galago senegalensis,Northern Lesser Galago,Primates,Galagidae,Galago senegalensis_Northern Lesser Galago,exact
Galagoides demidoff,Demidoff's Dwarf Galago,Primates,Galagidae,Galagoides demidoff_Demidoff's Dwarf Galago,exact
Galagoides kumbirensis,Angolan Dwarf Galago,Primates,Galagidae,,none
Galagoides thomasi,Thomas's Dwarf Galago,Primates,Galagidae,Galagoides thomasi_Thomas's Dwarf Galago,exact
Otolemur crassicaudatus,Thick-tailed Greater Galago,Primates,Galagidae,Otolemur crassicaudatus_Brown Greater Galago,exact
Otolemur garnettii,Garnett's Greater Galago,Primates,Galagidae,Otolemur garnettii_Small-eared Greater Galago,exact
Paragalago cocos,Kenya Coast Dwarf Galago,Primates,Galagidae,,none
Paragalago granti,Mozambique Dwarf Galago,Primates,Galagidae,,none
Paragalago orinus,Mountain Dwarf Galago,Primates,Galagidae,,none
Paragalago rondoensis,Rondo Dwarf Galago,Primates,Galagidae,,none
Paragalago zanzibaricus,Tanzania Coast Dwarf Galago,Primates,Galagidae,,none
Sciurocheirus alleni,Bioko Squirrel Galago,Primates,Galagidae,,none
Sciurocheirus gabonensis,Gabon Squirrel Galago,Primates,Galagidae,,none
Sciurocheirus makandensis,Makande Squirrel Galago,Primates,Galagidae,,none
Loris lydekkerianus,Gray Slender Loris,Primates,Lorisidae,Loris lydekkerianus_Grey Slender Loris,exact
Loris tardigradus,Red Slender Loris,Primates,Lorisidae,,none
Nycticebus bancanus,Bangka Slow Loris,Primates,Lorisidae,,none
Nycticebus bengalensis,Bengal Slow Loris,Primates,Lorisidae,,none
Nycticebus borneanus,Bornean Slow Loris,Primates,Lorisidae,,none
Nycticebus coucang,Malaysian Slow Loris,Primates,Lorisidae,,none
Nycticebus hilleri,Hiller's Slow Loris,Primates,Lorisidae,,none
Nycticebus javanicus,Javan Slow Loris,Primates,Lorisidae,,none
Nycticebus kayan,Kayan Slow Loris,Primates,Lorisidae,,none
Nycticebus menagensis,Philippine Slow Loris,Primates,Lorisidae,,none
Xanthonycticebus intermedius,Northern Pygmy Slow Loris,Primates,Lorisidae,,none
Xanthonycticebus pygmaeus,Southern Pygmy Slow Loris,Primates,Lorisidae,,none
Arctocebus aureus,Golden Angwantibo,Primates,Lorisidae,,none
Arctocebus calabarensis,Calabar Angwantibo,Primates,Lorisidae,,none
Perodicticus edwardsi,Central African Potto,Primates,Lorisidae,,none
Perodicticus ibeanus,East African Potto,Primates,Lorisidae,,none
Perodicticus potto,West African Potto,Primates,Lorisidae,,none
Bunolagus monticularis,Riverine Rabbit,Lagomorpha,Leporidae,,none
Caprolagus hispidus,Hispid Hare,Lagomorpha,Leporidae,,none
Lepus alleni,Antelope Jackrabbit,Lagomorpha,Leporidae,,none
Lepus altamirae,Tamaulipas Jackrabbit,Lagomorpha,Leporidae,,none
Lepus americanus,Snowshoe Hare,Lagomorpha,Leporidae,Lepus americanus_Snowshoe Hare,exact
Lepus arcticus,Arctic Hare,Lagomorpha,Leporidae,,none
Lepus brachyurus,Japanese Hare,Lagomorpha,Leporidae,,none
Lepus californicus,Black-tailed Jackrabbit,Lagomorpha,Leporidae,,none
Lepus callotis,White-sided Jackrabbit,Lagomorpha,Leporidae,,none
Lepus capensis,Cape Hare,Lagomorpha,Leporidae,,none
Lepus castroviejoi,Broom Hare,Lagomorpha,Leporidae,,none
Lepus comus,Yunnan Hare,Lagomorpha,Leporidae,,none
Lepus coreanus,Korean Hare,Lagomorpha,Leporidae,,none
Lepus corsicanus,Corsican Hare,Lagomorpha,Leporidae,,none
Lepus europaeus,European Hare,Lagomorpha,Leporidae,Lepus europaeus_Brown Hare,exact
Lepus fagani,Ethiopian Hare,Lagomorpha,Leporidae,,none
Lepus flavigularis,Tehuantepec Jackrabbit,Lagomorpha,Leporidae,,none
Lepus granatensis,Iberian Hare,Lagomorpha,Leporidae,,none
Lepus habessinicus,Abyssinian Hare,Lagomorpha,Leporidae,,none
Lepus hainanus,Hainan Hare,Lagomorpha,Leporidae,,none
Lepus mandshuricus,Manchurian Hare,Lagomorpha,Leporidae,,none
Lepus mediterraneus,Mediterranean Hare,Lagomorpha,Leporidae,,none
Lepus microtis,African Savanna Hare,Lagomorpha,Leporidae,,none
Lepus nigricollis,Indian Hare,Lagomorpha,Leporidae,,none
Lepus oiostolus,Woolly Hare,Lagomorpha,Leporidae,,none
Lepus othus,Alaska Hare,Lagomorpha,Leporidae,,none
Lepus peguensis,Burmese Hare,Lagomorpha,Leporidae,,none
Lepus saharae,West Sahara Hare,Lagomorpha,Leporidae,,none
Lepus saxatilis,Scrub Hare,Lagomorpha,Leporidae,,none
Lepus schlumbergeri,Moroccan Hare,Lagomorpha,Leporidae,,none
Lepus sinensis,Chinese Hare,Lagomorpha,Leporidae,,none
Lepus starcki,Ethiopian Highland Hare,Lagomorpha,Leporidae,,none
Lepus tibetanus,Desert Hare,Lagomorpha,Leporidae,,none
Lepus timidus,Mountain Hare,Lagomorpha,Leporidae,,none
Lepus tolai,Tolai Hare,Lagomorpha,Leporidae,,none
Lepus townsendii,White-tailed Jackrabbit,Lagomorpha,Leporidae,,none
Lepus yarkandensis,Yarkand Hare,Lagomorpha,Leporidae,,none
Nesolagus netscheri,Sumatran Striped Rabbit,Lagomorpha,Leporidae,,none
Nesolagus timminsi,Annamite Striped Rabbit,Lagomorpha,Leporidae,,none
Oryctolagus algirus,Iberian Rabbit,Lagomorpha,Leporidae,,none
Oryctolagus cuniculus,European Rabbit,Lagomorpha,Leporidae,Oryctolagus cuniculus_European Rabbit,exact
Pentalagus furnessi,Amami Rabbit,Lagomorpha,Leporidae,,none
Poelagus marjorita,Bunyoro Rabbit,Lagomorpha,Leporidae,,none
Pronolagus crassicaudatus,Natal Red Rock Hare,Lagomorpha,Leporidae,,none
Pronolagus randensis,Jameson's Red Rock Hare,Lagomorpha,Leporidae,,none
Pronolagus rupestris,Smith's Red Rock Hare,Lagomorpha,Leporidae,,none
Pronolagus saundersiae,Hewitt's Red Rock Hare,Lagomorpha,Leporidae,,none
Romerolagus diazi,Volcano Rabbit,Lagomorpha,Leporidae,,none
Sylvilagus andinus,Andean Tapeti,Lagomorpha,Leporidae,,none
Sylvilagus apollinaris,Bogotá Tapeti,Lagomorpha,Leporidae,,none
Sylvilagus aquaticus,Swamp Rabbit,Lagomorpha,Leporidae,,none
Sylvilagus audubonii,Desert Cottontail,Lagomorpha,Leporidae,,none
Sylvilagus bachmani,Brush Rabbit,Lagomorpha,Leporidae,,none
Sylvilagus brasiliensis,Common Tapeti,Lagomorpha,Leporidae,,none
Sylvilagus cunicularius,Mexican Cottontail,Lagomorpha,Leporidae,,none
Sylvilagus daulensis,Ecuadorean Tapeti,Lagomorpha,Leporidae,,none
Sylvilagus dicei,Dice's Cottontail,Lagomorpha,Leporidae,,none
Sylvilagus floridanus,Eastern Cottontail,Lagomorpha,Leporidae,Sylvilagus floridanus_Eastern Cottontail,exact
Sylvilagus fulvescens,Fulvous Tapeti,Lagomorpha,Leporidae,,none
Sylvilagus gabbi,Central American Tapeti,Lagomorpha,Leporidae,,none
Sylvilagus graysoni,Tres Marías Cottontail,Lagomorpha,Leporidae,,none
Sylvilagus holzneri,Robust Cottontail,Lagomorpha,Leporidae,,none
Sylvilagus hondurensis,Honduran Cottontail,Lagomorpha,Leporidae,,none
Sylvilagus idahoensis,Pygmy Rabbit,Lagomorpha,Leporidae,,none
Sylvilagus incitatus,Northern Tapeti,Lagomorpha,Leporidae,,none
Sylvilagus insonus,Omilteme Cottontail,Lagomorpha,Leporidae,,none
Sylvilagus nicefori,Nicefor's Tapeti,Lagomorpha,Leporidae,,none
Sylvilagus nuttallii,Mountain Cottontail,Lagomorpha,Leporidae,,none
Sylvilagus obscurus,Appalachian Cottontail,Lagomorpha,Leporidae,,none
Sylvilagus palustris,Marsh Rabbit,Lagomorpha,Leporidae,Sylvilagus palustris_Marsh Rabbit,exact
Sylvilagus parentum,Suriname Tapeti,Lagomorpha,Leporidae,,none
Sylvilagus salentus,Colombian Tapeti,Lagomorpha,Leporidae,,none
Sylvilagus sanctaemartae,Santa Marta Tapeti,Lagomorpha,Leporidae,,none
Sylvilagus surdaster,Western Tapeti,Lagomorpha,Leporidae,,none
Sylvilagus tapetillus,Coastal Tapeti,Lagomorpha,Leporidae,,none
Sylvilagus transitionalis,New England Cottontail,Lagomorpha,Leporidae,,none
Sylvilagus varynaensis,Venezuelan Lowland Rabbit,Lagomorpha,Leporidae,,none
Sylvilagus yucatanicus,Yucatán Cottontail,Lagomorpha,Leporidae,,none
Ochotona alpina,Alpine Pika,Lagomorpha,Ochotonidae,Ochotona alpina_Alpine Pika,exact
Ochotona argentata,Silver Pika,Lagomorpha,Ochotonidae,,none
Ochotona cansus,Gansu Pika,Lagomorpha,Ochotonidae,,none
Ochotona collaris,Collared Pika,Lagomorpha,Ochotonidae,Ochotona collaris_Collared Pika,exact
Ochotona coreana,Korean Pika,Lagomorpha,Ochotonidae,,none
Ochotona curzoniae,Plateau Pika,Lagomorpha,Ochotonidae,,none
Ochotona dauurica,Daurian Pika,Lagomorpha,Ochotonidae,Ochotona dauurica_Daurian Pika,exact
Ochotona erythrotis,Chinese Red Pika,Lagomorpha,Ochotonidae,,none
Ochotona flatcalvariam,Flat-headed Pika,Lagomorpha,Ochotonidae,,none
Ochotona forresti,Forrest's Pika,Lagomorpha,Ochotonidae,,none
Ochotona galunglaensis,Galungla Mountain Pika,Lagomorpha,Ochotonidae,,none
Ochotona hoffmanni,Hoffmann's Pika,Lagomorpha,Ochotonidae,,none
Ochotona huanglongensis,Yellow Pika,Lagomorpha,Ochotonidae,,none
Ochotona hyperborea,Northern Pika,Lagomorpha,Ochotonidae,,none
Ochotona iliensis,Ili Pika,Lagomorpha,Ochotonidae,,none
Ochotona koslowi,Kozlov's Pika,Lagomorpha,Ochotonidae,,none
Ochotona ladacensis,Ladak Pika,Lagomorpha,Ochotonidae,,none
Ochotona legbona,Legbo Valley Pika,Lagomorpha,Ochotonidae,,none
Ochotona macrotis,Large-eared Pika,Lagomorpha,Ochotonidae,,none
Ochotona mantchurica,Manchurian Pika,Lagomorpha,Ochotonidae,Ochotona mantchurica_Manchurian Pika,exact
Ochotona nubrica,Nubra Pika,Lagomorpha,Ochotonidae,,none
Ochotona opaca,Kazakh Pika,Lagomorpha,Ochotonidae,,none
Ochotona pallasii,Pallas's Pika,Lagomorpha,Ochotonidae,Ochotona pallasii_Pallas's Pika,exact
Ochotona princeps,American Pika,Lagomorpha,Ochotonidae,Ochotona princeps_American Pika,exact
Ochotona pusilla,Steppe Pika,Lagomorpha,Ochotonidae,Ochotona pusilla_Steppe Pika,exact
Ochotona qionglaiensis,Qionglai Pika,Lagomorpha,Ochotonidae,,none
Ochotona roylii,Royle's Pika,Lagomorpha,Ochotonidae,,none
Ochotona rufescens,Afghan Pika,Lagomorpha,Ochotonidae,,none
Ochotona rutila,Turkestan Red Pika,Lagomorpha,Ochotonidae,Ochotona rutila_Turkestan Red Pika,exact
Ochotona sacraria,Sacred Pika,Lagomorpha,Ochotonidae,,none
Ochotona sikimaria,Sijin Pika,Lagomorpha,Ochotonidae,,none
Ochotona syrinx,Tsing-ling Pika,Lagomorpha,Ochotonidae,,none
Ochotona thibetana,Moupin Pika,Lagomorpha,Ochotonidae,,none
Ochotona thomasi,Thomas's Pika,Lagomorpha,Ochotonidae,,none
Ochotona turuchanensis,Turuchan Pika,Lagomorpha,Ochotonidae,,none
Ochotona vizier,Iranian Pika,Lagomorpha,Ochotonidae,,none
Prolagus sardus,Sardinian Pika,Lagomorpha,Prolagidae,,none
Ctenodactylus gundi,Common Gundi,Rodentia,Ctenodactylidae,,none
Ctenodactylus vali,Desert Gundi,Rodentia,Ctenodactylidae,,none
Felovia vae,Felou Gundi,Rodentia,Ctenodactylidae,,none
Massoutiera mzabi,Mzab Gundi,Rodentia,Ctenodactylidae,,none
Pectinator spekei,Speke's Gundi,Rodentia,Ctenodactylidae,,none
Laonastes aenigmamus,Kha-nyou,Rodentia,Diatomyidae,,none
Cavia aperea,Brazilian Guinea Pig,Rodentia,Caviidae,Cavia aperea_Brazilian Guinea Pig,exact
Cavia fulgida,Shiny Guinea Pig,Rodentia,Caviidae,,none
Cavia intermedia,Santa Catarina's Guinea Pig,Rodentia,Caviidae,,none
Cavia magna,Greater Guinea Pig,Rodentia,Caviidae,,none
Cavia patzelti,Sacha Guinea Pig,Rodentia,Caviidae,,none
Cavia porcellus,Domestic Guinea Pig,Rodentia,Caviidae,Cavia porcellus_Domestic Guinea Pig,exact
Cavia tschudii,Montane Guinea Pig,Rodentia,Caviidae,,none
Galea comes,Southern Highland Yellow-toothed Cavy,Rodentia,Caviidae,,none
Galea flavidens,Eastern Yellow-toothed Cavy,Rodentia,Caviidae,,none
Galea leucoblephara,Lowland Yellow-toothed Cavy,Rodentia,Caviidae,,none
Galea musteloides,Highland Yellow-toothed Cavy,Rodentia,Caviidae,,none
Galea spixii,Spix's Yellow-toothed Cavy,Rodentia,Caviidae,Galea spixii_Spix's Yellow-toothed Cavy,exact
Galea tixiensis,Tixi Yellow-toothed Cavy,Rodentia,Caviidae,,none
Microcavia australis,Southern Mountain Cavy,Rodentia,Caviidae,,none
Microcavia jayat,Jayat's Mountain Cavy,Rodentia,Caviidae,,none
Microcavia maenas,Thomas's Mountain Cavy,Rodentia,Caviidae,,none
Microcavia niata,Northern Mountain Cavy,Rodentia,Caviidae,,none
Microcavia shiptoni,Shipton's Mountain Cavy,Rodentia,Caviidae,,none
Microcavia sorojchi,Sorojchi Mountain Cavy,Rodentia,Caviidae,,none
Dolichotis patagonum,Patagonian Mara,Rodentia,Caviidae,Dolichotis patagonum_Patagonian Mara,exact
Dolichotis salinicola,Chacoan Mara,Rodentia,Caviidae,,none
Hydrochoerus hydrochaeris,Greater Capybara,Rodentia,Caviidae,Hydrochoerus hydrochaeris_Capybara,exact
Hydrochoerus isthmius,Lesser Capybara,Rodentia,Caviidae,Hydrochoerus isthmius_Lesser Capybara,exact
Kerodon acrobata,Acrobatic Cavy,Rodentia,Caviidae,,none
Kerodon rupestris,Rock Cavy,Rodentia,Caviidae,Kerodon rupestris_Rock Cavy,exact
Cuniculus paca,Lowland Paca,Rodentia,Cuniculidae,Cuniculus paca_Spotted Paca,exact
Cuniculus taczanowskii,Mountain Paca,Rodentia,Cuniculidae,Cuniculus taczanowskii_Mountain Paca,exact
Dasyprocta azarae,Azara's Agouti,Rodentia,Dasyproctidae,Dasyprocta azarae_Azara's Agouti,exact
Dasyprocta coibae,Coiban Agouti,Rodentia,Dasyproctidae,,none
Dasyprocta croconota,Orange Agouti,Rodentia,Dasyproctidae,,none
Dasyprocta fuliginosa,Black Agouti,Rodentia,Dasyproctidae,,none
Dasyprocta guamara,Guamara Agouti,Rodentia,Dasyproctidae,,none
Dasyprocta iacki,Iack's Red-rumped Agouti,Rodentia,Dasyproctidae,,none
Dasyprocta kalinowskii,Kalinowski's Agouti,Rodentia,Dasyproctidae,,none
Dasyprocta leporina,Common Red-rumped Agouti,Rodentia,Dasyproctidae,Dasyprocta leporina_Red-rumped Agouti,exact
Dasyprocta mexicana,Mexican Agouti,Rodentia,Dasyproctidae,,none
Dasyprocta prymnolopha,Black-rumped Agouti,Rodentia,Dasyproctidae,,none
Dasyprocta punctata,Central American Agouti,Rodentia,Dasyproctidae,Dasyprocta punctata_Central American Agouti,exact
Dasyprocta variegata,Brown Agouti,Rodentia,Dasyproctidae,,none
Myoprocta acouchy,Red Acouchi,Rodentia,Dasyproctidae,,none
Myoprocta pratti,Green Acouchi,Rodentia,Dasyproctidae,,none
Chinchilla chinchilla,Short-tailed Chinchilla,Rodentia,Chinchillidae,,none
Chinchilla laniger,Chilean Chinchilla,Rodentia,Chinchillidae,,none
Lagidium ahuacaense,Ecuadorean Mountain Viscacha,Rodentia,Chinchillidae,,none
Lagidium moreni,Southern Mountain Viscacha,Rodentia,Chinchillidae,,none
Lagidium peruanum,Northern Mountain Viscacha,Rodentia,Chinchillidae,,none
Lagidium viscacia,Common Mountain Viscacha,Rodentia,Chinchillidae,,none
Lagidium wolffsohni,Wolffsohn's Mountain Viscacha,Rodentia,Chinchillidae,,none
Lagostomus maximus,Common Plains Viscacha,Rodentia,Chinchillidae,Lagostomus maximus_Plains Viscacha,exact
Dinomys branickii,Pacarana,Rodentia,Dinomyidae,,none
Chaetomys subspinosus,Broomstraw-spined Porcupine,Rodentia,Erethizontidae,,none
Coendou baturitensis,Baturité Porcupine,Rodentia,Erethizontidae,,none
Coendou bicolor,Bicolor-spined Porcupine,Rodentia,Erethizontidae,Coendou bicolor_Bicolor-spined Porcupine,exact
Coendou ichillus,Western Amazonian Dwarf Porcupine,Rodentia,Erethizontidae,,none
Coendou insidiosus,Bahian Hairy Dwarf Porcupine,Rodentia,Erethizontidae,,none
Coendou longicaudatus,Amazonian Long-tailed Porcupine,Rodentia,Erethizontidae,,none
Coendou melanurus,Black-tailed Porcupine,Rodentia,Erethizontidae,,none
Coendou mexicanus,Mexican Hairy Porcupine,Rodentia,Erethizontidae,Coendou mexicanus_Mexican Hairy Dwarf Porcupine,exact
Coendou nycthemera,Eastern Amazonian Dwarf Porcupine,Rodentia,Erethizontidae,,none
Coendou prehensilis,Yellow Quill-tipped Porcupine,Rodentia,Erethizontidae,,none
Coendou pruinosus,Frosted Porcupine,Rodentia,Erethizontidae,,none
Coendou quichua,Quichua Porcupine,Rodentia,Erethizontidae,,none
Coendou roosmalenorum,Roosmalens' Porcupine,Rodentia,Erethizontidae,,none
Coendou rothschildi,Rothschild's Porcupine,Rodentia,Erethizontidae,,none
Coendou rufescens,Stump-tailed Porcupine,Rodentia,Erethizontidae,,none
Coendou sangay,Sangay Porcupine,Rodentia,Erethizontidae,,none
Coendou speratus,Pernambuco Dwarf Porcupine,Rodentia,Erethizontidae,,none
Coendou spinosus,Paraguayan Hairy Dwarf Porcupine,Rodentia,Erethizontidae,Coendou spinosus_Orange-spined Hairy Dwarf Porcupine,exact
Coendou vestitus,Blackish Hairy Dwarf Porcupine,Rodentia,Erethizontidae,,none
Coendou vossi,Voss' Porcupine,Rodentia,Erethizontidae,,none
Erethizon dorsatum,North American Porcupine,Rodentia,Erethizontidae,Erethizon dorsatum_North American Porcupine,exact
Abrocoma bennettii,Bennett's Chinchilla Rat,Rodentia,Abrocomidae,,none
Abrocoma boliviensis,Bolivian Chinchilla Rat,Rodentia,Abrocomidae,,none
Abrocoma budini,Budin's Chinchilla Rat,Rodentia,Abrocomidae,,none
Abrocoma cinerea,Ashy Chinchilla Rat,Rodentia,Abrocomidae,,none
Abrocoma schistacea,Sierra del Tontal Chinchilla Rat,Rodentia,Abrocomidae,,none
Abrocoma vaccarum,Mendozan Chinchilla Rat,Rodentia,Abrocomidae,,none
Cuscomys ashaninka,Ashaninka Inca Rat,Rodentia,Abrocomidae,,none
Cuscomys oblativus,Machu Picchu Inca Rat,Rodentia,Abrocomidae,,none
Ctenomys andersoni,Anderson's Tuco-tuco,Rodentia,Ctenomyidae,,none
Ctenomys argentinus,Argentine Tuco-tuco,Rodentia,Ctenomyidae,,none
Ctenomys australis,Dune Tuco-tuco,Rodentia,Ctenomyidae,,none
Ctenomys bergi,Córdoba Tuco-tuco,Rodentia,Ctenomyidae,,none
Ctenomys bicolor,Bicolored Tuco-tuco,Rodentia,Ctenomyidae,,none
Ctenomys bidaui,Bidau's Tuco-tuco,Rodentia,Ctenomyidae,,none
Ctenomys boliviensis,Bolivian Tuco-tuco,Rodentia,Ctenomyidae,,none
Ctenomys brasiliensis,Minute Tuco-tuco,Rodentia,Ctenomyidae,,none
Ctenomys chechehet,Chechehet's Tuco-tuco,Rodentia,Ctenomyidae,,none
Ctenomys coludo,Puntilla Tuco-tuco,Rodentia,Ctenomyidae,,none
Ctenomys conoveri,Chacoan Tuco-tuco,Rodentia,Ctenomyidae,,none
Ctenomys contrerasi,Contreras's Tuco-tuco,Rodentia,Ctenomyidae,,none
Ctenomys dorsalis,Black-backed Tuco-tuco,Rodentia,Ctenomyidae,,none
Ctenomys eileenae,Eileen's Tuco-tuco,Rodentia,Ctenomyidae,,none
Ctenomys emilianus,Emilio's Tuco-tuco,Rodentia,Ctenomyidae,,none
Ctenomys erikacuellarae,Erika's Tuco-tuco,Rodentia,Ctenomyidae,,none
Ctenomys flamarioni,Flamarion's Tuco-tuco,Rodentia,Ctenomyidae,,none
Ctenomys fochi,Foch's Tuco-tuco,Rodentia,Ctenomyidae,,none
Ctenomys fodax,Lago Blanco Tuco-tuco,Rodentia,Ctenomyidae,,none
Ctenomys frater,Forest Tuco-tuco,Rodentia,Ctenomyidae,,none
Ctenomys fulvus,Long-tailed Tuco-tuco,Rodentia,Ctenomyidae,,none
Ctenomys haigi,Patagonian Tuco-tuco,Rodentia,Ctenomyidae,,none
Ctenomys heniacamiare,Henia-Camiare Tuco-tuco,Rodentia,Ctenomyidae,,none
Ctenomys ibicuiensis,Ibicui Tuco-tuco,Rodentia,Ctenomyidae,,none
Ctenomys johannis,San Juan Tuco-tuco,Rodentia,Ctenomyidae,,none
Ctenomys juris,Jujuy Tuco-tuco,Rodentia,Ctenomyidae,,none
Ctenomys knighti,Catamarca Tuco-tuco,Rodentia,Ctenomyidae,,none
Ctenomys lami,Lami Tuco-tuco,Rodentia,Ctenomyidae,,none
Ctenomys latro,Mottled Tuco-tuco,Rodentia,Ctenomyidae,,none
Ctenomys lentulus,Lazy Tuco-tuco,Rodentia,Ctenomyidae,,none
Ctenomys lessai,Lessa's Tuco-tuco,Rodentia,Ctenomyidae,,none
Ctenomys leucodon,White-toothed Tuco-tuco,Rodentia,Ctenomyidae,,none
Ctenomys lewisi,Lewis's Tuco-tuco,Rodentia,Ctenomyidae,,none
Ctenomys magellanicus,Magellanic Tuco-tuco,Rodentia,Ctenomyidae,,none
Ctenomys maulinus,Maule Tuco-tuco,Rodentia,Ctenomyidae,Ctenomys maulinus_Maule Tuco-tuco,exact
Ctenomys mendocinus,Mendoza Tuco-tuco,Rodentia,Ctenomyidae,Ctenomys mendocinus_Mendoza Tuco-tuco,exact
Ctenomys miguelchristie,Miguel Christie's Tuco-tuco,Rodentia,Ctenomyidae,,none
Ctenomys nattereri,Natterer's Tuco-tuco,Rodentia,Ctenomyidae,,none
Ctenomys occultus,Furtive Tuco-tuco,Rodentia,Ctenomyidae,,none
Ctenomys opimus,Andean Tuco-tuco,Rodentia,Ctenomyidae,,none
Ctenomys osvaldoreigi,Osvaldo Reig's Tuco-tuco,Rodentia,Ctenomyidae,,none
Ctenomys pearsoni,Pearson's Tuco-tuco,Rodentia,Ctenomyidae,Ctenomys pearsoni_Pearson's Tuco-tuco,exact
Ctenomys perrensi,Perrens's Tuco-tuco,Rodentia,Ctenomyidae,,none
Ctenomys peruanus,Peruvian Tuco-tuco,Rodentia,Ctenomyidae,,none
Ctenomys pilarensis,Pilar Tuco-tuco,Rodentia,Ctenomyidae,,none
Ctenomys plebiscitum,Plebiscite Tuco-tuco,Rodentia,Ctenomyidae,,none
Ctenomys pontifex,Brown Tuco-tuco,Rodentia,Ctenomyidae,,none
Ctenomys pulcer,Monte Hermoso Tuco-tuco,Rodentia,Ctenomyidae,,none
Ctenomys rionegrensis,Rio Negro Tuco-tuco,Rodentia,Ctenomyidae,,none
Ctenomys roigi,Roig's Tuco-tuco,Rodentia,Ctenomyidae,,none
Ctenomys rondoni,Rondon's Tuco-tuco,Rodentia,Ctenomyidae,,none
Ctenomys saltarius,Salta Tuco-tuco,Rodentia,Ctenomyidae,,none
Ctenomys scagliai,Scaglia's Tuco-tuco,Rodentia,Ctenomyidae,,none
Ctenomys sericeus,Silky Tuco-tuco,Rodentia,Ctenomyidae,,none
Ctenomys sociabilis,Colonial Tuco-tuco,Rodentia,Ctenomyidae,,none
Ctenomys steinbachi,Steinbach's Tuco-tuco,Rodentia,Ctenomyidae,,none
Ctenomys talarum,Talas Tuco-tuco,Rodentia,Ctenomyidae,,none
Ctenomys terraplen,Laguna Terraplén Tuco-tuco,Rodentia,Ctenomyidae,,none
Ctenomys thalesi,Thales's Tuco-tuco,Rodentia,Ctenomyidae,,none
Ctenomys torquatus,Collared Tuco-tuco,Rodentia,Ctenomyidae,Ctenomys torquatus_Collared Tuco-tuco,exact
Ctenomys tuconax,Robust Tuco-tuco,Rodentia,Ctenomyidae,,none
Ctenomys tucumanus,Tucuman Tuco-tuco,Rodentia,Ctenomyidae,,none
Ctenomys tulduco,Sierra Tontal Tuco-tuco,Rodentia,Ctenomyidae,,none
Ctenomys uco,Uco Tuco-tuco,Rodentia,Ctenomyidae,,none
Ctenomys verzi,Verzi's Tuco-tuco,Rodentia,Ctenomyidae,,none
Ctenomys viperinus,Monte Tuco-tuco,Rodentia,Ctenomyidae,,none
Ctenomys yatesi,Yates's Tuco-tuco,Rodentia,Ctenomyidae,,none
Capromys garridoi,Garrido's Hutia,Rodentia,Echimyidae,,none
Capromys geayi,Geay's Hutia,Rodentia,Echimyidae,,none
Capromys pilorides,Desmarest's Hutia,Rodentia,Echimyidae,Capromys pilorides_Cuban Ground Hutia,exact
Geocapromys brownii,Jamaican Hutia,Rodentia,Echimyidae,,none
Geocapromys caymanensis,Cayman Hutia,Rodentia,Echimyidae,,none
Geocapromys columbianus,Cuban Hutia,Rodentia,Echimyidae,,none
Geocapromys ingrahami,Ingraham's Hutia,Rodentia,Echimyidae,,none
Geocapromys thoracatus,Little Swan Island Hutia,Rodentia,Echimyidae,,none
Mesocapromys angelcabrerai,Cabrera's Hutia,Rodentia,Echimyidae,,none
Mesocapromys auritus,Eared Hutia,Rodentia,Echimyidae,,none
Mesocapromys melanurus,Black-tailed Hutia,Rodentia,Echimyidae,,none
Mesocapromys nana,Dwarf Hutia,Rodentia,Echimyidae,,none
Mesocapromys sanfelipensis,San Felipe Hutia,Rodentia,Echimyidae,,none
Mysateles prehensilis,Prehensile-tailed Hutia,Rodentia,Echimyidae,,none
Hexolobodon phenax,Imposter Hutia,Rodentia,Echimyidae,,none
Isolobodon montanus,Montane Hutia,Rodentia,Echimyidae,,none
Isolobodon portoricensis,Puerto Rican Hutia,Rodentia,Echimyidae,,none
Hyperplagiodontia araeum,Wide-toothed Hutia,Rodentia,Echimyidae,,none
Plagiodontia aedium,Hispaniolan Hutia,Rodentia,Echimyidae,,none
Plagiodontia ipnaeum,Samana Hutia,Rodentia,Echimyidae,,none
Plagiodontia spelaeum,Small Haitian Hutia,Rodentia,Echimyidae,,none
Rhizoplagiodontia lemkei,Lemke's Hutia,Rodentia,Echimyidae,,none
Carterodon sulcidens,Groove-toothed Spiny-rat,Rodentia,Echimyidae,,none
Dactylomys boliviensis,Bolivian Bamboo Rat,Rodentia,Echimyidae,Dactylomys boliviensis_Bolivian Bamboo Rat,exact
Dactylomys dactylinus,Amazon Bamboo Rat,Rodentia,Echimyidae,Dactylomys dactylinus_Amazon Bamboo Rat,exact
Dactylomys peruanus,Montane Bamboo Rat,Rodentia,Echimyidae,,none
Diplomys caniceps,Colombian Rufous Tree-rat,Rodentia,Echimyidae,,none
Diplomys labilis,Central American Rufous Tree-rat,Rodentia,Echimyidae,,none
Echimys chrysurus,White-faced Tree-rat,Rodentia,Echimyidae,,none
Echimys saturnus,Dark Tree-rat,Rodentia,Echimyidae,,none
Echimys vieirai,Vieira's Tree-rat,Rodentia,Echimyidae,,none
Isothrix barbarabrownae,Barbara Brown's Brush-tailed Rat,Rodentia,Echimyidae,,none
Isothrix bistriata,Yellow-crowned Brush-tailed Rat,Rodentia,Echimyidae,Isothrix bistriata_Yellow-crowned Toró,exact
Isothrix negrensis,Rio Negro Brush-tailed Rat,Rodentia,Echimyidae,,none
Isothrix orinoci,Orinoco Brush-tailed Rat,Rodentia,Echimyidae,,none
Isothrix pagurus,Plain Brush-tailed Rat,Rodentia,Echimyidae,,none
Isothrix sinnamariensis,Sinnamary Brush-tailed Rat,Rodentia,Echimyidae,,none
Kannabateomys amblyonyx,Atlantic Bamboo Rat,Rodentia,Echimyidae,Kannabateomys amblyonyx_Atlantic Bamboo Rat,exact
Leiuromys occasius,Bare-tailed Tree-rat,Rodentia,Echimyidae,,none
Lonchothrix emiliae,Tuft-tailed Spiny Tree-rat,Rodentia,Echimyidae,,none
Makalata didelphoides,Red-nosed Armored Tree-rat,Rodentia,Echimyidae,,none
Makalata macrura,Long-tailed Armored Tree-rat,Rodentia,Echimyidae,,none
Mesomys hispidus,Ferreira's Spiny Tree-rat,Rodentia,Echimyidae,,none
Mesomys leniceps,Long-haired Spiny Tree-rat,Rodentia,Echimyidae,,none
Mesomys occultus,Hidden Spiny Tree-rat,Rodentia,Echimyidae,,none
Mesomys stimulax,Para Spiny Tree-rat,Rodentia,Echimyidae,,none
Olallamys albicauda,White-tailed Olalla Rat,Rodentia,Echimyidae,,none
Olallamys edax,Greedy Olalla Rat,Rodentia,Echimyidae,,none
Pattonomys carrikeri,Carriker's Speckled Tree-rat,Rodentia,Echimyidae,,none
Pattonomys flavidus,Yellow Speckled Tree-rat,Rodentia,Echimyidae,,none
Pattonomys punctatus,Orinocan Speckled Tree-rat,Rodentia,Echimyidae,,none
Pattonomys semivillosus,Colombian Speckled Tree-rat,Rodentia,Echimyidae,,none
Phyllomys blainvilii,Golden Atlantic Tree-rat,Rodentia,Echimyidae,,none
Phyllomys brasiliensis,Brazilian Atlantic Tree-rat,Rodentia,Echimyidae,,none
Phyllomys centralis,Central Atlantic Tree-rat,Rodentia,Echimyidae,,none
Phyllomys dasythrix,Drab Atlantic Tree-rat,Rodentia,Echimyidae,,none
Phyllomys kerri,Kerr's Atlantic Tree-rat,Rodentia,Echimyidae,,none
Phyllomys lamarum,Pallid Atlantic Tree-rat,Rodentia,Echimyidae,,none
Phyllomys lundi,Lund's Atlantic Tree-rat,Rodentia,Echimyidae,,none
Phyllomys mantiqueirensis,Serra da Mantiqueira Atlantic Tree-rat,Rodentia,Echimyidae,,none
Phyllomys medius,Long-furred Atlantic Tree-rat,Rodentia,Echimyidae,,none
Phyllomys nigrispinus,Black-spined Atlantic Tree-rat,Rodentia,Echimyidae,,none
Phyllomys pattoni,Patton's Atlantic Tree-rat,Rodentia,Echimyidae,,none
Phyllomys sulinus,Southern Atlantic Tree-rat,Rodentia,Echimyidae,,none
Phyllomys thomasi,Giant Atlantic Tree-rat,Rodentia,Echimyidae,,none
Phyllomys unicolor,Unicolored Tree-rat,Rodentia,Echimyidae,,none
Santamartamys rufodorsalis,Red Crested Tree-rat,Rodentia,Echimyidae,,none
Toromys albiventris,White-bellied Toro,Rodentia,Echimyidae,,none
Toromys grandis,Black Toro,Rodentia,Echimyidae,,none
Toromys rhipidurus,Peruvian Toro,Rodentia,Echimyidae,,none
Callistomys pictus,Painted Tree-rat,Rodentia,Echimyidae,,none
Hoplomys gymnurus,Armored Rat,Rodentia,Echimyidae,,none
Myocastor coypus,Coypu,Rodentia,Echimyidae,Myocastor coypus_Coypu,exact
Proechimys brevicauda,Short-tailed Spiny-rat,Rodentia,Echimyidae,,none
Proechimys canicollis,Colombian Spiny-rat,Rodentia,Echimyidae,,none
Proechimys chrysaeolus,Boyaca Spiny-rat,Rodentia,Echimyidae,,none
Proechimys cuvieri,Cuvier's Spiny-rat,Rodentia,Echimyidae,,none
Proechimys decumanus,Pacific Spiny-rat,Rodentia,Echimyidae,,none
Proechimys echinothrix,Stiff-spined Spiny-rat,Rodentia,Echimyidae,,none
Proechimys gardneri,Gardner's Spiny-rat,Rodentia,Echimyidae,,none
Proechimys goeldii,Goeldi's Spiny-rat,Rodentia,Echimyidae,,none
Proechimys guairae,Guaira Spiny-rat,Rodentia,Echimyidae,,none
Proechimys guyannensis,Cayenne Spiny-rat,Rodentia,Echimyidae,,none
Proechimys hoplomyoides,Guianan Spiny-rat,Rodentia,Echimyidae,,none
Proechimys kulinae,Kulina Spiny-rat,Rodentia,Echimyidae,,none
Proechimys longicaudatus,Long-tailed Spiny-rat,Rodentia,Echimyidae,,none
Proechimys mincae,Minca Spiny-rat,Rodentia,Echimyidae,,none
Proechimys oconnelli,O'Connell's Spiny-rat,Rodentia,Echimyidae,,none
Proechimys pattoni,Patton's Spiny-rat,Rodentia,Echimyidae,,none
Proechimys quadruplicatus,Napo Spiny-rat,Rodentia,Echimyidae,,none
Proechimys roberti,Robert's Spiny-rat,Rodentia,Echimyidae,,none
Proechimys semispinosus,Tomes's Spiny-rat,Rodentia,Echimyidae,,none
Proechimys simonsi,Simons's Spiny-rat,Rodentia,Echimyidae,,none
Proechimys steerei,Steere's Spiny-rat,Rodentia,Echimyidae,,none
Proechimys trinitatis,Trinidad Spiny-rat,Rodentia,Echimyidae,,none
Thrichomys apereoides,Lagoa Santa Punare,Rodentia,Echimyidae,,none
Thrichomys dandreai,D’Andrea's Punare,Rodentia,Echimyidae,,none
Thrichomys fosteri,Foster's Punare,Rodentia,Echimyidae,,none
Thrichomys inermis,Jacobina Punare,Rodentia,Echimyidae,,none
Thrichomys laurentius,Sao Lourenço Punare,Rodentia,Echimyidae,Thrichomys laurentius_Rabudo,exact
Thrichomys pachyurus,Pantanal Punare,Rodentia,Echimyidae,,none
Clyomys laticeps,Broad-headed Spiny-rat,Rodentia,Echimyidae,,none
Euryzygomatomys spinosus,Guiara,Rodentia,Echimyidae,,none
Trinomys albispinus,White-spined Spiny-rat,Rodentia,Echimyidae,,none
Trinomys dimidiatus,Rio de Janeiro Spiny-rat,Rodentia,Echimyidae,,none
Trinomys eliasi,Elias's Spiny-rat,Rodentia,Echimyidae,,none
Trinomys gratiosus,Gracile Atlantic Spiny-rat,Rodentia,Echimyidae,,none
Trinomys iheringi,Sao Paulo Spiny-rat,Rodentia,Echimyidae,,none
Trinomys mirapitanga,Pau Brasil Spiny-rat,Rodentia,Echimyidae,,none
Trinomys moojeni,Moojen's Spiny-rat,Rodentia,Echimyidae,,none
Trinomys paratus,Rigid-spined Atlantic Spiny-rat,Rodentia,Echimyidae,,none
Trinomys setosus,Elegant-spined Atlantic Spiny-rat,Rodentia,Echimyidae,,none
Trinomys yonenagae,Yonenaga's Spiny-rat,Rodentia,Echimyidae,,none
Boromys offella,Oriente Cave Rat,Rodentia,Echimyidae,,none
Boromys torrei,Torre's Cave Rat,Rodentia,Echimyidae,,none
Brotomys contractus,Haitian Edible Rat,Rodentia,Echimyidae,,none
Brotomys voratus,Hispaniolan Edible Rat,Rodentia,Echimyidae,,none
Heteropsomys antillensis,Antillean Cave Rat,Rodentia,Echimyidae,,none
Heteropsomys insulans,Insular Cave Rat,Rodentia,Echimyidae,,none
Aconaemys fuscus,Chilean Rock Rat,Rodentia,Octodontidae,,none
Aconaemys porteri,Porter's Rock Rat,Rodentia,Octodontidae,,none
Aconaemys sagei,Sage's Rock Rat,Rodentia,Octodontidae,,none
Apnoctomys conicetorum,Guasapampa Viscacha Rat,Rodentia,Octodontidae,,none
Octodon bridgesii,Bridges's Degu,Rodentia,Octodontidae,,none
Octodon degus,Common Degu,Rodentia,Octodontidae,Octodon degus_Common Degu,exact
Octodon lunatus,Coastal Degu,Rodentia,Octodontidae,,none
Octodon pacificus,Pacific Degu,Rodentia,Octodontidae,,none
Octodon ricardojeda,Ricardo Ojeda's Degu,Rodentia,Octodontidae,,none
Octodontomys gliroides,Mountain Degu,Rodentia,Octodontidae,,none
Octomys mimax,Common Viscacha Rat,Rodentia,Octodontidae,,none
Octomys rosiae,Rosi's Viscacha Rat,Rodentia,Octodontidae,,none
Pipanacoctomys aureus,Golden Viscacha Rat,Rodentia,Octodontidae,,none
Spalacopus cyanus,Coruro,Rodentia,Octodontidae,Spalacopus cyanus_Coruro,exact
Tympanoctomys barrerae,Red Viscacha Rat,Rodentia,Octodontidae,,none
Tympanoctomys kirchnerorum,Kirchners' Viscacha Rat,Rodentia,Octodontidae,,none
Tympanoctomys loschalchalerosorum,Chalchalero Viscacha Rat,Rodentia,Octodontidae,,none
Atherurus africanus,African Brush-tailed Porcupine,Rodentia,Hystricidae,,none
Atherurus macrourus,Asian Brush-tailed Porcupine,Rodentia,Hystricidae,,none
Hystrix africaeaustralis,Cape Porcupine,Rodentia,Hystricidae,,none
Hystrix brachyura,Malayan Porcupine,Rodentia,Hystricidae,Hystrix brachyura_East Asian Porcupine,exact
Hystrix crassispinis,Thick-spined Porcupine,Rodentia,Hystricidae,,none
Hystrix cristata,Crested Porcupine,Rodentia,Hystricidae,Hystrix cristata_Crested Porcupine,exact
Hystrix indica,Indian Crested Porcupine,Rodentia,Hystricidae,,none
Hystrix javanica,Sunda Porcupine,Rodentia,Hystricidae,,none
Hystrix pumila,Philippine Porcupine,Rodentia,Hystricidae,,none
Hystrix sumatrae,Sumatran Porcupine,Rodentia,Hystricidae,,none
Trichys fasciculata,Asian Long-tailed Porcupine,Rodentia,Hystricidae,,none
Bathyergus janetta,Namaqua Dune Mole-rat,Rodentia,Bathyergidae,,none
Bathyergus suillus,Cape Dune Mole-rat,Rodentia,Bathyergidae,,none
Cryptomys hottentotus,Common Mole-rat,Rodentia,Bathyergidae,,none
Cryptomys mahali,Mahali Mole-rat,Rodentia,Bathyergidae,,none
Cryptomys natalensis,Natal Mole-rat,Rodentia,Bathyergidae,,none
Cryptomys nimrodi,Matabeleland Mole-rat,Rodentia,Bathyergidae,,none
Cryptomys pretoriae,Highveld Mole-rat,Rodentia,Bathyergidae,,none
Fukomys amatus,Zambian Mole-rat,Rodentia,Bathyergidae,,none
Fukomys anselli,Ansell's Mole-rat,Rodentia,Bathyergidae,,none
Fukomys bocagei,Bocage's Mole-rat,Rodentia,Bathyergidae,,none
Fukomys damarensis,Damara Mole-rat,Rodentia,Bathyergidae,,none
Fukomys darlingi,Mashona Mole-rat,Rodentia,Bathyergidae,,none
Fukomys foxi,Nigerian Mole-rat,Rodentia,Bathyergidae,,none
Fukomys hanangensis,Hanang Mole-rat,Rodentia,Bathyergidae,,none
Fukomys ilariae,Somali Striped Mole-rat,Rodentia,Bathyergidae,,none
Fukomys kafuensis,Kafue Mole-rat,Rodentia,Bathyergidae,,none
Fukomys livingstoni,Livingstone's Mole-rat,Rodentia,Bathyergidae,,none
Fukomys mechowii,Mechow's Mole-rat,Rodentia,Bathyergidae,,none
Fukomys micklemi,Micklem's Mole-rat,Rodentia,Bathyergidae,,none
Fukomys ochraceocinereus,Ochre Mole-rat,Rodentia,Bathyergidae,,none
Fukomys vandewoestijneae,Caroline's Mole-rat,Rodentia,Bathyergidae,,none
Fukomys whytei,Whyte's Mole-rat,Rodentia,Bathyergidae,,none
Fukomys zechi,Ghana Mole-rat,Rodentia,Bathyergidae,,none
Georychus capensis,Cape Mole-rat,Rodentia,Bathyergidae,,none
Heliophobius argenteocinereus,Southern Silvery Mole-rat,Rodentia,Bathyergidae,,none
Heliophobius kapiti,Northern Silvery Mole-rat,Rodentia,Bathyergidae,,none
Heterocephalus glaber,Common Naked Mole-rat,Rodentia,Heterocephalidae,,none
Heterocephalus phillipsi,Somaliland Naked Mole-rat,Rodentia,Heterocephalidae,,none
Petromus typicus,Noki,Rodentia,Petromuridae,,none
Thryonomys gregorianus,Lesser Cane Rat,Rodentia,Thryonomyidae,,none
Thryonomys swinderianus,Greater Cane Rat,Rodentia,Thryonomyidae,,none
Aplodontia rufa,Mountain Beaver,Rodentia,Aplodontiidae,,none
Glirulus japonicus,Japanese Dormouse,Rodentia,Gliridae,,none
Glis glis,European Fat Dormouse,Rodentia,Gliridae,Glis glis_European Fat Dormouse,exact
Glis persicus,Iranian Fat Dormouse,Rodentia,Gliridae,,none
Graphiurus angolensis,Angolan African Dormouse,Rodentia,Gliridae,,none
Graphiurus christyi,Christy's African Dormouse,Rodentia,Gliridae,,none
Graphiurus crassicaudatus,Thick-tailed African Dormouse,Rodentia,Gliridae,,none
Graphiurus johnstoni,Johnston's African Dormouse,Rodentia,Gliridae,,none
Graphiurus kelleni,Kellen's African Dormouse,Rodentia,Gliridae,,none
Graphiurus lorraineus,Lorraine's African Dormouse,Rodentia,Gliridae,,none
Graphiurus microtis,Noack's African Dormouse,Rodentia,Gliridae,Graphiurus microtis_Small-eared Dormouse,exact
Graphiurus monardi,Monard's African Dormouse,Rodentia,Gliridae,,none
Graphiurus murinus,Forest African Dormouse,Rodentia,Gliridae,Graphiurus murinus_Woodland Dormouse,exact
Graphiurus nagtglasii,Nagtglas's African Dormouse,Rodentia,Gliridae,,none
Graphiurus ocularis,Spectacled African Dormouse,Rodentia,Gliridae,,none
Graphiurus platyops,Flat-headed African Dormouse,Rodentia,Gliridae,,none
Graphiurus rupicola,Rupicolous African Dormouse,Rodentia,Gliridae,,none
Graphiurus surdus,Short-eared African Dormouse,Rodentia,Gliridae,,none
Graphiurus walterverheyeni,Walter Verheyen's African Dormouse,Rodentia,Gliridae,,none
Chaetocauda sichuanensis,Sichuan Dormouse,Rodentia,Gliridae,,none
Dryomys anatolicus,East Anatolian Forest Dormouse,Rodentia,Gliridae,,none
Dryomys laniger,Woolly Forest Dormouse,Rodentia,Gliridae,,none
Dryomys niethammeri,Niethammer's Forest Dormouse,Rodentia,Gliridae,,none
Dryomys nitedula,Eurasian Forest Dormouse,Rodentia,Gliridae,,none
Eliomys melanurus,Black-tailed Garden Dormouse,Rodentia,Gliridae,,none
Eliomys munbyanus,Maghreb Garden Dormouse,Rodentia,Gliridae,,none
Eliomys quercinus,European Garden Dormouse,Rodentia,Gliridae,Eliomys quercinus_European Garden Dormouse,exact
Muscardinus avellanarius,Hazel Dormouse,Rodentia,Gliridae,Muscardinus avellanarius_Hazel Dormouse,exact
Myomimus personatus,Ognev's Mouse-tailed Dormouse,Rodentia,Gliridae,,none
Myomimus roachi,Roach's Mouse-tailed Dormouse,Rodentia,Gliridae,,none
Myomimus setzeri,Setzer's Mouse-tailed Dormouse,Rodentia,Gliridae,,none
Selevinia betpakdalaensis,Desert Dormouse,Rodentia,Gliridae,,none
Exilisciurus concinnus,Philippine Pygmy Squirrel,Rodentia,Sciuridae,,none
Exilisciurus exilis,Least Pygmy Squirrel,Rodentia,Sciuridae,Exilisciurus exilis_Least Pygmy Squirrel,exact
Exilisciurus whiteheadi,Tufted Pygmy Squirrel,Rodentia,Sciuridae,,none
Funambulus layardi,Layard's Palm Squirrel,Rodentia,Sciuridae,,none
Funambulus obscurus,Dusky Striped Squirrel,Rodentia,Sciuridae,Funambulus obscurus_Dusky Palm Squirrel,exact
Funambulus palmarum,Indian Palm Squirrel,Rodentia,Sciuridae,Funambulus palmarum_Three-striped Palm Squirrel,exact
Funambulus pennantii,Northern Palm Squirrel,Rodentia,Sciuridae,Funambulus pennantii_Five-striped Palm Squirrel,exact
Funambulus sublineatus,Pygmy Striped Squirrel,Rodentia,Sciuridae,Funambulus sublineatus_Nilgiri Palm Squirrel,exact
Funambulus tristriatus,Jungle Palm Squirrel,Rodentia,Sciuridae,Funambulus tristriatus_Jungle Palm Squirrel,exact
Hyosciurus heinrichi,Montane Long-nosed Squirrel,Rodentia,Sciuridae,,none
Hyosciurus ileile,Lowland Long-nosed Squirrel,Rodentia,Sciuridae,,none
Prosciurillus abstrusus,Secretive Dwarf Squirrel,Rodentia,Sciuridae,,none
Prosciurillus alstoni,Alston's Squirrel,Rodentia,Sciuridae,,none
Prosciurillus leucomus,Whitish Dwarf Squirrel,Rodentia,Sciuridae,,none
Prosciurillus murinus,Celebes Dwarf Squirrel,Rodentia,Sciuridae,Prosciurillus murinus_Celebes Dwarf Squirrel,exact
Prosciurillus rosenbergii,Sangihe Squirrel,Rodentia,Sciuridae,,none
Prosciurillus topapuensis,Mount Topapu Squirrel,Rodentia,Sciuridae,,none
Prosciurillus weberi,Weber's Dwarf Squirrel,Rodentia,Sciuridae,,none
Rubrisciurus rubriventer,Sulawesi Giant Squirrel,Rodentia,Sciuridae,,none
Callosciurus adamsi,Ear-spot Squirrel,Rodentia,Sciuridae,,none
Callosciurus baluensis,Kinabalu Squirrel,Rodentia,Sciuridae,,none
Callosciurus caniceps,Northern Gray-bellied Squirrel,Rodentia,Sciuridae,Callosciurus caniceps_Northern Gray-bellied Squirrel,exact
Callosciurus concolor,Southern Gray-bellied Squirrel,Rodentia,Sciuridae,Callosciurus concolor_Southern Gray-bellied Squirrel,exact
Callosciurus erythraeus,Pallas's Squirrel,Rodentia,Sciuridae,Callosciurus erythraeus_Pallas' Squirrel,exact
Callosciurus finlaysonii,Finlayson's Squirrel,Rodentia,Sciuridae,Callosciurus finlaysonii_Finlayson's Squirrel,exact
Callosciurus honkhoaiensis,Hon Khoai Squirrel,Rodentia,Sciuridae,,none
Callosciurus inornatus,Inornate Squirrel,Rodentia,Sciuridae,Callosciurus inornatus_Inornate Squirrel,exact
Callosciurus melanogaster,Mentawai Squirrel,Rodentia,Sciuridae,,none
Callosciurus nigrovittatus,Black-striped Squirrel,Rodentia,Sciuridae,Callosciurus nigrovittatus_Black-striped Squirrel,exact
Callosciurus notatus,Plantain Squirrel,Rodentia,Sciuridae,Callosciurus notatus_Plantain Squirrel,exact
Callosciurus orestes,Borneo Black-banded Squirrel,Rodentia,Sciuridae,,none
Callosciurus phayrei,Phayre's Squirrel,Rodentia,Sciuridae,,none
Callosciurus prevostii,Prevost's Squirrel,Rodentia,Sciuridae,Callosciurus prevostii_Prevost's Squirrel,exact
Callosciurus pygerythrus,Irrawaddy Squirrel,Rodentia,Sciuridae,Callosciurus pygerythrus_Irrawaddy Squirrel,exact
Callosciurus quinquestriatus,Anderson's Squirrel,Rodentia,Sciuridae,,none
Dremomys gularis,Red-throated Squirrel,Rodentia,Sciuridae,,none
Dremomys lokriah,Orange-bellied Himalayan Squirrel,Rodentia,Sciuridae,Dremomys lokriah_Orange-bellied Himalayan Squirrel,exact
Dremomys ornatus,Chinese Red-cheeked Squirrel,Rodentia,Sciuridae,,none
Dremomys pernyi,Perny's Long-nosed Squirrel,Rodentia,Sciuridae,Dremomys pernyi_Perny's Long-nosed Squirrel,exact
Dremomys pyrrhomerus,Red-hipped Squirrel,Rodentia,Sciuridae,Dremomys pyrrhomerus_Red-hipped Squirrel,exact
Dremomys rufigenis,Asian Red-cheeked Squirrel,Rodentia,Sciuridae,Dremomys rufigenis_Asian Red-cheeked Squirrel,exact
Glyphotes simus,Sculptor Squirrel,Rodentia,Sciuridae,,none
Lariscus hosei,Four-striped Ground Squirrel,Rodentia,Sciuridae,,none
Lariscus insignis,Three-striped Ground Squirrel,Rodentia,Sciuridae,Lariscus insignis_Three-striped Ground Squirrel,exact
Lariscus niobe,Niobe Ground Squirrel,Rodentia,Sciuridae,,none
Lariscus obscurus,Mentawai Three-striped Squirrel,Rodentia,Sciuridae,,none
Menetes berdmorei,Indochinese Ground Squirrel,Rodentia,Sciuridae,Menetes berdmorei_Indochinese Ground Squirrel,exact
Nannosciurus melanotis,Black-eared Squirrel,Rodentia,Sciuridae,,none
Rhinosciurus laticaudatus,Shrew-faced Squirrel,Rodentia,Sciuridae,,none
Sundasciurus altitudinis,Sumatran Mountain Squirrel,Rodentia,Sciuridae,,none
Sundasciurus brookei,Brooke's Squirrel,Rodentia,Sciuridae,,none
Sundasciurus davensis,Davao Squirrel,Rodentia,Sciuridae,,none
Sundasciurus everetti,Bornean Mountain Ground Squirrel,Rodentia,Sciuridae,Sundasciurus everetti_Bornean Mountain Ground Squirrel,exact
Sundasciurus fraterculus,Fraternal Squirrel,Rodentia,Sciuridae,,none
Sundasciurus hippurus,Horse-tailed Squirrel,Rodentia,Sciuridae,,none
Sundasciurus hoogstraali,Busuanga Squirrel,Rodentia,Sciuridae,,none
Sundasciurus jentinki,Jentink's Squirrel,Rodentia,Sciuridae,Sundasciurus jentinki_Jentink's Squirrel,exact
Sundasciurus juvencus,Northern Palawan Tree Squirrel,Rodentia,Sciuridae,Sundasciurus juvencus_Northern Palawan Tree Squirrel,exact
Sundasciurus lowii,Low's Squirrel,Rodentia,Sciuridae,,none
Sundasciurus mindanensis,Mindanao Squirrel,Rodentia,Sciuridae,,none
Sundasciurus moellendorffi,Culion Tree Squirrel,Rodentia,Sciuridae,,none
Sundasciurus natunensis,Natuna Squirrel,Rodentia,Sciuridae,,none
Sundasciurus philippinensis,Philippine Tree Squirrel,Rodentia,Sciuridae,,none
Sundasciurus rabori,Palawan Montane Squirrel,Rodentia,Sciuridae,,none
Sundasciurus robinsoni,Robinson's Squirrel,Rodentia,Sciuridae,,none
Sundasciurus samarensis,Samar Squirrel,Rodentia,Sciuridae,,none
Sundasciurus steerii,Southern Palawan Tree Squirrel,Rodentia,Sciuridae,,none
Sundasciurus tahan,Upland Squirrel,Rodentia,Sciuridae,,none
Sundasciurus tenuis,Slender Squirrel,Rodentia,Sciuridae,Sundasciurus tenuis_Lowland Slender Squirrel,exact
Tamiops barbei,Southeast Asian Striped Squirrel,Rodentia,Sciuridae,,none
Tamiops maritimus,Maritime Striped Squirrel,Rodentia,Sciuridae,Tamiops maritimus_Maritime Striped Squirrel,exact
Tamiops mcclellandii,Himalayan Striped Squirrel,Rodentia,Sciuridae,Tamiops mcclellandii_Himalayan Striped Squirrel,exact
Tamiops minshanicus,Minshan Striped Squirrel,Rodentia,Sciuridae,,none
Tamiops rodolphii,Cambodian Striped Squirrel,Rodentia,Sciuridae,Tamiops rodolphii_Cambodian Striped Squirrel,exact
Tamiops swinhoei,Swinhoe's Striped Squirrel,Rodentia,Sciuridae,Tamiops swinhoei_Swinhoe's Striped Squirrel,exact
Ratufa affinis,Pale Giant Squirrel,Rodentia,Sciuridae,Ratufa affinis_Pale Giant Squirrel,exact
Ratufa bicolor,Southern Black Giant Squirrel,Rodentia,Sciuridae,Ratufa bicolor_Black Giant Squirrel,exact
Ratufa gigantea,Northern Black Giant Squirrel,Rodentia,Sciuridae,,none
Ratufa indica,Indian Giant Squirrel,Rodentia,Sciuridae,Ratufa indica_Indian Giant Squirrel,exact
Ratufa macroura,Sri Lankan Giant Squirrel,Rodentia,Sciuridae,,none
Sciurillus pusillus,Neotropical Pygmy Squirrel,Rodentia,Sciuridae,Sciurillus pusillus_Neotropical Pygmy Squirrel,exact
Eoglaucomys fimbriatus,Kashmir Flying Squirrel,Rodentia,Sciuridae,,none
Glaucomys oregonensis,Humboldt's Flying Squirrel,Rodentia,Sciuridae,,none
Glaucomys sabrinus,Northern Flying Squirrel,Rodentia,Sciuridae,Glaucomys sabrinus_Northern Flying Squirrel,exact
Glaucomys volans,Southern Flying Squirrel,Rodentia,Sciuridae,Glaucomys volans_Southern Flying Squirrel,exact
Hylopetes alboniger,Particolored Flying Squirrel,Rodentia,Sciuridae,,none
Hylopetes bartelsi,Bartels's Flying Squirrel,Rodentia,Sciuridae,,none
Hylopetes electilis,Hainan Flying Squirrel,Rodentia,Sciuridae,,none
Hylopetes nigripes,Palawan Flying Squirrel,Rodentia,Sciuridae,,none
Hylopetes phayrei,Indochinese Flying Squirrel,Rodentia,Sciuridae,,none
Hylopetes platyurus,Jentink's Flying Squirrel,Rodentia,Sciuridae,,none
Hylopetes sagitta,Gray-cheeked Flying Squirrel,Rodentia,Sciuridae,,none
Hylopetes sipora,Sipora Flying Squirrel,Rodentia,Sciuridae,,none
Hylopetes spadiceus,Red-cheeked Flying Squirrel,Rodentia,Sciuridae,,none
Hylopetes winstoni,Sumatran Flying Squirrel,Rodentia,Sciuridae,,none
Iomys horsfieldii,Javanese Flying Squirrel,Rodentia,Sciuridae,,none
Iomys sipora,Mentawai Flying Squirrel,Rodentia,Sciuridae,,none
Olisthomys morrisi,Morris's Flying Squirrel,Rodentia,Sciuridae,,none
Petaurillus emiliae,Lesser Pygmy Flying Squirrel,Rodentia,Sciuridae,,none
Petaurillus hosei,Hose's Pygmy Flying Squirrel,Rodentia,Sciuridae,,none
Petaurillus kinlochii,Selangor Pygmy Flying Squirrel,Rodentia,Sciuridae,,none
Petinomys crinitus,Basilan Flying Squirrel,Rodentia,Sciuridae,,none
Petinomys fuscocapillus,Travancore Flying Squirrel,Rodentia,Sciuridae,,none
Petinomys genibarbis,Whiskered Flying Squirrel,Rodentia,Sciuridae,,none
Petinomys hageni,Hagen's Flying Squirrel,Rodentia,Sciuridae,,none
Petinomys lugens,Siberut Flying Squirrel,Rodentia,Sciuridae,,none
Petinomys mindanensis,Mindanao Flying Squirrel,Rodentia,Sciuridae,,none
Petinomys setosus,Temminck's Flying Squirrel,Rodentia,Sciuridae,,none
Petinomys vordermanni,Vordermann's Flying Squirrel,Rodentia,Sciuridae,,none
Priapomys leonardi,Himalayan Large-eared Flying Squirrel,Rodentia,Sciuridae,,none
Aeretes melanopterus,Northern Chinese Flying Squirrel,Rodentia,Sciuridae,,none
Aeromys tephromelas,Black Flying Squirrel,Rodentia,Sciuridae,,none
Aeromys thomasi,Thomas's Flying Squirrel,Rodentia,Sciuridae,,none
Belomys pearsonii,Hairy-footed Flying Squirrel,Rodentia,Sciuridae,,none
Biswamoyopterus biswasi,Namdapha Flying Squirrel,Rodentia,Sciuridae,,none
Biswamoyopterus gaoligongensis,Mount Gaoligong Flying Squirrel,Rodentia,Sciuridae,,none
Biswamoyopterus laoensis,Laotian Flying Squirrel,Rodentia,Sciuridae,,none
Eupetaurus cinereus,Western Woolly Flying Squirrel,Rodentia,Sciuridae,,none
Eupetaurus nivamons,Yunnan Woolly Flying Squirrel,Rodentia,Sciuridae,,none
Eupetaurus tibetensis,Tibetan Woolly Flying Squirrel,Rodentia,Sciuridae,,none
Petaurista albiventer,White-bellied Giant Flying Squirrel,Rodentia,Sciuridae,Petaurista albiventer_White-bellied Giant Flying Squirrel,exact
Petaurista alborufus,Red-and-white Giant Flying Squirrel,Rodentia,Sciuridae,,none
Petaurista caniceps,Gray-headed Giant Flying Squirrel,Rodentia,Sciuridae,,none
Petaurista elegans,Spotted Giant Flying Squirrel,Rodentia,Sciuridae,,none
Petaurista grandis,Formosan Giant Flying Squirrel,Rodentia,Sciuridae,Petaurista grandis_Taiwan Giant Flying Squirrel,exact
Petaurista hainanus,Hainan Giant Flying Squirrel,Rodentia,Sciuridae,,none
Petaurista lena,Taiwan Giant Flying Squirrel,Rodentia,Sciuridae,Petaurista lena_Taiwan Red-and-white Giant Flying Squirrel,exact
Petaurista leucogenys,Japanese Giant Flying Squirrel,Rodentia,Sciuridae,,none
Petaurista marica,Indochinese Giant Flying Squirrel,Rodentia,Sciuridae,,none
Petaurista nobilis,Bhutan Giant Flying Squirrel,Rodentia,Sciuridae,,none
Petaurista nujiangensis,Nujiang Giant Flying Squirrel,Rodentia,Sciuridae,,none
Petaurista petaurista,Red Giant Flying Squirrel,Rodentia,Sciuridae,Petaurista petaurista_Red Giant Flying Squirrel,exact
Petaurista philippensis,Indian Giant Flying Squirrel,Rodentia,Sciuridae,Petaurista philippensis_Common Giant Flying Squirrel,exact
Petaurista siangensis,Mebo Giant Flying Squirrel,Rodentia,Sciuridae,,none
Petaurista xanthotis,Chinese Giant Flying Squirrel,Rodentia,Sciuridae,,none
Pteromys momonga,Japanese Flying Squirrel,Rodentia,Sciuridae,,none
Pteromys volans,Siberian Flying Squirrel,Rodentia,Sciuridae,Pteromys volans_Siberian Flying Squirrel,exact
Pteromyscus pulverulentus,Smoky Flying Squirrel,Rodentia,Sciuridae,,none
Trogopterus xanthipes,Complex-toothed Flying Squirrel,Rodentia,Sciuridae,,none
Microsciurus alfari,Central American Dwarf Squirrel,Rodentia,Sciuridae,Microsciurus alfari_Central American Dwarf Squirrel,exact
Microsciurus boquetensis,Panamanian Dwarf Squirrel,Rodentia,Sciuridae,,none
Microsciurus flaviventer,Amazon Dwarf Squirrel,Rodentia,Sciuridae,Microsciurus flaviventer_Amazon Dwarf Squirrel,exact
Microsciurus isthmius,Isthmian Dwarf Squirrel,Rodentia,Sciuridae,,none
Microsciurus mimulus,Western Dwarf Squirrel,Rodentia,Sciuridae,Microsciurus mimulus_Western Dwarf Squirrel,exact
Microsciurus otinus,White-eared Dwarf Squirrel,Rodentia,Sciuridae,,none
Microsciurus sabanillae,Sabanilla Dwarf Squirrel,Rodentia,Sciuridae,,none
Microsciurus santanderensis,Santander Dwarf Squirrel,Rodentia,Sciuridae,,none
Microsciurus similis,Choco Dwarf Squirrel,Rodentia,Sciuridae,,none
Microsciurus simonsi,Simons's Dwarf Squirrel,Rodentia,Sciuridae,,none
Rheithrosciurus macrotis,Tufted Ground Squirrel,Rodentia,Sciuridae,,none
Sciurus aberti,Abert's Squirrel,Rodentia,Sciuridae,Sciurus aberti_Abert's Squirrel,exact
Sciurus aestuans,Guianan Squirrel,Rodentia,Sciuridae,Sciurus aestuans_Guianan Squirrel,exact
Sciurus alleni,Allen's Squirrel,Rodentia,Sciuridae,Sciurus alleni_Allen's Squirrel,exact
Sciurus anomalus,Caucasian Squirrel,Rodentia,Sciuridae,Sciurus anomalus_Caucasian Squirrel,exact
Sciurus arizonensis,Arizona Gray Squirrel,Rodentia,Sciuridae,Sciurus arizonensis_Arizona Gray Squirrel,exact
Sciurus aureogaster,Red-bellied Squirrel,Rodentia,Sciuridae,Sciurus aureogaster_Red-bellied Squirrel,exact
Sciurus brasiliensis,Brazilian Squirrel,Rodentia,Sciuridae,Sciurus brasiliensis_Brazilian Squirrel,exact
Sciurus carolinensis,Eastern Gray Squirrel,Rodentia,Sciuridae,Sciurus carolinensis_Eastern Gray Squirrel,exact
Sciurus colliaei,Collie's Squirrel,Rodentia,Sciuridae,Sciurus colliaei_Collie's Squirrel,exact
Sciurus deppei,Deppe's Squirrel,Rodentia,Sciuridae,Sciurus deppei_Deppe's Squirrel,exact
Sciurus granatensis,Red-tailed Squirrel,Rodentia,Sciuridae,Sciurus granatensis_Red-tailed Squirrel,exact
Sciurus griseus,Western Gray Squirrel,Rodentia,Sciuridae,Sciurus griseus_Western Gray Squirrel,exact
Sciurus ignitus,Bolivian Squirrel,Rodentia,Sciuridae,Sciurus ignitus_Bolivian Squirrel,exact
Sciurus igniventris,Northern Amazon Red Squirrel,Rodentia,Sciuridae,,none
Sciurus lis,Japanese Squirrel,Rodentia,Sciuridae,Sciurus lis_Japanese Squirrel,exact
Sciurus meridionalis,Calabrian Black Squirrel,Rodentia,Sciuridae,,none
Sciurus nayaritensis,Mexican Fox Squirrel,Rodentia,Sciuridae,,none
Sciurus nebouxii,White-naped Squirrel,Rodentia,Sciuridae,Sciurus nebouxii_White-naped Squirrel,exact
Sciurus niger,Eastern Fox Squirrel,Rodentia,Sciuridae,Sciurus niger_Eastern Fox Squirrel,exact
Sciurus oculatus,Peters's Squirrel,Rodentia,Sciuridae,Sciurus oculatus_Peters's Squirrel,exact
Sciurus pachecoi,Pacheco's Squirrel,Rodentia,Sciuridae,,none
Sciurus pucheranii,Andean Squirrel,Rodentia,Sciuridae,Sciurus pucheranii_Andean Squirrel,exact
Sciurus pyrrhinus,Junin Red Squirrel,Rodentia,Sciuridae,,none
Sciurus richmondi,Richmond's Squirrel,Rodentia,Sciuridae,,none
Sciurus spadiceus,Southern Amazon Red Squirrel,Rodentia,Sciuridae,Sciurus spadiceus_Southern Amazon Red Squirrel,exact
Sciurus stramineus,Guayaquil Squirrel,Rodentia,Sciuridae,Sciurus stramineus_Guayaquil Squirrel,exact
Sciurus variegatoides,Variegated Squirrel,Rodentia,Sciuridae,Sciurus variegatoides_Variegated Squirrel,exact
Sciurus vulgaris,Eurasian Red Squirrel,Rodentia,Sciuridae,Sciurus vulgaris_Eurasian Red Squirrel,exact
Sciurus yucatanensis,Yucatán Squirrel,Rodentia,Sciuridae,Sciurus yucatanensis_Yucatán Squirrel,exact
Syntheosciurus brochus,Bangs's Mountain Squirrel,Rodentia,Sciuridae,,none
Tamiasciurus douglasii,Douglas's Squirrel,Rodentia,Sciuridae,Tamiasciurus douglasii_Douglas's Squirrel,exact
Tamiasciurus fremonti,Fremont's Squirrel,Rodentia,Sciuridae,Tamiasciurus fremonti_Fremont's Squirrel,exact
Tamiasciurus hudsonicus,North American Red Squirrel,Rodentia,Sciuridae,Tamiasciurus hudsonicus_American Red Squirrel,exact
Ammospermophilus harrisii,Harris's Antelope Squirrel,Rodentia,Sciuridae,Ammospermophilus harrisii_Harris' Antelope Squirrel,exact
Ammospermophilus interpres,Texas Antelope Squirrel,Rodentia,Sciuridae,Ammospermophilus interpres_Texas Antelope Squirrel,exact
Ammospermophilus leucurus,White-tailed Antelope Squirrel,Rodentia,Sciuridae,Ammospermophilus leucurus_White-tailed Antelope Squirrel,exact
Ammospermophilus nelsoni,Nelson's Antelope Squirrel,Rodentia,Sciuridae,Ammospermophilus nelsoni_Nelson's Antelope Squirrel,exact
Notocitellus adocetus,Tropical Ground Squirrel,Rodentia,Sciuridae,Notocitellus adocetus_Tropical Ground Squirrel,exact
Notocitellus annulatus,Ring-tailed Ground Squirrel,Rodentia,Sciuridae,Notocitellus annulatus_Ring-tailed Ground Squirrel,exact
Marmota baibacina,Gray Marmot,Rodentia,Sciuridae,Marmota baibacina_Grey Marmot,exact
Marmota bobak,Bobak Marmot,Rodentia,Sciuridae,Marmota bobak_Bobak Marmot,exact
Marmota broweri,Alaska Marmot,Rodentia,Sciuridae,,none
Marmota caligata,Hoary Marmot,Rodentia,Sciuridae,Marmota caligata_Hoary Marmot,exact
Marmota camtschatica,Black-capped Marmot,Rodentia,Sciuridae,,none
Marmota caudata,Long-tailed Marmot,Rodentia,Sciuridae,,none
Marmota flaviventris,Yellow-bellied Marmot,Rodentia,Sciuridae,Marmota flaviventris_Yellow-bellied Marmot,exact
Marmota himalayana,Himalayan Marmot,Rodentia,Sciuridae,Marmota himalayana_Himalayan Marmot,exact
Marmota kastschenkoi,Forest Steppe Marmot,Rodentia,Sciuridae,Marmota kastschenkoi_Forest Steppe Marmot,exact
Marmota marmota,Alpine Marmot,Rodentia,Sciuridae,Marmota marmota_Alpine Marmot,exact
Marmota menzbieri,Menzbier's Marmot,Rodentia,Sciuridae,,none
Marmota monax,Woodchuck,Rodentia,Sciuridae,Marmota monax_Groundhog,exact
Marmota olympus,Olympic Marmot,Rodentia,Sciuridae,Marmota olympus_Olympic Marmot,exact
Marmota sibirica,Tarbagan Marmot,Rodentia,Sciuridae,Marmota sibirica_Tarbagan Marmot,exact
Marmota vancouverensis,Vancouver Island Marmot,Rodentia,Sciuridae,Marmota vancouverensis_Vancouver Island Marmot,exact
Callospermophilus lateralis,Common Golden-mantled Ground Squirrel,Rodentia,Sciuridae,Callospermophilus lateralis_Common Golden-mantled Ground Squirrel,exact
Callospermophilus madrensis,Sierra Madre Ground Squirrel,Rodentia,Sciuridae,,none
Callospermophilus saturatus,Cascade Golden-mantled Ground Squirrel,Rodentia,Sciuridae,,none
Otospermophilus beecheyi,California Ground Squirrel,Rodentia,Sciuridae,Otospermophilus beecheyi_California Ground Squirrel,exact
Otospermophilus douglasii,Douglas's Ground Squirrel,Rodentia,Sciuridae,Otospermophilus douglasii_Douglas's Ground Squirrel,exact
Otospermophilus variegatus,Common Rock Squirrel,Rodentia,Sciuridae,Otospermophilus variegatus_Rock Squirrel,exact
Cynomys gunnisoni,Gunnison's Prairie Dog,Rodentia,Sciuridae,Cynomys gunnisoni_Gunnison's Prairie Dog,exact
Cynomys leucurus,White-tailed Prairie Dog,Rodentia,Sciuridae,Cynomys leucurus_White-tailed Prairie Dog,exact
Cynomys ludovicianus,Black-tailed Prairie Dog,Rodentia,Sciuridae,Cynomys ludovicianus_Black-tailed Prairie Dog,exact
Cynomys mexicanus,Mexican Prairie Dog,Rodentia,Sciuridae,Cynomys mexicanus_Mexican Prairie Dog,exact
Cynomys parvidens,Utah Prairie Dog,Rodentia,Sciuridae,Cynomys parvidens_Utah Prairie Dog,exact
Ictidomys mexicanus,Mexican Ground Squirrel,Rodentia,Sciuridae,,none
Ictidomys parvidens,Rio Grande Ground Squirrel,Rodentia,Sciuridae,Ictidomys parvidens_Rio Grande Ground Squirrel,exact
Ictidomys tridecemlineatus,Thirteen-lined Ground Squirrel,Rodentia,Sciuridae,Ictidomys tridecemlineatus_Thirteen-lined Ground Squirrel,exact
Poliocitellus franklinii,Franklin's Ground Squirrel,Rodentia,Sciuridae,Poliocitellus franklinii_Franklin's Ground Squirrel,exact
Spermophilus alaschanicus,Alashan Ground Squirrel,Rodentia,Sciuridae,,none
Spermophilus brevicauda,Brandt's Ground Squirrel,Rodentia,Sciuridae,,none
Spermophilus citellus,European Ground Squirrel,Rodentia,Sciuridae,Spermophilus citellus_European Ground Squirrel,exact
Spermophilus dauricus,Daurian Ground Squirrel,Rodentia,Sciuridae,Spermophilus dauricus_Daurian Ground Squirrel,exact
Spermophilus erythrogenys,Red-cheeked Ground Squirrel,Rodentia,Sciuridae,,none
Spermophilus fulvus,Yellow Ground Squirrel,Rodentia,Sciuridae,Spermophilus fulvus_Yellow Ground Squirrel,exact
Spermophilus major,Russet Ground Squirrel,Rodentia,Sciuridae,Spermophilus major_Russet Ground Squirrel,exact
Spermophilus musicus,Caucasian Mountain Ground Squirrel,Rodentia,Sciuridae,Spermophilus musicus_Caucasian Mountain Ground Squirrel,exact
Spermophilus nilkaensis,Tian Shan Ground Squirrel,Rodentia,Sciuridae,,none
Spermophilus odessanus,Podolian Ground Squirrel,Rodentia,Sciuridae,,none
Spermophilus pallidicauda,Pallid Ground Squirrel,Rodentia,Sciuridae,,none
Spermophilus pygmaeus,Little Ground Squirrel,Rodentia,Sciuridae,,none
Spermophilus relictus,Relict Ground Squirrel,Rodentia,Sciuridae,,none
Spermophilus selevini,Selevin's Ground Squirrel,Rodentia,Sciuridae,,none
Spermophilus suslicus,Speckled Ground Squirrel,Rodentia,Sciuridae,Spermophilus suslicus_Speckled Ground Squirrel,exact
Spermophilus taurensis,Tauren Ground Squirrel,Rodentia,Sciuridae,,none
Spermophilus vorontsovi,Vorontsov's Ground Squirrel,Rodentia,Sciuridae,Spermophilus vorontsovi_Vorontsov's Ground Squirrel,exact
Spermophilus xanthoprymnus,Asia Minor Ground Squirrel,Rodentia,Sciuridae,Spermophilus xanthoprymnus_Asia Minor Ground Squirrel,exact
Urocitellus armatus,Uinta Ground Squirrel,Rodentia,Sciuridae,Urocitellus armatus_Uinta Ground Squirrel,exact
Urocitellus beldingi,Belding's Ground Squirrel,Rodentia,Sciuridae,Urocitellus beldingi_Belding's Ground Squirrel,exact
Urocitellus brunneus,Idaho Ground Squirrel,Rodentia,Sciuridae,,none
Urocitellus canus,Merriam's Ground Squirrel,Rodentia,Sciuridae,,none
Urocitellus columbianus,Columbian Ground Squirrel,Rodentia,Sciuridae,Urocitellus columbianus_Columbian Ground Squirrel,exact
Urocitellus elegans,Wyoming Ground Squirrel,Rodentia,Sciuridae,Urocitellus elegans_Wyoming Ground Squirrel,exact
Urocitellus idahoensis,Snake River Plains Ground Squirrel,Rodentia,Sciuridae,,none
Urocitellus mollis,Piute Ground Squirrel,Rodentia,Sciuridae,,none
Urocitellus parryii,Arctic Ground Squirrel,Rodentia,Sciuridae,Urocitellus parryii_Arctic Ground Squirrel,exact
Urocitellus richardsonii,Richardson's Ground Squirrel,Rodentia,Sciuridae,Urocitellus richardsonii_Richardson's Ground Squirrel,exact
Urocitellus townsendii,Townsend's Ground Squirrel,Rodentia,Sciuridae,,none
Urocitellus undulatus,Long-tailed Ground Squirrel,Rodentia,Sciuridae,Urocitellus undulatus_Long-tailed Ground Squirrel,exact
Urocitellus washingtoni,Washington Ground Squirrel,Rodentia,Sciuridae,,none
Xerospermophilus mohavensis,Mohave Ground Squirrel,Rodentia,Sciuridae,,none
Xerospermophilus perotensis,Perote Ground Squirrel,Rodentia,Sciuridae,,none
Xerospermophilus spilosoma,Spotted Ground Squirrel,Rodentia,Sciuridae,Xerospermophilus spilosoma_Spotted Ground Squirrel,exact
Xerospermophilus tereticaudus,Round-tailed Ground Squirrel,Rodentia,Sciuridae,Xerospermophilus tereticaudus_Round-tailed Ground Squirrel,exact
Epixerus ebii,African Palm Squirrel,Rodentia,Sciuridae,Epixerus ebii_Western Palm Squirrel,exact
Funisciurus anerythrus,Thomas's Rope Squirrel,Rodentia,Sciuridae,Funisciurus anerythrus_Thomas's Rope Squirrel,exact
Funisciurus bayonii,Lunda Rope Squirrel,Rodentia,Sciuridae,,none
Funisciurus carruthersi,Carruther's Mountain Squirrel,Rodentia,Sciuridae,,none
Funisciurus congicus,Congo Rope Squirrel,Rodentia,Sciuridae,,none
Funisciurus duchaillui,Du Chaillu's Rope Squirrel,Rodentia,Sciuridae,,none
Funisciurus isabella,Lady Burton's Rope Squirrel,Rodentia,Sciuridae,Funisciurus isabella_Lady Burton's Rope Squirrel,exact
Funisciurus lemniscatus,Ribboned Rope Squirrel,Rodentia,Sciuridae,Funisciurus lemniscatus_Ribboned Rope Squirrel,exact
Funisciurus leucogenys,Red-cheeked Rope Squirrel,Rodentia,Sciuridae,,none
Funisciurus pyrropus,Fire-footed Rope Squirrel,Rodentia,Sciuridae,Funisciurus pyrropus_Fire-footed Rope Squirrel,exact
Funisciurus substriatus,Kintampo Rope Squirrel,Rodentia,Sciuridae,,none
Heliosciurus gambianus,Gambian Sun Squirrel,Rodentia,Sciuridae,Heliosciurus gambianus_Gambian Sun Squirrel,exact
Heliosciurus mutabilis,Mutable Sun Squirrel,Rodentia,Sciuridae,,none
Heliosciurus punctatus,Small Sun Squirrel,Rodentia,Sciuridae,,none
Heliosciurus rufobrachium,Red-legged Sun Squirrel,Rodentia,Sciuridae,Heliosciurus rufobrachium_Red-legged Sun Squirrel,exact
Heliosciurus ruwenzorii,Ruwenzori Sun Squirrel,Rodentia,Sciuridae,,none
Heliosciurus undulatus,Zanj Sun Squirrel,Rodentia,Sciuridae,,none
Myosciurus pumilio,African Pygmy Squirrel,Rodentia,Sciuridae,,none
Paraxerus alexandri,Alexander's Bush Squirrel,Rodentia,Sciuridae,Paraxerus alexandri_Alexander's Bush Squirrel,exact
Paraxerus boehmi,Boehm's Bush Squirrel,Rodentia,Sciuridae,Paraxerus boehmi_Boehm's Bush Squirrel,exact
Paraxerus cepapi,Smith's Bush Squirrel,Rodentia,Sciuridae,Paraxerus cepapi_Smith's Bush Squirrel,exact
Paraxerus cooperi,Cooper's Mountain Squirrel,Rodentia,Sciuridae,,none
Paraxerus flavovittis,Striped Bush Squirrel,Rodentia,Sciuridae,,none
Paraxerus lucifer,Black-and-red Bush Squirrel,Rodentia,Sciuridae,,none
Paraxerus ochraceus,Ochre Bush Squirrel,Rodentia,Sciuridae,Paraxerus ochraceus_Ochre Bush Squirrel,exact
Paraxerus palliatus,Red Bush Squirrel,Rodentia,Sciuridae,Paraxerus palliatus_Red Bush Squirrel,exact
Paraxerus poensis,Green Bush Squirrel,Rodentia,Sciuridae,,none
Paraxerus vexillarius,Swynnerton's Bush Squirrel,Rodentia,Sciuridae,,none
Paraxerus vincenti,Vincent's Bush Squirrel,Rodentia,Sciuridae,,none
Protoxerus aubinnii,Slender-tailed Squirrel,Rodentia,Sciuridae,,none
Protoxerus stangeri,Forest Giant Squirrel,Rodentia,Sciuridae,Protoxerus stangeri_Forest Giant Squirrel,exact
Sciurotamias davidianus,Pere David's Rock Squirrel,Rodentia,Sciuridae,Sciurotamias davidianus_Père David's Rock Squirrel,exact
Sciurotamias forresti,Forrest's Rock Squirrel,Rodentia,Sciuridae,,none
Eutamias sibiricus,Siberian Chipmunk,Rodentia,Sciuridae,Eutamias sibiricus_Siberian Chipmunk,exact
Neotamias alpinus,Alpine Chipmunk,Rodentia,Sciuridae,,none
Neotamias amoenus,Yellow-pine Chipmunk,Rodentia,Sciuridae,Neotamias amoenus_Yellow-pine Chipmunk,exact
Neotamias bulleri,Buller's Chipmunk,Rodentia,Sciuridae,,none
Neotamias canipes,Gray-footed Chipmunk,Rodentia,Sciuridae,Neotamias canipes_Gray-footed Chipmunk,exact
Neotamias cinereicollis,Gray-collared Chipmunk,Rodentia,Sciuridae,,none
Neotamias cratericus,Crater Chipmunk,Rodentia,Sciuridae,,none
Neotamias dorsalis,Cliff Chipmunk,Rodentia,Sciuridae,Neotamias dorsalis_Cliff Chipmunk,exact
Neotamias durangae,Durango Chipmunk,Rodentia,Sciuridae,,none
Neotamias grisescens,Coulee Chipmunk,Rodentia,Sciuridae,,none
Neotamias merriami,Merriam's Chipmunk,Rodentia,Sciuridae,Neotamias merriami_Merriam's Chipmunk,exact
Neotamias minimus,Least Chipmunk,Rodentia,Sciuridae,Neotamias minimus_Least Chipmunk,exact
Neotamias obscurus,California Chipmunk,Rodentia,Sciuridae,,none
Neotamias ochrogenys,Yellow-cheeked Chipmunk,Rodentia,Sciuridae,Neotamias ochrogenys_Yellow-cheeked Chipmunk,exact
Neotamias palmeri,Palmer's Chipmunk,Rodentia,Sciuridae,Neotamias palmeri_Palmer's Chipmunk,exact
Neotamias panamintinus,Panamint Chipmunk,Rodentia,Sciuridae,,none
Neotamias quadrimaculatus,Long-eared Chipmunk,Rodentia,Sciuridae,,none
Neotamias quadrivittatus,Colorado Chipmunk,Rodentia,Sciuridae,Neotamias quadrivittatus_Colorado Chipmunk,exact
Neotamias ruficaudus,Red-tailed Chipmunk,Rodentia,Sciuridae,Neotamias ruficaudus_Red-tailed Chipmunk,exact
Neotamias rufus,Hopi Chipmunk,Rodentia,Sciuridae,Neotamias rufus_Hopi Chipmunk,exact
Neotamias senex,Shadow Chipmunk,Rodentia,Sciuridae,Neotamias senex_Shadow Chipmunk,exact
Neotamias siskiyou,Siskiyou Chipmunk,Rodentia,Sciuridae,,none
Neotamias solivagus,Coahuila Chipmunk,Rodentia,Sciuridae,,none
Neotamias sonomae,Sonoma Chipmunk,Rodentia,Sciuridae,Neotamias sonomae_Sonoma Chipmunk,exact
Neotamias speciosus,Lodgepole Chipmunk,Rodentia,Sciuridae,Neotamias speciosus_Lodgepole Chipmunk,exact
Neotamias townsendii,Townsend's Chipmunk,Rodentia,Sciuridae,Neotamias townsendii_Townsend's Chipmunk,exact
Neotamias umbrinus,Uinta Chipmunk,Rodentia,Sciuridae,Neotamias umbrinus_Uinta Chipmunk,exact
Tamias striatus,Eastern Chipmunk,Rodentia,Sciuridae,Tamias striatus_Eastern Chipmunk,exact
Spermophilopsis leptodactyla,Long-clawed Ground Squirrel,Rodentia,Sciuridae,,none
Atlantoxerus getulus,Barbary Ground Squirrel,Rodentia,Sciuridae,Atlantoxerus getulus_Barbary Ground Squirrel,exact
Euxerus erythropus,Striped Ground Squirrel,Rodentia,Sciuridae,,none
Geosciurus inauris,South African Ground Squirrel,Rodentia,Sciuridae,,none
Geosciurus princeps,Damara Ground Squirrel,Rodentia,Sciuridae,,none
Xerus rutilus,Unstriped Ground Squirrel,Rodentia,Sciuridae,,none
Anomalurus beecrofti,Beecroft's Anomalure,Rodentia,Anomaluridae,,none
Anomalurus derbianus,Lord Derby's Anomalure,Rodentia,Anomaluridae,,none
Anomalurus pelii,Pel's Anomalure,Rodentia,Anomaluridae,,none
Anomalurus pusillus,Lesser Anomalure,Rodentia,Anomaluridae,,none
Idiurus macrotis,Long-eared Pygmy Anomalure,Rodentia,Anomaluridae,,none
Idiurus zenkeri,Zenker's Pygmy Anomalure,Rodentia,Anomaluridae,,none
Zenkerella insignis,Zenkerella,Rodentia,Zenkerellidae,,none
Pedetes capensis,Southern African Springhare,Rodentia,Pedetidae,,none
Pedetes surdaster,East African Springhare,Rodentia,Pedetidae,,none
Castor canadensis,North American Beaver,Rodentia,Castoridae,Castor canadensis_American Beaver,exact
Castor fiber,Eurasian Beaver,Rodentia,Castoridae,Castor fiber_Eurasian Beaver,exact
Cratogeomys castanops,Yellow-faced Pocket Gopher,Rodentia,Geomyidae,,none
Cratogeomys fulvescens,Oriental Basin Pocket Gopher,Rodentia,Geomyidae,,none
Cratogeomys fumosus,Smoky Pocket Gopher,Rodentia,Geomyidae,,none
Cratogeomys goldmani,Goldman's Pocket Gopher,Rodentia,Geomyidae,,none
Cratogeomys merriami,Merriam's Pocket Gopher,Rodentia,Geomyidae,,none
Cratogeomys perotensis,Cofre de Perote Pocket Gopher,Rodentia,Geomyidae,,none
Cratogeomys planiceps,Volcan de Toluca Pocket Gopher,Rodentia,Geomyidae,,none
Geomys arenarius,Desert Pocket Gopher,Rodentia,Geomyidae,,none
Geomys attwateri,Attwater's Pocket Gopher,Rodentia,Geomyidae,,none
Geomys brazensis,Brazos Pocket Gopher,Rodentia,Geomyidae,,none
Geomys breviceps,Baird's Pocket Gopher,Rodentia,Geomyidae,,none
Geomys bursarius,Plains Pocket Gopher,Rodentia,Geomyidae,,none
Geomys jugossicularis,Hall's Pocket Gopher,Rodentia,Geomyidae,,none
Geomys knoxjonesi,Jones's Pocket Gopher,Rodentia,Geomyidae,,none
Geomys lutescens,Sand Hills Pocket Gopher,Rodentia,Geomyidae,,none
Geomys mobilensis,Alabama Pocket Gopher,Rodentia,Geomyidae,,none
Geomys personatus,Texas Pocket Gopher,Rodentia,Geomyidae,,none
Geomys pinetis,Southeastern Pocket Gopher,Rodentia,Geomyidae,,none
Geomys streckeri,Strecker's Pocket Gopher,Rodentia,Geomyidae,,none
Geomys texensis,Llano Pocket Gopher,Rodentia,Geomyidae,,none
Geomys tropicalis,Tropical Pocket Gopher,Rodentia,Geomyidae,,none
Heterogeomys cavator,Chiriqui Pocket Gopher,Rodentia,Geomyidae,,none
Heterogeomys cherriei,Cherrie's Pocket Gopher,Rodentia,Geomyidae,,none
Heterogeomys dariensis,Darién Pocket Gopher,Rodentia,Geomyidae,,none
Heterogeomys heterodus,Variable Pocket Gopher,Rodentia,Geomyidae,,none
Heterogeomys hispidus,Hispid Pocket Gopher,Rodentia,Geomyidae,,none
Heterogeomys lanius,Big Pocket Gopher,Rodentia,Geomyidae,,none
Heterogeomys underwoodi,Underwood's Pocket Gopher,Rodentia,Geomyidae,,none
Orthogeomys grandis,Giant Pocket Gopher,Rodentia,Geomyidae,,none
Pappogeomys bulleri,Buller's Pocket Gopher,Rodentia,Geomyidae,,none
Zygogeomys trichopus,Michoacan Pocket Gopher,Rodentia,Geomyidae,,none
Megascapheus atrovarius,Black-and-brown Pocket Gopher,Rodentia,Geomyidae,,none
Megascapheus baileyi,Southwestern Texas Pocket Gopher,Rodentia,Geomyidae,,none
Megascapheus bottae,Botta's Pocket Gopher,Rodentia,Geomyidae,,none
Megascapheus bulbivorus,Camas Pocket Gopher,Rodentia,Geomyidae,,none
Megascapheus connectens,New Mexico Pocket Gopher,Rodentia,Geomyidae,,none
Megascapheus fulvus,Fulvous Pocket Gopher,Rodentia,Geomyidae,,none
Megascapheus laticeps,Northern California Pocket Gopher,Rodentia,Geomyidae,,none
Megascapheus nayarensis,Nayar Pocket Gopher,Rodentia,Geomyidae,,none
Megascapheus nigricans,Southern California Pocket Gopher,Rodentia,Geomyidae,,none
Megascapheus ruidosae,Ruidoso Pocket Gopher,Rodentia,Geomyidae,,none
Megascapheus sheldoni,Sierra Madre Occidental Pocket Gopher,Rodentia,Geomyidae,,none
Megascapheus townsendii,Townsend's Pocket Gopher,Rodentia,Geomyidae,,none
Megascapheus umbrinus,Southern Pocket Gopher,Rodentia,Geomyidae,,none
Thomomys clusius,Wyoming Pocket Gopher,Rodentia,Geomyidae,,none
Thomomys idahoensis,Idaho Pocket Gopher,Rodentia,Geomyidae,,none
Thomomys mazama,Western Pocket Gopher,Rodentia,Geomyidae,,none
Thomomys monticolus,Mountain Pocket Gopher,Rodentia,Geomyidae,,none
Thomomys talpoides,Northern Pocket Gopher,Rodentia,Geomyidae,,none
Dipodomys agilis,Agile Kangaroo Rat,Rodentia,Heteromyidae,,none
Dipodomys californicus,California Kangaroo Rat,Rodentia,Heteromyidae,,none
Dipodomys compactus,Gulf Coast Kangaroo Rat,Rodentia,Heteromyidae,,none
Dipodomys deserti,Desert Kangaroo Rat,Rodentia,Heteromyidae,,none
Dipodomys elator,Texas Kangaroo Rat,Rodentia,Heteromyidae,,none
Dipodomys gravipes,San Quintin Kangaroo Rat,Rodentia,Heteromyidae,,none
Dipodomys heermanni,Heermann's Kangaroo Rat,Rodentia,Heteromyidae,,none
Dipodomys ingens,Giant Kangaroo Rat,Rodentia,Heteromyidae,,none
Dipodomys merriami,Merriam's Kangaroo Rat,Rodentia,Heteromyidae,,none
Dipodomys microps,Chisel-toothed Kangaroo Rat,Rodentia,Heteromyidae,,none
Dipodomys nelsoni,Nelson's Kangaroo Rat,Rodentia,Heteromyidae,,none
Dipodomys nitratoides,San Joaquin Kangaroo Rat,Rodentia,Heteromyidae,,none
Dipodomys ordii,Ord's Kangaroo Rat,Rodentia,Heteromyidae,,none
Dipodomys ornatus,Plateau Kangaroo Rat,Rodentia,Heteromyidae,,none
Dipodomys panamintinus,Panamint Kangaroo Rat,Rodentia,Heteromyidae,,none
Dipodomys phillipsii,Phillips's Kangaroo Rat,Rodentia,Heteromyidae,,none
Dipodomys simulans,Dulzura Kangaroo Rat,Rodentia,Heteromyidae,,none
Dipodomys spectabilis,Banner-tailed Kangaroo Rat,Rodentia,Heteromyidae,,none
Dipodomys stephensi,Stephens's Kangaroo Rat,Rodentia,Heteromyidae,,none
Dipodomys venustus,Narrow-faced Kangaroo Rat,Rodentia,Heteromyidae,,none
Microdipodops albiventer,Bonneville Kangaroo Mouse,Rodentia,Heteromyidae,,none
Microdipodops californicus,Oregon Kangaroo Mouse,Rodentia,Heteromyidae,,none
Microdipodops megacephalus,Owyhee Kangaroo Mouse,Rodentia,Heteromyidae,,none
Microdipodops pallidus,Lahontan Kangaroo Mouse,Rodentia,Heteromyidae,,none
Microdipodops polionotus,Nevada Kangaroo Mouse,Rodentia,Heteromyidae,,none
Microdipodops ruficollaris,Kawich Kangaroo Mouse,Rodentia,Heteromyidae,,none
Heteromys adspersus,Panamanian Spiny Pocket Mouse,Rodentia,Heteromyidae,,none
Heteromys anomalus,Trinidad Spiny Pocket Mouse,Rodentia,Heteromyidae,,none
Heteromys australis,Southern Spiny Pocket Mouse,Rodentia,Heteromyidae,,none
Heteromys bulleri,Buller's Spiny Pocket Mouse,Rodentia,Heteromyidae,,none
Heteromys catopterius,Overlook Spiny Pocket Mouse,Rodentia,Heteromyidae,,none
Heteromys desmarestianus,Desmarest's Spiny Pocket Mouse,Rodentia,Heteromyidae,,none
Heteromys gaumeri,Gaumer's Spiny Pocket Mouse,Rodentia,Heteromyidae,,none
Heteromys goldmani,Goldman's Spiny Pocket Mouse,Rodentia,Heteromyidae,,none
Heteromys irroratus,Mexican Spiny Pocket Mouse,Rodentia,Heteromyidae,,none
Heteromys nelsoni,Nelson's Spiny Pocket Mouse,Rodentia,Heteromyidae,,none
Heteromys nubicolens,Cloud-dwelling Spiny Pocket Mouse,Rodentia,Heteromyidae,,none
Heteromys oasicus,Paraguana Spiny Pocket Mouse,Rodentia,Heteromyidae,,none
Heteromys oresterus,Mountain Spiny Pocket Mouse,Rodentia,Heteromyidae,,none
Heteromys pictus,Painted Spiny Pocket Mouse,Rodentia,Heteromyidae,,none
Heteromys salvini,Salvin's Spiny Pocket Mouse,Rodentia,Heteromyidae,,none
Heteromys spectabilis,Jaliscan Spiny Pocket Mouse,Rodentia,Heteromyidae,,none
Heteromys teleus,Ecuadorean Spiny Pocket Mouse,Rodentia,Heteromyidae,,none
Chaetodipus ammophilus,Dalquest's Pocket Mouse,Rodentia,Heteromyidae,,none
Chaetodipus arenarius,Little Desert Pocket Mouse,Rodentia,Heteromyidae,,none
Chaetodipus artus,Narrow-skulled Pocket Mouse,Rodentia,Heteromyidae,,none
Chaetodipus baileyi,Bailey's Pocket Mouse,Rodentia,Heteromyidae,,none
Chaetodipus californicus,California Pocket Mouse,Rodentia,Heteromyidae,Chaetodipus californicus_California Pocket Mouse,exact
Chaetodipus collis,Highland Coarse-haired Pocket Mouse,Rodentia,Heteromyidae,,none
Chaetodipus durangae,Durango Coarse-haired Pocket Mouse,Rodentia,Heteromyidae,,none
Chaetodipus eremicus,Chihuahuan Desert Pocket Mouse,Rodentia,Heteromyidae,,none
Chaetodipus fallax,San Diego Pocket Mouse,Rodentia,Heteromyidae,,none
Chaetodipus formosus,Long-tailed Pocket Mouse,Rodentia,Heteromyidae,,none
Chaetodipus goldmani,Goldman's Pocket Mouse,Rodentia,Heteromyidae,,none
Chaetodipus hispidus,Hispid Pocket Mouse,Rodentia,Heteromyidae,,none
Chaetodipus intermedius,Rock Pocket Mouse,Rodentia,Heteromyidae,,none
Chaetodipus nelsoni,Nelson's Coarse-haired Pocket Mouse,Rodentia,Heteromyidae,,none
Chaetodipus penicillatus,Desert Pocket Mouse,Rodentia,Heteromyidae,,none
Chaetodipus pernix,Southern Sinaloan Pocket Mouse,Rodentia,Heteromyidae,,none
Chaetodipus rostratus,Northern Sinaloan Pocket Mouse,Rodentia,Heteromyidae,,none
Chaetodipus rudinoris,Peninsular Pocket Mouse,Rodentia,Heteromyidae,,none
Chaetodipus siccus,Cerralvo Island Pocket Mouse,Rodentia,Heteromyidae,,none
Chaetodipus spinatus,Spiny Pocket Mouse,Rodentia,Heteromyidae,,none
Perognathus alticolus,White-eared Pocket Mouse,Rodentia,Heteromyidae,,none
Perognathus amplus,Arizona Pocket Mouse,Rodentia,Heteromyidae,,none
Perognathus fasciatus,Olive-backed Pocket Mouse,Rodentia,Heteromyidae,,none
Perognathus flavescens,Plains Pocket Mouse,Rodentia,Heteromyidae,,none
Perognathus flavus,Silky Pocket Mouse,Rodentia,Heteromyidae,,none
Perognathus inornatus,San Joaquin Pocket Mouse,Rodentia,Heteromyidae,,none
Perognathus longimembris,Little Pocket Mouse,Rodentia,Heteromyidae,,none
Perognathus merriami,Merriam's Pocket Mouse,Rodentia,Heteromyidae,,none
Perognathus mollipilosus,Great Basin Pocket Mouse,Rodentia,Heteromyidae,,none
Perognathus parvus,Columbia Plateau Pocket Mouse,Rodentia,Heteromyidae,,none
Allactaga major,Great Jerboa,Rodentia,Dipodidae,,none
Allactaga severtzovi,Severtzov's Jerboa,Rodentia,Dipodidae,,none
Allactodipus bobrinskii,Bobrinski's Jerboa,Rodentia,Dipodidae,,none
Orientallactaga balikunica,Balikun Jerboa,Rodentia,Dipodidae,,none
Orientallactaga bullata,Gobi Jerboa,Rodentia,Dipodidae,,none
Orientallactaga sibirica,Siberian Jerboa,Rodentia,Dipodidae,,none
Pygeretmus platyurus,Lesser Fat-tailed Jerboa,Rodentia,Dipodidae,,none
Pygeretmus pumilio,Dwarf Fat-tailed Jerboa,Rodentia,Dipodidae,,none
Pygeretmus shitkovi,Greater Fat-tailed Jerboa,Rodentia,Dipodidae,,none
Scarturus aulacotis,Syrian Five-toed Jerboa,Rodentia,Dipodidae,,none
Scarturus caprimulga,Afghan Five-toed Jerboa,Rodentia,Dipodidae,,none
Scarturus elater,Northern Small Five-toed Jerboa,Rodentia,Dipodidae,,none
Scarturus euphraticus,Euphrates Jerboa,Rodentia,Dipodidae,,none
Scarturus heptneri,Heptner's Five-toed Jerboa,Rodentia,Dipodidae,,none
Scarturus hotsoni,Hotson's Five-toed Jerboa,Rodentia,Dipodidae,,none
Scarturus indicus,Southern Small Five-toed Jerboa,Rodentia,Dipodidae,,none
Scarturus tetradactylus,Four-toed Jerboa,Rodentia,Dipodidae,,none
Scarturus vinogradovi,Vinogradov's Jerboa,Rodentia,Dipodidae,,none
Scarturus williamsi,Williams's Jerboa,Rodentia,Dipodidae,,none
Cardiocranius paradoxus,Five-toed Pygmy Jerboa,Rodentia,Dipodidae,,none
Salpingotus crassicauda,Thick-tailed Pygmy Jerboa,Rodentia,Dipodidae,,none
Salpingotus heptneri,Heptner's Pygmy Jerboa,Rodentia,Dipodidae,,none
Salpingotus kozlovi,Kozlov's Pygmy Jerboa,Rodentia,Dipodidae,,none
Salpingotus michaelis,Balochistan Pygmy Jerboa,Rodentia,Dipodidae,,none
Salpingotus pallidus,Pallid Pygmy Jerboa,Rodentia,Dipodidae,,none
Salpingotus thomasi,Thomas's Pygmy Jerboa,Rodentia,Dipodidae,,none
Chimaerodipus auritus,Ningxia Three-toed Jerboa,Rodentia,Dipodidae,,none
Dipus deasyi,Qaidam Three-toed Jerboa,Rodentia,Dipodidae,,none
Dipus sagitta,Northern Three-toed Jerboa,Rodentia,Dipodidae,,none
Eremodipus lichtensteini,Lichtenstein's Jerboa,Rodentia,Dipodidae,,none
Jaculus blanfordi,Blanford's Jerboa,Rodentia,Dipodidae,,none
Jaculus hirtipes,African Hammada Jerboa,Rodentia,Dipodidae,,none
Jaculus jaculus,Lesser Egyptian Jerboa,Rodentia,Dipodidae,,none
Jaculus loftusi,Arabian Jerboa,Rodentia,Dipodidae,,none
Jaculus orientalis,Greater Egyptian Jerboa,Rodentia,Dipodidae,,none
Stylodipus andrewsi,Mongolian Three-toed Jerboa,Rodentia,Dipodidae,,none
Stylodipus birulae,Zaisan Three-toed Jerboa,Rodentia,Dipodidae,,none
Stylodipus sungorus,Dzungarian Three-toed Jerboa,Rodentia,Dipodidae,,none
Stylodipus telum,Thick-tailed Three-toed Jerboa,Rodentia,Dipodidae,,none
Paradipus ctenodactylus,Comb-toed Jerboa,Rodentia,Dipodidae,,none
Euchoreutes naso,Long-eared Jerboa,Rodentia,Dipodidae,,none
Breviforamen shannanense,Short-foramen Birch Mouse,Rodentia,Sminthidae,,none
Sicista armenica,Armenian Birch Mouse,Rodentia,Sminthidae,,none
Sicista betulina,Northern Birch Mouse,Rodentia,Sminthidae,,none
Sicista brevicauda,Short-tailed Birch Mouse,Rodentia,Sminthidae,,none
Sicista caucasica,Caucasian Birch Mouse,Rodentia,Sminthidae,,none
Sicista caudata,Long-tailed Birch Mouse,Rodentia,Sminthidae,,none
Sicista cimlanica,Tsimlyansk Birch Mouse,Rodentia,Sminthidae,,none
Sicista concolor,Chinese Birch Mouse,Rodentia,Sminthidae,,none
Sicista kazbegica,Kazbeg Birch Mouse,Rodentia,Sminthidae,,none
Sicista kluchorica,Kluchor Birch Mouse,Rodentia,Sminthidae,,none
Sicista leathemi,Kashmir Birch Mouse,Rodentia,Sminthidae,,none
Sicista loriger,Nordmann's Birch Mouse,Rodentia,Sminthidae,,none
Sicista meiguites,Meigu Birch Mouse,Rodentia,Sminthidae,,none
Sicista napaea,Altai Birch Mouse,Rodentia,Sminthidae,,none
Sicista pseudonapaea,Gray Birch Mouse,Rodentia,Sminthidae,,none
Sicista severtzovi,Severtzov's Birch Mouse,Rodentia,Sminthidae,,none
Sicista strandi,Strand's Birch Mouse,Rodentia,Sminthidae,,none
Sicista subtilis,Southern Birch Mouse,Rodentia,Sminthidae,,none
Sicista talgarica,Talgar Birch Mouse,Rodentia,Sminthidae,,none
Sicista terskeica,Terskey Birch Mouse,Rodentia,Sminthidae,,none
Sicista tianschanica,Tian Shan Birch Mouse,Rodentia,Sminthidae,,none
Sicista trizona,Hungarian Birch Mouse,Rodentia,Sminthidae,,none
Sicista weigoldi,Sichuan Birch Mouse,Rodentia,Sminthidae,,none
Sicista zhetysuica,Zhetysu Birch Mouse,Rodentia,Sminthidae,,none
Eozapus setchuanus,Sichuan Jumping Mouse,Rodentia,Zapodidae,,none
Eozapus vicinus,Gansu Jumping Mouse,Rodentia,Zapodidae,,none
Eozapus wanglangensis,Wanglang Jumping Mouse,Rodentia,Zapodidae,,none
Napaeozapus abietorum,Western Woodland Jumping Mouse,Rodentia,Zapodidae,,none
Napaeozapus insignis,Eastern Woodland Jumping Mouse,Rodentia,Zapodidae,,none
Zapus hudsonius,Northern Meadow Jumping Mouse,Rodentia,Zapodidae,,none
Zapus luteus,Southern Meadow Jumping Mouse,Rodentia,Zapodidae,,none
Zapus montanus,Central Pacific Jumping Mouse,Rodentia,Zapodidae,,none
Zapus oregonus,Oregon Jumping Mouse,Rodentia,Zapodidae,,none
Zapus pacificus,Southern Pacific Jumping Mouse,Rodentia,Zapodidae,,none
Zapus princeps,Southwestern Jumping Mouse,Rodentia,Zapodidae,,none
Zapus saltator,Northwestern Jumping Mouse,Rodentia,Zapodidae,,none
Zapus trinotatus,Northern Pacific Jumping Mouse,Rodentia,Zapodidae,,none
Calomyscus bailwardi,Zagros Mountains Brush-tailed Mouse,Rodentia,Calomyscidae,,none
Calomyscus baluchi,Pakistan Brush-tailed Mouse,Rodentia,Calomyscidae,,none
Calomyscus behzadi,Behzad's Brush-tailed Mouse,Rodentia,Calomyscidae,,none
Calomyscus darvishi,Darvish's Brush-tailed Mouse,Rodentia,Calomyscidae,,none
Calomyscus elburzensis,Goodwin's Brush-tailed Mouse,Rodentia,Calomyscidae,,none
Calomyscus grandis,Noble Brush-tailed Mouse,Rodentia,Calomyscidae,,none
Calomyscus hotsoni,Hotson's Brush-tailed Mouse,Rodentia,Calomyscidae,,none
Calomyscus kermanensis,Kerman Brush-tailed Mouse,Rodentia,Calomyscidae,,none
Calomyscus kiabii,Atropatene Brush-tailed Mouse,Rodentia,Calomyscidae,,none
Calomyscus mystax,Great Balkhan Brush-tailed Mouse,Rodentia,Calomyscidae,,none
Calomyscus tsolovi,Syrian Brush-tailed Mouse,Rodentia,Calomyscidae,,none
Calomyscus urartensis,Urar Brush-tailed Mouse,Rodentia,Calomyscidae,,none
Arvicola amphibius,Eurasian Water Vole,Rodentia,Cricetidae,Arvicola amphibius_European Water Vole,exact
Arvicola destructor,Italian Water Vole,Rodentia,Cricetidae,,none
Arvicola persicus,Persian Water Vole,Rodentia,Cricetidae,,none
Arvicola sapidus,Southwestern Water Vole,Rodentia,Cricetidae,,none
Hyperacrius fertilis,Burrowing Vole,Rodentia,Cricetidae,,none
Hyperacrius wynnei,Murree Vole,Rodentia,Cricetidae,,none
Alexandromys alpinus,Alpine Vole,Rodentia,Cricetidae,,none
Alexandromys evoronensis,Evoron Vole,Rodentia,Cricetidae,,none
Alexandromys fortis,Reed Vole,Rodentia,Cricetidae,,none
Alexandromys kikuchii,Taiwan Vole,Rodentia,Cricetidae,,none
Alexandromys limnophilus,Lacustrine Vole,Rodentia,Cricetidae,,none
Alexandromys maximowiczii,Maximowicz's Vole,Rodentia,Cricetidae,,none
Alexandromys middendorffii,Middendorff's Vole,Rodentia,Cricetidae,,none
Alexandromys mongolicus,Mongolian Vole,Rodentia,Cricetidae,,none
Alexandromys montebelli,Japanese Grass Vole,Rodentia,Cricetidae,,none
Alexandromys mujanensis,Muya Valley Vole,Rodentia,Cricetidae,,none
Alexandromys oeconomus,Root Vole,Rodentia,Cricetidae,,none
Alexandromys sachalinensis,Sakhalin Vole,Rodentia,Cricetidae,,none
Alexandromys shantaricus,Shantar Vole,Rodentia,Cricetidae,,none
Chionomys gud,Gudaur Snow Vole,Rodentia,Cricetidae,,none
Chionomys lasistanius,Lazistan Snow Vole,Rodentia,Cricetidae,,none
Chionomys nivalis,European Snow Vole,Rodentia,Cricetidae,,none
Chionomys roberti,Robert's Snow Vole,Rodentia,Cricetidae,,none
Chionomys stekolnikovi,Stekolnikov's Snow Vole,Rodentia,Cricetidae,,none
Lasiopodomys brandtii,Brandt's Vole,Rodentia,Cricetidae,,none
Lasiopodomys mandarinus,Mandarin Vole,Rodentia,Cricetidae,,none
Lemmiscus curtatus,Sagebrush Vole,Rodentia,Cricetidae,,none
Microtus abbreviatus,Singing Vole,Rodentia,Cricetidae,Microtus miurus_Singing Vole,synonym
Microtus afghanus,Afghan Vole,Rodentia,Cricetidae,,none
Microtus agrestis,Short-tailed Field Vole,Rodentia,Cricetidae,Microtus agrestis_Field Vole,exact
Microtus anatolicus,Anatolian Vole,Rodentia,Cricetidae,,none
Microtus arvalis,Common Vole,Rodentia,Cricetidae,Microtus arvalis_Common Vole,exact
Microtus brachycercus,Calabria Pine Vole,Rodentia,Cricetidae,,none
Microtus bucharensis,Bucharian Vole,Rodentia,Cricetidae,,none
Microtus cabrerae,Cabrera's Vole,Rodentia,Cricetidae,,none
Microtus californicus,California Vole,Rodentia,Cricetidae,Microtus californicus_California Vole,exact
Microtus canicaudus,Gray-tailed Vole,Rodentia,Cricetidae,,none
Microtus chrotorrhinus,Rock Vole,Rodentia,Cricetidae,,none
Microtus daghestanicus,Caucasian Pine Vole,Rodentia,Cricetidae,,none
Microtus dogramacii,Dogramaci's Vole,Rodentia,Cricetidae,,none
Microtus drummondii,Western Meadow Vole,Rodentia,Cricetidae,,none
Microtus dukecampbelli,Florida Salt Marsh Vole,Rodentia,Cricetidae,,none
Microtus duodecimcostatus,Mediterranean Pine Vole,Rodentia,Cricetidae,,none
Microtus felteni,Balkan Pine Vole,Rodentia,Cricetidae,,none
Microtus fingeri,Anatolian Pine Vole,Rodentia,Cricetidae,,none
Microtus guatemalensis,Guatemalan Vole,Rodentia,Cricetidae,,none
Microtus guentheri,Levant Vole,Rodentia,Cricetidae,Microtus guentheri_Günther's Vole,exact
Microtus hartingi,Harting's Vole,Rodentia,Cricetidae,,none
Microtus ilaeus,Tian Shan Vole,Rodentia,Cricetidae,,none
Microtus irani,Iranian Vole,Rodentia,Cricetidae,,none
Microtus kermanensis,Kerman Vole,Rodentia,Cricetidae,,none
Microtus lavernedii,Mediterranean Field Vole,Rodentia,Cricetidae,,none
Microtus liechtensteini,Liechtenstein's Pine Vole,Rodentia,Cricetidae,,none
Microtus longicaudus,Long-tailed Vole,Rodentia,Cricetidae,,none
Microtus lusitanicus,Lusitanian Pine Vole,Rodentia,Cricetidae,,none
Microtus majori,Major's Pine Vole,Rodentia,Cricetidae,,none
Microtus mexicanus,Mexican Vole,Rodentia,Cricetidae,,none
Microtus mogollonensis,Mogollon Vole,Rodentia,Cricetidae,,none
Microtus montanus,Montane Vole,Rodentia,Cricetidae,,none
Microtus multiplex,Alpine Pine Vole,Rodentia,Cricetidae,,none
Microtus mustersi,Cyrenaica Vole,Rodentia,Cricetidae,,none
Microtus mystacinus,Caspian Gray Vole,Rodentia,Cricetidae,,none
Microtus nebrodensis,Sicilian Pine Vole,Rodentia,Cricetidae,,none
Microtus oaxacensis,Tarabundi Vole,Rodentia,Cricetidae,,none
Microtus obscurus,Altai Vole,Rodentia,Cricetidae,,none
Microtus ochrogaster,Prairie Vole,Rodentia,Cricetidae,,none
Microtus oregoni,Creeping Vole,Rodentia,Cricetidae,,none
Microtus paradoxus,Kopet Dag Pine Vole,Rodentia,Cricetidae,,none
Microtus pennsylvanicus,Eastern Meadow Vole,Rodentia,Cricetidae,Microtus pennsylvanicus_Eastern Meadow Vole,exact
Microtus pinetorum,Woodland Vole,Rodentia,Cricetidae,Microtus pinetorum_Woodland Vole,exact
Microtus pyrenaicus,Pyrenean Pine Vole,Rodentia,Cricetidae,,none
Microtus quasiater,Jalapan Vole,Rodentia,Cricetidae,,none
Microtus richardsoni,North American Water Vole,Rodentia,Cricetidae,,none
Microtus rossiaemeridionalis,East European Gray Vole,Rodentia,Cricetidae,,none
Microtus rozianus,Portuguese Field Vole,Rodentia,Cricetidae,,none
Microtus savii,Savi's Pine Vole,Rodentia,Cricetidae,,none
Microtus schelkovnikovi,Schelkovnikov's Pine Vole,Rodentia,Cricetidae,,none
Microtus schidlovskii,Schidlovski's Vole,Rodentia,Cricetidae,,none
Microtus socialis,Social Vole,Rodentia,Cricetidae,,none
Microtus subterraneus,Common Pine Vole,Rodentia,Cricetidae,,none
Microtus tatricus,Tatra Pine Vole,Rodentia,Cricetidae,,none
Microtus thomasi,Thomas's Pine Vole,Rodentia,Cricetidae,,none
Microtus townsendii,Townsend's Vole,Rodentia,Cricetidae,,none
Microtus transcaspicus,Transcaspian Vole,Rodentia,Cricetidae,,none
Microtus umbrosus,Zempoaltepec Vole,Rodentia,Cricetidae,,none
Microtus xanthognathus,Taiga Vole,Rodentia,Cricetidae,,none
Microtus yuldaschi,Juniper Vole,Rodentia,Cricetidae,,none
Mictomicrotus liangshanensis,Liangshan Vole,Rodentia,Cricetidae,,none
Neodon bershulaensis,Bershula Mountain Vole,Rodentia,Cricetidae,,none
Neodon bomiensis,Bomi Mountain Vole,Rodentia,Cricetidae,,none
Neodon chayuensis,Chayu Mountain Vole,Rodentia,Cricetidae,,none
Neodon clarkei,Clarke's Vole,Rodentia,Cricetidae,,none
Neodon forresti,Forrest's Mountain Vole,Rodentia,Cricetidae,,none
Neodon fuscus,Smoky Mountain Vole,Rodentia,Cricetidae,,none
Neodon irene,Irene Mountain Vole,Rodentia,Cricetidae,,none
Neodon konggordous,Konggordo Mountain Vole,Rodentia,Cricetidae,,none
Neodon kulakangria,Kulagangri Mountain Vole,Rodentia,Cricetidae,,none
Neodon leucurus,Blyth's Mountain Vole,Rodentia,Cricetidae,,none
Neodon lhozhagensis,Lhozhag Mountain Vole,Rodentia,Cricetidae,,none
Neodon liaoruii,Liao Rui's Mountain Vole,Rodentia,Cricetidae,,none
Neodon linzhiensis,Linzhi Mountain Vole,Rodentia,Cricetidae,,none
Neodon medogensis,Medog Mountain Vole,Rodentia,Cricetidae,,none
Neodon minor,Lesser Mountain Vole,Rodentia,Cricetidae,,none
Neodon namchabarwaensis,Namchabarwa Mountain Vole,Rodentia,Cricetidae,,none
Neodon nepalensis,Nepalese Mountain Vole,Rodentia,Cricetidae,,none
Neodon nyalamensis,Nyalam Mountain Vole,Rodentia,Cricetidae,,none
Neodon shergylaensis,Shergyla Mountain Vole,Rodentia,Cricetidae,,none
Neodon sikimensis,Sikkim Mountain Vole,Rodentia,Cricetidae,,none
Proedromys bedfordi,Duke of Bedford's Vole,Rodentia,Cricetidae,,none
Stenocranius gregalis,Narrow-headed Vole,Rodentia,Cricetidae,,none
Stenocranius raddei,Radde's Vole,Rodentia,Cricetidae,,none
Volemys millicens,Sichuan Vole,Rodentia,Cricetidae,,none
Volemys musseri,Marie's Vole,Rodentia,Cricetidae,,none
Alticola albicauda,White-tailed Mountain Vole,Rodentia,Cricetidae,,none
Alticola argentatus,Silver Mountain Vole,Rodentia,Cricetidae,,none
Alticola barakshin,Gobi Altai Mountain Vole,Rodentia,Cricetidae,,none
Alticola kohistanicus,Kohistan Mountain Vole,Rodentia,Cricetidae,,none
Alticola lemminus,Lemming Mountain Vole,Rodentia,Cricetidae,,none
Alticola macrotis,Large-eared Vole,Rodentia,Cricetidae,,none
Alticola montosus,Kashmir Mountain Vole,Rodentia,Cricetidae,,none
Alticola olchonensis,Lake Baikal Mountain Vole,Rodentia,Cricetidae,,none
Alticola parvidens,Hindu Kush Mountain Vole,Rodentia,Cricetidae,,none
Alticola roylei,Royle's Mountain Vole,Rodentia,Cricetidae,,none
Alticola semicanus,Mongolian Mountain Vole,Rodentia,Cricetidae,,none
Alticola stoliczkanus,Stoliczka's Mountain Vole,Rodentia,Cricetidae,,none
Alticola strelzovi,Strelzov's Mountain Vole,Rodentia,Cricetidae,,none
Alticola tuvinicus,Tuva Mountain Vole,Rodentia,Cricetidae,,none
Alticola yarlungius,Yarlung Zangbo Mountain Vole,Rodentia,Cricetidae,,none
Clethrionomys californicus,Western Red-backed Vole,Rodentia,Cricetidae,,none
Clethrionomys centralis,Tian Shan Red-backed Vole,Rodentia,Cricetidae,,none
Clethrionomys gapperi,Southern Red-backed Vole,Rodentia,Cricetidae,Clethrionomys gapperi_Southern Red-backed Vole,exact
Clethrionomys glareolus,Bank Vole,Rodentia,Cricetidae,Clethrionomys glareolus_Bank Vole,exact
Clethrionomys rutilus,Northern Red-backed Vole,Rodentia,Cricetidae,,none
Craseomys andersoni,Anderson's Red-backed Vole,Rodentia,Cricetidae,,none
Craseomys regulus,Korean Red-backed Vole,Rodentia,Cricetidae,,none
Craseomys rex,Hokkaido Red-backed Vole,Rodentia,Cricetidae,,none
Craseomys rufocanus,Gray Red-backed Vole,Rodentia,Cricetidae,,none
Craseomys smithii,Smith's Red-backed Vole,Rodentia,Cricetidae,,none
Anteliomys chinensis,Sichuan Red-backed Vole,Rodentia,Cricetidae,,none
Anteliomys custos,Southwest China Red-backed Vole,Rodentia,Cricetidae,,none
Anteliomys hintoni,Hinton's Red-backed Vole,Rodentia,Cricetidae,,none
Anteliomys olitor,Black-eared Red-backed Vole,Rodentia,Cricetidae,,none
Anteliomys proditor,Yulongxuen Red-backed Vole,Rodentia,Cricetidae,,none
Anteliomys tarquinius,Tarquinius Red-backed Vole,Rodentia,Cricetidae,,none
Anteliomys wardi,Ward's Red-backed Vole,Rodentia,Cricetidae,,none
Caryomys eva,Gansu Red-backed Vole,Rodentia,Cricetidae,,none
Caryomys inez,Kolan Red-backed Vole,Rodentia,Cricetidae,,none
Eothenomys colurnus,Zhejiang Red-backed Vole,Rodentia,Cricetidae,,none
Eothenomys eleusis,Yunnan Red-backed Vole,Rodentia,Cricetidae,,none
Eothenomys melanogaster,Pere David's Red-backed Vole,Rodentia,Cricetidae,,none
Dicrostonyx groenlandicus,Nearctic Collared Lemming,Rodentia,Cricetidae,Dicrostonyx groenlandicus_Northern Collared Lemming,exact
Dicrostonyx hudsonius,Ungava Collared Lemming,Rodentia,Cricetidae,,none
Dicrostonyx nelsoni,Nelson's Collared Lemming,Rodentia,Cricetidae,,none
Dicrostonyx nunatakensis,Ogilvie Mountains Collared Lemming,Rodentia,Cricetidae,,none
Dicrostonyx richardsoni,Richardson's Collared Lemming,Rodentia,Cricetidae,,none
Dicrostonyx torquatus,Palearctic Collared Lemming,Rodentia,Cricetidae,,none
Dicrostonyx unalascensis,Unalaska Collared Lemming,Rodentia,Cricetidae,,none
Bramus fuscocapillus,Southern Mole Vole,Rodentia,Cricetidae,,none
Bramus lutescens,Transcaucasian Mole Vole,Rodentia,Cricetidae,,none
Ellobius talpinus,Northern Mole Vole,Rodentia,Cricetidae,,none
Ellobius tancrei,Eastern Mole Vole,Rodentia,Cricetidae,,none
Eolagurus luteus,Yellow Steppe Lemming,Rodentia,Cricetidae,,none
Eolagurus przewalskii,Przewalski's Steppe Lemming,Rodentia,Cricetidae,,none
Lagurus lagurus,Steppe Vole,Rodentia,Cricetidae,,none
Lemmus amurensis,Amur Brown Lemming,Rodentia,Cricetidae,,none
Lemmus lemmus,Norway Brown Lemming,Rodentia,Cricetidae,,none
Lemmus nigripes,Beringian Brown Lemming,Rodentia,Cricetidae,,none
Lemmus novosibiricus,East Siberian Brown Lemming,Rodentia,Cricetidae,,none
Lemmus sibiricus,West Siberian Brown Lemming,Rodentia,Cricetidae,,none
Lemmus trimucronatus,Nearctic Brown Lemming,Rodentia,Cricetidae,,none
Mictomys borealis,Northern Bog Lemming,Rodentia,Cricetidae,,none
Myopus schisticolor,Wood Lemming,Rodentia,Cricetidae,,none
Synaptomys cooperi,Southern Bog Lemming,Rodentia,Cricetidae,,none
Neofiber alleni,Round-tailed Muskrat,Rodentia,Cricetidae,,none
Ondatra zibethicus,Common Muskrat,Rodentia,Cricetidae,Ondatra zibethicus_Muskrat,exact
Dinaromys bogdanovi,Martino's Dinaric Vole,Rodentia,Cricetidae,,none
Dinaromys longipedis,Western Dinaric Vole,Rodentia,Cricetidae,,none
Arborimus albipes,White-footed Vole,Rodentia,Cricetidae,,none
Arborimus longicaudus,Red Tree Vole,Rodentia,Cricetidae,,none
Arborimus pomo,Sonoma Tree Vole,Rodentia,Cricetidae,,none
Phenacomys intermedius,Western Heather Vole,Rodentia,Cricetidae,,none
Phenacomys ungava,Eastern Heather Vole,Rodentia,Cricetidae,,none
Prometheomys schaposchnikowi,Long-clawed Mole Vole,Rodentia,Cricetidae,,none
Cansumys canus,Gansu Hamster,Rodentia,Cricetidae,,none
Allocricetulus curtatus,Mongolian Hamster,Rodentia,Cricetidae,,none
Allocricetulus eversmanni,Eversmann's Hamster,Rodentia,Cricetidae,,none
Cricetulus barabensis,Striped Lesser Hamster,Rodentia,Cricetidae,,none
Cricetulus longicaudatus,Long-tailed Lesser Hamster,Rodentia,Cricetidae,,none
Cricetulus sokolovi,Sokolov's Lesser Hamster,Rodentia,Cricetidae,,none
Cricetus cricetus,Common Hamster,Rodentia,Cricetidae,Cricetus cricetus_Eurasian Hamster,exact
Nothocricetulus migratorius,Gray Hamster,Rodentia,Cricetidae,,none
Tscherskia collina,Tsinling Rat-like Hamster,Rodentia,Cricetidae,,none
Tscherskia triton,Common Rat-like Hamster,Rodentia,Cricetidae,,none
Mesocricetus auratus,Syrian Golden Hamster,Rodentia,Cricetidae,,none
Mesocricetus brandti,Brandt's Golden Hamster,Rodentia,Cricetidae,,none
Mesocricetus newtoni,Romanian Golden Hamster,Rodentia,Cricetidae,,none
Mesocricetus raddei,Radde's Golden Hamster,Rodentia,Cricetidae,,none
Cricetiscus campbelli,Mongolian Hairy-footed Hamster,Rodentia,Cricetidae,,none
Cricetiscus sungorus,Siberian Hairy-footed Hamster,Rodentia,Cricetidae,,none
Phodopus roborovskii,Desert Hamster,Rodentia,Cricetidae,,none
Urocricetus kamensis,Satunin's Tibetan Hamster,Rodentia,Cricetidae,,none
Urocricetus lama,Ladakh Tibetan Hamster,Rodentia,Cricetidae,,none
Baiomys brunneus,Southern Pygmy Mouse,Rodentia,Cricetidae,,none
Baiomys musculus,Mexican Pygmy Mouse,Rodentia,Cricetidae,,none
Baiomys taylori,Northern Pygmy Mouse,Rodentia,Cricetidae,,none
Scotinomys teguina,Short-tailed Singing Mouse,Rodentia,Cricetidae,,none
Scotinomys xerampelinus,Long-tailed Singing Mouse,Rodentia,Cricetidae,,none
Nelsonia goldmani,Goldman's Diminutive Woodrat,Rodentia,Cricetidae,,none
Nelsonia neotomodon,Western Diminutive Woodrat,Rodentia,Cricetidae,,none
Hodomys alleni,Allen's Woodrat,Rodentia,Cricetidae,,none
Neotoma albigula,White-throated Woodrat,Rodentia,Cricetidae,,none
Neotoma angustapalata,Tamaulipan Woodrat,Rodentia,Cricetidae,,none
Neotoma bryanti,Western Desert Woodrat,Rodentia,Cricetidae,,none
Neotoma chrysomelas,Nicaraguan Woodrat,Rodentia,Cricetidae,,none
Neotoma cinerea,Bushy-tailed Woodrat,Rodentia,Cricetidae,Neotoma cinerea_Bushy-tailed Woodrat,exact
Neotoma devia,Southeastern Desert Woodrat,Rodentia,Cricetidae,,none
Neotoma ferruginea,Ferruginous Woodrat,Rodentia,Cricetidae,,none
Neotoma floridana,Eastern Woodrat,Rodentia,Cricetidae,,none
Neotoma fuscipes,Northern Dusky-footed Woodrat,Rodentia,Cricetidae,Neotoma fuscipes_Dusky-footed Woodrat,exact
Neotoma goldmani,Goldman's Woodrat,Rodentia,Cricetidae,,none
Neotoma insularis,Angel de la Guarda Woodrat,Rodentia,Cricetidae,,none
Neotoma lepida,Central Desert Woodrat,Rodentia,Cricetidae,,none
Neotoma leucodon,White-toothed Woodrat,Rodentia,Cricetidae,,none
Neotoma macrotis,Southern Dusky-footed Woodrat,Rodentia,Cricetidae,Neotoma macrotis_Big-eared Woodrat,exact
Neotoma magister,Allegheny Woodrat,Rodentia,Cricetidae,,none
Neotoma melanura,Black-tailed Woodrat,Rodentia,Cricetidae,,none
Neotoma mexicana,Mexican Woodrat,Rodentia,Cricetidae,,none
Neotoma micropus,Southern Plains Woodrat,Rodentia,Cricetidae,,none
Neotoma nelsoni,Nelson's Woodrat,Rodentia,Cricetidae,,none
Neotoma palatina,Bolaños Woodrat,Rodentia,Cricetidae,,none
Neotoma phenax,Sonoran Woodrat,Rodentia,Cricetidae,,none
Neotoma picta,Painted Woodrat,Rodentia,Cricetidae,,none
Neotoma stephensi,Stephens's Woodrat,Rodentia,Cricetidae,,none
Xenomys nelsoni,Magdalena Woodrat,Rodentia,Cricetidae,,none
Ochrotomys nuttalli,Golden Mouse,Rodentia,Cricetidae,,none
Onychomys arenicola,Chihuahuan Grasshopper Mouse,Rodentia,Cricetidae,,none
Onychomys leucogaster,Northern Grasshopper Mouse,Rodentia,Cricetidae,,none
Onychomys torridus,Southern Grasshopper Mouse,Rodentia,Cricetidae,,none
Habromys chinanteco,Chinanteco Deermouse,Rodentia,Cricetidae,,none
Habromys delicatulus,Delicate Deermouse,Rodentia,Cricetidae,,none
Habromys ixtlani,Ixtlán Deermouse,Rodentia,Cricetidae,,none
Habromys lepturus,Zempoaltepec Deermouse,Rodentia,Cricetidae,,none
Habromys lophurus,Crested-tailed Deermouse,Rodentia,Cricetidae,,none
Habromys schmidlyi,Schmidly's Deermouse,Rodentia,Cricetidae,,none
Habromys simulatus,Xico Deermouse,Rodentia,Cricetidae,,none
Megadontomys cryophilus,Oaxacan Big-toothed Deermouse,Rodentia,Cricetidae,,none
Megadontomys nelsoni,Nelson's Big-toothed Deermouse,Rodentia,Cricetidae,,none
Megadontomys thomasi,Thomas's Big-toothed Deermouse,Rodentia,Cricetidae,,none
Neotomodon alstoni,Volcano Deermouse,Rodentia,Cricetidae,,none
Osgoodomys banderanus,Osgood's Deermouse,Rodentia,Cricetidae,,none
Peromyscus amplus,Oaxacan Rock Deermouse,Rodentia,Cricetidae,,none
Peromyscus angelensis,Puerto Angel Deermouse,Rodentia,Cricetidae,,none
Peromyscus attwateri,Texas Deermouse,Rodentia,Cricetidae,,none
Peromyscus avius,Cerralvo Island Deermouse,Rodentia,Cricetidae,,none
Peromyscus aztecus,Aztec Deermouse,Rodentia,Cricetidae,,none
Peromyscus bakeri,Baker's Deermouse,Rodentia,Cricetidae,,none
Peromyscus beatae,Orizaba Deermouse,Rodentia,Cricetidae,,none
Peromyscus boylii,Brush Deermouse,Rodentia,Cricetidae,,none
Peromyscus bullatus,Perote Deermouse,Rodentia,Cricetidae,,none
Peromyscus californicus,California Deermouse,Rodentia,Cricetidae,,none
Peromyscus caniceps,Monserrat Island Deermouse,Rodentia,Cricetidae,,none
Peromyscus carletoni,Carleton's Deermouse,Rodentia,Cricetidae,,none
Peromyscus carminensis,Maderas del Carmen Rock Deermouse,Rodentia,Cricetidae,,none
Peromyscus carolpattonae,Carol Patton's Deermouse,Rodentia,Cricetidae,,none
Peromyscus chrysopus,Jalisco Deermouse,Rodentia,Cricetidae,,none
Peromyscus collinus,Tamaulipas White-ankled Deermouse,Rodentia,Cricetidae,,none
Peromyscus cordillerae,Cordillera Deermouse,Rodentia,Cricetidae,,none
Peromyscus crinitus,Canyon Deermouse,Rodentia,Cricetidae,,none
Peromyscus dickeyi,Dickey's Deermouse,Rodentia,Cricetidae,,none
Peromyscus difficilis,Southern Rock Deermouse,Rodentia,Cricetidae,,none
Peromyscus ensinki,Ensink's Deermouse,Rodentia,Cricetidae,,none
Peromyscus eremicus,Cactus Deermouse,Rodentia,Cricetidae,,none
Peromyscus eva,Southern Baja Deermouse,Rodentia,Cricetidae,,none
Peromyscus felipensis,San Felipe Rock Deermouse,Rodentia,Cricetidae,,none
Peromyscus fraterculus,Northern Baja Deermouse,Rodentia,Cricetidae,,none
Peromyscus furvus,Blackish Deermouse,Rodentia,Cricetidae,,none
Peromyscus gambelii,Gambel's Deermouse,Rodentia,Cricetidae,,none
Peromyscus gardneri,Gardner's Deermouse,Rodentia,Cricetidae,,none
Peromyscus gossypinus,Cotton Deermouse,Rodentia,Cricetidae,Peromyscus gossypinus_Cotton Mouse,exact
Peromyscus grandis,Large Deermouse,Rodentia,Cricetidae,,none
Peromyscus gratus,Saxicoline Deermouse,Rodentia,Cricetidae,,none
Peromyscus greenbaumi,Greenbaum's Deermouse,Rodentia,Cricetidae,,none
Peromyscus guardia,La Guarda Deermouse,Rodentia,Cricetidae,,none
Peromyscus guatemalensis,Guatemalan Deermouse,Rodentia,Cricetidae,,none
Peromyscus gymnotis,Naked-eared Deermouse,Rodentia,Cricetidae,,none
Peromyscus hooperi,Hooper's Deermouse,Rodentia,Cricetidae,,none
Peromyscus hylocetes,Transvolcanic Deermouse,Rodentia,Cricetidae,,none
Peromyscus keeni,Northwestern Deermouse,Rodentia,Cricetidae,,none
Peromyscus kilpatricki,Kilpatrick's Deermouse,Rodentia,Cricetidae,,none
Peromyscus labecula,Southern Deermouse,Rodentia,Cricetidae,,none
Peromyscus laceianus,Northern White-ankled Deermouse,Rodentia,Cricetidae,,none
Peromyscus latirostris,Wide-rostrum Deermouse,Rodentia,Cricetidae,,none
Peromyscus leucopus,White-footed Deermouse,Rodentia,Cricetidae,Peromyscus leucopus_White-footed Mouse,exact
Peromyscus leucurus,Tehuantepec Deermouse,Rodentia,Cricetidae,,none
Peromyscus levipes,Nimble-footed Deermouse,Rodentia,Cricetidae,,none
Peromyscus madrensis,Tres Marías Deermouse,Rodentia,Cricetidae,,none
Peromyscus maniculatus,Eastern Deermouse,Rodentia,Cricetidae,Peromyscus maniculatus_Eastern Deermouse,exact
Peromyscus mayensis,Mayan Deermouse,Rodentia,Cricetidae,,none
Peromyscus megalops,Broad-faced Deermouse,Rodentia,Cricetidae,,none
Peromyscus mekisturus,Puebla Deermouse,Rodentia,Cricetidae,,none
Peromyscus melanocarpus,Black-wristed Deermouse,Rodentia,Cricetidae,,none
Peromyscus melanophrys,Plateau Deermouse,Rodentia,Cricetidae,,none
Peromyscus melanotis,Black-eared Deermouse,Rodentia,Cricetidae,,none
Peromyscus melanurus,Black-tailed Deermouse,Rodentia,Cricetidae,,none
Peromyscus merriami,Merriam's Deermouse,Rodentia,Cricetidae,,none
Peromyscus mexicanus,Mexican Deermouse,Rodentia,Cricetidae,,none
Peromyscus micropus,Small-footed Deermouse,Rodentia,Cricetidae,,none
Peromyscus nasutus,Northern Rock Deermouse,Rodentia,Cricetidae,,none
Peromyscus nicaraguae,Nicaraguan Deermouse,Rodentia,Cricetidae,,none
Peromyscus nudipes,Talamancan Deermouse,Rodentia,Cricetidae,,none
Peromyscus ochraventer,El Carrizo Deermouse,Rodentia,Cricetidae,,none
Peromyscus pectoralis,Southern White-ankled Deermouse,Rodentia,Cricetidae,,none
Peromyscus pembertoni,Pemberton's Deermouse,Rodentia,Cricetidae,,none
Peromyscus perfulvus,Tawny Deermouse,Rodentia,Cricetidae,,none
Peromyscus polionotus,Oldfield Deermouse,Rodentia,Cricetidae,,none
Peromyscus polius,Chihuahuan Deermouse,Rodentia,Cricetidae,,none
Peromyscus purepechus,Purepechus Deermouse,Rodentia,Cricetidae,,none
Peromyscus sagax,Michoacan Deermouse,Rodentia,Cricetidae,,none
Peromyscus salvadorensis,Salvadorean Deermouse,Rodentia,Cricetidae,,none
Peromyscus schmidlyi,Durango Deermouse,Rodentia,Cricetidae,,none
Peromyscus sejugis,Santa Cruz Deermouse,Rodentia,Cricetidae,,none
Peromyscus silvicola,Forest Rock Deermouse,Rodentia,Cricetidae,,none
Peromyscus simulus,Sinaloan Deermouse,Rodentia,Cricetidae,,none
Peromyscus slevini,Catalina Deermouse,Rodentia,Cricetidae,,none
Peromyscus sonoriensis,Western Deermouse,Rodentia,Cricetidae,Peromyscus sonoriensis_Western Deer Mouse,exact
Peromyscus spicilegus,Gleaning Deermouse,Rodentia,Cricetidae,,none
Peromyscus stephani,San Esteban Deermouse,Rodentia,Cricetidae,,none
Peromyscus stirtoni,Stirton's Deermouse,Rodentia,Cricetidae,,none
Peromyscus tehuantepecus,Totontepec Deermouse,Rodentia,Cricetidae,,none
Peromyscus tropicalis,Chimoxan Deermouse,Rodentia,Cricetidae,,none
Peromyscus truei,Pinyon Deermouse,Rodentia,Cricetidae,,none
Peromyscus winkelmanni,Coalcoman Deermouse,Rodentia,Cricetidae,,none
Peromyscus xenurus,Zamora Deermouse,Rodentia,Cricetidae,,none
Peromyscus yucatanicus,Yucatán Deermouse,Rodentia,Cricetidae,,none
Peromyscus zarhynchus,Chiapan Deermouse,Rodentia,Cricetidae,,none
Podomys floridanus,Florida Deermouse,Rodentia,Cricetidae,,none
Isthmomys flavidus,Yellow Deermouse,Rodentia,Cricetidae,,none
Isthmomys pirrensis,Mount Pirre Deermouse,Rodentia,Cricetidae,,none
Reithrodontomys albilabris,Oaxacan Highlands Harvest Mouse,Rodentia,Cricetidae,,none
Reithrodontomys australis,Southern Harvest Mouse,Rodentia,Cricetidae,,none
Reithrodontomys brevirostris,Short-nosed Harvest Mouse,Rodentia,Cricetidae,,none
Reithrodontomys burti,Sonoran Harvest Mouse,Rodentia,Cricetidae,,none
Reithrodontomys cherrii,Costa Rican Harvest Mouse,Rodentia,Cricetidae,,none
Reithrodontomys chrysopsis,Volcano Harvest Mouse,Rodentia,Cricetidae,,none
Reithrodontomys creper,Talamancan Harvest Mouse,Rodentia,Cricetidae,,none
Reithrodontomys darienensis,Darién Harvest Mouse,Rodentia,Cricetidae,,none
Reithrodontomys fulvescens,Fulvous Harvest Mouse,Rodentia,Cricetidae,,none
Reithrodontomys garichensis,Chiriquian Harvest Mouse,Rodentia,Cricetidae,,none
Reithrodontomys gracilis,Slender Harvest Mouse,Rodentia,Cricetidae,,none
Reithrodontomys hirsutus,Hairy Harvest Mouse,Rodentia,Cricetidae,,none
Reithrodontomys humulis,Eastern Harvest Mouse,Rodentia,Cricetidae,,none
Reithrodontomys megalotis,Western Harvest Mouse,Rodentia,Cricetidae,Reithrodontomys megalotis_Western Harvest Mouse,exact
Reithrodontomys mexicanus,Mexican Harvest Mouse,Rodentia,Cricetidae,,none
Reithrodontomys microdon,Small-toothed Harvest Mouse,Rodentia,Cricetidae,,none
Reithrodontomys montanus,Plains Harvest Mouse,Rodentia,Cricetidae,,none
Reithrodontomys musseri,Musser's Harvest Mouse,Rodentia,Cricetidae,,none
Reithrodontomys nerterus,Jalisco Harvest Mouse,Rodentia,Cricetidae,,none
Reithrodontomys paradoxus,Nicaraguan Harvest Mouse,Rodentia,Cricetidae,,none
Reithrodontomys raviventris,Salt-marsh Harvest Mouse,Rodentia,Cricetidae,,none
Reithrodontomys rodriguezi,Rodriguez's Harvest Mouse,Rodentia,Cricetidae,,none
Reithrodontomys spectabilis,Cozumel Harvest Mouse,Rodentia,Cricetidae,,none
Reithrodontomys sumichrasti,Sumichrast's Harvest Mouse,Rodentia,Cricetidae,,none
Reithrodontomys tenuirostris,Narrow-nosed Harvest Mouse,Rodentia,Cricetidae,,none
Reithrodontomys wagneri,Wagner's Harvest Mouse,Rodentia,Cricetidae,,none
Reithrodontomys zacatecae,Zacatecan Harvest Mouse,Rodentia,Cricetidae,,none
Abrothrix andina,Central Andean Soft-haired Mouse,Rodentia,Cricetidae,,none
Abrothrix dolichonyx,North Andean Soft-haired Mouse,Rodentia,Cricetidae,,none
Abrothrix hirta,Hairy Soft-haired Mouse,Rodentia,Cricetidae,,none
Abrothrix illutea,Gray Soft-haired Mouse,Rodentia,Cricetidae,,none
Abrothrix jelskii,Ornate Soft-haired Mouse,Rodentia,Cricetidae,,none
Abrothrix lanosa,Woolly Soft-haired Mouse,Rodentia,Cricetidae,,none
Abrothrix longipilis,Long-haired Soft-haired Mouse,Rodentia,Cricetidae,,none
Abrothrix manni,Mann's Soft-haired Mouse,Rodentia,Cricetidae,,none
Abrothrix olivacea,Olive Soft-haired Mouse,Rodentia,Cricetidae,,none
Abrothrix sanborni,Sanborn's Soft-haired Mouse,Rodentia,Cricetidae,,none
Chelemys megalonyx,Chilean Long-clawed Mouse,Rodentia,Cricetidae,,none
Geoxus annectens,Large Long-clawed Mouse,Rodentia,Cricetidae,,none
Geoxus lafkenche,Guafo Island Long-clawed Mouse,Rodentia,Cricetidae,,none
Geoxus michaelseni,Michaelsen's Long-clawed Mouse,Rodentia,Cricetidae,,none
Geoxus valdivianus,Valdivian Long-clawed Mouse,Rodentia,Cricetidae,,none
Notiomys edwardsii,Edwards's Long-clawed Mouse,Rodentia,Cricetidae,,none
Paynomys macronyx,Andean Long-clawed Mouse,Rodentia,Cricetidae,,none
Abrawayaomys ruschii,Ruschi's Spiny Mouse,Rodentia,Cricetidae,,none
Akodon aerosus,Yungas Grass Mouse,Rodentia,Cricetidae,,none
Akodon affinis,Colombian Grass Mouse,Rodentia,Cricetidae,,none
Akodon albiventer,White-bellied Grass Mouse,Rodentia,Cricetidae,,none
Akodon azarae,Azara's Grass Mouse,Rodentia,Cricetidae,,none
Akodon baliolus,Dark Grass Mouse,Rodentia,Cricetidae,,none
Akodon boliviensis,Bolivian Grass Mouse,Rodentia,Cricetidae,,none
Akodon budini,Budin's Grass Mouse,Rodentia,Cricetidae,,none
Akodon caenosus,Unicolored Grass Mouse,Rodentia,Cricetidae,,none
Akodon cursor,Cursorial Grass Mouse,Rodentia,Cricetidae,,none
Akodon dayi,Day's Grass Mouse,Rodentia,Cricetidae,,none
Akodon diauarum,Diauarum Grass Mouse,Rodentia,Cricetidae,,none
Akodon dolores,Dolores Grass Mouse,Rodentia,Cricetidae,,none
Akodon fumeus,Smoky Grass Mouse,Rodentia,Cricetidae,,none
Akodon iniscatus,Intelligent Grass Mouse,Rodentia,Cricetidae,,none
Akodon josemariarguedasi,Arguedas's Grass Mouse,Rodentia,Cricetidae,,none
Akodon juninensis,Junin Grass Mouse,Rodentia,Cricetidae,,none
Akodon kadiweu,Kadiwéu Grass Mouse,Rodentia,Cricetidae,,none
Akodon kofordi,Koford's Grass Mouse,Rodentia,Cricetidae,,none
Akodon kotosh,Kotosh Grass Mouse,Rodentia,Cricetidae,,none
Akodon lindberghi,Lindbergh's Grass Mouse,Rodentia,Cricetidae,,none
Akodon lutescens,Altiplano Grass Mouse,Rodentia,Cricetidae,,none
Akodon mimus,Thespian Grass Mouse,Rodentia,Cricetidae,,none
Akodon mollis,Soft-furred Grass Mouse,Rodentia,Cricetidae,,none
Akodon montensis,Montane Grass Mouse,Rodentia,Cricetidae,,none
Akodon mystax,Caparao Grass Mouse,Rodentia,Cricetidae,,none
Akodon oenos,Monte Grass Mouse,Rodentia,Cricetidae,,none
Akodon orophilus,El Dorado Grass Mouse,Rodentia,Cricetidae,,none
Akodon paranaensis,Paraná Grass Mouse,Rodentia,Cricetidae,,none
Akodon pervalens,Tarija Grass Mouse,Rodentia,Cricetidae,,none
Akodon philipmyersi,Philip Myers's Grass Mouse,Rodentia,Cricetidae,,none
Akodon polopi,Polop's Grass Mouse,Rodentia,Cricetidae,,none
Akodon reigi,Reig's Grass Mouse,Rodentia,Cricetidae,,none
Akodon sanctipaulensis,Sao Paulo Grass Mouse,Rodentia,Cricetidae,,none
Akodon siberiae,Cochabamba Grass Mouse,Rodentia,Cricetidae,,none
Akodon simulator,Gray-bellied Grass Mouse,Rodentia,Cricetidae,,none
Akodon spegazzinii,Spegazzini's Grass Mouse,Rodentia,Cricetidae,,none
Akodon subfuscus,Puno Grass Mouse,Rodentia,Cricetidae,,none
Akodon surdus,Silent Grass Mouse,Rodentia,Cricetidae,,none
Akodon sylvanus,Forest Grass Mouse,Rodentia,Cricetidae,,none
Akodon toba,Toba Grass Mouse,Rodentia,Cricetidae,,none
Akodon torques,Cloud Forest Grass Mouse,Rodentia,Cricetidae,,none
Akodon varius,Variable Grass Mouse,Rodentia,Cricetidae,,none
Bibimys chacoensis,Chacoan Pink-lipped Mouse,Rodentia,Cricetidae,,none
Bibimys labiosus,Lagoa Santa Pink-lipped Mouse,Rodentia,Cricetidae,,none
Bibimys torresi,Torres's Pink-lipped Mouse,Rodentia,Cricetidae,,none
Blarinomys breviceps,Atlantic Forest Burrowing Mouse,Rodentia,Cricetidae,,none
Brucepattersonius griserufescens,Gray-bellied Brucie,Rodentia,Cricetidae,,none
Brucepattersonius iheringi,Ihering's Brucie,Rodentia,Cricetidae,,none
Brucepattersonius nebulosus,Nebulous Brucie,Rodentia,Cricetidae,,none
Brucepattersonius soricinus,Short-tailed Brucie,Rodentia,Cricetidae,,none
Castoria angustidens,Serra do Mar Grass Mouse,Rodentia,Cricetidae,,none
Deltamys araucaria,Araucaria Grass Mouse,Rodentia,Cricetidae,,none
Deltamys kempi,Kemp's Grass Mouse,Rodentia,Cricetidae,,none
Gyldenstolpia fronto,Fossorial Giant Rat,Rodentia,Cricetidae,,none
Gyldenstolpia planaltensis,Cerrado Giant Rat,Rodentia,Cricetidae,,none
Juscelinomys candango,Candango Burrowing Mouse,Rodentia,Cricetidae,,none
Juscelinomys huanchacae,Huanchaca Burrowing Mouse,Rodentia,Cricetidae,,none
Kunsia tomentosus,Woolly Giant Rat,Rodentia,Cricetidae,,none
Lenoxus apicalis,Andean Rat,Rodentia,Cricetidae,,none
Necromys amoenus,Pleasant Akodont,Rodentia,Cricetidae,,none
Necromys lactens,White-chinned Akodont,Rodentia,Cricetidae,,none
Necromys lasiurus,Hairy-tailed Akodont,Rodentia,Cricetidae,,none
Necromys lenguarum,Paraguayan Akodont,Rodentia,Cricetidae,,none
Necromys lilloi,Lillo's Akodont,Rodentia,Cricetidae,,none
Necromys obscurus,Dark-furred Akodont,Rodentia,Cricetidae,,none
Necromys punctulatus,Ecuadorean Akodont,Rodentia,Cricetidae,,none
Necromys urichi,Northern Akodont,Rodentia,Cricetidae,,none
Oxymycterus akodontius,Southern Páramo Hocicudo,Rodentia,Cricetidae,,none
Oxymycterus amazonicus,Amazonian Hocicudo,Rodentia,Cricetidae,,none
Oxymycterus caparaoe,Mount Caparao Hocicudo,Rodentia,Cricetidae,,none
Oxymycterus dasytrichus,Atlantic Forest Hocicudo,Rodentia,Cricetidae,,none
Oxymycterus delator,Spy Hocicudo,Rodentia,Cricetidae,,none
Oxymycterus hiska,Small Yungas Hocicudo,Rodentia,Cricetidae,,none
Oxymycterus hucucha,Quechuan Hocicudo,Rodentia,Cricetidae,,none
Oxymycterus inca,Inca Hocicudo,Rodentia,Cricetidae,,none
Oxymycterus itapeby,Itapevi Hocicudo,Rodentia,Cricetidae,,none
Oxymycterus josei,Cook's Hocicudo,Rodentia,Cricetidae,,none
Oxymycterus juliacae,Upper Yungas Inca Hocicudo,Rodentia,Cricetidae,,none
Oxymycterus nasutus,Darwin's Hocicudo,Rodentia,Cricetidae,,none
Oxymycterus nigrifrons,Elfin Forest Hocicudo,Rodentia,Cricetidae,,none
Oxymycterus paramensis,Northern Páramo Hocicudo,Rodentia,Cricetidae,,none
Oxymycterus quaestor,Quaestor Hocicudo,Rodentia,Cricetidae,,none
Oxymycterus rufus,Red Hocicudo,Rodentia,Cricetidae,,none
Oxymycterus wayku,Ravine Hocicudo,Rodentia,Cricetidae,,none
Oxymycterus willkaurco,Cusco Hocicudo,Rodentia,Cricetidae,,none
Podoxymys roraimae,Roraima Mouse,Rodentia,Cricetidae,,none
Scapteromys aquaticus,Argentinean Swamp Rat,Rodentia,Cricetidae,,none
Scapteromys meridionalis,Brazilian Swamp Rat,Rodentia,Cricetidae,,none
Scapteromys tumidus,Uruguay Swamp Rat,Rodentia,Cricetidae,,none
Thalpomys cerradensis,Common Cerrado Mouse,Rodentia,Cricetidae,,none
Thalpomys lasiotis,Hairy-eared Cerrado Mouse,Rodentia,Cricetidae,,none
Thaptomys nigrita,Blackish Grass Mouse,Rodentia,Cricetidae,,none
Andinomys edax,Andean Mouse,Rodentia,Cricetidae,,none
Punomys kofordi,Koford's Puna Mouse,Rodentia,Cricetidae,,none
Punomys lemminus,Western Puna Mouse,Rodentia,Cricetidae,,none
Chinchillula sahamae,Altiplano Chinchilla Mouse,Rodentia,Cricetidae,,none
Delomys altimontanus,Montane Atlantic Forest Rat,Rodentia,Cricetidae,,none
Delomys dorsalis,Striped Atlantic Forest Rat,Rodentia,Cricetidae,,none
Delomys sublineatus,Pallid Atlantic Forest Rat,Rodentia,Cricetidae,,none
Euneomys chinchilloides,Patagonian Chinchilla Rat,Rodentia,Cricetidae,,none
Euneomys fossor,Salta Chinchilla Rat,Rodentia,Cricetidae,,none
Irenomys tarsalis,Chilean Climbing Mouse,Rodentia,Cricetidae,,none
Neotomys ebriosus,Andean Swamp Rat,Rodentia,Cricetidae,,none
Anotomys leander,Earless Water Mouse,Rodentia,Cricetidae,,none
Chibchanomys trichotis,Northern Andean Water Mouse,Rodentia,Cricetidae,,none
Daptomys ferreirai,Ferreira's Fish-eating Rat,Rodentia,Cricetidae,,none
Daptomys musseri,Musser's Fish-eating Rat,Rodentia,Cricetidae,,none
Daptomys mussoi,Musso's Fish-eating Rat,Rodentia,Cricetidae,,none
Daptomys nunashae,Tingo María Fish-eating Rat,Rodentia,Cricetidae,,none
Daptomys oyapocki,Guianan Fish-eating Rat,Rodentia,Cricetidae,,none
Daptomys peruviensis,Peruvian Fish-eating Rat,Rodentia,Cricetidae,,none
Daptomys venezuelae,Venezuelan Fish-eating Rat,Rodentia,Cricetidae,,none
Ichthyomys hydrobates,Common Crab-eating Rat,Rodentia,Cricetidae,,none
Ichthyomys orientalis,Ecuadorean Crab-eating Rat,Rodentia,Cricetidae,,none
Ichthyomys pinei,Pine's Crab-eating Rat,Rodentia,Cricetidae,,none
Ichthyomys pittieri,Pittier's Crab-eating Rat,Rodentia,Cricetidae,,none
Ichthyomys stolzmanni,Stolzmann's Crab-eating Rat,Rodentia,Cricetidae,,none
Ichthyomys tweedii,Tweedy's Crab-eating Rat,Rodentia,Cricetidae,,none
Incanomys mayopuma,Incan Water Rat,Rodentia,Cricetidae,,none
Incanomys parviauris,Small-eared Water Rat,Rodentia,Cricetidae,,none
Neusticomys monticolus,Montane Fish-eating Rat,Rodentia,Cricetidae,,none
Neusticomys orcesi,Orces's Andean Water Mouse,Rodentia,Cricetidae,,none
Neusticomys vossi,Voss's Fish-eating Rat,Rodentia,Cricetidae,,none
Rheomys mexicanus,Mexican Water Mouse,Rodentia,Cricetidae,,none
Rheomys raptor,Goldman's Water Mouse,Rodentia,Cricetidae,,none
Rheomys thomasi,Thomas's Water Mouse,Rodentia,Cricetidae,,none
Rheomys underwoodi,Underwood's Water Mouse,Rodentia,Cricetidae,,none
Cordimus hooijeri,Hooijer's Rat,Rodentia,Cricetidae,,none
Neomicroxus bogotensis,Bogotá Grass Mouse,Rodentia,Cricetidae,,none
Neomicroxus latebricola,Ecuadorean Grass Mouse,Rodentia,Cricetidae,,none
Aegialomys baroni,Baron's Rice Rat,Rodentia,Cricetidae,,none
Aegialomys galapagoensis,Galapagos Rice Rat,Rodentia,Cricetidae,,none
Aegialomys ica,Ica Rice Rat,Rodentia,Cricetidae,,none
Aegialomys xanthaeolus,Yellowish Rice Rat,Rodentia,Cricetidae,,none
Amphinectomys savamis,Ucayali Water Rat,Rodentia,Cricetidae,,none
Antillomys rayi,Lesser Antillean Rice Rat,Rodentia,Cricetidae,,none
Casiomys alfaroi,Alfaro's Rice Rat,Rodentia,Cricetidae,,none
Casiomys chapmani,Chapman's Rice Rat,Rodentia,Cricetidae,,none
Casiomys guerrerensis,Guerrero Rice Rat,Rodentia,Cricetidae,,none
Casiomys melanotis,Black-eared Rice Rat,Rodentia,Cricetidae,,none
Casiomys rhabdops,Highland Rice Rat,Rodentia,Cricetidae,,none
Casiomys rostratus,Long-nosed Rice Rat,Rodentia,Cricetidae,,none
Casiomys saturatior,Cloud Forest Rice Rat,Rodentia,Cricetidae,,none
Cerradomys akroai,Akroa Rice Rat,Rodentia,Cricetidae,,none
Cerradomys goytaca,Goytaca Rice Rat,Rodentia,Cricetidae,,none
Cerradomys langguthi,Langguth's Rice Rat,Rodentia,Cricetidae,,none
Cerradomys maracajuensis,Maracaju Rice Rat,Rodentia,Cricetidae,,none
Cerradomys marinhus,Marinho's Rice Rat,Rodentia,Cricetidae,,none
Cerradomys scotti,Lindbergh's Rice Rat,Rodentia,Cricetidae,,none
Cerradomys subflavus,Terraced Rice Rat,Rodentia,Cricetidae,,none
Cerradomys vivoi,Vivo's Rice Rat,Rodentia,Cricetidae,,none
Drymoreomys albimaculatus,White-throated Montane Forest Rat,Rodentia,Cricetidae,,none
Eremoryzomys mesocaudis,Medium-tailed Rice Rat,Rodentia,Cricetidae,,none
Eremoryzomys polius,Gray Rice Rat,Rodentia,Cricetidae,,none
Euryoryzomys cerqueirai,Cerqueira's Rice Rat,Rodentia,Cricetidae,,none
Euryoryzomys emmonsae,Emmons's Rice Rat,Rodentia,Cricetidae,,none
Euryoryzomys lamia,Buffy-sided Rice Rat,Rodentia,Cricetidae,,none
Euryoryzomys legatus,Big-headed Rice Rat,Rodentia,Cricetidae,,none
Euryoryzomys macconnelli,McConnell's Rice Rat,Rodentia,Cricetidae,,none
Euryoryzomys nitidus,Elegant Rice Rat,Rodentia,Cricetidae,,none
Euryoryzomys russatus,Russet Rice Rat,Rodentia,Cricetidae,,none
Handleyomys fuscatus,Colombian Western Andes Cloud Forest Mouse,Rodentia,Cricetidae,,none
Handleyomys intectus,Colombian Central Andes Cloud Forest Mouse,Rodentia,Cricetidae,,none
Holochilus brasiliensis,Brazilian Marsh Rat,Rodentia,Cricetidae,,none
Holochilus chacarius,Chacoan Marsh Rat,Rodentia,Cricetidae,,none
Holochilus lagigliai,Lagiglia's Marsh Rat,Rodentia,Cricetidae,,none
Holochilus nanus,Amazonian Marsh Rat,Rodentia,Cricetidae,,none
Holochilus oxe,Brazilian Northeastern Marsh Rat,Rodentia,Cricetidae,,none
Holochilus sciureus,Cerrado Marsh Rat,Rodentia,Cricetidae,,none
Holochilus venezuelae,Venezuelan Marsh Rat,Rodentia,Cricetidae,,none
Holochilus vulpinus,Crafty Marsh Rat,Rodentia,Cricetidae,,none
Hylaeamys acritus,Bolivian Rice Rat,Rodentia,Cricetidae,,none
Hylaeamys megacephalus,Azara's Rice Rat,Rodentia,Cricetidae,,none
Hylaeamys oniscus,Sowbug Rice Rat,Rodentia,Cricetidae,,none
Hylaeamys perenensis,Western Amazonian Rice Rat,Rodentia,Cricetidae,,none
Hylaeamys seuanezi,Atlantic Forest Rice Rat,Rodentia,Cricetidae,,none
Hylaeamys tatei,Tate's Rice Rat,Rodentia,Cricetidae,,none
Hylaeamys yunganus,Yungas Rice Rat,Rodentia,Cricetidae,,none
Lundomys molitor,Lund's Water Rat,Rodentia,Cricetidae,,none
Megalomys camerhogne,Grenada Giant Rice Rat,Rodentia,Cricetidae,,none
Megalomys desmarestii,Martinique Giant Rice Rat,Rodentia,Cricetidae,,none
Megalomys georginae,Barbados Giant Rice Rat,Rodentia,Cricetidae,,none
Megalomys luciae,Saint Lucia Giant Rice Rat,Rodentia,Cricetidae,,none
Megaoryzomys curioi,Galapagos Giant Rat,Rodentia,Cricetidae,,none
Melanomys caliginosus,Dusky Rice Rat,Rodentia,Cricetidae,,none
Melanomys chrysomelas,Black-and-yellow Rice Rat,Rodentia,Cricetidae,,none
Melanomys columbianus,Colombian Rice Rat,Rodentia,Cricetidae,,none
Melanomys idoneus,Cinnamon-rufous Rice Rat,Rodentia,Cricetidae,,none
Melanomys robustulus,Robust Dark Rice Rat,Rodentia,Cricetidae,,none
Melanomys zunigae,Zuniga's Dark Rice Rat,Rodentia,Cricetidae,,none
Microakodontomys transitorius,Intermediate Lesser Grass Mouse,Rodentia,Cricetidae,,none
Microryzomys altissimus,Highland Small Rice Rat,Rodentia,Cricetidae,,none
Microryzomys minutus,Forest Small Rice Rat,Rodentia,Cricetidae,,none
Mindomys hammondi,Hammond's Rice Rat,Rodentia,Cricetidae,,none
Mindomys kutuku,Kutukú Rice Rat,Rodentia,Cricetidae,,none
Neacomys aletheia,Upper Juruá Bristly Mouse,Rodentia,Cricetidae,,none
Neacomys amoenus,Pleasant Bristly Mouse,Rodentia,Cricetidae,,none
Neacomys auriventer,Golden-bellied Bristly Mouse,Rodentia,Cricetidae,,none
Neacomys carceleni,Carcelén’s Bristly Mouse,Rodentia,Cricetidae,,none
Neacomys dubosti,Dubost's Bristly Mouse,Rodentia,Cricetidae,,none
Neacomys elieceri,Eliécer’s Bristly Mouse,Rodentia,Cricetidae,,none
Neacomys guianae,Guianan Bristly Mouse,Rodentia,Cricetidae,,none
Neacomys jau,Jaú Bristly Mouse,Rodentia,Cricetidae,,none
Neacomys leilae,Leila Pessôa’s Bristly Mouse,Rodentia,Cricetidae,,none
Neacomys macedoruizi,Macedo Ruiz's Bristly Mouse,Rodentia,Cricetidae,,none
Neacomys marajoara,Marajó Bristly Mouse,Rodentia,Cricetidae,,none
Neacomys marci,Marc's Bristly Mouse,Rodentia,Cricetidae,,none
Neacomys minutus,Minute Bristly Mouse,Rodentia,Cricetidae,,none
Neacomys musseri,Musser's Bristly Mouse,Rodentia,Cricetidae,,none
Neacomys oliveirai,João Oliveira’s Bristly Mouse,Rodentia,Cricetidae,,none
Neacomys paracou,Paracou Bristly Mouse,Rodentia,Cricetidae,,none
Neacomys pictus,Painted Bristly Mouse,Rodentia,Cricetidae,,none
Neacomys rosalindae,Rosalind's Bristly Mouse,Rodentia,Cricetidae,,none
Neacomys serranensis,Serrano Bristly Mouse,Rodentia,Cricetidae,,none
Neacomys spinosus,Large Bristly Mouse,Rodentia,Cricetidae,,none
Neacomys tenuipes,Narrow-footed Bristly Mouse,Rodentia,Cricetidae,,none
Neacomys vargasllosai,Vargas Llosa's Bristly Mouse,Rodentia,Cricetidae,,none
Neacomys vossi,Voss's Bristly Mouse,Rodentia,Cricetidae,,none
Neacomys xingu,Xingu Bristly Mouse,Rodentia,Cricetidae,,none
Nectomys apicalis,Western Amazonian Water Rat,Rodentia,Cricetidae,,none
Nectomys magdalenae,Magdalena Water Rat,Rodentia,Cricetidae,,none
Nectomys palmipes,Trinidad Water Rat,Rodentia,Cricetidae,,none
Nectomys rattus,South American Water Rat,Rodentia,Cricetidae,,none
Nectomys saturatus,Ecuadorean Water Rat,Rodentia,Cricetidae,,none
Nectomys squamipes,Atlantic Water Rat,Rodentia,Cricetidae,,none
Nephelomys albigularis,White-throated Rice Rat,Rodentia,Cricetidae,,none
Nephelomys auriventer,Greater Golden-bellied Rice Rat,Rodentia,Cricetidae,,none
Nephelomys caracolus,Coastal Cordilleran Rice Rat,Rodentia,Cricetidae,,none
Nephelomys childi,Child's Rice Rat,Rodentia,Cricetidae,,none
Nephelomys devius,Boquete Rice Rat,Rodentia,Cricetidae,,none
Nephelomys keaysi,Keays's Rice Rat,Rodentia,Cricetidae,,none
Nephelomys levipes,Nimble-footed Rice Rat,Rodentia,Cricetidae,,none
Nephelomys maculiventer,Santa Marta Rice Rat,Rodentia,Cricetidae,,none
Nephelomys meridensis,Merida Rice Rat,Rodentia,Cricetidae,,none
Nephelomys moerex,Gray-bellied Rice Rat,Rodentia,Cricetidae,,none
Nephelomys nimbosus,Lesser Golden-bellied Rice Rat,Rodentia,Cricetidae,,none
Nephelomys pectoralis,Western Colombian Rice Rat,Rodentia,Cricetidae,,none
Nephelomys pirrensis,Mount Pirre Rice Rat,Rodentia,Cricetidae,,none
Nephelomys ricardopalmai,Ricardo Palma's Rice Rat,Rodentia,Cricetidae,,none
Nesoryzomys darwini,Darwin's Galapagos Mouse,Rodentia,Cricetidae,,none
Nesoryzomys fernandinae,Small Fernandina Galapagos Mouse,Rodentia,Cricetidae,,none
Nesoryzomys indefessus,Indefatigable Galapagos Mouse,Rodentia,Cricetidae,,none
Nesoryzomys narboroughi,Large Fernandina Galapagos Mouse,Rodentia,Cricetidae,,none
Nesoryzomys swarthi,Santiago Galapagos Mouse,Rodentia,Cricetidae,,none
Noronhomys vespuccii,Vespucci's Rat,Rodentia,Cricetidae,,none
Oecomys auyantepui,Guianan Arboreal Rice Rat,Rodentia,Cricetidae,,none
Oecomys bicolor,White-bellied Arboreal Rice Rat,Rodentia,Cricetidae,,none
Oecomys catherinae,Atlantic Forest Arboreal Rice Rat,Rodentia,Cricetidae,,none
Oecomys cleberi,Cleber's Arboreal Rice Rat,Rodentia,Cricetidae,,none
Oecomys concolor,Unicolored Arboreal Rice Rat,Rodentia,Cricetidae,,none
Oecomys flavicans,Yellow Arboreal Rice Rat,Rodentia,Cricetidae,,none
Oecomys franciscorum,Franciscos' Arboreal Rice Rat,Rodentia,Cricetidae,,none
Oecomys galvez,Río Gálvez Arboreal Rice Rat,Rodentia,Cricetidae,,none
Oecomys hiceae,Hice's Arboreal Rice Rat,Rodentia,Cricetidae,,none
Oecomys jamari,Jamari Arboreal Rice Rat,Rodentia,Cricetidae,,none
Oecomys makampi,Matses Arboreal Rice Rat,Rodentia,Cricetidae,,none
Oecomys mamorae,Mamore Arboreal Rice Rat,Rodentia,Cricetidae,,none
Oecomys matogrossensis,Mato Grosso Arboreal Rice Rat,Rodentia,Cricetidae,,none
Oecomys nanus,Dwarf Arboreal Rice Rat,Rodentia,Cricetidae,,none
Oecomys paricola,Brazilian Arboreal Rice Rat,Rodentia,Cricetidae,,none
Oecomys phaeotis,Dusky Arboreal Rice Rat,Rodentia,Cricetidae,,none
Oecomys rex,King Arboreal Rice Rat,Rodentia,Cricetidae,,none
Oecomys roberti,Robert's Arboreal Rice Rat,Rodentia,Cricetidae,,none
Oecomys rutilus,Red Arboreal Rice Rat,Rodentia,Cricetidae,,none
Oecomys speciosus,Savanna Arboreal Rice Rat,Rodentia,Cricetidae,,none
Oecomys superans,Foothill Arboreal Rice Rat,Rodentia,Cricetidae,,none
Oecomys sydandersoni,Anderson's Arboreal Rice Rat,Rodentia,Cricetidae,,none
Oecomys trabeatus,Northwestern Arboreal Rice Rat,Rodentia,Cricetidae,,none
Oecomys trinitatis,Long-furred Arboreal Rice Rat,Rodentia,Cricetidae,,none
Oligoryzomys andinus,Andean Pygmy Rice Rat,Rodentia,Cricetidae,,none
Oligoryzomys arenalis,Sandy Pygmy Rice Rat,Rodentia,Cricetidae,,none
Oligoryzomys brendae,San Javier's Pygmy Rice Rat,Rodentia,Cricetidae,,none
Oligoryzomys chacoensis,Chacoan Pygmy Rice Rat,Rodentia,Cricetidae,,none
Oligoryzomys costaricensis,Costa Rican Pygmy Rice Rat,Rodentia,Cricetidae,,none
Oligoryzomys delicatus,Delicate Pygmy Rice Rat,Rodentia,Cricetidae,,none
Oligoryzomys destructor,Tschudi's Pygmy Rice Rat,Rodentia,Cricetidae,,none
Oligoryzomys flavescens,Yellow Pygmy Rice Rat,Rodentia,Cricetidae,,none
Oligoryzomys fulvescens,Fulvous Pygmy Rice Rat,Rodentia,Cricetidae,,none
Oligoryzomys gri,Tiny Pygmy Rice Rat,Rodentia,Cricetidae,,none
Oligoryzomys griseolus,Grayish Pygmy Rice Rat,Rodentia,Cricetidae,,none
Oligoryzomys guille,D'Elía's Pygmy Rice Rat,Rodentia,Cricetidae,,none
Oligoryzomys longicaudatus,Long-tailed Pygmy Rice Rat,Rodentia,Cricetidae,,none
Oligoryzomys mattogrossae,Mato Grosso Pygmy Rice Rat,Rodentia,Cricetidae,,none
Oligoryzomys messorius,Hairy Pygmy Rice Rat,Rodentia,Cricetidae,,none
Oligoryzomys microtis,Small-eared Pygmy Rice Rat,Rodentia,Cricetidae,,none
Oligoryzomys moojeni,Moojen's Pygmy Rice Rat,Rodentia,Cricetidae,,none
Oligoryzomys nigripes,Black-footed Pygmy Rice Rat,Rodentia,Cricetidae,,none
Oligoryzomys pachecoi,Pacheco's Pygmy Rice Rat,Rodentia,Cricetidae,,none
Oligoryzomys rupestris,Highlands Pygmy Rice Rat,Rodentia,Cricetidae,,none
Oligoryzomys stramineus,Straw-colored Pygmy Rice Rat,Rodentia,Cricetidae,,none
Oligoryzomys utiaritensis,Utiariti Pygmy Rice Rat,Rodentia,Cricetidae,,none
Oligoryzomys vegetus,Sprightly Pygmy Rice Rat,Rodentia,Cricetidae,,none
Oligoryzomys victus,Saint Vincent Pygmy Rice Rat,Rodentia,Cricetidae,,none
Oreoryzomys balneator,Ecuadorean Mountain Mouse,Rodentia,Cricetidae,,none
Oreoryzomys hesperus,Peruvian Mountain Mouse,Rodentia,Cricetidae,,none
Oreoryzomys huancabambensis,Huancabamba Mountain Mouse,Rodentia,Cricetidae,,none
Oreoryzomys jumandi,Jumandi Mountain Mouse,Rodentia,Cricetidae,,none
Oryzomys albiventer,White-bellied Marsh Rice Rat,Rodentia,Cricetidae,,none
Oryzomys antillarum,Jamaican Rice Rat,Rodentia,Cricetidae,,none
Oryzomys couesi,Coues's Marsh Rice Rat,Rodentia,Cricetidae,,none
Oryzomys dimidiatus,Nicaraguan Marsh Rice Rat,Rodentia,Cricetidae,,none
Oryzomys fulgens,Xochimilco Marsh Rice Rat,Rodentia,Cricetidae,,none
Oryzomys gorgasi,Gorgas's Marsh Rice Rat,Rodentia,Cricetidae,,none
Oryzomys mexicanus,Mexican Marsh Rice Rat,Rodentia,Cricetidae,,none
Oryzomys nelsoni,Tres Marías Rice Rat,Rodentia,Cricetidae,,none
Oryzomys palustris,Northeastern Marsh Rice Rat,Rodentia,Cricetidae,,none
Oryzomys peninsulae,Lower California Rice Rat,Rodentia,Cricetidae,,none
Oryzomys texensis,Northwestern Marsh Rice Rat,Rodentia,Cricetidae,,none
Pattonimus ecominga,Ecominga Montane Rat,Rodentia,Cricetidae,,none
Pattonimus musseri,Musser's Montane Rat,Rodentia,Cricetidae,,none
Pennatomys nivalis,Nevis Rice Rat,Rodentia,Cricetidae,,none
Pseudoryzomys simplex,Brazilian False Rice Rat,Rodentia,Cricetidae,,none
Scolomys melanops,Gray South American Spiny Mouse,Rodentia,Cricetidae,,none
Scolomys ucayalensis,Ucayali South American Spiny Mouse,Rodentia,Cricetidae,,none
Sigmodontomys alfari,Alfaro's Water Rat,Rodentia,Cricetidae,,none
Sooretamys angouya,Paraguayan Rice Rat,Rodentia,Cricetidae,,none
Tanyuromys aphrastus,Harris's Rice Rat,Rodentia,Cricetidae,,none
Tanyuromys thomasleei,Thomas Lee's Rice Rat,Rodentia,Cricetidae,,none
Transandinomys bolivaris,Long-whiskered Rice Rat,Rodentia,Cricetidae,,none
Transandinomys talamancae,Talamancan Rice Rat,Rodentia,Cricetidae,,none
Zygodontomys brevicauda,Short-tailed Cane Mouse,Rodentia,Cricetidae,,none
Zygodontomys brunneus,Colombian Cane Mouse,Rodentia,Cricetidae,,none
Andalgalomys olrogi,Olrog's Chaco Mouse,Rodentia,Cricetidae,,none
Andalgalomys pearsoni,Pearson's Chaco Mouse,Rodentia,Cricetidae,,none
Auliscomys boliviensis,Bolivian Big-eared Mouse,Rodentia,Cricetidae,,none
Auliscomys pictus,Painted Big-eared Mouse,Rodentia,Cricetidae,,none
Auliscomys sublimis,Andean Big-eared Mouse,Rodentia,Cricetidae,,none
Calassomys apicalis,Calaça's White-tailed Mouse,Rodentia,Cricetidae,,none
Calomys achaku,Arequipa Vesper Mouse,Rodentia,Cricetidae,,none
Calomys boliviae,Bolivian Vesper Mouse,Rodentia,Cricetidae,,none
Calomys callidus,Crafty Vesper Mouse,Rodentia,Cricetidae,,none
Calomys callosus,Large Vesper Mouse,Rodentia,Cricetidae,,none
Calomys cerqueirai,Cerqueira's Vesper Mouse,Rodentia,Cricetidae,,none
Calomys chinchilico,Coastal Vesper Mouse,Rodentia,Cricetidae,,none
Calomys expulsus,Rejected Vesper Mouse,Rodentia,Cricetidae,,none
Calomys fecundus,Fecund Vesper Mouse,Rodentia,Cricetidae,,none
Calomys frida,Long-tailed Vesper Mouse,Rodentia,Cricetidae,,none
Calomys hummelincki,Hummelinck's Vesper Mouse,Rodentia,Cricetidae,,none
Calomys laucha,Small Vesper Mouse,Rodentia,Cricetidae,,none
Calomys lepidus,Andean Vesper Mouse,Rodentia,Cricetidae,,none
Calomys mattevii,Mattevi's Vesper Mouse,Rodentia,Cricetidae,,none
Calomys miurus,Short-tailed Vesper Mouse,Rodentia,Cricetidae,,none
Calomys musculinus,Drylands Vesper Mouse,Rodentia,Cricetidae,,none
Calomys sorella,Peruvian Vesper Mouse,Rodentia,Cricetidae,,none
Calomys tener,Delicate Vesper Mouse,Rodentia,Cricetidae,,none
Calomys tocantinsi,Tocantins Vesper Mouse,Rodentia,Cricetidae,,none
Calomys venustus,Córdoba Vesper Mouse,Rodentia,Cricetidae,,none
Eligmodontia bolsonensis,Bolson Gerbil Mouse,Rodentia,Cricetidae,,none
Eligmodontia dunaris,Dune Gerbil Mouse,Rodentia,Cricetidae,,none
Eligmodontia hirtipes,Hairy-footed Gerbil Mouse,Rodentia,Cricetidae,,none
Eligmodontia moreni,Monte Gerbil Mouse,Rodentia,Cricetidae,,none
Eligmodontia morgani,Morgan's Gerbil Mouse,Rodentia,Cricetidae,,none
Eligmodontia puerulus,Andean Gerbil Mouse,Rodentia,Cricetidae,,none
Eligmodontia typus,Lowland Gerbil Mouse,Rodentia,Cricetidae,,none
Galenomys garleppii,Garlepp's Mouse,Rodentia,Cricetidae,,none
Graomys chacoensis,Chaco Pericote,Rodentia,Cricetidae,,none
Graomys domorum,Pale Pericote,Rodentia,Cricetidae,,none
Graomys edithae,Otro Cerro Pericote,Rodentia,Cricetidae,,none
Graomys griseoflavus,Common Pericote,Rodentia,Cricetidae,,none
Loxodontomys micropus,Southern Big-eared Mouse,Rodentia,Cricetidae,,none
Phyllotis alisosiensis,Los Alisos Leaf-eared Mouse,Rodentia,Cricetidae,,none
Phyllotis amicus,Friendly Leaf-eared Mouse,Rodentia,Cricetidae,,none
Phyllotis andium,Andean Leaf-eared Mouse,Rodentia,Cricetidae,,none
Phyllotis anitae,Anita's Leaf-eared Mouse,Rodentia,Cricetidae,,none
Phyllotis bonariensis,Bonarian Leaf-eared Mouse,Rodentia,Cricetidae,,none
Phyllotis camiari,Camiari Leaf-eared Mouse,Rodentia,Cricetidae,,none
Phyllotis caprinus,Capricorn Leaf-eared Mouse,Rodentia,Cricetidae,,none
Phyllotis darwinii,Darwin's Leaf-eared Mouse,Rodentia,Cricetidae,,none
Phyllotis definitus,Ancash Leaf-eared Mouse,Rodentia,Cricetidae,,none
Phyllotis gerbillus,Peruvian Leaf-eared Mouse,Rodentia,Cricetidae,,none
Phyllotis haggardi,Haggard's Leaf-eared Mouse,Rodentia,Cricetidae,,none
Phyllotis limatus,Lima Leaf-eared Mouse,Rodentia,Cricetidae,,none
Phyllotis magister,Master Leaf-eared Mouse,Rodentia,Cricetidae,,none
Phyllotis nogalaris,Walnut Leaf-eared Mouse,Rodentia,Cricetidae,,none
Phyllotis occidens,Western Leaf-eared Mouse,Rodentia,Cricetidae,,none
Phyllotis osgoodi,Osgood's Leaf-eared Mouse,Rodentia,Cricetidae,,none
Phyllotis osilae,Bunch Grass Leaf-eared Mouse,Rodentia,Cricetidae,,none
Phyllotis pearsoni,Pearson's Leaf-eared Mouse,Rodentia,Cricetidae,,none
Phyllotis pehuenche,Pehuenche Leaf-eared Mouse,Rodentia,Cricetidae,,none
Phyllotis tamborum,Narrow-nasal Leaf-eared Mouse,Rodentia,Cricetidae,,none
Phyllotis tucumanus,Tucuman Leaf-eared Mouse,Rodentia,Cricetidae,,none
Phyllotis vaccarum,Punta de Vacas Leaf-eared Mouse,Rodentia,Cricetidae,,none
Phyllotis xanthopygus,Yellow-rumped Leaf-eared Mouse,Rodentia,Cricetidae,,none
Salinomys delicatus,Delicate Salt Flat Mouse,Rodentia,Cricetidae,,none
Tapecomys primus,Tapecua Leaf-eared Mouse,Rodentia,Cricetidae,,none
Tapecomys wolffsohni,Wolffsohn's Leaf-eared Mouse,Rodentia,Cricetidae,,none
Reithrodon auritus,Hairy-soled Conyrat,Rodentia,Cricetidae,,none
Reithrodon caurinus,Northwestern Conyrat,Rodentia,Cricetidae,,none
Reithrodon typicus,Naked-soled Conyrat,Rodentia,Cricetidae,,none
Rhagomys jequitiba,Jequitibá Arboreal Mouse,Rodentia,Cricetidae,,none
Rhagomys longilingua,Long-tongued Arboreal Mouse,Rodentia,Cricetidae,,none
Rhagomys rufescens,Brazilian Arboreal Mouse,Rodentia,Cricetidae,,none
Rhagomys septentrionalis,Northern Arboreal Mouse,Rodentia,Cricetidae,,none
Sigmodon alleni,Allen's Cotton Rat,Rodentia,Cricetidae,,none
Sigmodon alstoni,Groove-toothed Cotton Rat,Rodentia,Cricetidae,,none
Sigmodon arizonae,Arizona Cotton Rat,Rodentia,Cricetidae,,none
Sigmodon fulviventer,Tawny-bellied Cotton Rat,Rodentia,Cricetidae,,none
Sigmodon hirsutus,Burmeister's Cotton Rat,Rodentia,Cricetidae,,none
Sigmodon hispidus,Hispid Cotton Rat,Rodentia,Cricetidae,Sigmodon hispidus_Hispid Cotton Rat,exact
Sigmodon inopinatus,Ecuadorean Cotton Rat,Rodentia,Cricetidae,,none
Sigmodon leucotis,White-eared Cotton Rat,Rodentia,Cricetidae,,none
Sigmodon mascotensis,West Mexican Cotton Rat,Rodentia,Cricetidae,,none
Sigmodon ochrognathus,Yellow-nosed Cotton Rat,Rodentia,Cricetidae,,none
Sigmodon peruanus,Peruvian Cotton Rat,Rodentia,Cricetidae,,none
Sigmodon planifrons,Miahuatlan Cotton Rat,Rodentia,Cricetidae,,none
Sigmodon toltecus,Toltec Cotton Rat,Rodentia,Cricetidae,,none
Sigmodon zanjonensis,Montane Cotton Rat,Rodentia,Cricetidae,,none
Aepeomys lugens,Merida Montane Mouse,Rodentia,Cricetidae,,none
Aepeomys reigi,Reig's Montane Mouse,Rodentia,Cricetidae,,none
Chilomys carapazi,Carapaz's Forest Mouse,Rodentia,Cricetidae,,none
Chilomys fumeus,Smoky Forest Mouse,Rodentia,Cricetidae,,none
Chilomys georgeledecii,Ledeci's Forest Mouse,Rodentia,Cricetidae,,none
Chilomys instans,Colombian Forest Mouse,Rodentia,Cricetidae,,none
Chilomys neisi,Neisi Forest Mouse,Rodentia,Cricetidae,,none
Chilomys percequilloi,Percequillo's Forest Mouse,Rodentia,Cricetidae,,none
Chilomys weksleri,Weksler's Forest Mouse,Rodentia,Cricetidae,,none
Rhipidomys albujai,Albuja's Climbing Rat,Rodentia,Cricetidae,,none
Rhipidomys austrinus,Southern Climbing Rat,Rodentia,Cricetidae,,none
Rhipidomys bezerrensis,Bezerros Climbing Rat,Rodentia,Cricetidae,,none
Rhipidomys caracolensis,Caracol Climbing Rat,Rodentia,Cricetidae,,none
Rhipidomys cariri,Cariri Climbing Rat,Rodentia,Cricetidae,,none
Rhipidomys caucensis,Lesser Colombian Climbing Rat,Rodentia,Cricetidae,,none
Rhipidomys couesi,Coues's Climbing Rat,Rodentia,Cricetidae,,none
Rhipidomys emiliae,Snethlage's Climbing Rat,Rodentia,Cricetidae,,none
Rhipidomys fulviventer,Tawny-bellied Climbing Rat,Rodentia,Cricetidae,,none
Rhipidomys gardneri,Gardner's Climbing Rat,Rodentia,Cricetidae,,none
Rhipidomys ipukensis,Ipuca Climbing Rat,Rodentia,Cricetidae,,none
Rhipidomys itoan,Sky Climbing Rat,Rodentia,Cricetidae,,none
Rhipidomys latimanus,Broad-footed Climbing Rat,Rodentia,Cricetidae,,none
Rhipidomys leucodactylus,White-footed Climbing Rat,Rodentia,Cricetidae,,none
Rhipidomys macconnelli,McConnell's Tepui Climbing Rat,Rodentia,Cricetidae,,none
Rhipidomys macrurus,Cerrado Climbing Rat,Rodentia,Cricetidae,,none
Rhipidomys mastacalis,Long-tailed Climbing Rat,Rodentia,Cricetidae,,none
Rhipidomys modicus,Lesser Peruvian Climbing Rat,Rodentia,Cricetidae,,none
Rhipidomys nitela,Splendid Climbing Rat,Rodentia,Cricetidae,,none
Rhipidomys ochoagrateroli,Ochoa-Graterol's Climbing Rat,Rodentia,Cricetidae,,none
Rhipidomys ochrogaster,Yellow-bellied Climbing Rat,Rodentia,Cricetidae,,none
Rhipidomys similis,Greater Colombian Climbing Rat,Rodentia,Cricetidae,,none
Rhipidomys tenuicauda,Turimiquire Climbing Rat,Rodentia,Cricetidae,,none
Rhipidomys tribei,Tribe's Climbing Rat,Rodentia,Cricetidae,,none
Rhipidomys venezuelae,Venezuelan Climbing Rat,Rodentia,Cricetidae,,none
Rhipidomys venustus,Charming Climbing Rat,Rodentia,Cricetidae,,none
Rhipidomys wetzeli,Wetzel's Climbing Rat,Rodentia,Cricetidae,,none
Rhipidomys ybyrae,Ybyra Climbing Rat,Rodentia,Cricetidae,,none
Thomasomys andersoni,Anderson's Oldfield Mouse,Rodentia,Cricetidae,,none
Thomasomys antoniobracki,Antonio Brack's Oldfield Mouse,Rodentia,Cricetidae,,none
Thomasomys apeco,Apeco Oldfield Mouse,Rodentia,Cricetidae,,none
Thomasomys aureus,Golden Oldfield Mouse,Rodentia,Cricetidae,,none
Thomasomys auricularis,Red Andean Oldfield Mouse,Rodentia,Cricetidae,,none
Thomasomys australis,Austral Oldfield Mouse,Rodentia,Cricetidae,,none
Thomasomys baeops,Short-faced Oldfield Mouse,Rodentia,Cricetidae,,none
Thomasomys bombycinus,Silky Oldfield Mouse,Rodentia,Cricetidae,,none
Thomasomys burneoi,Burneo's Oldfield Mouse,Rodentia,Cricetidae,,none
Thomasomys caudivarius,White-tipped Oldfield Mouse,Rodentia,Cricetidae,,none
Thomasomys cinereiventer,Ashy-bellied Oldfield Mouse,Rodentia,Cricetidae,,none
Thomasomys cinereus,Ash-colored Oldfield Mouse,Rodentia,Cricetidae,,none
Thomasomys cinnameus,Cinnamon-colored Oldfield Mouse,Rodentia,Cricetidae,,none
Thomasomys contradictus,Central Andes Oldfield Mouse,Rodentia,Cricetidae,,none
Thomasomys daphne,Daphne's Oldfield Mouse,Rodentia,Cricetidae,,none
Thomasomys dispar,Colombian Oldfield Mouse,Rodentia,Cricetidae,,none
Thomasomys eleusis,Peruvian Oldfield Mouse,Rodentia,Cricetidae,,none
Thomasomys emeritus,Venezuelan Oldfield Mouse,Rodentia,Cricetidae,,none
Thomasomys erro,Wandering Oldfield Mouse,Rodentia,Cricetidae,,none
Thomasomys fumeus,Smoky Oldfield Mouse,Rodentia,Cricetidae,,none
Thomasomys gracilis,Slender Oldfield Mouse,Rodentia,Cricetidae,,none
Thomasomys hudsoni,Hudson's Oldfield Mouse,Rodentia,Cricetidae,,none
Thomasomys hylophilus,Woodland Oldfield Mouse,Rodentia,Cricetidae,,none
Thomasomys igor,Igor's Oldfield Mouse,Rodentia,Cricetidae,,none
Thomasomys incanus,Inca Oldfield Mouse,Rodentia,Cricetidae,,none
Thomasomys ischyrus,Long-tailed Oldfield Mouse,Rodentia,Cricetidae,,none
Thomasomys kalinowskii,Kalinowski's Oldfield Mouse,Rodentia,Cricetidae,,none
Thomasomys ladewi,Ladew's Oldfield Mouse,Rodentia,Cricetidae,,none
Thomasomys laniger,Soft-furred Oldfield Mouse,Rodentia,Cricetidae,,none
Thomasomys lojapiuranus,Piura Oldfield Mouse,Rodentia,Cricetidae,,none
Thomasomys macrotis,Large-eared Oldfield Mouse,Rodentia,Cricetidae,,none
Thomasomys monochromos,Unicolored Oldfield Mouse,Rodentia,Cricetidae,,none
Thomasomys nicefori,Niceforo Maria's Oldfield Mouse,Rodentia,Cricetidae,,none
Thomasomys niveipes,Snow-footed Oldfield Mouse,Rodentia,Cricetidae,,none
Thomasomys notatus,Distinguished Oldfield Mouse,Rodentia,Cricetidae,,none
Thomasomys onkiro,Ashaninka Oldfield Mouse,Rodentia,Cricetidae,,none
Thomasomys oreas,Montane Oldfield Mouse,Rodentia,Cricetidae,,none
Thomasomys otavalo,Otavalo's Oldfield Mouse,Rodentia,Cricetidae,,none
Thomasomys pagaibambensis,Pagaibamba Oldfield Mouse,Rodentia,Cricetidae,,none
Thomasomys paramorum,Paramo Oldfield Mouse,Rodentia,Cricetidae,,none
Thomasomys pardignasi,Pardiñas's Oldfield Mouse,Rodentia,Cricetidae,,none
Thomasomys popayanus,Popayan Oldfield Mouse,Rodentia,Cricetidae,,none
Thomasomys praetor,Cajamarca Oldfield Mouse,Rodentia,Cricetidae,,none
Thomasomys princeps,Principal Oldfield Mouse,Rodentia,Cricetidae,,none
Thomasomys pyrrhonotus,Reddish-backed Oldfield Mouse,Rodentia,Cricetidae,,none
Thomasomys rosalinda,Reddish-nosed Oldfield Mouse,Rodentia,Cricetidae,,none
Thomasomys salazari,Salazar's Oldfield Mouse,Rodentia,Cricetidae,,none
Thomasomys shallqukucha,Shallqa Oldfield Mouse,Rodentia,Cricetidae,,none
Thomasomys silvestris,Forest Oldfield Mouse,Rodentia,Cricetidae,,none
Thomasomys taczanowskii,Taczanowski's Oldfield Mouse,Rodentia,Cricetidae,,none
Thomasomys ucucha,Ucucha Oldfield Mouse,Rodentia,Cricetidae,,none
Thomasomys vestitus,Dressy Oldfield Mouse,Rodentia,Cricetidae,,none
Thomasomys vulcani,Pichincha Oldfield Mouse,Rodentia,Cricetidae,,none
Juliomys ossitenuis,Delicate Red-nosed Tree Mouse,Rodentia,Cricetidae,,none
Juliomys pictipes,Small Red-nosed Tree Mouse,Rodentia,Cricetidae,,none
Juliomys rimofrons,Montane Red-rumped Tree Mouse,Rodentia,Cricetidae,,none
Juliomys ximenezi,Araucaria Forest Tree Mouse,Rodentia,Cricetidae,,none
Phaenomys ferrugineus,Rio de Janeiro Arboreal Rat,Rodentia,Cricetidae,,none
Wiedomys cerradensis,Cerrado Red-nosed Mouse,Rodentia,Cricetidae,,none
Wiedomys pyrrhorinos,Common Red-nosed Mouse,Rodentia,Cricetidae,,none
Wilfredomys oenax,Red-nosed Tree Mouse,Rodentia,Cricetidae,,none
Nyctomys sumichrasti,Sumichrast's Vesper Rat,Rodentia,Cricetidae,,none
Otonyctomys hatti,Yucatán Vesper Rat,Rodentia,Cricetidae,,none
Ototylomys chiapensis,La Pera Climbing Rat,Rodentia,Cricetidae,,none
Ototylomys phyllotis,Big-eared Climbing Rat,Rodentia,Cricetidae,,none
Tylomys bullaris,Chiapan Climbing Rat,Rodentia,Cricetidae,,none
Tylomys fulviventer,Fulvous-bellied Climbing Rat,Rodentia,Cricetidae,,none
Tylomys mirae,Mira Climbing Rat,Rodentia,Cricetidae,,none
Tylomys nudicaudus,Peters's Climbing Rat,Rodentia,Cricetidae,,none
Tylomys panamensis,Panama Climbing Rat,Rodentia,Cricetidae,,none
Tylomys tumbalensis,Tumbala Climbing Rat,Rodentia,Cricetidae,,none
Tylomys watsoni,Watson's Climbing Rat,Rodentia,Cricetidae,,none
Acomys cahirinus,Northeast African Spiny Mouse,Rodentia,Muridae,,none
Acomys chudeaui,Chudeau's Spiny Mouse,Rodentia,Muridae,,none
Acomys cineraceus,Gray Spiny Mouse,Rodentia,Muridae,,none
Acomys dimidiatus,Arabian Spiny Mouse,Rodentia,Muridae,,none
Acomys ignitus,Fiery Spiny Mouse,Rodentia,Muridae,,none
Acomys johannis,John's Spiny Mouse,Rodentia,Muridae,,none
Acomys kempi,Kemp's Spiny Mouse,Rodentia,Muridae,,none
Acomys louisae,Louise's Spiny Mouse,Rodentia,Muridae,,none
Acomys mullah,Mullah Spiny Mouse,Rodentia,Muridae,,none
Acomys muzei,Muze Spiny Mouse,Rodentia,Muridae,,none
Acomys ngurui,Nguru Spiny Mouse,Rodentia,Muridae,,none
Acomys percivali,Percival's Spiny Mouse,Rodentia,Muridae,,none
Acomys russatus,Golden Spiny Mouse,Rodentia,Muridae,,none
Acomys selousi,Selous's Spiny Mouse,Rodentia,Muridae,,none
Acomys seurati,Seurat's Spiny Mouse,Rodentia,Muridae,,none
Acomys spinosissimus,Southern African Spiny Mouse,Rodentia,Muridae,,none
Acomys subspinosus,Cape Spiny Mouse,Rodentia,Muridae,,none
Acomys wilsoni,Wilson's Spiny Mouse,Rodentia,Muridae,,none
Deomys ferrugineus,Congo Forest Rat,Rodentia,Muridae,,none
Lophuromys angolensis,Angolan Brush-furred Rat,Rodentia,Muridae,,none
Lophuromys ansorgei,Ansorge's Brush-furred Rat,Rodentia,Muridae,,none
Lophuromys aquilus,Dark-colored Brush-furred Rat,Rodentia,Muridae,,none
Lophuromys brevicaudus,Short-tailed Brush-furred Rat,Rodentia,Muridae,,none
Lophuromys brunneus,Ethiopian Brush-furred Rat,Rodentia,Muridae,,none
Lophuromys chercherensis,Mount Chercher Brush-furred Rat,Rodentia,Muridae,,none
Lophuromys chrysopus,Ethiopian Forest Brush-furred Rat,Rodentia,Muridae,,none
Lophuromys cinereus,Gray Brush-furred Rat,Rodentia,Muridae,,none
Lophuromys dieterleni,Mount Oku Brush-furred Rat,Rodentia,Muridae,,none
Lophuromys dudui,Dudu's Brush-furred Rat,Rodentia,Muridae,,none
Lophuromys eisentrauti,Mount Lefo Brush-furred Rat,Rodentia,Muridae,,none
Lophuromys flavopunctatus,Buff-spotted Brush-furred Rat,Rodentia,Muridae,,none
Lophuromys huttereri,Hutterer's Brush-furred Rat,Rodentia,Muridae,,none
Lophuromys kilonzoi,Kilonzo's Brush-furred Rat,Rodentia,Muridae,,none
Lophuromys laticeps,Albertine Rift Brush-furred Rat,Rodentia,Muridae,,none
Lophuromys luteogaster,Buff-bellied Brush-furred Rat,Rodentia,Muridae,,none
Lophuromys machangui,Machangu's Brush-furred Rat,Rodentia,Muridae,,none
Lophuromys makundii,Makundi's Brush-furred Rat,Rodentia,Muridae,,none
Lophuromys margarettae,Margaret's Brush-furred Rat,Rodentia,Muridae,,none
Lophuromys medicaudatus,Western Rift Brush-furred Rat,Rodentia,Muridae,,none
Lophuromys melanonyx,Black-clawed Brush-furred Rat,Rodentia,Muridae,,none
Lophuromys menageshae,North Western Rift Brush-furred Rat,Rodentia,Muridae,,none
Lophuromys nudicaudus,Naked-tailed Brush-furred Rat,Rodentia,Muridae,,none
Lophuromys pseudosikapusi,Sheko Forest Brush-furred Rat,Rodentia,Muridae,,none
Lophuromys rahmi,Rahm's Brush-furred Rat,Rodentia,Muridae,,none
Lophuromys rita,Congolese Brush-furred Rat,Rodentia,Muridae,,none
Lophuromys roseveari,Mount Cameroon Brush-furred Rat,Rodentia,Muridae,,none
Lophuromys sabunii,Sabuni's Brush-furred Rat,Rodentia,Muridae,,none
Lophuromys sikapusi,Western Brush-furred Rat,Rodentia,Muridae,,none
Lophuromys simensis,Simien Brush-furred Rat,Rodentia,Muridae,,none
Lophuromys stanleyi,Rwenzori Brush-furred Rat,Rodentia,Muridae,,none
Lophuromys verhageni,Verhagen's Brush-furred Rat,Rodentia,Muridae,,none
Lophuromys woosnami,Woosnam's Brush-furred Rat,Rodentia,Muridae,,none
Lophuromys zena,Zena Brush-furred Rat,Rodentia,Muridae,,none
Uranomys ruddi,Rudd's Bristle-furred Rat,Rodentia,Muridae,,none
Ammodillus imbellis,Ammodile,Rodentia,Muridae,,none
Desmodilliscus braueri,Pouched Gerbil,Rodentia,Muridae,,none
Pachyuromys duprasi,Fat-tailed Jird,Rodentia,Muridae,,none
Brachiones przewalskii,Przewalski's Jird,Rodentia,Muridae,,none
Gerbillus acticola,Berbera Gerbil,Rodentia,Muridae,,none
Gerbillus agag,Agag Gerbil,Rodentia,Muridae,,none
Gerbillus amoenus,Pleasant Gerbil,Rodentia,Muridae,,none
Gerbillus andersoni,Anderson's Gerbil,Rodentia,Muridae,,none
Gerbillus aquilus,Swarthy Gerbil,Rodentia,Muridae,,none
Gerbillus bottai,Botta's Gerbil,Rodentia,Muridae,,none
Gerbillus brockmani,Brockman's Gerbil,Rodentia,Muridae,,none
Gerbillus burtoni,Burton's Gerbil,Rodentia,Muridae,,none
Gerbillus campestris,North African Gerbil,Rodentia,Muridae,,none
Gerbillus cheesmani,Cheesman's Gerbil,Rodentia,Muridae,,none
Gerbillus dasyurus,Wagner's Gerbil,Rodentia,Muridae,,none
Gerbillus dunni,Dunn's Gerbil,Rodentia,Muridae,,none
Gerbillus famulus,Black-tufted Gerbil,Rodentia,Muridae,,none
Gerbillus floweri,Flower's Gerbil,Rodentia,Muridae,,none
Gerbillus garamantis,Algerian Gerbil,Rodentia,Muridae,,none
Gerbillus gerbillus,Lesser Egyptian Gerbil,Rodentia,Muridae,,none
Gerbillus gleadowi,Indian Hairy-footed Gerbil,Rodentia,Muridae,,none
Gerbillus grobbeni,Grobben's Gerbil,Rodentia,Muridae,,none
Gerbillus harwoodi,Harwood's Gerbil,Rodentia,Muridae,,none
Gerbillus henleyi,Pygmy Gerbil,Rodentia,Muridae,,none
Gerbillus hesperinus,Moroccan Gerbil,Rodentia,Muridae,,none
Gerbillus hoogstraali,Hoogstraal's Gerbil,Rodentia,Muridae,,none
Gerbillus jamesi,James's Gerbil,Rodentia,Muridae,,none
Gerbillus latastei,Lataste's Gerbil,Rodentia,Muridae,,none
Gerbillus lowei,Lowe's Gerbil,Rodentia,Muridae,,none
Gerbillus mackilligini,Mackilligin's Gerbil,Rodentia,Muridae,,none
Gerbillus maghrebi,Greater Short-tailed Gerbil,Rodentia,Muridae,,none
Gerbillus mauritaniae,Mauritanian Gerbil,Rodentia,Muridae,,none
Gerbillus mesopotamiae,Mesopotamian Gerbil,Rodentia,Muridae,,none
Gerbillus muriculus,Darfur Gerbil,Rodentia,Muridae,,none
Gerbillus nancillus,Sudan Gerbil,Rodentia,Muridae,,none
Gerbillus nanus,Balochistan Gerbil,Rodentia,Muridae,,none
Gerbillus nigeriae,Nigerian Gerbil,Rodentia,Muridae,,none
Gerbillus occiduus,Occidental Gerbil,Rodentia,Muridae,,none
Gerbillus poecilops,Large Aden Gerbil,Rodentia,Muridae,,none
Gerbillus principulus,Principal Gerbil,Rodentia,Muridae,,none
Gerbillus pulvinatus,Rhoads's Gerbil,Rodentia,Muridae,,none
Gerbillus pusillus,Least Gerbil,Rodentia,Muridae,,none
Gerbillus pyramidum,Greater Egyptian Gerbil,Rodentia,Muridae,,none
Gerbillus rosalinda,Rosalinda Gerbil,Rodentia,Muridae,,none
Gerbillus rupicola,Rupicolous Gerbil,Rodentia,Muridae,,none
Gerbillus simoni,Lesser Short-tailed Gerbil,Rodentia,Muridae,,none
Gerbillus somalicus,Somalian Gerbil,Rodentia,Muridae,,none
Gerbillus stigmonyx,Khartoum Gerbil,Rodentia,Muridae,,none
Gerbillus syrticus,Sand Gerbil,Rodentia,Muridae,,none
Gerbillus tarabuli,Tarabul Gerbil,Rodentia,Muridae,,none
Gerbillus vivax,Vivacious Gerbil,Rodentia,Muridae,,none
Gerbillus watersi,Waters's Gerbil,Rodentia,Muridae,,none
Meriones arimalius,Arabian Jird,Rodentia,Muridae,,none
Meriones crassus,Sundevall's Jird,Rodentia,Muridae,,none
Meriones dahli,Dahl's Jird,Rodentia,Muridae,,none
Meriones grandis,Moroccan Jird,Rodentia,Muridae,,none
Meriones hurrianae,Indian Desert Jird,Rodentia,Muridae,,none
Meriones libycus,Libyan Jird,Rodentia,Muridae,,none
Meriones meridianus,Central Midday Jird,Rodentia,Muridae,,none
Meriones penicilliger,Western Midday Jird,Rodentia,Muridae,,none
Meriones persicus,Persian Jird,Rodentia,Muridae,,none
Meriones psammophilus,Eastern Midday Jird,Rodentia,Muridae,,none
Meriones rex,King Jird,Rodentia,Muridae,,none
Meriones sacramenti,Buxton's Jird,Rodentia,Muridae,,none
Meriones shawii,Shaw's Jird,Rodentia,Muridae,,none
Meriones tamariscinus,Tamarisk Jird,Rodentia,Muridae,,none
Meriones tristrami,Tristram's Jird,Rodentia,Muridae,,none
Meriones unguiculatus,Mongolian Jird,Rodentia,Muridae,,none
Meriones vinogradovi,Vinogradov's Jird,Rodentia,Muridae,,none
Meriones zarudnyi,Zarudny's Jird,Rodentia,Muridae,,none
Microdillus peeli,Somali Pygmy Gerbil,Rodentia,Muridae,,none
Psammomys obesus,Fat Sand Rat,Rodentia,Muridae,,none
Psammomys vexillaris,Lesser Sand Rat,Rodentia,Muridae,,none
Rhombomys opimus,Great Gerbil,Rodentia,Muridae,Rhombomys opimus_Great Gerbil,exact
Sekeetamys calurus,Bushy-tailed Jird,Rodentia,Muridae,,none
Taterillus arenarius,Robbins's Tateril,Rodentia,Muridae,,none
Taterillus congicus,Congo Tateril,Rodentia,Muridae,,none
Taterillus emini,Emin's Tateril,Rodentia,Muridae,,none
Taterillus gracilis,Gracile Tateril,Rodentia,Muridae,,none
Taterillus lacustris,Lake Chad Tateril,Rodentia,Muridae,,none
Taterillus petteri,Petter's Tateril,Rodentia,Muridae,,none
Taterillus pygargus,Senegal Tateril,Rodentia,Muridae,,none
Taterillus tranieri,Tranier's Tateril,Rodentia,Muridae,,none
Desmodillus auricularis,Cape Short-tailed Gerbil,Rodentia,Muridae,,none
Gerbilliscus afer,Cape Gerbil,Rodentia,Muridae,,none
Gerbilliscus boehmi,Boehm's Gerbil,Rodentia,Muridae,,none
Gerbilliscus brantsii,Highveld Gerbil,Rodentia,Muridae,,none
Gerbilliscus gambianus,Sahelo-Sudanian Gerbil,Rodentia,Muridae,,none
Gerbilliscus giffardi,Giffard's Gerbil,Rodentia,Muridae,,none
Gerbilliscus guineae,Guinean Gerbil,Rodentia,Muridae,,none
Gerbilliscus inclusus,Gorongosa Gerbil,Rodentia,Muridae,,none
Gerbilliscus kempii,Kemp's Gerbil,Rodentia,Muridae,,none
Gerbilliscus leucogaster,Bushveld Gerbil,Rodentia,Muridae,,none
Gerbilliscus nigricaudus,Black-tailed Gerbil,Rodentia,Muridae,,none
Gerbilliscus paeba,Paeba Hairy-footed Gerbil,Rodentia,Muridae,,none
Gerbilliscus phillipsi,Phillips's Gerbil,Rodentia,Muridae,,none
Gerbilliscus robustus,Fringe-tailed Gerbil,Rodentia,Muridae,,none
Gerbilliscus setzeri,Setzer's Hairy-footed Gerbil,Rodentia,Muridae,,none
Gerbilliscus tytonis,Dune Hairy-footed Gerbil,Rodentia,Muridae,,none
Gerbilliscus validus,Southern Savanna Gerbil,Rodentia,Muridae,,none
Gerbilliscus vallinus,Brush-tailed Hairy-footed Gerbil,Rodentia,Muridae,,none
Gerbilliscus vicinus,East African Gerbil,Rodentia,Muridae,,none
Tatera indica,Indian Gerbil,Rodentia,Muridae,,none
Leimacomys buettneri,Büttner's African Forest Mouse,Rodentia,Muridae,,none
Lophiomys imhausii,Maned Rat,Rodentia,Muridae,Lophiomys imhausi_Maned Rat,synonym
Apodemus agrarius,Striped Field Mouse,Rodentia,Muridae,,none
Apodemus alpicola,Alpine Field Mouse,Rodentia,Muridae,,none
Apodemus argenteus,Small Japanese Field Mouse,Rodentia,Muridae,,none
Apodemus chevrieri,Chevrier's Field Mouse,Rodentia,Muridae,,none
Apodemus draco,South China Field Mouse,Rodentia,Muridae,,none
Apodemus epimelas,Western Broad-toothed Field Mouse,Rodentia,Muridae,,none
Apodemus flavicollis,Yellow-necked Field Mouse,Rodentia,Muridae,,none
Apodemus gurkha,Nepalese Field Mouse,Rodentia,Muridae,,none
Apodemus hyrcanicus,Hyrcanian Field Mouse,Rodentia,Muridae,,none
Apodemus ilex,Yunnan Field Mouse,Rodentia,Muridae,,none
Apodemus latronum,Large-eared Field Mouse,Rodentia,Muridae,,none
Apodemus mystacinus,Eastern Broad-toothed Field Mouse,Rodentia,Muridae,,none
Apodemus nigrus,Black Field Mouse,Rodentia,Muridae,,none
Apodemus pallipes,Himalayan Field Mouse,Rodentia,Muridae,,none
Apodemus peninsulae,Korean Field Mouse,Rodentia,Muridae,,none
Apodemus ponticus,Caucasus Field Mouse,Rodentia,Muridae,,none
Apodemus rusiges,Kashmir Field Mouse,Rodentia,Muridae,,none
Apodemus semotus,Taiwan Field Mouse,Rodentia,Muridae,,none
Apodemus speciosus,Large Japanese Field Mouse,Rodentia,Muridae,,none
Apodemus sylvaticus,Long-tailed Field Mouse,Rodentia,Muridae,Apodemus sylvaticus_European Wood Mouse,exact
Apodemus uralensis,Herb Field Mouse,Rodentia,Muridae,,none
Apodemus witherbyi,Steppe Field Mouse,Rodentia,Muridae,,none
Tokudaia muenninki,Okinawa Island Spiny Rat,Rodentia,Muridae,,none
Tokudaia osimensis,Amami Spiny Rat,Rodentia,Muridae,,none
Tokudaia tokunoshimensis,Tokunoshima Spiny Rat,Rodentia,Muridae,,none
Aethomys bocagei,Bocage's Rock Rat,Rodentia,Muridae,,none
Aethomys chrysophilus,Red Rock Rat,Rodentia,Muridae,,none
Aethomys hindei,Hinde's Rock Rat,Rodentia,Muridae,,none
Aethomys ineptus,Tete Rock Rat,Rodentia,Muridae,,none
Aethomys kaiseri,Kaiser's Rock Rat,Rodentia,Muridae,,none
Aethomys nyikae,Nyika Rock Rat,Rodentia,Muridae,,none
Aethomys silindensis,Selinda Rock Rat,Rodentia,Muridae,,none
Aethomys stannarius,West African Rock Rat,Rodentia,Muridae,,none
Aethomys thomasi,Thomas's Rock Rat,Rodentia,Muridae,,none
Arvicanthis abyssinicus,Abyssinian Grass Rat,Rodentia,Muridae,,none
Arvicanthis ansorgei,Sudanian Grass Rat,Rodentia,Muridae,,none
Arvicanthis blicki,Blick's Grass Rat,Rodentia,Muridae,,none
Arvicanthis mearnsi,Mearns' Grass Rat,Rodentia,Muridae,,none
Arvicanthis nairobae,Nairobi Grass Rat,Rodentia,Muridae,,none
Arvicanthis neumanni,Neumann's Grass Rat,Rodentia,Muridae,,none
Arvicanthis niloticus,African Grass Rat,Rodentia,Muridae,,none
Arvicanthis raffertyi,Rafferty's Grass Rat,Rodentia,Muridae,,none
Arvicanthis rufinus,Guinean Grass Rat,Rodentia,Muridae,,none
Arvicanthis saturatus,Menangesha Grass Rat,Rodentia,Muridae,,none
Arvicanthis somalicus,Somalian Grass Rat,Rodentia,Muridae,,none
Dasymys alleni,Glover Allen's Shaggy Rat,Rodentia,Muridae,,none
Dasymys cabrali,Crawford-Cabral's Shaggy Rat,Rodentia,Muridae,,none
Dasymys capensis,Cape Shaggy Rat,Rodentia,Muridae,,none
Dasymys foxi,Fox's Shaggy Rat,Rodentia,Muridae,,none
Dasymys griseifrons,Grayish-brown Shaggy Rat,Rodentia,Muridae,,none
Dasymys incomtus,African Shaggy Rat,Rodentia,Muridae,,none
Dasymys longipilosus,Mount Cameroon Shaggy Rat,Rodentia,Muridae,,none
Dasymys medius,Middle Shaggy Rat,Rodentia,Muridae,,none
Dasymys montanus,Rwenzori Shaggy Rat,Rodentia,Muridae,,none
Dasymys nudipes,Angolan Shaggy Rat,Rodentia,Muridae,,none
Dasymys robertsii,Roberts's Shaggy Rat,Rodentia,Muridae,,none
Dasymys rufulus,West African Shaggy Rat,Rodentia,Muridae,,none
Dasymys rwandae,Rwandan Shaggy Rat,Rodentia,Muridae,,none
Dasymys sua,Tanzanian Shaggy Rat,Rodentia,Muridae,,none
Dephomys defua,Common Defua Rat,Rodentia,Muridae,,none
Dephomys eburneae,Ivory Coast Defua Rat,Rodentia,Muridae,,none
Desmomys harringtoni,Harrington's Rat,Rodentia,Muridae,,none
Desmomys yaldeni,Yalden's Rat,Rodentia,Muridae,,none
Golunda ellioti,Indian Bush Rat,Rodentia,Muridae,,none
Grammomys cometes,Mozambique Thicket Rat,Rodentia,Muridae,,none
Grammomys dolichurus,South African Thicket Rat,Rodentia,Muridae,,none
Grammomys dryas,Albertine Rift Thicket Rat,Rodentia,Muridae,,none
Grammomys ibeanus,East African Thicket Rat,Rodentia,Muridae,,none
Grammomys macmillani,Macmillan's Thicket Rat,Rodentia,Muridae,,none
Grammomys polionops,Ethiopian Thicket Rat,Rodentia,Muridae,,none
Grammomys surdaster,Woodland Thicket Rat,Rodentia,Muridae,,none
Hybomys basilii,Father Basilio's Striped Mouse,Rodentia,Muridae,,none
Hybomys lunaris,Moon Mountains Striped Mouse,Rodentia,Muridae,,none
Hybomys rufocanus,Cameroon Highland Striped Mouse,Rodentia,Muridae,,none
Hybomys univittatus,Peters's Striped Mouse,Rodentia,Muridae,,none
Lamottemys okuensis,Mount Oku Rat,Rodentia,Muridae,,none
Lemniscomys barbarus,Barbary Striped Grass Mouse,Rodentia,Muridae,,none
Lemniscomys griselda,Griselda Striped Grass Mouse,Rodentia,Muridae,,none
Lemniscomys hoogstraali,Hoogstraal's Striped Grass Mouse,Rodentia,Muridae,,none
Lemniscomys linulus,Senegal Striped Grass Mouse,Rodentia,Muridae,,none
Lemniscomys macculus,Buffoon Striped Grass Mouse,Rodentia,Muridae,,none
Lemniscomys mittendorfi,Mittendorf's Striped Grass Mouse,Rodentia,Muridae,,none
Lemniscomys rosalia,Single-striped Grass Mouse,Rodentia,Muridae,,none
Lemniscomys roseveari,Rosevear's Striped Grass Mouse,Rodentia,Muridae,,none
Lemniscomys striatus,Typical Striped Grass Mouse,Rodentia,Muridae,,none
Lemniscomys zebra,Heuglin's Striped Grass Mouse,Rodentia,Muridae,,none
Micaelamys granti,Grant's Rock Rat,Rodentia,Muridae,,none
Micaelamys namaquensis,Namaqua Rock Rat,Rodentia,Muridae,,none
Mylomys dybowskii,Dybowski's Three-toed Grass Rat,Rodentia,Muridae,,none
Mylomys rex,Ethiopian Three-toed Grass Rat,Rodentia,Muridae,,none
Oenomys hypoxanthus,Common Rufous-nosed Rat,Rodentia,Muridae,,none
Oenomys ornatus,West African Rufous-nosed Rat,Rodentia,Muridae,,none
Pelomys campanae,Angolan Groove-toothed Swamp Rat,Rodentia,Muridae,,none
Pelomys fallax,East African Groove-toothed Swamp Rat,Rodentia,Muridae,,none
Pelomys hopkinsi,Hopkins's Groove-toothed Swamp Rat,Rodentia,Muridae,,none
Pelomys isseli,Lake Victoria Groove-toothed Swamp Rat,Rodentia,Muridae,,none
Pelomys minor,Least Groove-toothed Swamp Rat,Rodentia,Muridae,,none
Rhabdomys bechuanae,West-central Four-striped Grass Rat,Rodentia,Muridae,,none
Rhabdomys chakae,KwaZulu Natal Four-striped Grass Rat,Rodentia,Muridae,,none
Rhabdomys dilectus,Mesic Four-striped Grass Rat,Rodentia,Muridae,,none
Rhabdomys intermedius,Karoo Four-striped Grass Rat,Rodentia,Muridae,,none
Rhabdomys pumilio,Xeric Four-striped Grass Rat,Rodentia,Muridae,,none
Stochomys longicaudatus,Target Rat,Rodentia,Muridae,,none
Thallomys loringi,Loring's Thallomys,Rodentia,Muridae,,none
Thallomys nigricauda,Black-tailed Thallomys,Rodentia,Muridae,,none
Thallomys paedulcus,Sundevall's Thallomys,Rodentia,Muridae,,none
Thallomys shortridgei,Shortridge's Thallomys,Rodentia,Muridae,,none
Thamnomys kempi,Kemp's Thicket Rat,Rodentia,Muridae,,none
Thamnomys kuru,Eastern Rainforest Thicket Rat,Rodentia,Muridae,,none
Thamnomys major,Hatt's Thicket Rat,Rodentia,Muridae,,none
Thamnomys poensis,Western Rainforest Thicket Rat,Rodentia,Muridae,,none
Thamnomys schoutedeni,Schouteden's Thicket Rat,Rodentia,Muridae,,none
Thamnomys venustus,Thomas's Thicket Rat,Rodentia,Muridae,,none
Typomys planifrons,Liberian Forest Striped Mouse,Rodentia,Muridae,,none
Typomys trivirgatus,West African Striped Mouse,Rodentia,Muridae,,none
Abeomelomys sevia,Papuan Highland Brush Mouse,Rodentia,Muridae,,none
Anisomys imitator,Uneven-toothed Rat,Rodentia,Muridae,,none
Apomys abrae,Luzon Cordillera Forest Mouse,Rodentia,Muridae,,none
Apomys aurorae,Aurora Forest Mouse,Rodentia,Muridae,,none
Apomys banahao,Banahaw Forest Mouse,Rodentia,Muridae,,none
Apomys brownorum,Browns' Forest Mouse,Rodentia,Muridae,,none
Apomys camiguinensis,Camiguin Forest Mouse,Rodentia,Muridae,,none
Apomys crinitus,Fringe-eared Mindoro Forest Mouse,Rodentia,Muridae,,none
Apomys datae,Northern Luzon Forest Mouse,Rodentia,Muridae,,none
Apomys gracilirostris,Large Mindoro Forest Mouse,Rodentia,Muridae,,none
Apomys hylocoetes,Mindanao Mossy Forest Mouse,Rodentia,Muridae,,none
Apomys insignis,Mindanao Montane Forest Mouse,Rodentia,Muridae,,none
Apomys iridensis,Mount Irid Forest Mouse,Rodentia,Muridae,,none
Apomys littoralis,Mindanao Lowland Forest Mouse,Rodentia,Muridae,,none
Apomys lubangensis,Lubang Forest Mouse,Rodentia,Muridae,,none
Apomys magnus,Large Forest Mouse,Rodentia,Muridae,,none
Apomys microdon,Small Luzon Forest Mouse,Rodentia,Muridae,,none
Apomys minganensis,Mount Mingan Forest Mouse,Rodentia,Muridae,,none
Apomys minor,Small Mindoro Forest Mouse,Rodentia,Muridae,,none
Apomys musculus,Least Philippine Forest Mouse,Rodentia,Muridae,,none
Apomys sacobianus,Long-nosed Luzon Forest Mouse,Rodentia,Muridae,,none
Apomys sierrae,Sierra Madre Forest Mouse,Rodentia,Muridae,,none
Apomys veluzi,Veluz's Mindoro Forest Mouse,Rodentia,Muridae,,none
Apomys zambalensis,Zambales Forest Mouse,Rodentia,Muridae,,none
Archboldomys luzonensis,Isarog Shrew Mouse,Rodentia,Muridae,,none
Archboldomys maximus,Large Cordillera Shrew Mouse,Rodentia,Muridae,,none
Baiyankamys habbema,Mountain Water Rat,Rodentia,Muridae,,none
Baiyankamys shawmayeri,Shaw Mayer's Water Rat,Rodentia,Muridae,,none
Brassomys albidens,White-toothed Mouse,Rodentia,Muridae,,none
Chiropodomys calamianensis,Palawan Pencil-tailed Tree Mouse,Rodentia,Muridae,,none
Chiropodomys gliroides,Indomalayan Pencil-tailed Tree Mouse,Rodentia,Muridae,,none
Chiropodomys karlkoopmani,Koopman's Pencil-tailed Tree Mouse,Rodentia,Muridae,,none
Chiropodomys major,Greater Pencil-tailed Tree Mouse,Rodentia,Muridae,,none
Chiropodomys muroides,Gray-bellied Pencil-tailed Tree Mouse,Rodentia,Muridae,,none
Chiropodomys pusillus,Lesser Pencil-tailed Tree Mouse,Rodentia,Muridae,,none
Chiropodomys wandingensis,Wanding Pencil-tailed Tree Mouse,Rodentia,Muridae,,none
Chiruromys forbesi,Forbes's Tree Mouse,Rodentia,Muridae,,none
Chiruromys lamia,Broad-headed Tree Mouse,Rodentia,Muridae,,none
Chiruromys vates,Lesser Tree Mouse,Rodentia,Muridae,,none
Chrotomys gonzalesi,Isarog Striped Shrew Rat,Rodentia,Muridae,,none
Chrotomys mindorensis,Lowland Striped Shrew Rat,Rodentia,Muridae,,none
Chrotomys sibuyanensis,Sibuyan Striped Shrew Rat,Rodentia,Muridae,,none
Chrotomys silaceus,Blazed Luzon Striped Shrew Rat,Rodentia,Muridae,,none
Chrotomys whiteheadi,Montane Striped Shrew Rat,Rodentia,Muridae,,none
Coccymys kirrhos,Tawny Brush Mouse,Rodentia,Muridae,,none
Coccymys ruemmleri,Rümmler's Brush Mouse,Rodentia,Muridae,,none
Coccymys shawmayeri,Central Cordillera Brush Mouse,Rodentia,Muridae,,none
Conilurus albipes,White-footed Rabbit Rat,Rodentia,Muridae,,none
Conilurus capricornensis,Capricorn Rabbit Rat,Rodentia,Muridae,,none
Conilurus penicillatus,Brush-tailed Rabbit Rat,Rodentia,Muridae,,none
Coryphomys buehleri,Buehler's Giant Rat,Rodentia,Muridae,,none
Coryphomys musseri,Musser's Giant Rat,Rodentia,Muridae,,none
Crossomys moncktoni,Earless New Guinea Water Rat,Rodentia,Muridae,,none
Haeromys margarettae,Margaret's Ranee Mouse,Rodentia,Muridae,,none
Haeromys minahassae,Lowland Sulawesi Ranee Mouse,Rodentia,Muridae,,none
Haeromys pusillus,Sundaic Ranee Mouse,Rodentia,Muridae,,none
Hydromys chrysogaster,Common Water Rat,Rodentia,Muridae,Hydromys chrysogaster_Rakali,exact
Hydromys hussoni,Husson's Water Rat,Rodentia,Muridae,,none
Hydromys neobrittanicus,New Britain Water Rat,Rodentia,Muridae,,none
Hydromys ziegleri,Ziegler's Water Rat,Rodentia,Muridae,,none
Hyomys dammermani,Western White-eared Giant Rat,Rodentia,Muridae,,none
Hyomys goliath,Eastern White-eared Giant Rat,Rodentia,Muridae,,none
Leggadina forresti,Central Short-tailed Mouse,Rodentia,Muridae,,none
Leggadina lakedownensis,Northern Short-tailed Mouse,Rodentia,Muridae,,none
Leporillus apicalis,Lesser Stick-nest Rat,Rodentia,Muridae,,none
Leporillus conditor,Greater Stick-nest Rat,Rodentia,Muridae,,none
Leptomys arfakensis,Arfak Water Rat,Rodentia,Muridae,,none
Leptomys elegans,Elegant Water Rat,Rodentia,Muridae,,none
Leptomys ernstmayri,Ernst Mayr's Water Rat,Rodentia,Muridae,,none
Leptomys paulus,Small Water Rat,Rodentia,Muridae,,none
Leptomys signatus,Fly River Water Rat,Rodentia,Muridae,,none
Lorentzimys nouhuysii,Long-footed Tree Mouse,Rodentia,Muridae,,none
Macruromys elegans,Lesser Small-toothed Rat,Rodentia,Muridae,,none
Macruromys major,Greater Small-toothed Rat,Rodentia,Muridae,,none
Mallomys aroaensis,De Vis's Woolly Rat,Rodentia,Muridae,,none
Mallomys gunung,Alpine Woolly Rat,Rodentia,Muridae,,none
Mallomys istapantap,Subalpine Woolly Rat,Rodentia,Muridae,,none
Mallomys rothschildi,Rothschild's Woolly Rat,Rodentia,Muridae,,none
Mammelomys lanosus,Highland Mosaic-tailed Rat,Rodentia,Muridae,,none
Mammelomys rattoides,Lowland Mosaic-tailed Rat,Rodentia,Muridae,,none
Mastacomys fuscus,Australian Broad-toothed Rat,Rodentia,Muridae,,none
Melomys aerosus,Dusky Seram Mosaic-tailed Rat,Rodentia,Muridae,,none
Melomys arcium,Rossel Island Mosaic-tailed Rat,Rodentia,Muridae,,none
Melomys bannisteri,Bannister's Mosaic-tailed Rat,Rodentia,Muridae,,none
Melomys bougainville,Bougainville Mosaic-tailed Rat,Rodentia,Muridae,,none
Melomys burtoni,Grassland Mosaic-tailed Rat,Rodentia,Muridae,,none
Melomys capensis,Cape York Mosaic-tailed Rat,Rodentia,Muridae,,none
Melomys caurinus,Short-tailed Talaud Mosaic-tailed Rat,Rodentia,Muridae,,none
Melomys cervinipes,Fawn-footed Mosaic-tailed Rat,Rodentia,Muridae,,none
Melomys cooperae,Yamdena Island Mosaic-tailed Rat,Rodentia,Muridae,,none
Melomys dollmani,Dollman's Mosaic-tailed Rat,Rodentia,Muridae,,none
Melomys fraterculus,Manusela Mosaic-tailed Rat,Rodentia,Muridae,,none
Melomys frigicola,Snow Mountains Grassland Mosaic-tailed Rat,Rodentia,Muridae,,none
Melomys fulgens,Seram Long-tailed Mosaic-tailed Rat,Rodentia,Muridae,,none
Melomys howi,Riama Island Mosaic-tailed Rat,Rodentia,Muridae,,none
Melomys leucogaster,White-bellied Mosaic-tailed Rat,Rodentia,Muridae,,none
Melomys lutillus,Papua Grassland Mosaic-tailed Rat,Rodentia,Muridae,,none
Melomys matambuai,Manus Island Mosaic-tailed Rat,Rodentia,Muridae,,none
Melomys obiensis,Obi Island Mosaic-tailed Rat,Rodentia,Muridae,,none
Melomys paveli,Pavel's Seram Mosaic-tailed Rat,Rodentia,Muridae,,none
Melomys rubicola,Bramble Cay Mosaic-tailed Rat,Rodentia,Muridae,,none
Melomys rufescens,Black-tailed Mosaic-tailed Rat,Rodentia,Muridae,,none
Melomys spechti,Buka Island Mosaic-tailed Rat,Rodentia,Muridae,,none
Melomys talaudium,Long-tailed Talaud Mosaic-tailed Rat,Rodentia,Muridae,,none
Mesembriomys gouldii,Black-footed Tree Rat,Rodentia,Muridae,,none
Mesembriomys macrurus,Golden-backed Tree Rat,Rodentia,Muridae,,none
Microhydromys argenteus,Southern Groove-toothed Shrew Mouse,Rodentia,Muridae,,none
Microhydromys richardsoni,Northern Groove-toothed Shrew Mouse,Rodentia,Muridae,,none
Mirzamys louiseae,Mirza's Western Moss Rat,Rodentia,Muridae,,none
Mirzamys norahae,Mirza's Eastern Moss Rat,Rodentia,Muridae,,none
Notomys alexis,Spinifex Hopping Mouse,Rodentia,Muridae,,none
Notomys amplus,Short-tailed Hopping Mouse,Rodentia,Muridae,,none
Notomys aquilo,Northern Hopping Mouse,Rodentia,Muridae,,none
Notomys cervinus,Fawn Hopping Mouse,Rodentia,Muridae,,none
Notomys fuscus,Dusky Hopping Mouse,Rodentia,Muridae,,none
Notomys longicaudatus,Long-tailed Hopping Mouse,Rodentia,Muridae,,none
Notomys macrotis,Big-eared Hopping Mouse,Rodentia,Muridae,,none
Notomys mitchellii,Mitchell's Hopping Mouse,Rodentia,Muridae,,none
Notomys mordax,Darling Downs Hopping Mouse,Rodentia,Muridae,,none
Notomys robustus,Broad-cheeked Hopping Mouse,Rodentia,Muridae,,none
Parahydromys asper,New Guinea Waterside Rat,Rodentia,Muridae,,none
Paraleptomys rufilatus,Northern Water Rat,Rodentia,Muridae,,none
Paraleptomys wilhelmina,Short-haired Water Rat,Rodentia,Muridae,,none
Paramelomys gressitti,Gressitt's Mosaic-tailed Rat,Rodentia,Muridae,,none
Paramelomys levipes,Papuan Lowland Mosaic-tailed Rat,Rodentia,Muridae,,none
Paramelomys lorentzii,Lorentz's Mosaic-tailed Rat,Rodentia,Muridae,,none
Paramelomys mollis,Montane Soft-furred Mosaic-tailed Rat,Rodentia,Muridae,,none
Paramelomys moncktoni,Monckton's Mosaic-tailed Rat,Rodentia,Muridae,,none
Paramelomys naso,Long-nosed Mosaic-tailed Rat,Rodentia,Muridae,,none
Paramelomys platyops,Common Lowland Mosaic-tailed Rat,Rodentia,Muridae,,none
Paramelomys rubex,Mountain Mosaic-tailed Rat,Rodentia,Muridae,,none
Paramelomys steini,Stein's Mosaic-tailed Rat,Rodentia,Muridae,,none
Pogonomelomys brassi,Brass's Brush Mouse,Rodentia,Muridae,,none
Pogonomelomys bruijnii,Bruijn's Brush Mouse,Rodentia,Muridae,,none
Pogonomelomys mayeri,Shaw Mayer's Brush Mouse,Rodentia,Muridae,,none
Pogonomys championi,Champion's Tree Mouse,Rodentia,Muridae,,none
Pogonomys fergussoniensis,D'Entrecasteaux Archipelago Tree Mouse,Rodentia,Muridae,,none
Pogonomys loriae,Loria's Tree Mouse,Rodentia,Muridae,,none
Pogonomys macrourus,Chestnut Tree Mouse,Rodentia,Muridae,,none
Pogonomys sylvestris,Gray-bellied Tree Mouse,Rodentia,Muridae,,none
Protochromys fellowsi,Papuan Mosaic-tailed Rat,Rodentia,Muridae,,none
Pseudohydromys berniceae,Bishop Moss Mouse,Rodentia,Muridae,,none
Pseudohydromys carlae,Huon Small-toothed Moss Mouse,Rodentia,Muridae,,none
Pseudohydromys eleanorae,Laurie's Moss Mouse,Rodentia,Muridae,,none
Pseudohydromys ellermani,Shaw Mayer's Shrew Mouse,Rodentia,Muridae,,none
Pseudohydromys fuscus,Mottled-tailed Shrew Mouse,Rodentia,Muridae,,none
Pseudohydromys germani,German's One-toothed Moss Mouse,Rodentia,Muridae,,none
Pseudohydromys murinus,Eastern New Guinea Shrew Mouse,Rodentia,Muridae,,none
Pseudohydromys musseri,Torricelli Mountains Shrew Mouse,Rodentia,Muridae,,none
Pseudohydromys occidentalis,Western New Guinea Shrew Mouse,Rodentia,Muridae,,none
Pseudohydromys patriciae,Woolley's Moss Mouse,Rodentia,Muridae,,none
Pseudohydromys pumehanae,Southern Small-toothed Moss Mouse,Rodentia,Muridae,,none
Pseudohydromys sandrae,White-bellied Moss Mouse,Rodentia,Muridae,,none
Pseudomys albocinereus,Ash-gray Mouse,Rodentia,Muridae,,none
Pseudomys apodemoides,Silky Mouse,Rodentia,Muridae,,none
Pseudomys auritus,Long-eared Mouse,Rodentia,Muridae,,none
Pseudomys australis,Plains Mouse,Rodentia,Muridae,,none
Pseudomys bolami,Bolam's Mouse,Rodentia,Muridae,,none
Pseudomys calabyi,Kakadu Pebble Mouse,Rodentia,Muridae,,none
Pseudomys chapmani,Western Pebble Mouse,Rodentia,Muridae,,none
Pseudomys delicatulus,Northern Delicate Mouse,Rodentia,Muridae,,none
Pseudomys desertor,Desert Mouse,Rodentia,Muridae,,none
Pseudomys fumeus,Australian Smoky Mouse,Rodentia,Muridae,,none
Pseudomys glaucus,Blue-grey Mouse,Rodentia,Muridae,,none
Pseudomys gouldii,Gould's Mouse,Rodentia,Muridae,,none
Pseudomys gracilicaudatus,Eastern Chestnut Mouse,Rodentia,Muridae,,none
Pseudomys hermannsburgensis,Sandy Inland Mouse,Rodentia,Muridae,,none
Pseudomys higginsi,Long-tailed Mouse,Rodentia,Muridae,,none
Pseudomys johnsoni,Central Pebble Mouse,Rodentia,Muridae,,none
Pseudomys mimulus,Eastern Delicate Mouse,Rodentia,Muridae,,none
Pseudomys nanus,Western Chestnut Mouse,Rodentia,Muridae,,none
Pseudomys novaehollandiae,New Holland Mouse,Rodentia,Muridae,,none
Pseudomys occidentalis,Western Mouse,Rodentia,Muridae,,none
Pseudomys oralis,Hastings River Mouse,Rodentia,Muridae,,none
Pseudomys patrius,Eastern Pebble Mouse,Rodentia,Muridae,,none
Pseudomys pilbarensis,Pilbara Delicate Mouse,Rodentia,Muridae,,none
Pseudomys shortridgei,Heath Mouse,Rodentia,Muridae,,none
Rhynchomys banahao,Mount Banahaw Shrew Rat,Rodentia,Muridae,,none
Rhynchomys isarogensis,Mount Isarog Shrew Rat,Rodentia,Muridae,,none
Rhynchomys labo,Labo Shrew Rat,Rodentia,Muridae,,none
Rhynchomys mingan,Mingan Shrew Rat,Rodentia,Muridae,,none
Rhynchomys soricoides,Mount Data Shrew Rat,Rodentia,Muridae,,none
Rhynchomys tapulao,Mount Tapulao Shrew Rat,Rodentia,Muridae,,none
Solomys ponceleti,Poncelet's Giant Rat,Rodentia,Muridae,,none
Solomys salamonis,Ugi Island Giant Rat,Rodentia,Muridae,,none
Solomys salebrosus,Bougainville Island Giant Rat,Rodentia,Muridae,,none
Solomys sapientis,Isabel Island Giant Rat,Rodentia,Muridae,,none
Solomys spriggsarum,Buka Island Giant Rat,Rodentia,Muridae,,none
Soricomys kalinga,Kalinga Shrew Mouse,Rodentia,Muridae,,none
Soricomys leonardocoi,Leonardo Shrew Mouse,Rodentia,Muridae,,none
Soricomys montanus,Mountain Shrew Mouse,Rodentia,Muridae,,none
Soricomys musseri,Sierra Madre Shrew Mouse,Rodentia,Muridae,,none
Uromys anak,Black-tailed Giant Rat,Rodentia,Muridae,,none
Uromys boeadii,Biak Island Giant Rat,Rodentia,Muridae,,none
Uromys caudimaculatus,White-tailed Giant Rat,Rodentia,Muridae,Uromys caudimaculatus_White-tailed Giant Rat,exact
Uromys emmae,Emma's Giant Rat,Rodentia,Muridae,,none
Uromys hadrourus,Masked White-tailed Giant Rat,Rodentia,Muridae,,none
Uromys imperator,Emperor Giant Rat,Rodentia,Muridae,,none
Uromys neobrittanicus,New Britain Island Giant Rat,Rodentia,Muridae,,none
Uromys porculus,Guadalcanal Giant Rat,Rodentia,Muridae,,none
Uromys rex,King Giant Rat,Rodentia,Muridae,,none
Uromys siebersi,Great Key Island Giant Rat,Rodentia,Muridae,,none
Uromys vika,Vangunu Giant Rat,Rodentia,Muridae,,none
Xenuromys barbatus,Rock-dwelling Giant Rat,Rodentia,Muridae,,none
Xeromys myoides,False Water Rat,Rodentia,Muridae,,none
Zyzomys argurus,Common Australian Rock Rat,Rodentia,Muridae,,none
Zyzomys maini,Arnhem Land Rock Rat,Rodentia,Muridae,,none
Zyzomys palatalis,Carpentarian Rock Rat,Rodentia,Muridae,,none
Zyzomys pedunculatus,Central Australian Rock Rat,Rodentia,Muridae,,none
Zyzomys woodwardi,Kimberley Rock Rat,Rodentia,Muridae,,none
Hadromys humei,Hume's Hadromys,Rodentia,Muridae,,none
Hadromys yunnanensis,Yunnan Hadromys,Rodentia,Muridae,,none
Hapalomys delacouri,Lesser Marmoset Rat,Rodentia,Muridae,,none
Hapalomys longicaudatus,Greater Marmoset Rat,Rodentia,Muridae,,none
Hapalomys suntsovi,Suntsov's Marmoset Rat,Rodentia,Muridae,,none
Micromys erythrotis,Red-eared Harvest Mouse,Rodentia,Muridae,,none
Micromys minutus,Eurasian Harvest Mouse,Rodentia,Muridae,Micromys minutus_Eurasian Harvest Mouse,exact
Micromys pygmaeus,Pygmy Harvest Mouse,Rodentia,Muridae,,none
Pithecheir melanurus,Red Tree Rat,Rodentia,Muridae,,none
Pithecheir parva,Malayan Tree Rat,Rodentia,Muridae,,none
Pithecheirops otion,Bornean Tree Rat,Rodentia,Muridae,,none
Vandeleuria nilagiricus,Nilgiri Long-tailed Climbing Mouse,Rodentia,Muridae,,none
Vandeleuria nolthenii,Sri Lankan Long-tailed Climbing Mouse,Rodentia,Muridae,,none
Vandeleuria oleraceus,Indomalayan Long-tailed Climbing Mouse,Rodentia,Muridae,,none
Malacomys cansdalei,Cansdale's Swamp Rat,Rodentia,Muridae,,none
Malacomys edwardsi,Edwards's Swamp Rat,Rodentia,Muridae,,none
Malacomys longipes,Common Swamp Rat,Rodentia,Muridae,,none
Cremnomys cutchicus,Cutch Rat,Rodentia,Muridae,,none
Cremnomys elvira,Elvira Rat,Rodentia,Muridae,,none
Diomys crumpi,Crump's Rat,Rodentia,Muridae,,none
Madromys blanfordi,White-tailed Wood Rat,Rodentia,Muridae,,none
Millardia gleadowi,Sand-colored Soft-furred Rat,Rodentia,Muridae,,none
Millardia kathleenae,Burmese Soft-furred Rat,Rodentia,Muridae,,none
Millardia kondana,Kondana Soft-furred Rat,Rodentia,Muridae,,none
Millardia meltada,Common Soft-furred Rat,Rodentia,Muridae,,none
Mus baoulei,Baoule Mouse,Rodentia,Muridae,,none
Mus booduga,Little Indian Field Mouse,Rodentia,Muridae,,none
Mus bufo,Toad Mouse,Rodentia,Muridae,,none
Mus callewaerti,Callewaert's Mouse,Rodentia,Muridae,,none
Mus caroli,Ryukyu Mouse,Rodentia,Muridae,,none
Mus cervicolor,Fawn-colored Mouse,Rodentia,Muridae,,none
Mus cookii,Cook's Mouse,Rodentia,Muridae,,none
Mus crociduroides,Sumatran Shrew-like Mouse,Rodentia,Muridae,,none
Mus cypriacus,Cypriot Mouse,Rodentia,Muridae,,none
Mus dumbara,Dumbara Valley Spiny Mouse,Rodentia,Muridae,,none
Mus famulus,Servant Mouse,Rodentia,Muridae,,none
Mus fernandoni,Ceylon Spiny Mouse,Rodentia,Muridae,,none
Mus fragilicauda,Sheath-tailed Mouse,Rodentia,Muridae,,none
Mus gairdneri,Gairdner's Shrew-like Mouse,Rodentia,Muridae,,none
Mus goundae,Gounda Mouse,Rodentia,Muridae,,none
Mus harennensis,Harenna Mouse,Rodentia,Muridae,,none
Mus haussa,Hausa Mouse,Rodentia,Muridae,,none
Mus imberbis,Ethiopian Striped Mouse,Rodentia,Muridae,,none
Mus indutus,Desert Pygmy Mouse,Rodentia,Muridae,,none
Mus jacksoniae,Jackson's Shrew-like Mouse,Rodentia,Muridae,,none
Mus lepidoides,Little Burmese Field Mouse,Rodentia,Muridae,,none
Mus macedonicus,Macedonian Mouse,Rodentia,Muridae,,none
Mus mahomet,Mahomet Mouse,Rodentia,Muridae,,none
Mus mattheyi,Matthey's Mouse,Rodentia,Muridae,,none
Mus mayori,Mayor's Mouse,Rodentia,Muridae,,none
Mus minutoides,Sub-Saharan Pygmy Mouse,Rodentia,Muridae,,none
Mus musculoides,West African Pygmy Mouse,Rodentia,Muridae,,none
Mus musculus,House Mouse,Rodentia,Muridae,Mus musculus_House Mouse,exact
Mus neavei,Neave's Mouse,Rodentia,Muridae,,none
Mus nitidulus,Blyth's Mouse,Rodentia,Muridae,,none
Mus oubanguii,Ubangui Mouse,Rodentia,Muridae,,none
Mus pahari,Indochinese Shrew-like Mouse,Rodentia,Muridae,,none
Mus phillipsi,Phillips's Mouse,Rodentia,Muridae,,none
Mus platythrix,Flat-haired Mouse,Rodentia,Muridae,,none
Mus proconodon,Ethiopian Mouse,Rodentia,Muridae,,none
Mus saxicola,Saxicolous Mouse,Rodentia,Muridae,,none
Mus setulosus,Peters's Mouse,Rodentia,Muridae,,none
Mus setzeri,Setzer's Mouse,Rodentia,Muridae,,none
Mus shortridgei,Shortridge's Mouse,Rodentia,Muridae,,none
Mus sorella,Thomas's Mouse,Rodentia,Muridae,,none
Mus spicilegus,Mound-building Mouse,Rodentia,Muridae,,none
Mus spretus,Western Mediterranean Mouse,Rodentia,Muridae,Mus spretus_Algerian Mouse,exact
Mus tenellus,Delicate Mouse,Rodentia,Muridae,,none
Mus terricolor,Earth-colored Mouse,Rodentia,Muridae,,none
Mus triton,Gray-bellied Mouse,Rodentia,Muridae,,none
Mus vulcani,Javan Shrew-like Mouse,Rodentia,Muridae,,none
Otomys anchietae,Angolan Vlei Rat,Rodentia,Muridae,,none
Otomys angoniensis,Angoni Vlei Rat,Rodentia,Muridae,,none
Otomys auratus,South East African Vlei Rat,Rodentia,Muridae,,none
Otomys barbouri,Barbour's Vlei Rat,Rodentia,Muridae,,none
Otomys brantsii,Brants's Whistling Rat,Rodentia,Muridae,Parotomys brantsii_Brants's Whistling Rat,synonym
Otomys burtoni,Burton's Vlei Rat,Rodentia,Muridae,,none
Otomys cheesmani,Cheesman's Vlei Rat,Rodentia,Muridae,,none
Otomys cuanzensis,Cuanza Vlei Rat,Rodentia,Muridae,,none
Otomys dartmouthi,Rwenzori Vlei Rat,Rodentia,Muridae,,none
Otomys denti,Dent's Vlei Rat,Rodentia,Muridae,,none
Otomys dollmani,Dollman's Vlei Rat,Rodentia,Muridae,,none
Otomys fortior,Charada Vlei Rat,Rodentia,Muridae,,none
Otomys helleri,Heller's Vlei Rat,Rodentia,Muridae,,none
Otomys irroratus,Southern African Vlei Rat,Rodentia,Muridae,,none
Otomys jacksoni,Mount Elgon Vlei Rat,Rodentia,Muridae,,none
Otomys karoensis,Fynbos Vlei Rat,Rodentia,Muridae,,none
Otomys lacustris,Tanzanian Vlei Rat,Rodentia,Muridae,,none
Otomys laminatus,KwaZulu Natal Vlei Rat,Rodentia,Muridae,,none
Otomys littledalei,Littledale's Whistling Rat,Rodentia,Muridae,,none
Otomys occidentalis,Western Vlei Rat,Rodentia,Muridae,,none
Otomys orestes,Afroalpine Vlei Rat,Rodentia,Muridae,,none
Otomys rowleyi,Rowley's Vlei Rat,Rodentia,Muridae,,none
Otomys simiensis,Simien Vlei Rat,Rodentia,Muridae,,none
Otomys sloggetti,Sloggett's Vlei Rat,Rodentia,Muridae,,none
Otomys sungae,Eastern Arc Vlei Rat,Rodentia,Muridae,,none
Otomys thomasi,Thomas's Vlei Rat,Rodentia,Muridae,,none
Otomys tropicalis,East African Vlei Rat,Rodentia,Muridae,,none
Otomys typus,Ethiopian Vlei Rat,Rodentia,Muridae,,none
Otomys unisulcatus,Karoo Vlei Rat,Rodentia,Muridae,,none
Otomys uzungwensis,Udzungwa Vlei Rat,Rodentia,Muridae,,none
Otomys willani,Willan's Vlei Rat,Rodentia,Muridae,,none
Otomys yaldeni,Yalden's Vlei Rat,Rodentia,Muridae,,none
Otomys zinki,Mount Kilimanjaro Vlei Rat,Rodentia,Muridae,,none
Batomys dentatus,Large-toothed Hairy-tailed Rat,Rodentia,Muridae,,none
Batomys grantii,Luzon Cordillera Hairy-tailed Rat,Rodentia,Muridae,,none
Batomys hamiguitan,Hamiguitan Hairy-tailed Rat,Rodentia,Muridae,,none
Batomys russatus,Russet Hairy-tailed Rat,Rodentia,Muridae,,none
Batomys salomonseni,Mindanao Hairy-tailed Rat,Rodentia,Muridae,,none
Batomys uragon,Mount Isarog Hairy-tailed Rat,Rodentia,Muridae,,none
Carpomys melanurus,Black-tailed Dwarf Cloud Rat,Rodentia,Muridae,,none
Carpomys phaeurus,Brown-tailed Dwarf Cloud Rat,Rodentia,Muridae,,none
Crateromys australis,Dinagat Bushy-tailed Cloud Rat,Rodentia,Muridae,,none
Crateromys heaneyi,Panay Bushy-tailed Cloud Rat,Rodentia,Muridae,,none
Crateromys paulus,Ilin Bushy-tailed Cloud Rat,Rodentia,Muridae,,none
Crateromys schadenbergi,Luzon Bushy-tailed Cloud Rat,Rodentia,Muridae,,none
Musseromys anacuao,Mount Anacuao Tree Mouse,Rodentia,Muridae,,none
Musseromys beneficus,Mount Pulag Tree Mouse,Rodentia,Muridae,,none
Musseromys gulantang,Mount Banahaw Tree Mouse,Rodentia,Muridae,,none
Musseromys inopinatus,Mount Amuyao Tree Mouse,Rodentia,Muridae,,none
Phloeomys cumingi,Southern Luzon Giant Cloud Rat,Rodentia,Muridae,,none
Phloeomys pallidus,Northern Luzon Giant Cloud Rat,Rodentia,Muridae,,none
Chingawaemys rarus,Chingawa Forest Rat,Rodentia,Muridae,,none
Colomys eisentrauti,Cameroonean Wading Rat,Rodentia,Muridae,,none
Colomys goslingi,East African Wading Rat,Rodentia,Muridae,,none
Colomys lumumbai,Congo Wading Rat,Rodentia,Muridae,,none
Colomys wologizi,Wologizi Wading Rat,Rodentia,Muridae,,none
Congomys lukolelae,Lukolela Swamp Mouse,Rodentia,Muridae,,none
Congomys verschureni,Verschuren's Swamp Mouse,Rodentia,Muridae,,none
Heimyscus fumosus,African Smoky Mouse,Rodentia,Muridae,,none
Hylomyscus aeta,Beaded Wood Mouse,Rodentia,Muridae,,none
Hylomyscus alleni,Allen's Wood Mouse,Rodentia,Muridae,,none
Hylomyscus anselli,Ansell's Wood Mouse,Rodentia,Muridae,,none
Hylomyscus arcimontensis,Eastern Arc Wood Mouse,Rodentia,Muridae,,none
Hylomyscus baeri,Baer's Wood Mouse,Rodentia,Muridae,,none
Hylomyscus carillus,Angolan Wood Mouse,Rodentia,Muridae,,none
Hylomyscus denniae,Montane Wood Mouse,Rodentia,Muridae,,none
Hylomyscus endorobae,Mount Kenya Wood Mouse,Rodentia,Muridae,,none
Hylomyscus grandis,Mount Oku Wood Mouse,Rodentia,Muridae,,none
Hylomyscus heinrichorum,Heinrichs' Wood Mouse,Rodentia,Muridae,,none
Hylomyscus kerbispeterhansi,Kerbis-Peterhans's Wood Mouse,Rodentia,Muridae,,none
Hylomyscus mpungamachagorum,Mahale Wood Mouse,Rodentia,Muridae,,none
Hylomyscus pamfi,Dahomey Gap Wood Mouse,Rodentia,Muridae,,none
Hylomyscus parvus,Lesser Wood Mouse,Rodentia,Muridae,,none
Hylomyscus pygmaeus,Pygmy Wood Mouse,Rodentia,Muridae,,none
Hylomyscus simus,West African Wood Mouse,Rodentia,Muridae,,none
Hylomyscus stanleyi,Stanley's Wood Mouse,Rodentia,Muridae,,none
Hylomyscus stella,Stella Wood Mouse,Rodentia,Muridae,,none
Hylomyscus thornesmithae,Mother Ellen's Wood Mouse,Rodentia,Muridae,,none
Hylomyscus vulcanorum,Albertine Rift Wood Mouse,Rodentia,Muridae,,none
Hylomyscus walterverheyeni,Walter Verheyen's Wood Mouse,Rodentia,Muridae,,none
Mastomys angolensis,Angolan Multimammate Mouse,Rodentia,Muridae,,none
Mastomys awashensis,Awash Multimammate Mouse,Rodentia,Muridae,,none
Mastomys coucha,Southern African Multimammate Mouse,Rodentia,Muridae,,none
Mastomys erythroleucus,Reddish-white Multimammate Mouse,Rodentia,Muridae,,none
Mastomys huberti,Hubert's Multimammate Mouse,Rodentia,Muridae,,none
Mastomys kollmannspergeri,Kollmannsperger's Multimammate Mouse,Rodentia,Muridae,,none
Mastomys natalensis,Natal Multimammate Mouse,Rodentia,Muridae,,none
Mastomys shortridgei,Shortridge's Multimammate Mouse,Rodentia,Muridae,,none
Montemys delectorum,Delicate Montane Mouse,Rodentia,Muridae,,none
Myomyscus verreauxi,Verreaux's Meadow Mouse,Rodentia,Muridae,,none
Nilopegamys plumbeus,Ethiopian Amphibious Rat,Rodentia,Muridae,,none
Ochromyscus brockmani,Brockman's White-bellied Rocky Mouse,Rodentia,Muridae,,none
Ochromyscus niveiventris,Snowy White-bellied Rocky Mouse,Rodentia,Muridae,,none
Ochromyscus yemeni,Yemen White-bellied Rocky Mouse,Rodentia,Muridae,,none
Praomys coetzeei,Coetzee's Soft-furred Mouse,Rodentia,Muridae,,none
Praomys daltoni,Dalton's Soft-furred Mouse,Rodentia,Muridae,,none
Praomys degraaffi,De Graaff's Soft-furred Mouse,Rodentia,Muridae,,none
Praomys hartwigi,Hartwig's Soft-furred Mouse,Rodentia,Muridae,,none
Praomys jacksoni,Jackson's Soft-furred Mouse,Rodentia,Muridae,,none
Praomys minor,Least Soft-furred Mouse,Rodentia,Muridae,,none
Praomys misonnei,Misonne's Soft-furred Mouse,Rodentia,Muridae,,none
Praomys morio,Cameroon Soft-furred Mouse,Rodentia,Muridae,,none
Praomys mutoni,Riverine Soft-furred Mouse,Rodentia,Muridae,,none
Praomys obscurus,Gotel Mountain Soft-furred Mouse,Rodentia,Muridae,,none
Praomys petteri,Petter's Soft-furred Mouse,Rodentia,Muridae,,none
Praomys rostratus,West African Soft-furred Mouse,Rodentia,Muridae,,none
Praomys togoensis,Togo Soft-furred Mouse,Rodentia,Muridae,,none
Praomys tullbergi,Tullberg's Soft-furred Mouse,Rodentia,Muridae,,none
Serengetimys pernanus,Dwarf Serengeti Mouse,Rodentia,Muridae,,none
Stenocephalemys albipes,White-footed Ethiopian Rat,Rodentia,Muridae,,none
Stenocephalemys albocaudatus,White-tailed Ethiopian Rat,Rodentia,Muridae,,none
Stenocephalemys griseicauda,Gray-tailed Ethiopian Rat,Rodentia,Muridae,,none
Stenocephalemys ruppi,Rupp's Ethiopian Rat,Rodentia,Muridae,,none
Stenocephalemys sokolovi,Sokolov's Ethiopian Rat,Rodentia,Muridae,,none
Stenocephalemys zimai,Zima's Ethiopian Rat,Rodentia,Muridae,,none
Zelotomys hildegardeae,Hildegarde's Broad-headed Mouse,Rodentia,Muridae,,none
Zelotomys woosnami,Woosnam's Broad-headed Mouse,Rodentia,Muridae,,none
Abditomys latidens,Luzon Broad-toothed Rat,Rodentia,Muridae,,none
Anonymomys mindorensis,Mindoro Climbing Rat,Rodentia,Muridae,,none
Baletemys kampalili,Kampalili Shrew Mouse,Rodentia,Muridae,,none
Bandicota bengalensis,Lesser Bandicoot Rat,Rodentia,Muridae,Bandicota bengalensis_Lesser Bandicoot-rat,exact
Bandicota indica,Greater Bandicoot Rat,Rodentia,Muridae,,none
Bandicota savilei,Savile's Bandicoot Rat,Rodentia,Muridae,,none
Berylmys berdmorei,Berdmore's White-toothed Rat,Rodentia,Muridae,,none
Berylmys bowersii,Bowers's White-toothed Rat,Rodentia,Muridae,,none
Berylmys latouchei,West Chinese White-toothed Rat,Rodentia,Muridae,,none
Berylmys mackenziei,Mackenzie's White-toothed Rat,Rodentia,Muridae,,none
Berylmys manipulus,Manipur White-toothed Rat,Rodentia,Muridae,,none
Bullimus bagobus,Mindanao Forest Rat,Rodentia,Muridae,,none
Bullimus carletoni,Carleton's Forest Rat,Rodentia,Muridae,,none
Bullimus gamay,Camiguin Forest Rat,Rodentia,Muridae,,none
Bullimus luzonicus,Luzon Forest Rat,Rodentia,Muridae,,none
Bunomys andrewsi,Andrews's Hill Rat,Rodentia,Muridae,,none
Bunomys chrysocomus,Common Hill Rat,Rodentia,Muridae,,none
Bunomys coelestis,Lompobatang Hill Rat,Rodentia,Muridae,,none
Bunomys karokophilus,Karoko Hill Rat,Rodentia,Muridae,,none
Bunomys penitus,Montane Hill Rat,Rodentia,Muridae,,none
Bunomys prolatus,Tambusisi Hill Rat,Rodentia,Muridae,,none
Bunomys torajae,Tana Toraja Hill Rat,Rodentia,Muridae,,none
Chiromyscus chiropus,Burmese Tree Rat,Rodentia,Muridae,,none
Chiromyscus langbianis,Langbian Tree Rat,Rodentia,Muridae,,none
Chiromyscus thomasi,Thomas's Tree Rat,Rodentia,Muridae,,none
Crunomys alticola,Bornean Mountain Spiny Rat,Rodentia,Muridae,,none
Crunomys baeodon,Small Bornean Spiny Rat,Rodentia,Muridae,,none
Crunomys bartelsii,Bartels's Javan Spiny Rat,Rodentia,Muridae,,none
Crunomys celebensis,Sulawesi Shrew Mouse,Rodentia,Muridae,,none
Crunomys dollmani,Dollman's Sulawesi Spiny Rat,Rodentia,Muridae,,none
Crunomys fallax,Luzon Shrew Mouse,Rodentia,Muridae,,none
Crunomys hellwaldii,Hellwald's Sulawesi Spiny Rat,Rodentia,Muridae,,none
Crunomys hylomyoides,Sumatran Mountain Spiny Rat,Rodentia,Muridae,,none
Crunomys inas,Malayan Mountain Spiny Rat,Rodentia,Muridae,,none
Crunomys inflatus,Broad-nosed Sumatran Spiny Rat,Rodentia,Muridae,,none
Crunomys melanius,Mindanao Shrew Mouse,Rodentia,Muridae,,none
Crunomys moi,Indochinese Mountain Spiny Rat,Rodentia,Muridae,,none
Crunomys musschenbroekii,Musschenbroek's Sulawesi Spiny Rat,Rodentia,Muridae,,none
Crunomys ochraceiventer,Ochraceous-bellied Bornean Spiny Rat,Rodentia,Muridae,,none
Crunomys pagensis,Mentawai Archipelago Spiny Rat,Rodentia,Muridae,,none
Crunomys panglima,Palawan Spiny Rat,Rodentia,Muridae,,none
Crunomys rajah,Rajah Sundaic Spiny Rat,Rodentia,Muridae,,none
Crunomys suncoides,Katanglad Shrew Mouse,Rodentia,Muridae,,none
Crunomys surifer,Indomalayan Spiny Rat,Rodentia,Muridae,,none
Crunomys tajuddinii,Tajuddin's Spiny Rat,Rodentia,Muridae,,none
Crunomys tompotika,Mount Tompotika Spiny Rat,Rodentia,Muridae,,none
Crunomys wattsi,Watts's Sulawesi Spiny Rat,Rodentia,Muridae,,none
Crunomys whiteheadi,Whitehead's Sundaic Spiny Rat,Rodentia,Muridae,,none
Dacnomys millardi,Millard's Rat,Rodentia,Muridae,,none
Diplothrix legata,Ryukyu Islands Tree Rat,Rodentia,Muridae,,none
Echiothrix centrosa,Central Sulawesi Spiny Rat,Rodentia,Muridae,,none
Echiothrix leucura,Northern Sulawesi Spiny Rat,Rodentia,Muridae,,none
Eropeplus canus,Sulawesi Soft-furred Rat,Rodentia,Muridae,,none
Frateromys fratrorum,Northeastern Peninsula Hill Rat,Rodentia,Muridae,,none
Gracilimus radix,Sulawesi Slender Root Rat,Rodentia,Muridae,,none
Halmaheramys bokimekot,Spiny Boki Mekot Rat,Rodentia,Muridae,,none
Halmaheramys wallacei,Wallace's Large Spiny Rat,Rodentia,Muridae,,none
Hyorhinomys stuempkei,Hog-nosed Shrew Rat,Rodentia,Muridae,,none
Kadarsanomys sodyi,Javan Bamboo Rat,Rodentia,Muridae,,none
Komodomys rintjanus,Komodo Rat,Rodentia,Muridae,,none
Lenomys grovesi,Groves's Giant Rat,Rodentia,Muridae,,none
Lenomys meyeri,Meyer's Giant Rat,Rodentia,Muridae,,none
Lenothrix cana,Gray Tree Rat,Rodentia,Muridae,,none
Leopoldamys ciliatus,Sundaic Mountain Long-tailed Giant Rat,Rodentia,Muridae,,none
Leopoldamys diwangkarai,Diwangkara's Long-tailed Giant Rat,Rodentia,Muridae,,none
Leopoldamys edwardsi,Edwards's Long-tailed Giant Rat,Rodentia,Muridae,,none
Leopoldamys hainanensis,Hainan Long-tailed Giant Rat,Rodentia,Muridae,,none
Leopoldamys herberti,Herbert's Long-tailed Giant Rat,Rodentia,Muridae,,none
Leopoldamys milleti,Millet's Long-tailed Giant Rat,Rodentia,Muridae,,none
Leopoldamys neilli,Neill's Long-tailed Giant Rat,Rodentia,Muridae,,none
Leopoldamys sabanus,Indomalayan Long-tailed Giant Rat,Rodentia,Muridae,,none
Leopoldamys siporanus,Mentawai Long-tailed Giant Rat,Rodentia,Muridae,,none
Limnomys bryophilus,Gray-bellied Moss Mouse,Rodentia,Muridae,,none
Limnomys sibuanus,Long-tailed Moss Mouse,Rodentia,Muridae,,none
Margaretamys beccarii,Beccari's Margareta Rat,Rodentia,Muridae,,none
Margaretamys christinae,Christina's Margareta Rat,Rodentia,Muridae,,none
Margaretamys elegans,Elegant Margareta Rat,Rodentia,Muridae,,none
Margaretamys parvus,Lesser Margareta Rat,Rodentia,Muridae,,none
Melasmothrix naso,Diurnal Sulawesian Shrew Rat,Rodentia,Muridae,,none
Nesokia bunnii,Long-tailed Bandicoot Rat,Rodentia,Muridae,,none
Nesokia indica,Short-tailed Bandicoot Rat,Rodentia,Muridae,,none
Niviventer andersoni,Anderson's White-bellied Rat,Rodentia,Muridae,,none
Niviventer brahma,Brahman White-bellied Rat,Rodentia,Muridae,,none
Niviventer bukit,Bukit White-bellied Rat,Rodentia,Muridae,,none
Niviventer cameroni,Cameron Highlands White-bellied Rat,Rodentia,Muridae,,none
Niviventer confucianus,Confucian White-bellied Rat,Rodentia,Muridae,,none
Niviventer coninga,Spiny Taiwan White-bellied Rat,Rodentia,Muridae,,none
Niviventer cremoriventer,Sundaic Arboreal White-bellied Rat,Rodentia,Muridae,,none
Niviventer culturatus,Soft-furred Taiwan White-bellied Rat,Rodentia,Muridae,,none
Niviventer eha,Smoke-bellied White-bellied Rat,Rodentia,Muridae,,none
Niviventer excelsior,Sichuan White-bellied Rat,Rodentia,Muridae,,none
Niviventer fengi,Feng's White-bellied Rat,Rodentia,Muridae,,none
Niviventer fraternus,Montane Sumatran White-bellied Rat,Rodentia,Muridae,,none
Niviventer fulvescens,Indochinese White-bellied Rat,Rodentia,Muridae,,none
Niviventer gladiusmaculus,Least White-bellied Rat,Rodentia,Muridae,,none
Niviventer hinpoon,Limestone White-bellied Rat,Rodentia,Muridae,,none
Niviventer huang,South China White-bellied Rat,Rodentia,Muridae,,none
Niviventer lepturus,Montane Javan White-bellied Rat,Rodentia,Muridae,,none
Niviventer lotipes,Hainan White-bellied Rat,Rodentia,Muridae,,none
Niviventer mekongis,Mekong White-bellied Rat,Rodentia,Muridae,,none
Niviventer niviventer,Himalayan White-bellied Rat,Rodentia,Muridae,,none
Niviventer pianmaensis,Pianma White-bellied Rat,Rodentia,Muridae,,none
Niviventer rapit,Montane Bornean White-bellied Rat,Rodentia,Muridae,,none
Niviventer sacer,Shandong White-bellied Rat,Rodentia,Muridae,,none
Niviventer tenaster,Indochinese Mountain White-bellied Rat,Rodentia,Muridae,,none
Palawanomys furvus,Palawan Mountain Rat,Rodentia,Muridae,,none
Papagomys armandvillei,Armandville's Giant Tree Rat,Rodentia,Muridae,,none
Paucidentomys vermidax,Edented Sulawesi Rat,Rodentia,Muridae,,none
Paulamys naso,Paula's Long-nosed Rat,Rodentia,Muridae,,none
Rattus adustus,Burnished Enggano Rat,Rodentia,Muridae,,none
Rattus andamanensis,Indochinese Forest Rat,Rodentia,Muridae,,none
Rattus arfakiensis,Vogelkop Mountain Rat,Rodentia,Muridae,,none
Rattus argentiventer,Ricefield Rat,Rodentia,Muridae,,none
Rattus arrogans,Western New Guinea Mountain Rat,Rodentia,Muridae,,none
Rattus baluensis,Kinabalu Rat,Rodentia,Muridae,,none
Rattus blangorum,Aceh Rat,Rodentia,Muridae,,none
Rattus bontanus,Southwestern Xanthurus Rat,Rodentia,Muridae,,none
Rattus burrus,Nicobar Archipelago Rat,Rodentia,Muridae,,none
Rattus ceramicus,Seram Island Mountain Rat,Rodentia,Muridae,,none
Rattus colletti,Australian Dusky Rat,Rodentia,Muridae,,none
Rattus detentus,Manus Island Spiny Rat,Rodentia,Muridae,,none
Rattus elaphinus,Sula Archipelago Rat,Rodentia,Muridae,,none
Rattus enganus,Enggano Island Rat,Rodentia,Muridae,,none
Rattus everetti,Philippine Forest Rat,Rodentia,Muridae,,none
Rattus exulans,Pacific Rat,Rodentia,Muridae,,none
Rattus facetus,Lore Lindu Xanthurus Rat,Rodentia,Muridae,,none
Rattus feileri,Feiler's Rat,Rodentia,Muridae,,none
Rattus feliceus,Spiny Seram Island Rat,Rodentia,Muridae,,none
Rattus fuscipes,Australian Bush Rat,Rodentia,Muridae,Rattus fuscipes_Australian Bush Rat,exact
Rattus giluwensis,Mount Giluwe Rat,Rodentia,Muridae,,none
Rattus hainaldi,Hainald's Flores Island Rat,Rodentia,Muridae,,none
Rattus halmaheraensis,Halmahera Island Rat,Rodentia,Muridae,,none
Rattus hoffmanni,Hoffmann's Sulawesi Rat,Rodentia,Muridae,,none
Rattus hoogerwerfi,Hoogerwerf's Sumatran Rat,Rodentia,Muridae,,none
Rattus jobiensis,Yapen Island Rat,Rodentia,Muridae,,none
Rattus koopmani,Koopman's Peleng Island Rat,Rodentia,Muridae,,none
Rattus korinchi,Sumatran Mountain Rat,Rodentia,Muridae,,none
Rattus leucopus,Cape York Rat,Rodentia,Muridae,,none
Rattus losea,Losea Rat,Rodentia,Muridae,,none
Rattus lugens,Mentawai Rat,Rodentia,Muridae,,none
Rattus lutreola,Australian Swamp Rat,Rodentia,Muridae,Rattus lutreolus_Australian Swamp Rat,synonym
Rattus macleari,Maclear's Rat,Rodentia,Muridae,,none
Rattus marmosurus,Marmoset Xanthurus Rat,Rodentia,Muridae,,none
Rattus mindorensis,Mindoro Mountain Rat,Rodentia,Muridae,,none
Rattus mollicomulus,Lampobatang Sulawesi Rat,Rodentia,Muridae,,none
Rattus montanus,Sri Lankan Mountain Rat,Rodentia,Muridae,,none
Rattus mordax,Eastern New Guinea Rat,Rodentia,Muridae,,none
Rattus morotaiensis,Moluccan Prehensile-tailed Rat,Rodentia,Muridae,,none
Rattus nativitatis,Bulldog Rat,Rodentia,Muridae,,none
Rattus nikenii,Gag Island Rat,Rodentia,Muridae,,none
Rattus niobe,Eastern New Guinea Mountain Rat,Rodentia,Muridae,,none
Rattus nitidus,White-footed Indochinese Rat,Rodentia,Muridae,,none
Rattus norvegicus,Brown Rat,Rodentia,Muridae,Rattus norvegicus_Brown Rat,exact
Rattus novaeguineae,Papua New Guinea Rat,Rodentia,Muridae,,none
Rattus ombirah,Obi Island Rat,Rodentia,Muridae,,none
Rattus omichlodes,Arianus's New Guinea Mountain Rat,Rodentia,Muridae,,none
Rattus osgoodi,Osgood's Vietnamese Rat,Rodentia,Muridae,,none
Rattus palmarum,Car Nicobar Rat,Rodentia,Muridae,,none
Rattus pelurus,Peleng Island Xanthurus Rat,Rodentia,Muridae,,none
Rattus pococki,Pocock's New Guinea Highland Rat,Rodentia,Muridae,,none
Rattus praetor,Large New Guinea Spiny Rat,Rodentia,Muridae,,none
Rattus pyctoris,Himalayan Rat,Rodentia,Muridae,,none
Rattus radityaniae,Radityani's Rat,Rodentia,Muridae,,none
Rattus ranjiniae,Ranjini's Rat,Rodentia,Muridae,,none
Rattus rattus,Roof Rat,Rodentia,Muridae,Rattus rattus_Black Rat,exact
Rattus richardsoni,Richardson's New Guinea Mountain Rat,Rodentia,Muridae,,none
Rattus sakeratensis,Little Indochinese Field Rat,Rodentia,Muridae,,none
Rattus salocco,Southeastern Xanthurus Rat,Rodentia,Muridae,,none
Rattus sanila,New Ireland Forest Rat,Rodentia,Muridae,,none
Rattus satarae,Sahyadris Forest Rat,Rodentia,Muridae,,none
Rattus simalurensis,Simalur Archipelago Rat,Rodentia,Muridae,,none
Rattus sordidus,Canefield Rat,Rodentia,Muridae,,none
Rattus steini,Stein's New Guinea Rat,Rodentia,Muridae,,none
Rattus stoicus,Andaman Archipelago Rat,Rodentia,Muridae,,none
Rattus taliabuensis,Taliabu Island Rat,Rodentia,Muridae,,none
Rattus tanezumi,East Asian House Rat,Rodentia,Muridae,,none
Rattus tawitawiensis,Tawitawi Forest Rat,Rodentia,Muridae,,none
Rattus timorensis,Timor Forest Rat,Rodentia,Muridae,,none
Rattus tiomanicus,Malaysian Field Rat,Rodentia,Muridae,,none
Rattus tunneyi,Australian Pale Field Rat,Rodentia,Muridae,,none
Rattus turkestanicus,Turkistan Rat,Rodentia,Muridae,,none
Rattus vandeuseni,Van Deusen's New Guinea Mountain Rat,Rodentia,Muridae,,none
Rattus verecundus,New Guinea Slender Rat,Rodentia,Muridae,,none
Rattus villosissimus,Australian Long-haired Rat,Rodentia,Muridae,,none
Rattus xanthurus,Northeastern Xanthurus Rat,Rodentia,Muridae,,none
Saxatilomys paulinae,Paulina's Limestone Rat,Rodentia,Muridae,,none
Sommeromys macrorhinos,Sommer's Sulawesi Rat,Rodentia,Muridae,,none
Srilankamys ohiensis,Ohia Rat,Rodentia,Muridae,,none
Sundamys annandalei,Annandale's Sundaic Rat,Rodentia,Muridae,,none
Sundamys infraluteus,Mountain Giant Rat,Rodentia,Muridae,,none
Sundamys maxi,Bartels's Rat,Rodentia,Muridae,,none
Sundamys muelleri,Müller's Rat,Rodentia,Muridae,,none
Taeromys arcuatus,Salokko Rat,Rodentia,Muridae,,none
Taeromys callitrichus,Lovely-haired Rat,Rodentia,Muridae,,none
Taeromys celebensis,Celebes Rat,Rodentia,Muridae,,none
Taeromys dominator,Giant Sulawesi Rat,Rodentia,Muridae,,none
Taeromys hamatus,Sulawesi Montane Rat,Rodentia,Muridae,,none
Taeromys microbullatus,Small-eared Rat,Rodentia,Muridae,,none
Taeromys punicans,Sulawesi Forest Rat,Rodentia,Muridae,,none
Taeromys taerae,Tondano Rat,Rodentia,Muridae,,none
Tarsomys apoensis,Dusky Moss Mouse,Rodentia,Muridae,,none
Tarsomys echinatus,Spiny Moss Mouse,Rodentia,Muridae,,none
Tarsomys orientalis,Kampalili Moss Mouse,Rodentia,Muridae,,none
Tateomys macrocercus,Long-tailed Sulawesian Shrew Rat,Rodentia,Muridae,,none
Tateomys rhinogradoides,Tate's Sulawesian Shrew Rat,Rodentia,Muridae,,none
Tonkinomys daovantieni,Daovantien's Limestone Rat,Rodentia,Muridae,,none
Tryphomys adustus,Luzon Short-nosed Rat,Rodentia,Muridae,,none
Waiomys mamasae,Mamasa Water Rat,Rodentia,Muridae,,none
Vernaya foramena,Apparent Climbing Mouse,Rodentia,Muridae,,none
Vernaya fulva,Vernay's Climbing Mouse,Rodentia,Muridae,,none
Vernaya meiguites,Meigu Climbing Mouse,Rodentia,Muridae,,none
Vernaya nushanensis,Nushan Climbing Mouse,Rodentia,Muridae,,none
Beamys hindei,Hinde's Long-tailed Pouched Rat,Rodentia,Nesomyidae,,none
Beamys major,Greater Long-tailed Pouched Rat,Rodentia,Nesomyidae,,none
Cricetomys ansorgei,Southern Giant Pouched Rat,Rodentia,Nesomyidae,,none
Cricetomys emini,Forest Giant Pouched Rat,Rodentia,Nesomyidae,,none
Cricetomys gambianus,Northern Giant Pouched Rat,Rodentia,Nesomyidae,,none
Cricetomys kivuensis,Kivu Giant Pouched Rat,Rodentia,Nesomyidae,,none
Saccostomus campestris,Southern African Pouched Mouse,Rodentia,Nesomyidae,,none
Saccostomus mearnsi,East African Pouched Mouse,Rodentia,Nesomyidae,,none
Saccostomus umbriventer,Gray-bellied Pouched Mouse,Rodentia,Nesomyidae,,none
Dendromus abyssinicus,Ethiopian African Climbing Mouse,Rodentia,Nesomyidae,,none
Dendromus insignis,Montane African Climbing Mouse,Rodentia,Nesomyidae,,none
Dendromus kahuziensis,Mount Kahuzi African Climbing Mouse,Rodentia,Nesomyidae,,none
Dendromus kumasi,Kumasi African Climbing Mouse,Rodentia,Nesomyidae,,none
Dendromus lachaisei,Lachaise's African Climbing Mouse,Rodentia,Nesomyidae,,none
Dendromus leucostomus,Monard's African Climbing Mouse,Rodentia,Nesomyidae,,none
Dendromus lovati,Lovat's African Climbing Mouse,Rodentia,Nesomyidae,,none
Dendromus mesomelas,Brants's African Climbing Mouse,Rodentia,Nesomyidae,,none
Dendromus messorius,Banana African Climbing Mouse,Rodentia,Nesomyidae,,none
Dendromus mystacalis,Chestnut African Climbing Mouse,Rodentia,Nesomyidae,,none
Dendromus nyasae,Kivu African Climbing Mouse,Rodentia,Nesomyidae,,none
Dendromus oreas,Cameroon African Climbing Mouse,Rodentia,Nesomyidae,,none
Dendromus pseudomystacalis,Ethiopian Highland African Climbing Mouse,Rodentia,Nesomyidae,,none
Dendromus rogersi,Rogers' African Climbing Mouse,Rodentia,Nesomyidae,,none
Dendromus ruppi,Rupp's African Climbing Mouse,Rodentia,Nesomyidae,,none
Dendromus vernayi,Vernay's African Climbing Mouse,Rodentia,Nesomyidae,,none
Dendroprionomys rousseloti,Velvet African Climbing Mouse,Rodentia,Nesomyidae,,none
Malacothrix typica,Long-eared Desert Mouse,Rodentia,Nesomyidae,,none
Megadendromus nikolausi,Nikolaus's African Climbing Mouse,Rodentia,Nesomyidae,,none
Poemys melanotis,Gray African Climbing Mouse,Rodentia,Nesomyidae,,none
Poemys nyikae,Nyika African Climbing Mouse,Rodentia,Nesomyidae,,none
Poemys pecilei,Pecile's African Climbing Mouse,Rodentia,Nesomyidae,,none
Prionomys batesi,Bates's African Climbing Mouse,Rodentia,Nesomyidae,,none
Steatomys bocagei,Bocage's Fat Mouse,Rodentia,Nesomyidae,,none
Steatomys caurinus,Northwestern Fat Mouse,Rodentia,Nesomyidae,,none
Steatomys cuppedius,Dainty Fat Mouse,Rodentia,Nesomyidae,,none
Steatomys jacksoni,Jackson's Fat Mouse,Rodentia,Nesomyidae,,none
Steatomys krebsii,Krebs's Fat Mouse,Rodentia,Nesomyidae,,none
Steatomys opimus,Pousargues's Fat Mouse,Rodentia,Nesomyidae,,none
Steatomys parvus,Tiny Fat Mouse,Rodentia,Nesomyidae,,none
Steatomys pratensis,Common Fat Mouse,Rodentia,Nesomyidae,,none
Brachytarsomys albicauda,White-tailed Tree Rat,Rodentia,Nesomyidae,,none
Brachytarsomys villosus,Hairy-tailed Tree Rat,Rodentia,Nesomyidae,,none
Brachyuromys betsileoensis,Small Short-tailed Rat,Rodentia,Nesomyidae,,none
Brachyuromys ramirohitra,Large Short-tailed Rat,Rodentia,Nesomyidae,,none
Eliurus antsingy,Antsingy Tufted-tail Rat,Rodentia,Nesomyidae,,none
Eliurus carletoni,Carleton's Tufted-tail Rat,Rodentia,Nesomyidae,,none
Eliurus danieli,Daniel's Tufted-tail Rat,Rodentia,Nesomyidae,,none
Eliurus ellermani,Ellerman's Tufted-tail Rat,Rodentia,Nesomyidae,,none
Eliurus majori,Major's Tufted-tail Rat,Rodentia,Nesomyidae,,none
Eliurus minor,Lesser Tufted-tail Rat,Rodentia,Nesomyidae,,none
Eliurus myoxinus,Milne-Edwards's Tufted-tail Rat,Rodentia,Nesomyidae,,none
Eliurus penicillatus,White-tailed Tufted-tail Rat,Rodentia,Nesomyidae,,none
Eliurus tanala,Tanala Tufted-tail Rat,Rodentia,Nesomyidae,,none
Eliurus tsingimbato,Limestone Tufted-tail Rat,Rodentia,Nesomyidae,,none
Eliurus webbi,Webb's Tufted-tail Rat,Rodentia,Nesomyidae,,none
Gymnuromys roberti,Sleek-furred Ground Rat,Rodentia,Nesomyidae,,none
Hypogeomys antimena,Giant Jumping Rat,Rodentia,Nesomyidae,,none
Macrotarsomys bastardi,Bastard's Big-footed Mouse,Rodentia,Nesomyidae,,none
Macrotarsomys ingens,Ankarafantsika Big-footed Mouse,Rodentia,Nesomyidae,,none
Macrotarsomys petteri,Petter's Big-footed Mouse,Rodentia,Nesomyidae,,none
Monticolomys koopmani,Koopman's Forest Mouse,Rodentia,Nesomyidae,,none
Nesomys audeberti,Audebert's Forest Rat,Rodentia,Nesomyidae,,none
Nesomys lambertoni,Lamberton's Forest Rat,Rodentia,Nesomyidae,,none
Nesomys rufus,Red Forest Rat,Rodentia,Nesomyidae,,none
Voalavo antsahabensis,Anjozorobe Naked-tail Forest Mouse,Rodentia,Nesomyidae,,none
Voalavo grandidieri,Grandidier's Tufted-tail Rat,Rodentia,Nesomyidae,,none
Voalavo gymnocaudus,Northern Naked-tail Forest Mouse,Rodentia,Nesomyidae,,none
Voalavo petteri,Petter's Tufted-tail Rat,Rodentia,Nesomyidae,,none
Delanymys brooksi,Delany's Swamp Mouse,Rodentia,Nesomyidae,,none
Mystromys albicaudatus,African White-tailed Rat,Rodentia,Nesomyidae,,none
Petromyscus barbouri,Barbour's Pygmy Rock Mouse,Rodentia,Nesomyidae,,none
Petromyscus collinus,Common Pygmy Rock Mouse,Rodentia,Nesomyidae,,none
Petromyscus monticularis,Short-eared Pygmy Rock Mouse,Rodentia,Nesomyidae,,none
Petromyscus shortridgei,Shortridge's Pygmy Rock Mouse,Rodentia,Nesomyidae,,none
Platacanthomys lasiurus,Malabar Spiny Tree Mouse,Rodentia,Platacanthomyidae,,none
Typhlomys chapensis,Chapa Tree Mouse,Rodentia,Platacanthomyidae,,none
Typhlomys cinereus,Soft-furred Tree Mouse,Rodentia,Platacanthomyidae,,none
Typhlomys daloushanensis,Dalou Mountains Tree Mouse,Rodentia,Platacanthomyidae,,none
Typhlomys fengjiensis,Fengjie Tree Mouse,Rodentia,Platacanthomyidae,,none
Typhlomys huangshanensis,Huangshan Tree Mouse,Rodentia,Platacanthomyidae,,none
Typhlomys nanus,Dwarf Tree Mouse,Rodentia,Platacanthomyidae,,none
Typhlomys taxuansis,Southern Tree Mouse,Rodentia,Platacanthomyidae,,none
Typhlomys zhengkuni,Fanjing Mountain Tree Mouse,Rodentia,Platacanthomyidae,,none
Eospalax baileyi,Plateau Zokor,Rodentia,Spalacidae,,none
Eospalax cansus,Gansu Zokor,Rodentia,Spalacidae,,none
Eospalax fontanierii,Fontanier's Zokor,Rodentia,Spalacidae,,none
Eospalax minshanensis,Minshan Mountain Zokor,Rodentia,Spalacidae,,none
Eospalax muliensis,Muli Zokor,Rodentia,Spalacidae,,none
Eospalax rothschildi,Rothschild's Zokor,Rodentia,Spalacidae,,none
Eospalax rufescens,Qinling Zokor,Rodentia,Spalacidae,,none
Eospalax smithii,Smith's Zokor,Rodentia,Spalacidae,,none
Myospalax armandii,Armand's Zokor,Rodentia,Spalacidae,,none
Myospalax aspalax,Steppe Zokor,Rodentia,Spalacidae,,none
Myospalax epsilanus,Khingan Zokor,Rodentia,Spalacidae,,none
Myospalax myospalax,Altai Zokor,Rodentia,Spalacidae,,none
Myospalax psilurus,Manchurian Zokor,Rodentia,Spalacidae,,none
Cannomys badius,Lesser Bamboo Rat,Rodentia,Spalacidae,,none
Rhizomys pruinosus,Hoary Bamboo Rat,Rodentia,Spalacidae,,none
Rhizomys sinensis,Chinese Bamboo Rat,Rodentia,Spalacidae,,none
Rhizomys sumatrensis,Indomalayan Bamboo Rat,Rodentia,Spalacidae,,none
Tachyoryctes macrocephalus,Giant Root Rat,Rodentia,Spalacidae,,none
Tachyoryctes splendens,African Root Rat,Rodentia,Spalacidae,,none
Nannospalax bulgaricus,Bulgarian Blind Mole-rat,Rodentia,Spalacidae,,none
Nannospalax ceyhanus,Ceyhan Blind Mole-rat,Rodentia,Spalacidae,,none
Nannospalax cilicicus,Central Anatolian Blind Mole-rat,Rodentia,Spalacidae,,none
Nannospalax colaki,Çolak's Blind Mole-rat,Rodentia,Spalacidae,,none
Nannospalax ehrenbergi,Levantine Blind Mole-rat,Rodentia,Spalacidae,,none
Nannospalax garzanensis,Garzan Blind Mole-rat,Rodentia,Spalacidae,,none
Nannospalax hellenicus,Hellenic Blind Mole-rat,Rodentia,Spalacidae,,none
Nannospalax hungaricus,Hungarian Blind Mole-rat,Rodentia,Spalacidae,,none
Nannospalax insularis,Limnos Blind Mole-rat,Rodentia,Spalacidae,,none
Nannospalax intermedius,Intermediate Blind Mole-rat,Rodentia,Spalacidae,,none
Nannospalax karyominor,Kuseyr Plateau Blind Mole-rat,Rodentia,Spalacidae,,none
Nannospalax leucodon,Lesser Blind Mole-rat,Rodentia,Spalacidae,,none
Nannospalax montanoserbicus,Central Serbian Blind Mole-rat,Rodentia,Spalacidae,,none
Nannospalax montanosyrmiensis,North Serbian Blind Mole-rat,Rodentia,Spalacidae,,none
Nannospalax monticola,Montane Blind Mole-rat,Rodentia,Spalacidae,,none
Nannospalax nehringi,Nehring's Blind Mole-rat,Rodentia,Spalacidae,,none
Nannospalax serbicus,South Serbian Blind Mole-rat,Rodentia,Spalacidae,,none
Nannospalax tuncelicus,Tunceli Blind Mole-rat,Rodentia,Spalacidae,,none
Nannospalax turcicus,Thracean Blind Mole-rat,Rodentia,Spalacidae,,none
Nannospalax xanthodon,Western Anatolian Blind Mole-rat,Rodentia,Spalacidae,,none
Spalax antiquus,Mehely's Blind Mole-rat,Rodentia,Spalacidae,,none
Spalax arenarius,Sandy Blind Mole-rat,Rodentia,Spalacidae,,none
Spalax giganteus,Giant Blind Mole-rat,Rodentia,Spalacidae,,none
Spalax graecus,Bukovina Blind Mole-rat,Rodentia,Spalacidae,,none
Spalax istricus,Oltenia Blind Mole-rat,Rodentia,Spalacidae,,none
Spalax lyapunovae,Lyapunova’s Blind Mole-rat,Rodentia,Spalacidae,,none
Spalax microphthalmus,Greater Blind Mole-rat,Rodentia,Spalacidae,,none
Spalax uralensis,Kazakhstan Blind Mole-rat,Rodentia,Spalacidae,,none
Spalax zemni,Podolsk Blind Mole-rat,Rodentia,Spalacidae,,none
Atelerix albiventris,Four-toed Hedgehog,Eulipotyphla,Erinaceidae,,none
Atelerix algirus,North African Hedgehog,Eulipotyphla,Erinaceidae,,none
Atelerix frontalis,Southern African Hedgehog,Eulipotyphla,Erinaceidae,,none
Atelerix sclateri,Somali Hedgehog,Eulipotyphla,Erinaceidae,,none
Erinaceus amurensis,Amur Hedgehog,Eulipotyphla,Erinaceidae,,none
Erinaceus concolor,Southern White-breasted Hedgehog,Eulipotyphla,Erinaceidae,,none
Erinaceus europaeus,West European Hedgehog,Eulipotyphla,Erinaceidae,Erinaceus europaeus_Common Hedgehog,exact
Erinaceus roumanicus,Northern White-breasted Hedgehog,Eulipotyphla,Erinaceidae,Erinaceus roumanicus_Northern White-breasted Hedgehog,exact
Hemiechinus auritus,Common Long-eared Hedgehog,Eulipotyphla,Erinaceidae,Hemiechinus auritus_Long-eared Hedgehog,exact
Hemiechinus collaris,Indian Long-eared Hedgehog,Eulipotyphla,Erinaceidae,,none
Mesechinus dauuricus,Daurian Hedgehog,Eulipotyphla,Erinaceidae,,none
Mesechinus hughi,Hugh's Hedgehog,Eulipotyphla,Erinaceidae,,none
Mesechinus miodon,Small-toothed Forest Hedgehog,Eulipotyphla,Erinaceidae,,none
Mesechinus orientalis,Eastern Forest Hedgehog,Eulipotyphla,Erinaceidae,,none
Mesechinus wangi,Wang's Forest Hedgehog,Eulipotyphla,Erinaceidae,,none
Paraechinus aethiopicus,Desert Hedgehog,Eulipotyphla,Erinaceidae,,none
Paraechinus hypomelas,Brandt's Hedgehog,Eulipotyphla,Erinaceidae,,none
Paraechinus micropus,Indian Hedgehog,Eulipotyphla,Erinaceidae,,none
Paraechinus nudiventris,Bare-bellied Hedgehog,Eulipotyphla,Erinaceidae,,none
Echinosorex gymnura,Moonrat,Eulipotyphla,Erinaceidae,,none
Podogymnura aureospinula,Dinagat Gymnure,Eulipotyphla,Erinaceidae,,none
Podogymnura intermedia,Eastern Mindanao Gymnure,Eulipotyphla,Erinaceidae,,none
Podogymnura minima,Kitanglad Gymnure,Eulipotyphla,Erinaceidae,,none
Podogymnura truei,Mount Apo Gymnure,Eulipotyphla,Erinaceidae,,none
Hylomys dorsalis,Bornean Short-tailed Gymnure,Eulipotyphla,Erinaceidae,,none
Hylomys macarong,Dalat Gymnure,Eulipotyphla,Erinaceidae,,none
Hylomys maxi,Max's Short-tailed Gymnure,Eulipotyphla,Erinaceidae,,none
Hylomys parvus,Dwarf Gymnure,Eulipotyphla,Erinaceidae,,none
Hylomys peguensis,Northern Short-tailed Gymnure,Eulipotyphla,Erinaceidae,,none
Hylomys suillus,Javan Short-tailed Gymnure,Eulipotyphla,Erinaceidae,,none
Hylomys vorax,Leuser Gymnure,Eulipotyphla,Erinaceidae,,none
Neohylomys hainanensis,Hainan Gymnure,Eulipotyphla,Erinaceidae,,none
Neohylomys vietnamensis,Vietnam Gymnure,Eulipotyphla,Erinaceidae,,none
Neotetracus sinensis,Shrew Gymnure,Eulipotyphla,Erinaceidae,,none
Otohylomys megalotis,Long-eared Gymnure,Eulipotyphla,Erinaceidae,,none
Crocidura abscondita,Javan Long-tailed White-toothed Shrew,Eulipotyphla,Soricidae,,none
Crocidura aequicauda,Mount Korinchi White-toothed Shrew,Eulipotyphla,Soricidae,,none
Crocidura afeworkbekelei,Bekele's White-toothed Shrew,Eulipotyphla,Soricidae,,none
Crocidura aleksandrisi,Cyrenaica White-toothed Shrew,Eulipotyphla,Soricidae,,none
Crocidura allex,East African Highland White-toothed Shrew,Eulipotyphla,Soricidae,,none
Crocidura andamanensis,Andaman White-toothed Shrew,Eulipotyphla,Soricidae,,none
Crocidura anhuiensis,Anhui White-toothed Shrew,Eulipotyphla,Soricidae,,none
Crocidura annamitensis,Annamite White-toothed Shrew,Eulipotyphla,Soricidae,,none
Crocidura ansellorum,Ansells' White-toothed Shrew,Eulipotyphla,Soricidae,,none
Crocidura arabica,Arabian White-toothed Shrew,Eulipotyphla,Soricidae,,none
Crocidura arispa,Jackass White-toothed Shrew,Eulipotyphla,Soricidae,,none
Crocidura armenica,Armenian White-toothed Shrew,Eulipotyphla,Soricidae,,none
Crocidura attenuata,Asian Gray White-toothed Shrew,Eulipotyphla,Soricidae,,none
Crocidura attila,Hun White-toothed Shrew,Eulipotyphla,Soricidae,,none
Crocidura australis,Southwest Peninsula White-toothed Shrew,Eulipotyphla,Soricidae,,none
Crocidura baileyi,Bailey's White-toothed Shrew,Eulipotyphla,Soricidae,,none
Crocidura baletei,Balete's White-toothed Shrew,Eulipotyphla,Soricidae,,none
Crocidura balingka,Balingka White-toothed Shrew,Eulipotyphla,Soricidae,,none
Crocidura baluensis,Kinabalu White-toothed Shrew,Eulipotyphla,Soricidae,,none
Crocidura barapi,Barapi White-toothed Shrew,Eulipotyphla,Soricidae,,none
Crocidura batakorum,Batak White-toothed Shrew,Eulipotyphla,Soricidae,,none
Crocidura beata,Mindanao White-toothed Shrew,Eulipotyphla,Soricidae,,none
Crocidura beccarii,Beccari's White-toothed Shrew,Eulipotyphla,Soricidae,,none
Crocidura binco,short-tailed Salonga White-toothed Shrew,Eulipotyphla,Soricidae,,none
Crocidura bloyeti,Bloyet's White-toothed Shrew,Eulipotyphla,Soricidae,,none
Crocidura bottegi,Bottego's White-toothed Shrew,Eulipotyphla,Soricidae,,none
Crocidura bottegoides,Bale White-toothed Shrew,Eulipotyphla,Soricidae,,none
Crocidura brevicauda,Short-tailed White-toothed Shrew,Eulipotyphla,Soricidae,,none
Crocidura brunnea,Thick-tailed White-toothed Shrew,Eulipotyphla,Soricidae,,none
Crocidura buettikoferi,Büttikofer's White-toothed Shrew,Eulipotyphla,Soricidae,,none
Crocidura caliginea,African Dusky White-toothed Shrew,Eulipotyphla,Soricidae,,none
Crocidura canariensis,Canarian White-toothed Shrew,Eulipotyphla,Soricidae,,none
Crocidura caspica,Caspian White-toothed Shrew,Eulipotyphla,Soricidae,,none
Crocidura caudicrassa,Thick-tailed Sulawesi White-toothed Shrew,Eulipotyphla,Soricidae,,none
Crocidura caudipilosa,Hairy-tailed White-toothed Shrew,Eulipotyphla,Soricidae,,none
Crocidura cinderella,Cinderella White-toothed Shrew,Eulipotyphla,Soricidae,,none
Crocidura congobelgica,Congo White-toothed Shrew,Eulipotyphla,Soricidae,,none
Crocidura cranbrooki,Cranbrook's White-toothed Shrew,Eulipotyphla,Soricidae,,none
Crocidura crenata,Long-footed White-toothed Shrew,Eulipotyphla,Soricidae,,none
Crocidura crossei,Crosse's White-toothed Shrew,Eulipotyphla,Soricidae,,none
Crocidura cyanea,Reddish-gray White-toothed Shrew,Eulipotyphla,Soricidae,,none
Crocidura cypria,Cyprus White-toothed Shrew,Eulipotyphla,Soricidae,,none
Crocidura darvishi,Darvish's White-toothed Shrew,Eulipotyphla,Soricidae,,none
Crocidura denti,Dent's White-toothed Shrew,Eulipotyphla,Soricidae,,none
Crocidura desperata,Desperate White-toothed Shrew,Eulipotyphla,Soricidae,,none
Crocidura dewi,Dewi White-toothed Shrew,Eulipotyphla,Soricidae,,none
Crocidura dhofarensis,Dhofar White-toothed Shrew,Eulipotyphla,Soricidae,,none
Crocidura dolichura,Long-tailed White-toothed Shrew,Eulipotyphla,Soricidae,,none
Crocidura douceti,Doucet's White-toothed Shrew,Eulipotyphla,Soricidae,,none
Crocidura dracula,Large White-toothed Shrew,Eulipotyphla,Soricidae,,none
Crocidura dsinezumi,Dsinezumi White-toothed Shrew,Eulipotyphla,Soricidae,,none
Crocidura eburnea,Ivory Coast White-toothed Shrew,Eulipotyphla,Soricidae,,none
Crocidura eisentrauti,Eisentraut's White-toothed Shrew,Eulipotyphla,Soricidae,,none
Crocidura elgonius,Elgon White-toothed Shrew,Eulipotyphla,Soricidae,,none
Crocidura elongata,Northern Elongated White-toothed Shrew,Eulipotyphla,Soricidae,,none
Crocidura erica,Heather White-toothed Shrew,Eulipotyphla,Soricidae,,none
Crocidura fimbriata,South European White-toothed Shrew,Eulipotyphla,Soricidae,,none
Crocidura fingui,Fingui White-toothed Shrew,Eulipotyphla,Soricidae,,none
Crocidura fischeri,Fischer's White-toothed Shrew,Eulipotyphla,Soricidae,,none
Crocidura flavescens,Greater Red White-toothed Shrew,Eulipotyphla,Soricidae,,none
Crocidura floweri,Flower's White-toothed Shrew,Eulipotyphla,Soricidae,,none
Crocidura foetida,Bornean White-toothed Shrew,Eulipotyphla,Soricidae,,none
Crocidura foxi,Fox's White-toothed Shrew,Eulipotyphla,Soricidae,,none
Crocidura fuliginosa,Southeast Asian White-toothed Shrew,Eulipotyphla,Soricidae,,none
Crocidura fulvastra,Savanna White-toothed Shrew,Eulipotyphla,Soricidae,,none
Crocidura fumosa,Smoky White-toothed Shrew,Eulipotyphla,Soricidae,,none
Crocidura fuscomurina,Bicolored African White-toothed Shrew,Eulipotyphla,Soricidae,,none
Crocidura gathornei,Gathorne's White-toothed Shrew,Eulipotyphla,Soricidae,,none
Crocidura glassi,Glass's White-toothed Shrew,Eulipotyphla,Soricidae,,none
Crocidura goliath,Goliath White-toothed Shrew,Eulipotyphla,Soricidae,,none
Crocidura gracilipes,Peters's White-toothed Shrew,Eulipotyphla,Soricidae,,none
Crocidura grandiceps,Large-headed White-toothed Shrew,Eulipotyphla,Soricidae,,none
Crocidura grandis,Mount Malindang White-toothed Shrew,Eulipotyphla,Soricidae,,none
Crocidura grassei,Grasse's White-toothed Shrew,Eulipotyphla,Soricidae,,none
Crocidura grayi,Luzon White-toothed Shrew,Eulipotyphla,Soricidae,,none
Crocidura greenwoodi,Greenwood's White-toothed Shrew,Eulipotyphla,Soricidae,,none
Crocidura gueldenstaedtii,Güldenstädt's White-toothed Shrew,Eulipotyphla,Soricidae,,none
Crocidura guy,Vietnamese White-toothed Shrew,Eulipotyphla,Soricidae,,none
Crocidura harenna,Harenna White-toothed Shrew,Eulipotyphla,Soricidae,,none
Crocidura hikmiya,Sinharaja White-toothed Shrew,Eulipotyphla,Soricidae,,none
Crocidura hildegardeae,Hildegarde's White-toothed Shrew,Eulipotyphla,Soricidae,,none
Crocidura hilliana,Hill's White-toothed Shrew,Eulipotyphla,Soricidae,,none
Crocidura hirta,Lesser Red White-toothed Shrew,Eulipotyphla,Soricidae,,none
Crocidura hispida,Andaman Spiny White-toothed Shrew,Eulipotyphla,Soricidae,,none
Crocidura horsfieldii,Horsfield's White-toothed Shrew,Eulipotyphla,Soricidae,,none
Crocidura huangshanensis,Huangshan White-toothed Shrew,Eulipotyphla,Soricidae,,none
Crocidura hutanis,Hutan White-toothed Shrew,Eulipotyphla,Soricidae,,none
Crocidura iculisma,Iberian White-toothed Shrew,Eulipotyphla,Soricidae,,none
Crocidura indochinensis,Indochinese White-toothed Shrew,Eulipotyphla,Soricidae,,none
Crocidura jacksoni,Jackson's White-toothed Shrew,Eulipotyphla,Soricidae,,none
Crocidura jenkinsi,Jenkins's White-toothed Shrew,Eulipotyphla,Soricidae,,none
Crocidura jouvenetae,Jouvenet's White-toothed Shrew,Eulipotyphla,Soricidae,,none
Crocidura katinka,Katinka's White-toothed Shrew,Eulipotyphla,Soricidae,,none
Crocidura kegoensis,Ke Go White-toothed Shrew,Eulipotyphla,Soricidae,,none
Crocidura lamottei,Lamotte's White-toothed Shrew,Eulipotyphla,Soricidae,,none
Crocidura lanosa,Kivu Long-haired White-toothed Shrew,Eulipotyphla,Soricidae,,none
Crocidura lasiura,Ussuri White-toothed Shrew,Eulipotyphla,Soricidae,,none
Crocidura latona,Latona's White-toothed Shrew,Eulipotyphla,Soricidae,,none
Crocidura lea,Lesser Black-footed White-toothed Shrew,Eulipotyphla,Soricidae,,none
Crocidura lepidura,Sumatran Giant White-toothed Shrew,Eulipotyphla,Soricidae,,none
Crocidura leucodon,Bicolored White-toothed Shrew,Eulipotyphla,Soricidae,,none
Crocidura levicula,Sulawesi Tiny White-toothed Shrew,Eulipotyphla,Soricidae,,none
Crocidura littoralis,Naked-tailed White-toothed Shrew,Eulipotyphla,Soricidae,,none
Crocidura longipes,Savanna White-toothed Swamp Shrew,Eulipotyphla,Soricidae,,none
Crocidura lucina,Lucina's White-toothed Shrew,Eulipotyphla,Soricidae,,none
Crocidura ludia,Dramatic White-toothed Shrew,Eulipotyphla,Soricidae,,none
Crocidura luna,Moonshine White-toothed Shrew,Eulipotyphla,Soricidae,,none
Crocidura lusitania,Mauritanian White-toothed Shrew,Eulipotyphla,Soricidae,,none
Crocidura lwiroensis,Misotshi-Kabogo White-toothed Shrew,Eulipotyphla,Soricidae,,none
Crocidura macarthuri,MacArthur's White-toothed Shrew,Eulipotyphla,Soricidae,,none
Crocidura macmillani,Macmillan's White-toothed Shrew,Eulipotyphla,Soricidae,,none
Crocidura macowi,Nyiro White-toothed Shrew,Eulipotyphla,Soricidae,,none
Crocidura makeda,Makeda White-toothed Shrew,Eulipotyphla,Soricidae,,none
Crocidura malayana,Malayan White-toothed Shrew,Eulipotyphla,Soricidae,,none
Crocidura manengubae,Manenguba White-toothed Shrew,Eulipotyphla,Soricidae,,none
Crocidura maquassiensis,Makwassie White-toothed Shrew,Eulipotyphla,Soricidae,,none
Crocidura mariquensis,Swamp White-toothed Shrew,Eulipotyphla,Soricidae,,none
Crocidura maurisca,Gracile White-toothed Shrew,Eulipotyphla,Soricidae,,none
Crocidura maxi,Javan White-toothed Shrew,Eulipotyphla,Soricidae,,none
Crocidura mdumai,Mduma's White-toothed Shrew,Eulipotyphla,Soricidae,,none
Crocidura mediocris,Central Sulawesi White-toothed Shrew,Eulipotyphla,Soricidae,,none
Crocidura medogensis,Medog White-toothed Shrew,Eulipotyphla,Soricidae,,none
Crocidura microelongata,Small Elongated White-toothed Shrew,Eulipotyphla,Soricidae,,none
Crocidura mindorus,Mindoro White-toothed Shrew,Eulipotyphla,Soricidae,,none
Crocidura miya,Sri Lankan White-toothed Shrew,Eulipotyphla,Soricidae,,none
Crocidura monax,Kilimanjaro White-toothed Shrew,Eulipotyphla,Soricidae,,none
Crocidura monticola,Sunda White-toothed Shrew,Eulipotyphla,Soricidae,,none
Crocidura montis,Montane White-toothed Shrew,Eulipotyphla,Soricidae,,none
Crocidura munissii,Munissi's White-toothed Shrew,Eulipotyphla,Soricidae,,none
Crocidura muricauda,West African White-toothed Shrew,Eulipotyphla,Soricidae,,none
Crocidura musseri,Mossy Forest White-toothed Shrew,Eulipotyphla,Soricidae,,none
Crocidura mutesae,Ugandan White-toothed Shrew,Eulipotyphla,Soricidae,,none
Crocidura nana,Somali Dwarf White-toothed Shrew,Eulipotyphla,Soricidae,,none
Crocidura nanilla,Savanna Dwarf White-toothed Shrew,Eulipotyphla,Soricidae,,none
Crocidura narcondamica,Narcondam White-toothed Shrew,Eulipotyphla,Soricidae,,none
Crocidura neglecta,Neglected White-toothed Shrew,Eulipotyphla,Soricidae,,none
Crocidura negrina,Negros White-toothed Shrew,Eulipotyphla,Soricidae,,none
Crocidura newmarki,Newmark's White-toothed Shrew,Eulipotyphla,Soricidae,,none
Crocidura nicobarica,Nicobar White-toothed Shrew,Eulipotyphla,Soricidae,,none
Crocidura nigeriae,Nigerian White-toothed Shrew,Eulipotyphla,Soricidae,,none
Crocidura nigricans,Blackish White-toothed Shrew,Eulipotyphla,Soricidae,,none
Crocidura nigripes,Black-footed White-toothed Shrew,Eulipotyphla,Soricidae,,none
Crocidura nigrofusca,African Black White-toothed Shrew,Eulipotyphla,Soricidae,,none
Crocidura nimbae,Nimba White-toothed Shrew,Eulipotyphla,Soricidae,,none
Crocidura nimbasilvanus,Nimba Giant White-toothed Shrew,Eulipotyphla,Soricidae,,none
Crocidura ninoyi,Sibuyan White-toothed Shrew,Eulipotyphla,Soricidae,,none
Crocidura niobe,Niobe's White-toothed Shrew,Eulipotyphla,Soricidae,,none
Crocidura normalis,Typical Sulawesi White-toothed Shrew,Eulipotyphla,Soricidae,,none
Crocidura obscurior,West African Pygmy White-toothed Shrew,Eulipotyphla,Soricidae,,none
Crocidura olivieri,African Giant White-toothed Shrew,Eulipotyphla,Soricidae,,none
Crocidura ordinaria,West Sulawesi White-toothed Shrew,Eulipotyphla,Soricidae,,none
Crocidura orientalis,Oriental White-toothed Shrew,Eulipotyphla,Soricidae,,none
Crocidura orii,Greater Ryukyu White-toothed Shrew,Eulipotyphla,Soricidae,,none
Crocidura pachyura,North African White-toothed Shrew,Eulipotyphla,Soricidae,,none
Crocidura palawanensis,Palawan White-toothed Shrew,Eulipotyphla,Soricidae,,none
Crocidura pallida,Pallid-footed White-toothed Shrew,Eulipotyphla,Soricidae,,none
Crocidura panayensis,Panay White-toothed Shrew,Eulipotyphla,Soricidae,,none
Crocidura paradoxura,Sumatran Long-tailed White-toothed Shrew,Eulipotyphla,Soricidae,,none
Crocidura parva,Tiny Sulawesi White-toothed Shrew,Eulipotyphla,Soricidae,,none
Crocidura parvipes,Small-footed White-toothed Shrew,Eulipotyphla,Soricidae,,none
Crocidura pasha,Sahelian Tiny White-toothed Shrew,Eulipotyphla,Soricidae,,none
Crocidura pediculus,Little-footed White-toothed Shrew,Eulipotyphla,Soricidae,,none
Crocidura pergrisea,Pale Gray White-toothed Shrew,Eulipotyphla,Soricidae,,none
Crocidura persica,Persian White-toothed Shrew,Eulipotyphla,Soricidae,,none
Crocidura phaeura,Guramba White-toothed Shrew,Eulipotyphla,Soricidae,,none
Crocidura phanluongi,Phan Luong White-toothed Shrew,Eulipotyphla,Soricidae,,none
Crocidura phuquocensis,Phu Quoc White-toothed Shrew,Eulipotyphla,Soricidae,,none
Crocidura picea,Cameroon White-toothed Shrew,Eulipotyphla,Soricidae,,none
Crocidura pitmani,Pitman's White-toothed Shrew,Eulipotyphla,Soricidae,,none
Crocidura planiceps,Flat-headed White-toothed Shrew,Eulipotyphla,Soricidae,,none
Crocidura poensis,Fraser's White-toothed Shrew,Eulipotyphla,Soricidae,,none
Crocidura polia,Polia's White-toothed Shrew,Eulipotyphla,Soricidae,,none
Crocidura pseudorhoditis,North Peninsula White-toothed Shrew,Eulipotyphla,Soricidae,,none
Crocidura pullata,Kashmir White-toothed Shrew,Eulipotyphla,Soricidae,,none
Crocidura quasielongata,Southern Elongated White-toothed Shrew,Eulipotyphla,Soricidae,,none
Crocidura raineyi,Rainey's White-toothed Shrew,Eulipotyphla,Soricidae,,none
Crocidura ramona,Negev White-toothed Shrew,Eulipotyphla,Soricidae,,none
Crocidura rapax,Chinese White-toothed Shrew,Eulipotyphla,Soricidae,,none
Crocidura religiosa,Egyptian Pygmy White-toothed Shrew,Eulipotyphla,Soricidae,,none
Crocidura rhoditis,Temboan White-toothed Shrew,Eulipotyphla,Soricidae,,none
Crocidura roosevelti,Roosevelt's White-toothed Shrew,Eulipotyphla,Soricidae,,none
Crocidura russula,Greater White-toothed Shrew,Eulipotyphla,Soricidae,Crocidura russula_Greater White-toothed Shrew,exact
Crocidura salonga,Long-tailed Salonga White-toothed Shrew,Eulipotyphla,Soricidae,,none
Crocidura sapaensis,Sa Pa White-toothed Shrew,Eulipotyphla,Soricidae,,none
Crocidura selina,Ugandan Lowland White-toothed Shrew,Eulipotyphla,Soricidae,,none
Crocidura serezkyensis,Serezkaya White-toothed Shrew,Eulipotyphla,Soricidae,,none
Crocidura shantungensis,Shantung White-toothed Shrew,Eulipotyphla,Soricidae,,none
Crocidura sibirica,Siberian White-toothed Shrew,Eulipotyphla,Soricidae,,none
Crocidura sicula,Sicilian White-toothed Shrew,Eulipotyphla,Soricidae,,none
Crocidura silacea,Lesser Gray-brown White-toothed Shrew,Eulipotyphla,Soricidae,,none
Crocidura similiturba,Medabo White-toothed Shrew,Eulipotyphla,Soricidae,,none
Crocidura smithii,Desert White-toothed Shrew,Eulipotyphla,Soricidae,,none
Crocidura sokolovi,Sokolov White-toothed Shrew,Eulipotyphla,Soricidae,,none
Crocidura solita,West-central Sulawesi White-toothed Shrew,Eulipotyphla,Soricidae,,none
Crocidura somalica,Somali White-toothed Shrew,Eulipotyphla,Soricidae,,none
Crocidura stanleyi,Stanley's White-toothed Shrew,Eulipotyphla,Soricidae,,none
Crocidura stenocephala,Kahuzi White-toothed Swamp Shrew,Eulipotyphla,Soricidae,,none
Crocidura suaveolens,Lesser White-toothed Shrew,Eulipotyphla,Soricidae,,none
Crocidura susiana,Iranian White-toothed Shrew,Eulipotyphla,Soricidae,,none
Crocidura tadae,Kuroda's White-toothed Shrew,Eulipotyphla,Soricidae,,none
Crocidura tanakae,Taiwanese Gray White-toothed Shrew,Eulipotyphla,Soricidae,,none
Crocidura tansaniana,Tanzanian White-toothed Shrew,Eulipotyphla,Soricidae,,none
Crocidura tarella,Tarella White-toothed Shrew,Eulipotyphla,Soricidae,,none
Crocidura tarfayaensis,Saharan White-toothed Shrew,Eulipotyphla,Soricidae,,none
Crocidura telfordi,Telford's White-toothed Shrew,Eulipotyphla,Soricidae,,none
Crocidura tenebrosa,Dark White-toothed Shrew,Eulipotyphla,Soricidae,,none
Crocidura tenuis,Timor White-toothed Shrew,Eulipotyphla,Soricidae,,none
Crocidura theresae,Therese's White-toothed Shrew,Eulipotyphla,Soricidae,,none
Crocidura thomensis,Sao Tome White-toothed Shrew,Eulipotyphla,Soricidae,,none
Crocidura trichura,Christmas Island White-toothed Shrew,Eulipotyphla,Soricidae,,none
Crocidura turba,Turbo White-toothed Shrew,Eulipotyphla,Soricidae,,none
Crocidura ultima,Ultimate White-toothed Shrew,Eulipotyphla,Soricidae,,none
Crocidura umbra,Javan Ghost White-toothed Shrew,Eulipotyphla,Soricidae,,none
Crocidura usambarae,Usambara White-toothed Shrew,Eulipotyphla,Soricidae,,none
Crocidura viaria,Savanna Path White-toothed Shrew,Eulipotyphla,Soricidae,,none
Crocidura virgata,Mamfe White-toothed Shrew,Eulipotyphla,Soricidae,,none
Crocidura voi,Voi White-toothed Shrew,Eulipotyphla,Soricidae,,none
Crocidura vorax,Voracious White-toothed Shrew,Eulipotyphla,Soricidae,,none
Crocidura vosmaeri,Bangka White-toothed Shrew,Eulipotyphla,Soricidae,,none
Crocidura watasei,Lesser Ryukyu White-toothed Shrew,Eulipotyphla,Soricidae,,none
Crocidura whitakeri,Whitaker's White-toothed Shrew,Eulipotyphla,Soricidae,,none
Crocidura wimmeri,Wimmer's White-toothed Shrew,Eulipotyphla,Soricidae,,none
Crocidura wuchihensis,Hainan White-toothed Shrew,Eulipotyphla,Soricidae,,none
Crocidura xantippe,Xanthippe's White-toothed Shrew,Eulipotyphla,Soricidae,,none
Crocidura yaldeni,Yalden's White-toothed Shrew,Eulipotyphla,Soricidae,,none
Crocidura yankariensis,Yankari White-toothed Shrew,Eulipotyphla,Soricidae,,none
Crocidura zaphiri,Zaphiro's White-toothed Shrew,Eulipotyphla,Soricidae,,none
Crocidura zarudnyi,Zarudny's White-toothed Shrew,Eulipotyphla,Soricidae,,none
Crocidura zhadaensis,Zanda White-toothed Shrew,Eulipotyphla,Soricidae,,none
Crocidura zimmeri,Upemba White-toothed Shrew,Eulipotyphla,Soricidae,,none
Crocidura zimmermanni,Cretan White-toothed Shrew,Eulipotyphla,Soricidae,,none
Diplomesodon pulchellus,Piebald Shrew,Eulipotyphla,Soricidae,,none
Diplomesodon sonnerati,Sonnerat's Shrew,Eulipotyphla,Soricidae,,none
Feroculus feroculus,Kelaart's Long-clawed Shrew,Eulipotyphla,Soricidae,,none
Palawanosorex ater,Black Shrew,Eulipotyphla,Soricidae,,none
Palawanosorex muscorum,Palawan Moss Shrew,Eulipotyphla,Soricidae,,none
Paracrocidura graueri,Grauer's Large-headed Shrew,Eulipotyphla,Soricidae,,none
Paracrocidura maxima,Greater Large-headed Shrew,Eulipotyphla,Soricidae,,none
Paracrocidura schoutedeni,Lesser Large-headed Shrew,Eulipotyphla,Soricidae,,none
Ruwenzorisorex suncoides,Rwenzori Shrew,Eulipotyphla,Soricidae,,none
Scutisorex somereni,Armored Hero Shrew,Eulipotyphla,Soricidae,,none
Scutisorex thori,Thor's Hero Shrew,Eulipotyphla,Soricidae,,none
Solisorex pearsoni,Pearson's Long-clawed Shrew,Eulipotyphla,Soricidae,,none
Suncus aequatorius,Taita Shrew,Eulipotyphla,Soricidae,,none
Suncus dayi,Day's Shrew,Eulipotyphla,Soricidae,,none
Suncus etruscus,Etruscan Shrew,Eulipotyphla,Soricidae,Suncus etruscus_Pygmy White-toothed Shrew,exact
Suncus fellowesgordoni,Sri Lankan Shrew,Eulipotyphla,Soricidae,,none
Suncus hosei,Bornean Pygmy Shrew,Eulipotyphla,Soricidae,,none
Suncus hututsi,Hutu-Tutsi Dwarf Shrew,Eulipotyphla,Soricidae,,none
Suncus infinitesimus,Least Dwarf Shrew,Eulipotyphla,Soricidae,,none
Suncus lixa,Greater Dwarf Shrew,Eulipotyphla,Soricidae,,none
Suncus malayanus,Malayan Pygmy Shrew,Eulipotyphla,Soricidae,,none
Suncus megalurus,Climbing Shrew,Eulipotyphla,Soricidae,,none
Suncus mertensi,Flores Shrew,Eulipotyphla,Soricidae,,none
Suncus montanus,Sri Lankan Highland Shrew,Eulipotyphla,Soricidae,,none
Suncus murinus,Asian House Shrew,Eulipotyphla,Soricidae,Suncus murinus_Asian House Shrew,exact
Suncus niger,Nilgiri Highland Shrew,Eulipotyphla,Soricidae,,none
Suncus remyi,Remy's Pygmy Shrew,Eulipotyphla,Soricidae,,none
Suncus stoliczkanus,Anderson's Shrew,Eulipotyphla,Soricidae,,none
Suncus varilla,Lesser Dwarf Shrew,Eulipotyphla,Soricidae,,none
Suncus zeylanicus,Jungle Shrew,Eulipotyphla,Soricidae,,none
Sylvisorex akaibei,Akaibe's Forest Shrew,Eulipotyphla,Soricidae,,none
Sylvisorex camerunensis,Cameroonian Forest Shrew,Eulipotyphla,Soricidae,,none
Sylvisorex corbeti,Corbet's Forest Shrew,Eulipotyphla,Soricidae,,none
Sylvisorex granti,Grant's Forest Shrew,Eulipotyphla,Soricidae,,none
Sylvisorex howelli,Howell's Forest Shrew,Eulipotyphla,Soricidae,,none
Sylvisorex isabellae,Bioko Forest Shrew,Eulipotyphla,Soricidae,,none
Sylvisorex johnstoni,Johnston's Forest Shrew,Eulipotyphla,Soricidae,,none
Sylvisorex konganensis,Kongana Forest Shrew,Eulipotyphla,Soricidae,,none
Sylvisorex lunaris,Moon Forest Shrew,Eulipotyphla,Soricidae,,none
Sylvisorex morio,Mount Cameroon Forest Shrew,Eulipotyphla,Soricidae,,none
Sylvisorex ollula,Greater Forest Shrew,Eulipotyphla,Soricidae,,none
Sylvisorex oriundus,Lesser Forest Shrew,Eulipotyphla,Soricidae,,none
Sylvisorex pluvialis,Rainforest Shrew,Eulipotyphla,Soricidae,,none
Sylvisorex silvanorum,Bamenda Forest Shrew,Eulipotyphla,Soricidae,,none
Sylvisorex vulcanorum,Volcano Forest Shrew,Eulipotyphla,Soricidae,,none
Congosorex phillipsorum,Phillips' Congo Shrew,Eulipotyphla,Soricidae,,none
Congosorex polli,Greater Congo Shrew,Eulipotyphla,Soricidae,,none
Congosorex verheyeni,Lesser Congo Shrew,Eulipotyphla,Soricidae,,none
Myosorex babaulti,Babault's Mouse Shrew,Eulipotyphla,Soricidae,,none
Myosorex blarina,Montane Mouse Shrew,Eulipotyphla,Soricidae,,none
Myosorex bururiensis,Bururi Mouse Shrew,Eulipotyphla,Soricidae,,none
Myosorex cafer,Dark-footed Mouse Shrew,Eulipotyphla,Soricidae,,none
Myosorex eisentrauti,Eisentraut's Mouse Shrew,Eulipotyphla,Soricidae,,none
Myosorex geata,Geata Mouse Shrew,Eulipotyphla,Soricidae,,none
Myosorex gnoskei,Nyika Mouse Shrew,Eulipotyphla,Soricidae,,none
Myosorex jejei,Kahuzi Mouse Shrew,Eulipotyphla,Soricidae,,none
Myosorex kabogoensis,Kabogo Mouse Shrew,Eulipotyphla,Soricidae,,none
Myosorex kihaulei,Kihaule's Mouse Shrew,Eulipotyphla,Soricidae,,none
Myosorex longicaudatus,Long-tailed Mouse Shrew,Eulipotyphla,Soricidae,,none
Myosorex meesteri,Meester's Mouse Shrew,Eulipotyphla,Soricidae,,none
Myosorex okuensis,Oku Mouse Shrew,Eulipotyphla,Soricidae,,none
Myosorex rumpii,Rumpi Mouse Shrew,Eulipotyphla,Soricidae,,none
Myosorex schalleri,Schaller's Mouse Shrew,Eulipotyphla,Soricidae,,none
Myosorex sclateri,Sclater's Mouse Shrew,Eulipotyphla,Soricidae,,none
Myosorex tenuis,Thin Mouse Shrew,Eulipotyphla,Soricidae,,none
Myosorex varius,South African Mouse Shrew,Eulipotyphla,Soricidae,,none
Myosorex zinki,Kilimanjaro Mouse Shrew,Eulipotyphla,Soricidae,,none
Nagasorex albidens,Nagaland Shrew,Eulipotyphla,Soricidae,,none
Surdisorex norae,Aberdare Mole Shrew,Eulipotyphla,Soricidae,,none
Surdisorex polulus,Mount Kenya Mole Shrew,Eulipotyphla,Soricidae,,none
Surdisorex schlitteri,Schlitter's Mole Shrew,Eulipotyphla,Soricidae,,none
Anourosorex assamensis,Assam Mole Shrew,Eulipotyphla,Soricidae,,none
Anourosorex schmidi,Giant Mole Shrew,Eulipotyphla,Soricidae,,none
Anourosorex squamipes,Chinese Mole Shrew,Eulipotyphla,Soricidae,,none
Anourosorex yamashinai,Taiwanese Mole Shrew,Eulipotyphla,Soricidae,,none
Blarinella quadraticauda,Sichuan Short-tailed Shrew,Eulipotyphla,Soricidae,,none
Blarinella wardi,Burmese Short-tailed Shrew,Eulipotyphla,Soricidae,,none
Parablarinella griselda,Chinese Short-tailed Shrew,Eulipotyphla,Soricidae,,none
Parablarinella latimaxillata,Anhui Short-tailed Shrew,Eulipotyphla,Soricidae,,none
Blarina brevicauda,Northern Short-tailed Shrew,Eulipotyphla,Soricidae,Blarina brevicauda_Northern Short-tailed Shrew,exact
Blarina carolinensis,Southern Short-tailed Shrew,Eulipotyphla,Soricidae,,none
Blarina hylophaga,Elliot's Short-tailed Shrew,Eulipotyphla,Soricidae,,none
Blarina peninsulae,Everglades Short-tailed Shrew,Eulipotyphla,Soricidae,,none
Blarina shermani,Sherman's Short-tailed Shrew,Eulipotyphla,Soricidae,,none
Cryptotis albujai,Albuja's Short-tailed Shrew,Eulipotyphla,Soricidae,,none
Cryptotis alticola,Popocatepetl Broad-clawed Shrew,Eulipotyphla,Soricidae,,none
Cryptotis andinus,Southern Colombian Small-eared Shrew,Eulipotyphla,Soricidae,,none
Cryptotis aroensis,Aroa Small-eared Shrew,Eulipotyphla,Soricidae,,none
Cryptotis berlandieri,Berlandier's Least Shrew,Eulipotyphla,Soricidae,,none
Cryptotis brachyonyx,Eastern Cordillera Small-eared Shrew,Eulipotyphla,Soricidae,,none
Cryptotis cavatorculus,Santa Barbara Broad-clawed Shrew,Eulipotyphla,Soricidae,,none
Cryptotis celaque,Celaque Broad-clawed Shrew,Eulipotyphla,Soricidae,,none
Cryptotis colombianus,Colombian Small-eared Shrew,Eulipotyphla,Soricidae,,none
Cryptotis dinirensis,Dinira Small-eared Shrew,Eulipotyphla,Soricidae,,none
Cryptotis eckerlini,Cucurucho Broad-clawed Shrew,Eulipotyphla,Soricidae,,none
Cryptotis endersi,Enders's Small-eared Shrew,Eulipotyphla,Soricidae,,none
Cryptotis equatoris,Ecuadorean Small-eared Shrew,Eulipotyphla,Soricidae,,none
Cryptotis floridanus,Florida Least Shrew,Eulipotyphla,Soricidae,,none
Cryptotis goldmani,Goldman's Broad-clawed Shrew,Eulipotyphla,Soricidae,,none
Cryptotis goodwini,Goodwin's Broad-clawed Shrew,Eulipotyphla,Soricidae,,none
Cryptotis gracilis,Talamancan Broad-clawed Shrew,Eulipotyphla,Soricidae,,none
Cryptotis griseoventris,Dark Mexican Broad-clawed Shrew,Eulipotyphla,Soricidae,,none
Cryptotis hondurensis,Honduran Small-eared Shrew,Eulipotyphla,Soricidae,,none
Cryptotis huttereri,Rainer's Small-eared Shrew,Eulipotyphla,Soricidae,,none
Cryptotis lacandonensis,Lacandona Small-eared Shrew,Eulipotyphla,Soricidae,,none
Cryptotis lacertosus,Muscular Broad-clawed Shrew,Eulipotyphla,Soricidae,,none
Cryptotis magnimanus,Honduran Broad-clawed Shrew,Eulipotyphla,Soricidae,,none
Cryptotis magnus,Big Mexican Small-eared Shrew,Eulipotyphla,Soricidae,,none
Cryptotis mam,Mam Broad-clawed Shrew,Eulipotyphla,Soricidae,,none
Cryptotis matsoni,Mataquescuintla Broad-clawed Shrew,Eulipotyphla,Soricidae,,none
Cryptotis mayensis,Yucatán Small-eared Shrew,Eulipotyphla,Soricidae,,none
Cryptotis mccarthyi,Omoa Broad-clawed Shrew,Eulipotyphla,Soricidae,,none
Cryptotis medellinius,Medellín Small-eared Shrew,Eulipotyphla,Soricidae,,none
Cryptotis meridensis,Merida Small-eared Shrew,Eulipotyphla,Soricidae,,none
Cryptotis merriami,Merriam's Small-eared Shrew,Eulipotyphla,Soricidae,,none
Cryptotis merus,Darién Small-eared Shrew,Eulipotyphla,Soricidae,,none
Cryptotis mexicanus,Small Mexican Small-eared Shrew,Eulipotyphla,Soricidae,,none
Cryptotis montecristo,Montecristo Broad-clawed Shrew,Eulipotyphla,Soricidae,,none
Cryptotis monteverdensis,Monteverde Small-eared Shrew,Eulipotyphla,Soricidae,,none
Cryptotis montivagus,Wandering Small-eared Shrew,Eulipotyphla,Soricidae,,none
Cryptotis nelsoni,Nelson's Small-eared Shrew,Eulipotyphla,Soricidae,,none
Cryptotis niausa,Blind Small-eared Shrew,Eulipotyphla,Soricidae,,none
Cryptotis nigrescens,Blackish Small-eared Shrew,Eulipotyphla,Soricidae,,none
Cryptotis oreoryctes,Highland Broad-clawed Shrew,Eulipotyphla,Soricidae,,none
Cryptotis orophilus,Central American Least Shrew,Eulipotyphla,Soricidae,,none
Cryptotis osgoodi,Osgood's Small-eared Shrew,Eulipotyphla,Soricidae,,none
Cryptotis parvus,North American Least Shrew,Eulipotyphla,Soricidae,Cryptotis parvus_North American Least Shrew,exact
Cryptotis peregrinus,Oaxacan Broad-clawed Shrew,Eulipotyphla,Soricidae,,none
Cryptotis perijensis,Perija Small-eared Shrew,Eulipotyphla,Soricidae,,none
Cryptotis peruviensis,Peruvian Small-eared Shrew,Eulipotyphla,Soricidae,,none
Cryptotis phillipsii,Phillips's Small-eared Shrew,Eulipotyphla,Soricidae,,none
Cryptotis pueblensis,Puebla Least Shrew,Eulipotyphla,Soricidae,,none
Cryptotis soricinus,Mexican Least Shrew,Eulipotyphla,Soricidae,,none
Cryptotis squamipes,Western Colombian Small-eared Shrew,Eulipotyphla,Soricidae,,none
Cryptotis tamensis,Tama Small-eared Shrew,Eulipotyphla,Soricidae,,none
Cryptotis thomasi,Thomas's Small-eared Shrew,Eulipotyphla,Soricidae,,none
Cryptotis tropicalis,Tropical Least Shrew,Eulipotyphla,Soricidae,,none
Cryptotis venezuelensis,Venezuelan Small-eared Shrew,Eulipotyphla,Soricidae,,none
Cryptotis woodmani,El Triunfo Small-eared Shrew,Eulipotyphla,Soricidae,,none
Chimarrogale hantu,Malayan Water Shrew,Eulipotyphla,Soricidae,,none
Chimarrogale himalayica,Himalayan Water Shrew,Eulipotyphla,Soricidae,,none
Chimarrogale leander,Leander's Water Shrew,Eulipotyphla,Soricidae,,none
Chimarrogale phaeura,Bornean Water Shrew,Eulipotyphla,Soricidae,,none
Chimarrogale platycephala,Japanese Water Shrew,Eulipotyphla,Soricidae,,none
Chimarrogale styani,Chinese Water Shrew,Eulipotyphla,Soricidae,,none
Chimarrogale sumatrana,Sumatran Water Shrew,Eulipotyphla,Soricidae,,none
Chimarrogale varennei,Vietnamese Water Shrew,Eulipotyphla,Soricidae,,none
Chodsigoa caovansunga,Van Sung's Brown-toothed Shrew,Eulipotyphla,Soricidae,,none
Chodsigoa dabieshanensis,Dabieshan Brown-toothed Shrew,Eulipotyphla,Soricidae,,none
Chodsigoa furva,Dusky Brown-toothed Shrew,Eulipotyphla,Soricidae,,none
Chodsigoa hoffmanni,Hoffmann's Brown-toothed Shrew,Eulipotyphla,Soricidae,,none
Chodsigoa hypsibia,De Winton's Brown-toothed Shrew,Eulipotyphla,Soricidae,,none
Chodsigoa parca,Lowe's Brown-toothed Shrew,Eulipotyphla,Soricidae,,none
Chodsigoa parva,Pygmy Brown-toothed Shrew,Eulipotyphla,Soricidae,,none
Chodsigoa salenskii,Salenski's Brown-toothed Shrew,Eulipotyphla,Soricidae,,none
Chodsigoa smithii,Smith's Brown-toothed Shrew,Eulipotyphla,Soricidae,,none
Chodsigoa sodalis,Lesser Taiwanese Brown-toothed Shrew,Eulipotyphla,Soricidae,,none
Episoriculus baileyi,Bailey's Brown-toothed Shrew,Eulipotyphla,Soricidae,,none
Episoriculus caudatus,Hodgson's Brown-toothed Shrew,Eulipotyphla,Soricidae,,none
Episoriculus leucops,Long-tailed Brown-toothed Shrew,Eulipotyphla,Soricidae,,none
Episoriculus macrurus,Arboreal Brown-toothed Shrew,Eulipotyphla,Soricidae,,none
Episoriculus sacratus,Sichuan Brown-toothed Shrew,Eulipotyphla,Soricidae,,none
Episoriculus soluensis,Nepalese Brown-toothed Shrew,Eulipotyphla,Soricidae,,none
Nectogale elegans,Elegant Water Shrew,Eulipotyphla,Soricidae,,none
Nectogale sikhimensis,Sikkim Water Shrew,Eulipotyphla,Soricidae,,none
Neomys anomalus,Iberian Water Shrew,Eulipotyphla,Soricidae,,none
Neomys fodiens,Eurasian Water Shrew,Eulipotyphla,Soricidae,Neomys fodiens_Eurasian Water Shrew,exact
Neomys milleri,Mediterranean Water Shrew,Eulipotyphla,Soricidae,,none
Neomys teres,Transcaucasian Water Shrew,Eulipotyphla,Soricidae,,none
Pseudosoriculus fumidus,Taiwanese Brown-toothed Shrew,Eulipotyphla,Soricidae,,none
Soriculus beibengensis,Beibeng Large-clawed Shrew,Eulipotyphla,Soricidae,,none
Soriculus dexingensis,Dexing Large-clawed Shrew,Eulipotyphla,Soricidae,,none
Soriculus medogensis,Medog Large-clawed Shrew,Eulipotyphla,Soricidae,,none
Soriculus minor,Lesser Large-clawed Shrew,Eulipotyphla,Soricidae,,none
Soriculus nigrescens,Himalayan Large-clawed Shrew,Eulipotyphla,Soricidae,,none
Soriculus nivatus,Snow Mountain Large-clawed Shrew,Eulipotyphla,Soricidae,,none
Megasorex gigas,Mexican Shrew,Eulipotyphla,Soricidae,,none
Notiosorex carrawayae,Carraway's Gray Shrew,Eulipotyphla,Soricidae,,none
Notiosorex cockrumi,Cockrum's Gray Shrew,Eulipotyphla,Soricidae,,none
Notiosorex crawfordi,Desert Gray Shrew,Eulipotyphla,Soricidae,,none
Notiosorex evotis,Large-eared Gray Shrew,Eulipotyphla,Soricidae,,none
Notiosorex tataticuli,Ticul's Gray Shrew,Eulipotyphla,Soricidae,,none
Notiosorex villai,Villa's Gray Shrew,Eulipotyphla,Soricidae,,none
Sorex albibarbis,Eastern Water Shrew,Eulipotyphla,Soricidae,,none
Sorex alpinus,Alpine Shrew,Eulipotyphla,Soricidae,,none
Sorex altoensis,Alto Shrew,Eulipotyphla,Soricidae,,none
Sorex antinorii,Valais Shrew,Eulipotyphla,Soricidae,,none
Sorex araneus,Common Shrew,Eulipotyphla,Soricidae,Sorex araneus_Common Shrew,exact
Sorex arcticus,Arctic Shrew,Eulipotyphla,Soricidae,,none
Sorex arizonae,Arizona Shrew,Eulipotyphla,Soricidae,,none
Sorex asper,Tian Shan Shrew,Eulipotyphla,Soricidae,,none
Sorex bedfordiae,Lesser Striped Shrew,Eulipotyphla,Soricidae,,none
Sorex bendirii,Marsh Shrew,Eulipotyphla,Soricidae,,none
Sorex buchariensis,Buchara Shrew,Eulipotyphla,Soricidae,,none
Sorex caecutiens,Laxmann's Shrew,Eulipotyphla,Soricidae,,none
Sorex camtschaticus,Kamchatka Shrew,Eulipotyphla,Soricidae,,none
Sorex cansulus,Gansu Shrew,Eulipotyphla,Soricidae,,none
Sorex chiapensis,Chiapan Shrew,Eulipotyphla,Soricidae,,none
Sorex cinereus,Masked Shrew,Eulipotyphla,Soricidae,,none
Sorex coronatus,Crowned Shrew,Eulipotyphla,Soricidae,Sorex coronatus_Crowned Shrew,exact
Sorex cruzi,Cruz's Long-tailed Shrew,Eulipotyphla,Soricidae,,none
Sorex cylindricauda,Greater Striped Shrew,Eulipotyphla,Soricidae,,none
Sorex daphaenodon,Siberian Large-toothed Shrew,Eulipotyphla,Soricidae,,none
Sorex dispar,Rock Shrew,Eulipotyphla,Soricidae,,none
Sorex emarginatus,Zacatecas Shrew,Eulipotyphla,Soricidae,,none
Sorex excelsus,Chinese Highland Shrew,Eulipotyphla,Soricidae,,none
Sorex eximius,Western Pygmy Shrew,Eulipotyphla,Soricidae,,none
Sorex fumeus,Smoky Shrew,Eulipotyphla,Soricidae,Sorex fumeus_Smoky Shrew,exact
Sorex gomphus,Yunnan Striped Shrew,Eulipotyphla,Soricidae,,none
Sorex gracillimus,Slender Shrew,Eulipotyphla,Soricidae,,none
Sorex granarius,Iberian Shrew,Eulipotyphla,Soricidae,,none
Sorex haydeni,Prairie Shrew,Eulipotyphla,Soricidae,,none
Sorex hosonoi,Azumi Shrew,Eulipotyphla,Soricidae,,none
Sorex hoyi,Eastern Pygmy Shrew,Eulipotyphla,Soricidae,,none
Sorex ibarrai,Ibarra's Shrew,Eulipotyphla,Soricidae,,none
Sorex isodon,Taiga Shrew,Eulipotyphla,Soricidae,,none
Sorex ixtlanensis,Ixtlán Shrew,Eulipotyphla,Soricidae,,none
Sorex jacksoni,Saint Lawrence Island Shrew,Eulipotyphla,Soricidae,,none
Sorex kozlovi,Kozlov's Shrew,Eulipotyphla,Soricidae,,none
Sorex leucogaster,Paramushir Shrew,Eulipotyphla,Soricidae,,none
Sorex longirostris,Southeastern Shrew,Eulipotyphla,Soricidae,,none
Sorex lyelli,Mount Lyell Shrew,Eulipotyphla,Soricidae,,none
Sorex macrodon,Mexican Large-toothed Shrew,Eulipotyphla,Soricidae,,none
Sorex madrensis,Sierra Shrew,Eulipotyphla,Soricidae,,none
Sorex maritimensis,Maritime Shrew,Eulipotyphla,Soricidae,,none
Sorex mccarthyi,McCarthy's Shrew,Eulipotyphla,Soricidae,,none
Sorex mediopua,Jalisco Shrew,Eulipotyphla,Soricidae,,none
Sorex merriami,Merriam's Shrew,Eulipotyphla,Soricidae,,none
Sorex milleri,Carmen Mountain Shrew,Eulipotyphla,Soricidae,,none
Sorex minutissimus,Eurasian Least Shrew,Eulipotyphla,Soricidae,,none
Sorex minutus,Eurasian Pygmy Shrew,Eulipotyphla,Soricidae,Sorex minutus_Eurasian Pygmy Shrew,exact
Sorex mirabilis,Ussuri Shrew,Eulipotyphla,Soricidae,,none
Sorex monticolus,Southern Montane Shrew,Eulipotyphla,Soricidae,,none
Sorex mutabilis,Mutable Shrew,Eulipotyphla,Soricidae,,none
Sorex nanus,Dwarf Shrew,Eulipotyphla,Soricidae,,none
Sorex navigator,Western Water Shrew,Eulipotyphla,Soricidae,,none
Sorex nepalensis,Nepalese Striped Shrew,Eulipotyphla,Soricidae,,none
Sorex nivicola,Gansu Striped Shrew,Eulipotyphla,Soricidae,,none
Sorex obscurus,Northern Montane Shrew,Eulipotyphla,Soricidae,,none
Sorex oreopolus,Mexican Long-tailed Shrew,Eulipotyphla,Soricidae,,none
Sorex orizabae,Orizaba Long-tailed Shrew,Eulipotyphla,Soricidae,,none
Sorex ornatus,Ornate Shrew,Eulipotyphla,Soricidae,,none
Sorex pacificus,Pacific Shrew,Eulipotyphla,Soricidae,,none
Sorex palustris,American Water Shrew,Eulipotyphla,Soricidae,,none
Sorex planiceps,Kashmir Shrew,Eulipotyphla,Soricidae,,none
Sorex portenkoi,Portenko's Shrew,Eulipotyphla,Soricidae,,none
Sorex preblei,Preble's Shrew,Eulipotyphla,Soricidae,,none
Sorex pribilofensis,Pribilof Island Shrew,Eulipotyphla,Soricidae,,none
Sorex raddei,Radde's Shrew,Eulipotyphla,Soricidae,,none
Sorex roboratus,Flat-skulled Shrew,Eulipotyphla,Soricidae,,none
Sorex rohweri,Olympic Shrew,Eulipotyphla,Soricidae,,none
Sorex salvini,Salvin's Shrew,Eulipotyphla,Soricidae,,none
Sorex samniticus,Apennine Shrew,Eulipotyphla,Soricidae,,none
Sorex satunini,Caucasian Shrew,Eulipotyphla,Soricidae,,none
Sorex saussurei,Saussure's Shrew,Eulipotyphla,Soricidae,,none
Sorex sclateri,Sclater's Shrew,Eulipotyphla,Soricidae,,none
Sorex shinto,Shinto Shrew,Eulipotyphla,Soricidae,,none
Sorex sinalis,Chinese Shrew,Eulipotyphla,Soricidae,,none
Sorex sonomae,Fog Shrew,Eulipotyphla,Soricidae,,none
Sorex stizodon,Pale-toothed Shrew,Eulipotyphla,Soricidae,,none
Sorex tenellus,Inyo Shrew,Eulipotyphla,Soricidae,,none
Sorex thibetanus,Tibetan Shrew,Eulipotyphla,Soricidae,,none
Sorex trowbridgii,Trowbridge's Shrew,Eulipotyphla,Soricidae,Sorex trowbridgii_Trowbridge's Shrew,exact
Sorex tundrensis,Tundra Shrew,Eulipotyphla,Soricidae,,none
Sorex ugyunak,Barren Ground Shrew,Eulipotyphla,Soricidae,,none
Sorex unguiculatus,Long-clawed Shrew,Eulipotyphla,Soricidae,,none
Sorex vagrans,Vagrant Shrew,Eulipotyphla,Soricidae,,none
Sorex ventralis,Chestnut-bellied Shrew,Eulipotyphla,Soricidae,,none
Sorex veraecrucis,Veracruz Shrew,Eulipotyphla,Soricidae,,none
Sorex veraepacis,Verapaz Shrew,Eulipotyphla,Soricidae,,none
Sorex volnuchini,Caucasian Pygmy Shrew,Eulipotyphla,Soricidae,,none
Sorex wardi,Ward's Striped Shrew,Eulipotyphla,Soricidae,,none
Condylura cristata,Star-nosed Mole,Eulipotyphla,Talpidae,Condylura cristata_Star-nosed Mole,exact
Desmana moschata,Russian Desman,Eulipotyphla,Talpidae,,none
Galemys pyrenaicus,Pyrenean Desman,Eulipotyphla,Talpidae,,none
Alpiscaptulus medogensis,Medog Mole,Eulipotyphla,Talpidae,,none
Parascalops breweri,Hairy-tailed Mole,Eulipotyphla,Talpidae,Parascalops breweri_Hairy-tailed Mole,exact
Scapanulus oweni,Gansu Mole,Eulipotyphla,Talpidae,,none
Scalopus aquaticus,Eastern Mole,Eulipotyphla,Talpidae,Scalopus aquaticus_Eastern Mole,exact
Scapanus anthonyi,Mexican Mole,Eulipotyphla,Talpidae,,none
Scapanus latimanus,Northern Broad-footed Mole,Eulipotyphla,Talpidae,,none
Scapanus occultus,Southern Broad-footed Mole,Eulipotyphla,Talpidae,,none
Scapanus orarius,Coast Mole,Eulipotyphla,Talpidae,,none
Scapanus townsendii,Townsend's Mole,Eulipotyphla,Talpidae,,none
Euroscaptor darwini,Darwin's Mole,Eulipotyphla,Talpidae,,none
Euroscaptor grandis,Greater Chinese Mole,Eulipotyphla,Talpidae,,none
Euroscaptor klossi,Kloss's Mole,Eulipotyphla,Talpidae,,none
Euroscaptor kuznetsovi,Kuznetsov's Mole,Eulipotyphla,Talpidae,,none
Euroscaptor longirostris,Long-nosed Mole,Eulipotyphla,Talpidae,,none
Euroscaptor malayanus,Malaysian Mole,Eulipotyphla,Talpidae,,none
Euroscaptor micrurus,Himalayan Mole,Eulipotyphla,Talpidae,,none
Euroscaptor ngoclinhensis,Ngoc Linh Mole,Eulipotyphla,Talpidae,,none
Euroscaptor orlovi,Orlov's Mole,Eulipotyphla,Talpidae,,none
Euroscaptor parvidens,Small-toothed Mole,Eulipotyphla,Talpidae,,none
Euroscaptor subanura,Vietnamese Mole,Eulipotyphla,Talpidae,,none
Mogera etigo,Echigo Mole,Eulipotyphla,Talpidae,,none
Mogera hainana,Hainan Mole,Eulipotyphla,Talpidae,,none
Mogera imaizumii,Small Japanese Mole,Eulipotyphla,Talpidae,,none
Mogera insularis,Formosan Mole,Eulipotyphla,Talpidae,,none
Mogera kanoana,Kano's Mole,Eulipotyphla,Talpidae,,none
Mogera latouchei,La Touche's Mole,Eulipotyphla,Talpidae,,none
Mogera robusta,Ussuri Mole,Eulipotyphla,Talpidae,,none
Mogera tokudae,Sado Mole,Eulipotyphla,Talpidae,,none
Mogera uchidai,Senkaku Mole,Eulipotyphla,Talpidae,,none
Mogera wogura,Large Japanese Mole,Eulipotyphla,Talpidae,,none
Oreoscaptor mizura,Japanese Mountain Mole,Eulipotyphla,Talpidae,,none
Parascaptor leucura,White-tailed Mole,Eulipotyphla,Talpidae,,none
Scaptochirus moschatus,Short-faced Mole,Eulipotyphla,Talpidae,,none
Talpa altaica,Altai Mole,Eulipotyphla,Talpidae,,none
Talpa aquitania,Aquitanian Mole,Eulipotyphla,Talpidae,,none
Talpa caeca,Blind Mole,Eulipotyphla,Talpidae,,none
Talpa caucasica,Caucasian Mole,Eulipotyphla,Talpidae,,none
Talpa davidiana,Pere David's Mole,Eulipotyphla,Talpidae,,none
Talpa europaea,European Mole,Eulipotyphla,Talpidae,Talpa europaea_European Mole,exact
Talpa hakkariensis,Hakkari Mole,Eulipotyphla,Talpidae,,none
Talpa levantis,Levant Mole,Eulipotyphla,Talpidae,,none
Talpa martinorum,Martinos' Mole,Eulipotyphla,Talpidae,,none
Talpa occidentalis,Iberian Mole,Eulipotyphla,Talpidae,,none
Talpa ognevi,Ognev's Mole,Eulipotyphla,Talpidae,,none
Talpa romana,Roman Mole,Eulipotyphla,Talpidae,,none
Talpa stankovici,Balkan Mole,Eulipotyphla,Talpidae,,none
Talpa streeti,Street's Mole,Eulipotyphla,Talpidae,,none
Talpa talyschensis,Talysch Mole,Eulipotyphla,Talpidae,,none
Talpa transcaucasica,Transcaucasian Mole,Eulipotyphla,Talpidae,,none
Scaptonyx affinis,Southern Long-tailed Mole,Eulipotyphla,Talpidae,,none
Scaptonyx fusicauda,Northern Long-tailed Mole,Eulipotyphla,Talpidae,,none
Scaptonyx wangi,Wang's Long-tailed Mole,Eulipotyphla,Talpidae,,none
Dymecodon pilirostris,True's Shrew Mole,Eulipotyphla,Talpidae,,none
Neurotrichus gibbsii,American Shrew Mole,Eulipotyphla,Talpidae,,none
Urotrichus talpoides,Japanese Shrew Mole,Eulipotyphla,Talpidae,,none
Uropsilus aequodonenia,Equivalent-teeth Shrew Mole,Eulipotyphla,Talpidae,,none
Uropsilus andersoni,Anderson's Shrew Mole,Eulipotyphla,Talpidae,,none
Uropsilus atronates,Black-backed Shrew Mole,Eulipotyphla,Talpidae,,none
Uropsilus cinereonates,Gray-rumped Shrew Mole,Eulipotyphla,Talpidae,,none
Uropsilus dabieshanensis,Dabie Mountains Shrew Mole,Eulipotyphla,Talpidae,,none
Uropsilus fansipanensis,Fansipan Shrew Mole,Eulipotyphla,Talpidae,,none
Uropsilus funiushanensis,Funiushan Shrew Mole,Eulipotyphla,Talpidae,,none
Uropsilus gracilis,Gracile Shrew Mole,Eulipotyphla,Talpidae,,none
Uropsilus huanggangensis,Huangang Shrew Mole,Eulipotyphla,Talpidae,,none
Uropsilus investigator,Inquisitive Shrew Mole,Eulipotyphla,Talpidae,,none
Uropsilus leptocranium,Slender Skull Shrew Mole,Eulipotyphla,Talpidae,,none
Uropsilus maximus,Large Shrew Mole,Eulipotyphla,Talpidae,,none
Uropsilus ningshanensis,Ningshan Shrew Mole,Eulipotyphla,Talpidae,,none
Uropsilus nivatus,Snow Mountain Shrew Mole,Eulipotyphla,Talpidae,,none
Uropsilus parvoniger,Black Shrew Mole,Eulipotyphla,Talpidae,,none
Uropsilus soricipes,Chinese Shrew Mole,Eulipotyphla,Talpidae,,none
Uropsilus wulingshanensis,Wuling Mountains Shrew Mole,Eulipotyphla,Talpidae,,none
Nesophontes edithae,Puerto Rican Nesophontes,Eulipotyphla,Nesophontidae,,none
Nesophontes hemicingulus,Cayman Nesophontes,Eulipotyphla,Nesophontidae,,none
Nesophontes hypomicrus,Atalaye Nesophontes,Eulipotyphla,Nesophontidae,,none
Nesophontes longirostris,Slender Cuban Nesophontes,Eulipotyphla,Nesophontidae,,none
Nesophontes major,Greater Cuban Nesophontes,Eulipotyphla,Nesophontidae,,none
Nesophontes micrus,Lesser Cuban Nesophontes,Eulipotyphla,Nesophontidae,,none
Nesophontes paramicrus,Saint Michel Nesophontes,Eulipotyphla,Nesophontidae,,none
Nesophontes zamicrus,Haitian Nesophontes,Eulipotyphla,Nesophontidae,,none
Atopogale arredondoi,Giant Solenodon,Eulipotyphla,Solenodontidae,,none
Atopogale cubana,Cuban Solenodon,Eulipotyphla,Solenodontidae,,none
Solenodon marcanoi,Marcano's Solenodon,Eulipotyphla,Solenodontidae,,none
Solenodon paradoxus,Hispaniolan Solenodon,Eulipotyphla,Solenodontidae,,none
Balantiopteryx infusca,Ecuadorian Sac-winged Bat,Chiroptera,Emballonuridae,,none
Balantiopteryx io,Thomas's Sac-winged Bat,Chiroptera,Emballonuridae,Balantiopteryx io_Thomas's Sac-winged Bat,exact
Balantiopteryx plicata,Gray Sac-winged Bat,Chiroptera,Emballonuridae,Balantiopteryx plicata_Gray Sac-winged Bat,exact
Centronycteris centralis,Thomas's Shaggy Bat,Chiroptera,Emballonuridae,Centronycteris centralis_Thomas's Shaggy Bat,exact
Centronycteris maximiliani,Common Shaggy Bat,Chiroptera,Emballonuridae,Centronycteris maximiliani_Shaggy Bat,exact
Cormura brevirostris,Chestnut Sac-winged Bat,Chiroptera,Emballonuridae,Cormura brevirostris_Chestnut Sac-winged Bat,exact
Cyttarops alecto,Short-eared Bat,Chiroptera,Emballonuridae,,none
Diclidurus albus,Northern Ghost Bat,Chiroptera,Emballonuridae,Diclidurus albus_Northern Ghost Bat,exact
Diclidurus ingens,Greater Ghost Bat,Chiroptera,Emballonuridae,,none
Diclidurus isabella,Isabelline Ghost Bat,Chiroptera,Emballonuridae,,none
Diclidurus scutatus,Lesser Ghost Bat,Chiroptera,Emballonuridae,Diclidurus scutatus_Lesser Ghost Bat,exact
Peropteryx kappleri,Greater Dog-like Bat,Chiroptera,Emballonuridae,Peropteryx kappleri_Greater Dog-like Bat,exact
Peropteryx leucoptera,White-winged Dog-like Bat,Chiroptera,Emballonuridae,,none
Peropteryx macrotis,Lesser Dog-like Bat,Chiroptera,Emballonuridae,Peropteryx macrotis_Lesser Dog-like Bat,exact
Peropteryx pallidoptera,Pale-winged Dog-like Bat,Chiroptera,Emballonuridae,,none
Peropteryx trinitatis,Trinidad Dog-like Bat,Chiroptera,Emballonuridae,,none
Rhynchonycteris naso,Proboscis Bat,Chiroptera,Emballonuridae,Rhynchonycteris naso_Proboscis Bat,exact
Saccopteryx antioquensis,Antioquian Sac-winged Bat,Chiroptera,Emballonuridae,,none
Saccopteryx bilineata,Greater Sac-winged Bat,Chiroptera,Emballonuridae,Saccopteryx bilineata_Greater Sac-winged Bat,exact
Saccopteryx canescens,Frosted Sac-winged Bat,Chiroptera,Emballonuridae,Saccopteryx canescens_Frosted Sac-winged Bat,exact
Saccopteryx gymnura,Amazonian Sac-winged Bat,Chiroptera,Emballonuridae,Saccopteryx gymnura_Amazonian Sac-winged Bat,exact
Saccopteryx leptura,Lesser Sac-winged Bat,Chiroptera,Emballonuridae,Saccopteryx leptura_Lesser Sac-winged Bat,exact
Coleura afra,African Sheath-tailed Bat,Chiroptera,Emballonuridae,,none
Coleura gallarum,Arabian Sheath-tailed Bat,Chiroptera,Emballonuridae,,none
Coleura kibomalandy,Madagascar Sheath-tailed Bat,Chiroptera,Emballonuridae,,none
Coleura seychellensis,Seychelles Sheath-tailed Bat,Chiroptera,Emballonuridae,,none
Emballonura alecto,Small Asian Sheath-tailed Bat,Chiroptera,Emballonuridae,,none
Emballonura beccarii,Beccari's Sheath-tailed Bat,Chiroptera,Emballonuridae,,none
Emballonura dianae,Large-eared Sheath-tailed Bat,Chiroptera,Emballonuridae,,none
Emballonura furax,New Guinea Sheath-tailed Bat,Chiroptera,Emballonuridae,,none
Emballonura monticola,Lesser Sheath-tailed Bat,Chiroptera,Emballonuridae,Emballonura monticola_lesser sheath-tailed bat,exact
Emballonura raffrayana,Raffray's Sheath-tailed Bat,Chiroptera,Emballonuridae,,none
Emballonura semicaudata,Pacific Sheath-tailed Bat,Chiroptera,Emballonuridae,,none
Emballonura serii,Seri's Sheath-tailed Bat,Chiroptera,Emballonuridae,,none
Mosia nigrescens,Dark Sheath-tailed Bat,Chiroptera,Emballonuridae,,none
Paremballonura atrata,Peters's Sheath-tailed Bat,Chiroptera,Emballonuridae,,none
Paremballonura tiavato,Western Sheath-tailed Bat,Chiroptera,Emballonuridae,,none
Saccolaimus flaviventris,Yellow-bellied Sheath-tailed Bat,Chiroptera,Emballonuridae,Saccolaimus flaviventris_Yellow-bellied Pouched Bat,exact
Saccolaimus mixtus,Papuan Sheath-tailed Bat,Chiroptera,Emballonuridae,,none
Saccolaimus peli,Pel's Pouched Bat,Chiroptera,Emballonuridae,,none
Saccolaimus saccolaimus,Bare-rumped Sheath-tailed Bat,Chiroptera,Emballonuridae,Saccolaimus saccolaimus_Bare-rumped Pouched Bat,exact
Taphozous achates,Indonesian Tomb Bat,Chiroptera,Emballonuridae,,none
Taphozous australis,Coastal Sheath-tailed Bat,Chiroptera,Emballonuridae,,none
Taphozous georgianus,Common Sheath-tailed Bat,Chiroptera,Emballonuridae,,none
Taphozous hamiltoni,Hamilton's Tomb Bat,Chiroptera,Emballonuridae,,none
Taphozous hildegardeae,Hildegarde's Tomb Bat,Chiroptera,Emballonuridae,,none
Taphozous hilli,Hill's Sheath-tailed Bat,Chiroptera,Emballonuridae,,none
Taphozous kapalgensis,Arnhem Sheath-tailed Bat,Chiroptera,Emballonuridae,,none
Taphozous longimanus,Long-winged Sheath-tailed Bat,Chiroptera,Emballonuridae,,none
Taphozous mauritianus,Mauritian Tomb Bat,Chiroptera,Emballonuridae,Taphozous mauritianus_Mauritian Tomb Bat,exact
Taphozous melanopogon,Black-bearded Tomb Bat,Chiroptera,Emballonuridae,Taphozous melanopogon_Black-bearded Tomb Bat,exact
Taphozous nudiventris,Naked-rumped Tomb Bat,Chiroptera,Emballonuridae,Taphozous nudiventris_Naked-rumped Tomb Bat,exact
Taphozous perforatus,Egyptian Tomb Bat,Chiroptera,Emballonuridae,Taphozous perforatus_Egyptian Tomb Bat,exact
Taphozous theobaldi,Theobald's Tomb Bat,Chiroptera,Emballonuridae,,none
Taphozous troughtoni,Troughton's Sheath-tailed Bat,Chiroptera,Emballonuridae,,none
Myzopoda aurita,Eastern Sucker-footed Bat,Chiroptera,Myzopodidae,,none
Myzopoda schliemanni,Western Sucker-footed Bat,Chiroptera,Myzopodidae,,none
Nycteris arge,Bates's Slit-faced Bat,Chiroptera,Nycteridae,,none
Nycteris aurita,Andersen's Slit-faced Bat,Chiroptera,Nycteridae,,none
Nycteris gambiensis,Gambian Slit-faced Bat,Chiroptera,Nycteridae,,none
Nycteris grandis,Large Slit-faced Bat,Chiroptera,Nycteridae,,none
Nycteris hispida,Hairy Slit-faced Bat,Chiroptera,Nycteridae,,none
Nycteris intermedia,Intermediate Slit-faced Bat,Chiroptera,Nycteridae,,none
Nycteris javanica,Javan Slit-faced Bat,Chiroptera,Nycteridae,,none
Nycteris macrotis,Large-eared Slit-faced Bat,Chiroptera,Nycteridae,,none
Nycteris major,Dja Slit-faced Bat,Chiroptera,Nycteridae,,none
Nycteris nana,Dwarf Slit-faced Bat,Chiroptera,Nycteridae,,none
Nycteris parisii,Parisi's Slit-faced Bat,Chiroptera,Nycteridae,,none
Nycteris thebaica,Egyptian Slit-faced Bat,Chiroptera,Nycteridae,Nycteris thebaica_Egyptian Slit-faced Bat,exact
Nycteris tragata,Malayan Slit-faced Bat,Chiroptera,Nycteridae,,none
Nycteris woodi,Wood's Slit-faced Bat,Chiroptera,Nycteridae,,none
Amorphochilus schnablii,Smoky Bat,Chiroptera,Furipteridae,,none
Furipterus horrens,Thumbless Bat,Chiroptera,Furipteridae,,none
Mormoops blainvillei,Antillean Ghost-faced Bat,Chiroptera,Mormoopidae,,none
Mormoops megalophylla,Peters's Ghost-faced Bat,Chiroptera,Mormoopidae,Mormoops megalophylla_Ghost-faced Bat,exact
Pteronotus alitonus,Amazonian Common Mustached Bat,Chiroptera,Mormoopidae,,none
Pteronotus davyi,Davy's Naked-backed Bat,Chiroptera,Mormoopidae,,none
Pteronotus fulvus,Thomas's Naked-backed Bat,Chiroptera,Mormoopidae,Pteronotus fulvus_Tawny Naked-backed Bat,exact
Pteronotus fuscus,Allen's Common Mustached Bat,Chiroptera,Mormoopidae,,none
Pteronotus gymnonotus,Big Naked-backed Bat,Chiroptera,Mormoopidae,,none
Pteronotus macleayii,Macleay's Mustached Bat,Chiroptera,Mormoopidae,,none
Pteronotus mesoamericanus,Mesoamerican Common Mustached Bat,Chiroptera,Mormoopidae,Pteronotus mesoamericanus_Mesoamerican Common Mustached Bat,exact
Pteronotus mexicanus,Mexican Common Mustached Bat,Chiroptera,Mormoopidae,,none
Pteronotus paraguanensis,Paraguana Common Mustached Bat,Chiroptera,Mormoopidae,,none
Pteronotus parnellii,Parnell's Common Mustached Bat,Chiroptera,Mormoopidae,,none
Pteronotus personatus,Wagner's Lesser Mustached Bat,Chiroptera,Mormoopidae,Pteronotus personatus_Wagner's moustached bat,exact
Pteronotus portoricensis,Puerto Rican Common Mustached Bat,Chiroptera,Mormoopidae,,none
Pteronotus psilotis,Dobson's Lesser Mustached Bat,Chiroptera,Mormoopidae,,none
Pteronotus pusillus,Hispaniolan Common Mustached Bat,Chiroptera,Mormoopidae,,none
Pteronotus quadridens,Sooty Mustached Bat,Chiroptera,Mormoopidae,,none
Pteronotus rubiginosus,Wagner's Common Mustached Bat,Chiroptera,Mormoopidae,Pteronotus rubiginosus_Rusty Mustached Bat,exact
Mystacina robusta,Greater New Zealand Short-tailed Bat,Chiroptera,Mystacinidae,,none
Mystacina tuberculata,Lesser New Zealand Short-tailed Bat,Chiroptera,Mystacinidae,,none
Noctilio albiventris,Lesser Bulldog Bat,Chiroptera,Noctilionidae,Noctilio albiventris_Lesser Bulldog Bat,exact
Noctilio leporinus,Greater Bulldog Bat,Chiroptera,Noctilionidae,Noctilio leporinus_Greater Bulldog Bat,exact
Carollia benkeithi,Ben Keith's Short-tailed Bat,Chiroptera,Phyllostomidae,,none
Carollia brevicauda,Silky Short-tailed Bat,Chiroptera,Phyllostomidae,Carollia brevicauda_Silky Short-tailed Bat,exact
Carollia castanea,Chestnut Short-tailed Bat,Chiroptera,Phyllostomidae,Carollia castanea_chestnut short-tailed bat,exact
Carollia manu,Manu Short-tailed Bat,Chiroptera,Phyllostomidae,,none
Carollia monohernandezi,Hernandez's Short-tailed Bat,Chiroptera,Phyllostomidae,,none
Carollia perspicillata,Seba's Short-tailed Bat,Chiroptera,Phyllostomidae,Carollia perspicillata_Seba's Short-tailed Bat,exact
Carollia sowelli,Sowell's Short-tailed Bat,Chiroptera,Phyllostomidae,Carollia sowelli_Sowell’s Short-tailed Bat,exact
Carollia subrufa,Gray Short-tailed Bat,Chiroptera,Phyllostomidae,,none
Desmodus rotundus,Common Vampire Bat,Chiroptera,Phyllostomidae,Desmodus rotundus_Common Vampire Bat,exact
Diaemus youngii,White-winged Vampire Bat,Chiroptera,Phyllostomidae,,none
Diphylla ecaudata,Hairy-legged Vampire Bat,Chiroptera,Phyllostomidae,Diphylla ecaudata_Hairy-legged Vampire Bat,exact
Brachyphylla cavernarum,Eastern Antillean Fruit-eating Bat,Chiroptera,Phyllostomidae,,none
Brachyphylla nana,Western Antillean Fruit-eating Bat,Chiroptera,Phyllostomidae,,none
Erophylla bombifrons,Brown Flower Bat,Chiroptera,Phyllostomidae,,none
Erophylla sezekorni,Buffy Flower Bat,Chiroptera,Phyllostomidae,,none
Phyllonycteris aphylla,Jamaican Flower Bat,Chiroptera,Phyllostomidae,,none
Phyllonycteris poeyi,Cuban Flower Bat,Chiroptera,Phyllostomidae,,none
Anoura aequatoris,Ecuadorean Tailless Bat,Chiroptera,Phyllostomidae,,none
Anoura cadenai,Cadena's Tailless Bat,Chiroptera,Phyllostomidae,,none
Anoura caudifer,Tailed Tailless Bat,Chiroptera,Phyllostomidae,,none
Anoura cultrata,Handley's Tailless Bat,Chiroptera,Phyllostomidae,,none
Anoura fistulata,Tube-lipped Tailless Bat,Chiroptera,Phyllostomidae,,none
Anoura geoffroyi,Geoffroy's Tailless Bat,Chiroptera,Phyllostomidae,Anoura geoffroyi_Geoffroy's tailless bat,exact
Anoura javieri,Peruvian Tailless Bat,Chiroptera,Phyllostomidae,,none
Anoura latidens,Broad-toothed Tailless Bat,Chiroptera,Phyllostomidae,,none
Anoura luismanueli,Luis Manuel's Tailless Bat,Chiroptera,Phyllostomidae,,none
Anoura peruana,Tschudi's Tailless Bat,Chiroptera,Phyllostomidae,,none
Choeroniscus godmani,Godman's Long-tailed Bat,Chiroptera,Phyllostomidae,,none
Choeroniscus minor,Lesser Long-tailed Bat,Chiroptera,Phyllostomidae,,none
Choeroniscus periosus,Greater Long-tailed Bat,Chiroptera,Phyllostomidae,,none
Choeronycteris mexicana,Mexican Long-tongued Bat,Chiroptera,Phyllostomidae,Choeronycteris mexicana_Long-tongued Bat,exact
Dryadonycteris capixaba,Capixaba Nectar-feeding Bat,Chiroptera,Phyllostomidae,,none
Hylonycteris underwoodi,Underwood's Long-tongued Bat,Chiroptera,Phyllostomidae,,none
Lichonycteris degener,Pale Brown Long-tongued Bat,Chiroptera,Phyllostomidae,,none
Lichonycteris obscura,Dark Long-tongued Bat,Chiroptera,Phyllostomidae,,none
Musonycteris harrisoni,Banana Bat,Chiroptera,Phyllostomidae,,none
Scleronycteris ega,Ega Long-tongued Bat,Chiroptera,Phyllostomidae,,none
Glossophaga antillarum,Jamaican Long-tongued Bat,Chiroptera,Phyllostomidae,,none
Glossophaga bakeri,Baker's Long-tongued Bat,Chiroptera,Phyllostomidae,,none
Glossophaga commissarisi,Commissaris's Long-tongued Bat,Chiroptera,Phyllostomidae,,none
Glossophaga leachii,Gray's Long-tongued Bat,Chiroptera,Phyllostomidae,,none
Glossophaga longirostris,Miller's Long-tongued Bat,Chiroptera,Phyllostomidae,,none
Glossophaga morenoi,Western Long-tongued Bat,Chiroptera,Phyllostomidae,,none
Glossophaga mutica,Merriam's Long-tongued Bat,Chiroptera,Phyllostomidae,Glossophaga mutica_Merriam's Long-tongued Bat,exact
Glossophaga soricina,Pallas's Long-tongued Bat,Chiroptera,Phyllostomidae,Glossophaga soricina_Pallas's Long-tongued Bat,exact
Glossophaga valens,Ecuadorian Long-tongued Bat,Chiroptera,Phyllostomidae,,none
Leptonycteris curasoae,Southern Long-nosed Bat,Chiroptera,Phyllostomidae,,none
Leptonycteris nivalis,Greater Long-nosed Bat,Chiroptera,Phyllostomidae,,none
Leptonycteris yerbabuenae,Lesser Long-nosed Bat,Chiroptera,Phyllostomidae,Leptonycteris yerbabuenae_Lesser Long-nosed Bat,exact
Monophyllus plethodon,Eastern Antillean Single-leaf Bat,Chiroptera,Phyllostomidae,,none
Monophyllus redmani,Western Antillean Single-leaf Bat,Chiroptera,Phyllostomidae,,none
Glyphonycteris behnii,Behn's Big-eared Bat,Chiroptera,Phyllostomidae,,none
Glyphonycteris daviesi,Davies's Big-eared Bat,Chiroptera,Phyllostomidae,,none
Glyphonycteris sylvestris,Tricolored Big-eared Bat,Chiroptera,Phyllostomidae,,none
Neonycteris pusilla,Least Big-eared Bat,Chiroptera,Phyllostomidae,,none
Trinycteris nicefori,Niceforo's Big-eared Bat,Chiroptera,Phyllostomidae,,none
Hsunycteris cadenai,Cadena's Nectar Bat,Chiroptera,Phyllostomidae,,none
Hsunycteris dashe,Dashe's Nectar Bat,Chiroptera,Phyllostomidae,,none
Hsunycteris pattoni,Patton's Nectar Bat,Chiroptera,Phyllostomidae,,none
Hsunycteris thomasi,Thomas's Nectar Bat,Chiroptera,Phyllostomidae,,none
Lionycteris spurrelli,Chestnut Long-tongued Bat,Chiroptera,Phyllostomidae,,none
Lonchophylla bokermanni,Bokermann's Nectar Bat,Chiroptera,Phyllostomidae,,none
Lonchophylla chocoana,Chocoan Nectar Bat,Chiroptera,Phyllostomidae,,none
Lonchophylla concava,Goldman's Nectar Bat,Chiroptera,Phyllostomidae,,none
Lonchophylla dekeyseri,Dekeyser's Nectar Bat,Chiroptera,Phyllostomidae,,none
Lonchophylla fornicata,Pacific Forest Long-tongued Bat,Chiroptera,Phyllostomidae,,none
Lonchophylla handleyi,Handley's Nectar Bat,Chiroptera,Phyllostomidae,,none
Lonchophylla hesperia,Western Nectar Bat,Chiroptera,Phyllostomidae,,none
Lonchophylla inexpectata,Pale-bellied Nectar Bat,Chiroptera,Phyllostomidae,,none
Lonchophylla mordax,Brazilian Nectar Bat,Chiroptera,Phyllostomidae,,none
Lonchophylla orcesi,Orces's Long-tongued Bat,Chiroptera,Phyllostomidae,,none
Lonchophylla orienticollina,Eastern Cordilleran Nectar Bat,Chiroptera,Phyllostomidae,,none
Lonchophylla peracchii,Peracchi's Nectar Bat,Chiroptera,Phyllostomidae,,none
Lonchophylla robusta,Orange Nectar Bat,Chiroptera,Phyllostomidae,,none
Platalina genovensium,Long-snouted Bat,Chiroptera,Phyllostomidae,,none
Xeronycteris vieirai,Vieira's Long-tongued Bat,Chiroptera,Phyllostomidae,,none
Lonchorhina aurita,Common Sword-nosed Bat,Chiroptera,Phyllostomidae,Lonchorhina aurita_Tomes's Sword-nosed Bat,exact
Lonchorhina fernandezi,Fernandez's Sword-nosed Bat,Chiroptera,Phyllostomidae,,none
Lonchorhina inusitata,Uncommon Sword-nosed Bat,Chiroptera,Phyllostomidae,,none
Lonchorhina mankomara,Chiribiquete Sword-nosed Bat,Chiroptera,Phyllostomidae,,none
Lonchorhina marinkellei,Marinkelle's Sword-nosed Bat,Chiroptera,Phyllostomidae,,none
Lonchorhina orinocensis,Orinoco Sword-nosed Bat,Chiroptera,Phyllostomidae,,none
Macrotus californicus,Californian Leaf-nosed Bat,Chiroptera,Phyllostomidae,Macrotus californicus_California Leaf-nosed Bat,exact
Macrotus waterhousii,Waterhouse's Leaf-nosed Bat,Chiroptera,Phyllostomidae,Macrotus waterhousii_Waterhouse's Leaf-nosed Bat,exact
Lampronycteris brachyotis,Orange-throated Bat,Chiroptera,Phyllostomidae,,none
Micronycteris brosseti,Brosset's Big-eared Bat,Chiroptera,Phyllostomidae,,none
Micronycteris buriri,Saint Vincent Big-eared Bat,Chiroptera,Phyllostomidae,,none
Micronycteris giovanniae,Giovanni's Big-eared Bat,Chiroptera,Phyllostomidae,,none
Micronycteris hirsuta,Hairy Big-eared Bat,Chiroptera,Phyllostomidae,,none
Micronycteris matses,Matses Big-eared Bat,Chiroptera,Phyllostomidae,,none
Micronycteris megalotis,Little Big-eared Bat,Chiroptera,Phyllostomidae,,none
Micronycteris microtis,Common Big-eared Bat,Chiroptera,Phyllostomidae,Micronycteris microtis_Common Big-eared Bat,exact
Micronycteris minuta,Tiny Big-eared Bat,Chiroptera,Phyllostomidae,,none
Micronycteris sanborni,Sanborn's Big-eared Bat,Chiroptera,Phyllostomidae,,none
Micronycteris schmidtorum,Schmidts' Big-eared Bat,Chiroptera,Phyllostomidae,,none
Micronycteris simmonsae,Simmons's Big-eared Bat,Chiroptera,Phyllostomidae,,none
Micronycteris tresamici,Northern Big-eared Bat,Chiroptera,Phyllostomidae,,none
Micronycteris yatesi,Yates's Big-eared Bat,Chiroptera,Phyllostomidae,,none
Macrophyllum macrophyllum,Long-legged Bat,Chiroptera,Phyllostomidae,Macrophyllum macrophyllum_Long-legged Bat,exact
Trachops cirrhosus,Common Fringe-lipped Bat,Chiroptera,Phyllostomidae,Trachops cirrhosus_Common Fringe-lipped Bat,exact
Trachops coffini,Central American Fringe-lipped Bat,Chiroptera,Phyllostomidae,,none
Trachops ehrhardti,Atlantic Forest Fringe-lipped Bat,Chiroptera,Phyllostomidae,,none
Gardnerycteris crenulata,Striped Hairy-nosed Bat,Chiroptera,Phyllostomidae,Gardnerycteris crenulata_striped hairy-nosed bat,exact
Gardnerycteris keenani,Keenan's Hairy-nosed Bat,Chiroptera,Phyllostomidae,,none
Gardnerycteris koepckeae,Koepcke's Hairy-nosed Bat,Chiroptera,Phyllostomidae,,none
Lophostoma brasiliense,Pygmy Round-eared Bat,Chiroptera,Phyllostomidae,,none
Lophostoma carrikeri,Carriker's Round-eared Bat,Chiroptera,Phyllostomidae,,none
Lophostoma evote,Davis's Round-eared Bat,Chiroptera,Phyllostomidae,,none
Lophostoma kalkoae,Kalko's Round-eared Bat,Chiroptera,Phyllostomidae,,none
Lophostoma nicaraguae,Mesoamerican Round-eared Bat,Chiroptera,Phyllostomidae,,none
Lophostoma occidentale,Western Round-eared Bat,Chiroptera,Phyllostomidae,,none
Lophostoma schulzi,Schulz's Round-eared Bat,Chiroptera,Phyllostomidae,,none
Lophostoma silvicola,White-throated Round-eared Bat,Chiroptera,Phyllostomidae,Lophostoma silvicola_White-throated Round-eared Bat,exact
Phylloderma septentrionale,Northern Pale-faced Bat,Chiroptera,Phyllostomidae,,none
Phylloderma stenops,Southern Pale-faced Bat,Chiroptera,Phyllostomidae,,none
Phyllostomus discolor,Pale Spear-nosed Bat,Chiroptera,Phyllostomidae,Phyllostomus discolor_pale spear-nosed bat,exact
Phyllostomus elongatus,Lesser Spear-nosed Bat,Chiroptera,Phyllostomidae,,none
Phyllostomus hastatus,Greater Spear-nosed Bat,Chiroptera,Phyllostomidae,Phyllostomus hastatus_Greater Spear-nosed Bat,exact
Phyllostomus latifolius,Guianan Spear-nosed Bat,Chiroptera,Phyllostomidae,,none
Tonatia bakeri,Northern Stripe-headed Round-eared Bat,Chiroptera,Phyllostomidae,,none
Tonatia bidens,Greater Round-eared Bat,Chiroptera,Phyllostomidae,,none
Tonatia maresi,Southern Stripe-headed Round-eared Bat,Chiroptera,Phyllostomidae,,none
Chrotopterus auritus,Woolly False Vampire Bat,Chiroptera,Phyllostomidae,Chrotopterus auritus_Big-eared Woolly Bat,exact
Mimon bennettii,Southern Golden Bat,Chiroptera,Phyllostomidae,,none
Mimon cozumelae,Cozumelan Golden Bat,Chiroptera,Phyllostomidae,Mimon cozumelae_Cozumelan Golden Bat,exact
Vampyrum spectrum,Spectral Bat,Chiroptera,Phyllostomidae,,none
Rhinophylla alethina,Hairy Little Fruit Bat,Chiroptera,Phyllostomidae,,none
Rhinophylla fischerae,Fischer's Little Fruit Bat,Chiroptera,Phyllostomidae,,none
Rhinophylla pumilio,Dwarf Little Fruit Bat,Chiroptera,Phyllostomidae,,none
Artibeus aequatorialis,Ecuadorian Fruit-eating Bat,Chiroptera,Phyllostomidae,,none
Artibeus amplus,Large Fruit-eating Bat,Chiroptera,Phyllostomidae,,none
Artibeus concolor,Brown Fruit-eating Bat,Chiroptera,Phyllostomidae,,none
Artibeus fimbriatus,Fringed Fruit-eating Bat,Chiroptera,Phyllostomidae,,none
Artibeus fraterculus,Fraternal Fruit-eating Bat,Chiroptera,Phyllostomidae,,none
Artibeus hirsutus,Hairy Fruit-eating Bat,Chiroptera,Phyllostomidae,,none
Artibeus inopinatus,Honduran Fruit-eating Bat,Chiroptera,Phyllostomidae,,none
Artibeus intermedius,Intermediate Fruit-eating Bat,Chiroptera,Phyllostomidae,,none
Artibeus jamaicensis,Jamaican Fruit-eating Bat,Chiroptera,Phyllostomidae,Artibeus jamaicensis_Jamaican Fruit-eating Bat,exact
Artibeus lituratus,Great Fruit-eating Bat,Chiroptera,Phyllostomidae,Artibeus lituratus_Great Fruit-eating Bat,exact
Artibeus obscurus,Dark Fruit-eating Bat,Chiroptera,Phyllostomidae,Artibeus obscurus_Dark Fruit-eating Bat,exact
Artibeus planirostris,Flat-faced Fruit-eating Bat,Chiroptera,Phyllostomidae,Artibeus planirostris_Flat-faced Fruit-eating Bat,exact
Artibeus schwartzi,Schwartz's Fruit-eating Bat,Chiroptera,Phyllostomidae,,none
Dermanura anderseni,Andersen's Fruit-eating Bat,Chiroptera,Phyllostomidae,,none
Dermanura azteca,Aztec Fruit-eating Bat,Chiroptera,Phyllostomidae,Dermanura azteca_Aztec Fruit-eating Bat,exact
Dermanura bogotensis,Bogotá Fruit-eating Bat,Chiroptera,Phyllostomidae,,none
Dermanura cinerea,Gervais's Fruit-eating Bat,Chiroptera,Phyllostomidae,,none
Dermanura glauca,Silvery Fruit-eating Bat,Chiroptera,Phyllostomidae,,none
Dermanura gnomus,Dwarf Fruit-eating Bat,Chiroptera,Phyllostomidae,,none
Dermanura phaeotis,Pygmy Fruit-eating Bat,Chiroptera,Phyllostomidae,Dermanura phaeotis_Pygmy Fruit-eating Bat,exact
Dermanura rava,Little Fruit-eating Bat,Chiroptera,Phyllostomidae,,none
Dermanura rosenbergi,Rosenberg's Fruit-eating Bat,Chiroptera,Phyllostomidae,,none
Dermanura tolteca,Toltec Fruit-eating Bat,Chiroptera,Phyllostomidae,,none
Dermanura watsoni,Thomas's Fruit-eating Bat,Chiroptera,Phyllostomidae,Dermanura watsoni_Thomas's Fruit-eating Bat,exact
Ectophylla alba,Honduran White Bat,Chiroptera,Phyllostomidae,Ectophylla alba_Honduran White Bat,exact
Enchisthenes hartii,Velvety Fruit-eating Bat,Chiroptera,Phyllostomidae,,none
Ametrida centurio,Little White-shouldered Bat,Chiroptera,Phyllostomidae,,none
Ardops nichollsi,Tree Bat,Chiroptera,Phyllostomidae,,none
Ariteus flavescens,Jamaican Fig-eating Bat,Chiroptera,Phyllostomidae,,none
Centurio senex,Wrinkle-faced Bat,Chiroptera,Phyllostomidae,Centurio senex_wrinkle-faced bat,exact
Phyllops falcatus,Cuban Fig-eating Bat,Chiroptera,Phyllostomidae,,none
Pygoderma bilabiatum,Ipanema Broad-nosed Bat,Chiroptera,Phyllostomidae,,none
Sphaeronycteris toxophyllum,Visored Bat,Chiroptera,Phyllostomidae,,none
Stenoderma rufum,Red Fruit Bat,Chiroptera,Phyllostomidae,,none
Chiroderma doriae,Brazilian Big-eyed Bat,Chiroptera,Phyllostomidae,,none
Chiroderma gorgasi,Handley's Big-eyed Bat,Chiroptera,Phyllostomidae,,none
Chiroderma improvisum,Guadeloupean Big-eyed Bat,Chiroptera,Phyllostomidae,,none
Chiroderma salvini,Salvin's Big-eyed Bat,Chiroptera,Phyllostomidae,,none
Chiroderma scopaeum,Mexican Big-eyed Bat,Chiroptera,Phyllostomidae,,none
Chiroderma trinitatum,Little Big-eyed Bat,Chiroptera,Phyllostomidae,,none
Chiroderma villosum,Hairy Big-eyed Bat,Chiroptera,Phyllostomidae,Chiroderma villosum_Hairy Big-eyed Bat,exact
Mesophylla macconnelli,MacConnell's Bat,Chiroptera,Phyllostomidae,Mesophylla macconnelli_MacConnell's bat,exact
Platyrrhinus albericoi,Alberico's Broad-nosed Bat,Chiroptera,Phyllostomidae,,none
Platyrrhinus angustirostris,Slender Broad-nosed Bat,Chiroptera,Phyllostomidae,,none
Platyrrhinus aquilus,Darién Broad-nosed Bat,Chiroptera,Phyllostomidae,,none
Platyrrhinus aurarius,Eldorado Broad-nosed Bat,Chiroptera,Phyllostomidae,,none
Platyrrhinus brachycephalus,Short-headed Broad-nosed Bat,Chiroptera,Phyllostomidae,,none
Platyrrhinus dorsalis,Thomas's Broad-nosed Bat,Chiroptera,Phyllostomidae,,none
Platyrrhinus fusciventris,Brown-bellied Broad-nosed Bat,Chiroptera,Phyllostomidae,,none
Platyrrhinus guianensis,Guianan Broad-nosed Bat,Chiroptera,Phyllostomidae,,none
Platyrrhinus helleri,Heller's Broad-nosed Bat,Chiroptera,Phyllostomidae,Platyrrhinus helleri_Heller's Broad-nosed Bat,exact
Platyrrhinus incarum,Incan Broad-nosed Bat,Chiroptera,Phyllostomidae,,none
Platyrrhinus infuscus,Buffy Broad-nosed Bat,Chiroptera,Phyllostomidae,,none
Platyrrhinus ismaeli,Ismael's Broad-nosed Bat,Chiroptera,Phyllostomidae,,none
Platyrrhinus lineatus,White-lined Broad-nosed Bat,Chiroptera,Phyllostomidae,Platyrrhinus lineatus_White-lined Broad-nosed Bat,exact
Platyrrhinus masu,Quechuan Broad-nosed Bat,Chiroptera,Phyllostomidae,,none
Platyrrhinus matapalensis,Matapalo Broad-nosed Bat,Chiroptera,Phyllostomidae,,none
Platyrrhinus nitelinea,Western Broad-nosed Bat,Chiroptera,Phyllostomidae,,none
Platyrrhinus recifinus,Recife Broad-nosed Bat,Chiroptera,Phyllostomidae,,none
Platyrrhinus umbratus,Shadowy Broad-nosed Bat,Chiroptera,Phyllostomidae,,none
Platyrrhinus vittatus,Greater Broad-nosed Bat,Chiroptera,Phyllostomidae,,none
Uroderma bakeri,Baker's Tent-making Bat,Chiroptera,Phyllostomidae,,none
Uroderma bilobatum,Common Tent-making Bat,Chiroptera,Phyllostomidae,Uroderma bilobatum_Common tent-making Bat,exact
Uroderma convexum,Pacific Tent-making Bat,Chiroptera,Phyllostomidae,,none
Uroderma davisi,Davis's Tent-making Bat,Chiroptera,Phyllostomidae,,none
Uroderma magnirostrum,Brown Tent-making Bat,Chiroptera,Phyllostomidae,,none
Vampyressa elisabethae,Kalko's Yellow-eared Bat,Chiroptera,Phyllostomidae,,none
Vampyressa melissa,Melissa's Yellow-eared Bat,Chiroptera,Phyllostomidae,,none
Vampyressa pusilla,Southern Little Yellow-eared Bat,Chiroptera,Phyllostomidae,,none
Vampyressa thyone,Northern Little Yellow-eared Bat,Chiroptera,Phyllostomidae,,none
Vampyressa villai,Villa's Little Yellow-eared Bat,Chiroptera,Phyllostomidae,,none
Vampyressa voragine,Voragine's Yellow-eared Bat,Chiroptera,Phyllostomidae,,none
Vampyriscus bidens,Bidentate Yellow-eared Bat,Chiroptera,Phyllostomidae,,none
Vampyriscus brocki,Brock's Yellow-eared Bat,Chiroptera,Phyllostomidae,,none
Vampyriscus nymphaeus,Striped Yellow-eared Bat,Chiroptera,Phyllostomidae,,none
Vampyrodes caraccioli,Caracciolo's Stripe-faced Bat,Chiroptera,Phyllostomidae,,none
Vampyrodes major,Great Stripe-faced Bat,Chiroptera,Phyllostomidae,,none
Sturnira adrianae,Adriana's Yellow-shouldered Bat,Chiroptera,Phyllostomidae,,none
Sturnira angeli,Dominica Yellow-shouldered Bat,Chiroptera,Phyllostomidae,,none
Sturnira aratathomasi,Arata-Thomas Yellow-shouldered Bat,Chiroptera,Phyllostomidae,,none
Sturnira bakeri,Baker's Yellow-shouldered Bat,Chiroptera,Phyllostomidae,,none
Sturnira bidens,Bidentate Yellow-shouldered Bat,Chiroptera,Phyllostomidae,,none
Sturnira boadai,Boada's Yellow-shouldered Bat,Chiroptera,Phyllostomidae,,none
Sturnira bogotensis,Bogotá Yellow-shouldered Bat,Chiroptera,Phyllostomidae,,none
Sturnira burtonlimi,Burton's Yellow-shouldered Bat,Chiroptera,Phyllostomidae,,none
Sturnira erythromos,Hairy Yellow-shouldered Bat,Chiroptera,Phyllostomidae,,none
Sturnira giannae,Gianna's Yellow-shouldered Bat,Chiroptera,Phyllostomidae,,none
Sturnira hondurensis,Honduran Yellow-shouldered Bat,Chiroptera,Phyllostomidae,Sturnira hondurensis_Honduran Yellow-shouldered Bat,exact
Sturnira koopmanhilli,Choco Yellow-shouldered Bat,Chiroptera,Phyllostomidae,,none
Sturnira lilium,Little Yellow-shouldered Bat,Chiroptera,Phyllostomidae,Sturnira lilium_Little Yellow-shouldered Bat,exact
Sturnira ludovici,Highland Yellow-shouldered Bat,Chiroptera,Phyllostomidae,,none
Sturnira luisi,Luis's Yellow-shouldered Bat,Chiroptera,Phyllostomidae,,none
Sturnira magna,Greater Yellow-shouldered Bat,Chiroptera,Phyllostomidae,,none
Sturnira mistratensis,Mistratoan Yellow-shouldered Bat,Chiroptera,Phyllostomidae,,none
Sturnira mordax,Talamancan Yellow-shouldered Bat,Chiroptera,Phyllostomidae,,none
Sturnira nana,Lesser Yellow-shouldered Bat,Chiroptera,Phyllostomidae,,none
Sturnira oporaphilum,Tschudi's Yellow-shouldered Bat,Chiroptera,Phyllostomidae,,none
Sturnira parvidens,Northern Yellow-shouldered Bat,Chiroptera,Phyllostomidae,Sturnira parvidens_Northern Yellow-shouldered Bat,exact
Sturnira paulsoni,Paulson's Yellow-shouldered Bat,Chiroptera,Phyllostomidae,,none
Sturnira perla,Perla Yellow-shouldered Bat,Chiroptera,Phyllostomidae,,none
Sturnira sorianoi,Soriano's Yellow-shouldered Bat,Chiroptera,Phyllostomidae,,none
Sturnira tildae,Tilda's Yellow-shouldered Bat,Chiroptera,Phyllostomidae,,none
Thyroptera devivoi,De Vivo's Disk-winged Bat,Chiroptera,Thyropteridae,,none
Thyroptera discifera,Peters's Disk-winged Bat,Chiroptera,Thyropteridae,,none
Thyroptera lavali,LaVal's Disk-winged Bat,Chiroptera,Thyropteridae,,none
Thyroptera tricolor,Spix's Disk-winged Bat,Chiroptera,Thyropteridae,Thyroptera tricolor_Spix's Disk-winged Bat,exact
Thyroptera wynneae,Patricia's Disk-winged Bat,Chiroptera,Thyropteridae,,none
Cistugo lesueuri,Le Sueur's Wing-gland Bat,Chiroptera,Cistugidae,,none
Cistugo seabrae,Angolan Wing-gland Bat,Chiroptera,Cistugidae,,none
Miniopterus aelleni,Aellen's Long-fingered Bat,Chiroptera,Miniopteridae,,none
Miniopterus africanus,African Long-fingered Bat,Chiroptera,Miniopteridae,,none
Miniopterus ambohitrensis,Montagne d'Ambre Long-fingered Bat,Chiroptera,Miniopteridae,,none
Miniopterus arenarius,Sandy Long-fingered Bat,Chiroptera,Miniopteridae,,none
Miniopterus australis,Little Long-fingered Bat,Chiroptera,Miniopteridae,Miniopterus australis_Little Bent-winged Bat,exact
Miniopterus brachytragos,Madagascar Long-fingered Bat,Chiroptera,Miniopteridae,,none
Miniopterus egeri,Eger's Long-fingered Bat,Chiroptera,Miniopteridae,,none
Miniopterus eschscholtzii,Eschscholtz's Long-fingered Bat,Chiroptera,Miniopteridae,,none
Miniopterus fraterculus,Lesser Long-fingered Bat,Chiroptera,Miniopteridae,,none
Miniopterus fuliginosus,Asian Long-fingered Bat,Chiroptera,Miniopteridae,Miniopterus fuliginosus_Eastern Bent-winged Bat,exact
Miniopterus fuscus,Ryukyu Long-fingered Bat,Chiroptera,Miniopteridae,,none
Miniopterus gleni,Glen's Long-fingered Bat,Chiroptera,Miniopteridae,,none
Miniopterus griffithsi,Griffiths's Long-fingered Bat,Chiroptera,Miniopteridae,,none
Miniopterus griveaudi,Griveaud's Long-fingered Bat,Chiroptera,Miniopteridae,,none
Miniopterus inflatus,Greater Long-fingered Bat,Chiroptera,Miniopteridae,,none
Miniopterus macrocneme,Small Melanesian Long-fingered Bat,Chiroptera,Miniopteridae,,none
Miniopterus maghrebensis,Maghrebian Long-fingered Bat,Chiroptera,Miniopteridae,,none
Miniopterus magnater,Large Long-fingered Bat,Chiroptera,Miniopteridae,,none
Miniopterus mahafaliensis,Mahafaly Long-fingered Bat,Chiroptera,Miniopteridae,,none
Miniopterus majori,Major's Long-fingered Bat,Chiroptera,Miniopteridae,,none
Miniopterus manavi,Manavil Long-fingered Bat,Chiroptera,Miniopteridae,,none
Miniopterus medius,Intermediate Long-fingered Bat,Chiroptera,Miniopteridae,,none
Miniopterus minor,Least Long-fingered Bat,Chiroptera,Miniopteridae,,none
Miniopterus mossambicus,Mozambican Long-fingered Bat,Chiroptera,Miniopteridae,,none
Miniopterus natalensis,Natal Long-fingered Bat,Chiroptera,Miniopteridae,Miniopterus natalensis_Natal Long-fingered Bat,exact
Miniopterus newtoni,Newton's Long-fingered Bat,Chiroptera,Miniopteridae,,none
Miniopterus nimbae,Nimba Long-fingered Bat,Chiroptera,Miniopteridae,,none
Miniopterus orianae,Australian Long-fingered Bat,Chiroptera,Miniopteridae,Miniopterus orianae_Australasian Bent-winged Bat,exact
Miniopterus pallidus,Pallid Long-fingered Bat,Chiroptera,Miniopteridae,,none
Miniopterus paululus,Philippine Long-fingered Bat,Chiroptera,Miniopteridae,,none
Miniopterus petersoni,Peterson's Long-fingered Bat,Chiroptera,Miniopteridae,,none
Miniopterus phillipsi,Phillips's Long-fingered Bat,Chiroptera,Miniopteridae,,none
Miniopterus pusillus,Small Long-fingered Bat,Chiroptera,Miniopteridae,,none
Miniopterus robustior,Loyalty Long-fingered Bat,Chiroptera,Miniopteridae,,none
Miniopterus schreibersii,Schreibers's Long-fingered Bat,Chiroptera,Miniopteridae,Miniopterus schreibersii_Schreibers' Long-fingered Bat,exact
Miniopterus shortridgei,Shortridge's Long-fingered Bat,Chiroptera,Miniopteridae,,none
Miniopterus sororculus,Sororcula Long-fingered Bat,Chiroptera,Miniopteridae,,none
Miniopterus srinii,Srini's Long-fingered Bat,Chiroptera,Miniopteridae,,none
Miniopterus tristis,Great Long-fingered Bat,Chiroptera,Miniopteridae,,none
Miniopterus villiersi,Villiers's Long-fingered Bat,Chiroptera,Miniopteridae,,none
Miniopterus wilsoni,Wilson's Long-fingered Bat,Chiroptera,Miniopteridae,,none
Austronomus australis,White-striped Free-tailed Bat,Chiroptera,Molossidae,Austronomus australis_White-striped Free-tailed Bat,exact
Austronomus kuboriensis,New Guinea Free-tailed Bat,Chiroptera,Molossidae,,none
Cabreramops aequatorianus,Equatorial Dog-faced Bat,Chiroptera,Molossidae,,none
Cheiromeles parvidens,Lesser Naked Bat,Chiroptera,Molossidae,,none
Cheiromeles torquatus,Greater Naked Bat,Chiroptera,Molossidae,,none
Cynomops abrasus,Cinnamon Dog-faced Bat,Chiroptera,Molossidae,,none
Cynomops freemani,Freeman's Dog-faced Bat,Chiroptera,Molossidae,,none
Cynomops greenhalli,Greenhall's Dog-faced Bat,Chiroptera,Molossidae,,none
Cynomops kuizha,Awa Dog-faced Bat,Chiroptera,Molossidae,,none
Cynomops mastivus,Thomas's Dog-faced Bat,Chiroptera,Molossidae,,none
Cynomops mexicanus,Mexican Dog-faced Bat,Chiroptera,Molossidae,,none
Cynomops milleri,Miller's Dog-faced Bat,Chiroptera,Molossidae,,none
Cynomops planirostris,Southern Dog-faced Bat,Chiroptera,Molossidae,Cynomops planirostris_southern dog-faced bat,exact
Cynomops tonkigui,Waorani Dog-faced Bat,Chiroptera,Molossidae,,none
Eumops auripendulus,Black Bonneted Bat,Chiroptera,Molossidae,Eumops auripendulus_Black Bonneted Bat,exact
Eumops bonariensis,Common Dwarf Bonneted Bat,Chiroptera,Molossidae,Eumops bonariensis_Dwarf Bonneted Bat,exact
Eumops chimaera,Chimera's Bonneted Bat,Chiroptera,Molossidae,,none
Eumops chiribaya,Chiribaya's Bonneted Bat,Chiroptera,Molossidae,,none
Eumops dabbenei,Big Bonneted Bat,Chiroptera,Molossidae,,none
Eumops delticus,Delta Bonneted Bat,Chiroptera,Molossidae,,none
Eumops ferox,Fierce Bonneted Bat,Chiroptera,Molossidae,,none
Eumops floridanus,Florida Bonneted Bat,Chiroptera,Molossidae,Eumops floridanus_Florida Bonneted Bat,exact
Eumops glaucinus,Wagner's Bonneted Bat,Chiroptera,Molossidae,Eumops glaucinus_Wagner's Bonneted Bat,exact
Eumops hansae,Sanborn's Bonneted Bat,Chiroptera,Molossidae,,none
Eumops maurus,Guianan Bonneted Bat,Chiroptera,Molossidae,,none
Eumops nanus,Northern Dwarf Bonneted Bat,Chiroptera,Molossidae,,none
Eumops patagonicus,Patagonian Dwarf Bonneted Bat,Chiroptera,Molossidae,,none
Eumops perotis,Western Bonneted Bat,Chiroptera,Molossidae,Eumops perotis_Western Bonneted Bat,exact
Eumops trumbulli,Trumbull's Bonneted Bat,Chiroptera,Molossidae,,none
Eumops underwoodi,Underwood's Bonneted Bat,Chiroptera,Molossidae,,none
Eumops wilsoni,Wilson's Bonneted Bat,Chiroptera,Molossidae,,none
Micronomus norfolkensis,East Coast Free-tailed Bat,Chiroptera,Molossidae,Micronomus norfolkensis_East Coast Free-tailed Bat,exact
Molossops griseiventer,Colombian Dog-faced Bat,Chiroptera,Molossidae,,none
Molossops neglectus,Rufous Dog-faced Bat,Chiroptera,Molossidae,,none
Molossops temminckii,Dwarf Dog-faced Bat,Chiroptera,Molossidae,,none
Molossus alvarezi,Alvarez's Mastiff Bat,Chiroptera,Molossidae,,none
Molossus aztecus,Aztec Mastiff Bat,Chiroptera,Molossidae,,none
Molossus bondae,Bonda Mastiff Bat,Chiroptera,Molossidae,,none
Molossus coibensis,Coiban Mastiff Bat,Chiroptera,Molossidae,,none
Molossus currentium,Thomas's Mastiff Bat,Chiroptera,Molossidae,,none
Molossus fentoni,Fenton's Mastiff Bat,Chiroptera,Molossidae,,none
Molossus fluminensis,Southern Black Mastiff Bat,Chiroptera,Molossidae,,none
Molossus melini,Melin's Mastiff Bat,Chiroptera,Molossidae,,none
Molossus molossus,Pallas's Mastiff Bat,Chiroptera,Molossidae,Molossus molossus_Velvety Free-tailed Bat,exact
Molossus nigricans,Northern Black Mastiff Bat,Chiroptera,Molossidae,Molossus nigricans_Black mastiff bat,exact
Molossus paranaensis,Paraná River Mastiff Bat,Chiroptera,Molossidae,,none
Molossus pretiosus,Miller's Mastiff Bat,Chiroptera,Molossidae,,none
Molossus rufus,Common Black Mastiff Bat,Chiroptera,Molossidae,Molossus rufus_Black Mastiff Bat,exact
Molossus sinaloae,Sinaloan Mastiff Bat,Chiroptera,Molossidae,Molossus sinaloae_Sinaloan Mastiff Bat,exact
Molossus tropidorhynchus,Pug-nosed Mastiff Bat,Chiroptera,Molossidae,,none
Molossus verrilli,Hispaniolan Mastiff Bat,Chiroptera,Molossidae,,none
Mops aloysiisabaudiae,Duke of Abruzzi's Free-tailed Bat,Chiroptera,Molossidae,,none
Mops ansorgei,Ansorge's Free-tailed Bat,Chiroptera,Molossidae,,none
Mops atsinanana,Madagascar Free-tailed Bat,Chiroptera,Molossidae,,none
Mops bakarii,Bakari's Free-tailed Bat,Chiroptera,Molossidae,,none
Mops bemmeleni,Gland-tailed Free-tailed Bat,Chiroptera,Molossidae,,none
Mops bivittatus,Spotted Free-tailed Bat,Chiroptera,Molossidae,,none
Mops brachypterus,Short-winged Free-tailed Bat,Chiroptera,Molossidae,,none
Mops bregullae,Fijian Free-tailed Bat,Chiroptera,Molossidae,,none
Mops chapini,Long-crested Free-tailed Bat,Chiroptera,Molossidae,,none
Mops condylurus,Angolan Free-tailed Bat,Chiroptera,Molossidae,Mops condylurus_Angolan Free-tailed Bat,exact
Mops congicus,Congo Free-tailed Bat,Chiroptera,Molossidae,,none
Mops demonstrator,Mongalla Free-tailed Bat,Chiroptera,Molossidae,,none
Mops gallagheri,Gallagher's Free-tailed Bat,Chiroptera,Molossidae,,none
Mops jobensis,Greater Northern Free-tailed Bat,Chiroptera,Molossidae,Mops jobensis_Northern Free-tailed Bat,exact
Mops jobimena,Black-and-red Free-tailed Bat,Chiroptera,Molossidae,,none
Mops johorensis,Lesser Northern Free-tailed Bat,Chiroptera,Molossidae,,none
Mops leucogaster,Grandidier's Free-tailed Bat,Chiroptera,Molossidae,,none
Mops leucostigma,Malagasy White-bellied Free-tailed Bat,Chiroptera,Molossidae,,none
Mops major,Lappet-eared Free-tailed Bat,Chiroptera,Molossidae,,none
Mops midas,Midas Free-tailed Bat,Chiroptera,Molossidae,,none
Mops mops,Malayan Free-tailed Bat,Chiroptera,Molossidae,,none
Mops nanulus,Dwarf Free-tailed Bat,Chiroptera,Molossidae,,none
Mops niangarae,Niangara Free-tailed Bat,Chiroptera,Molossidae,,none
Mops nigeriae,Nigerian Free-tailed Bat,Chiroptera,Molossidae,,none
Mops niveiventer,White-bellied Free-tailed Bat,Chiroptera,Molossidae,,none
Mops petersoni,Peterson's Free-tailed Bat,Chiroptera,Molossidae,,none
Mops plicatus,Wrinkle-lipped Free-tailed Bat,Chiroptera,Molossidae,Mops plicatus_Wrinkle-lipped Bat,exact
Mops pumilus,Little Free-tailed Bat,Chiroptera,Molossidae,Mops pumilus_Little Free-tailed Bat,exact
Mops pusillus,Seychelles Free-tailed Bat,Chiroptera,Molossidae,,none
Mops russatus,Russet Free-tailed Bat,Chiroptera,Molossidae,,none
Mops sarasinorum,Sulawesian Free-tailed Bat,Chiroptera,Molossidae,,none
Mops solomonis,Solomons Free-tailed Bat,Chiroptera,Molossidae,,none
Mops spurrelli,Spurrell's Free-tailed Bat,Chiroptera,Molossidae,,none
Mops thersites,Railer Free-tailed Bat,Chiroptera,Molossidae,,none
Mops tomensis,Sao Tome Free-tailed Bat,Chiroptera,Molossidae,,none
Mops trevori,Trevor's Free-tailed Bat,Chiroptera,Molossidae,,none
Mormopterus acetabulosus,Mauritian Little Mastiff Bat,Chiroptera,Molossidae,,none
Mormopterus doriae,Sumatran Little Mastiff Bat,Chiroptera,Molossidae,,none
Mormopterus francoismoutoui,Reunion Little Mastiff Bat,Chiroptera,Molossidae,,none
Mormopterus jugularis,Peters's Little Mastiff Bat,Chiroptera,Molossidae,,none
Mormopterus kalinowskii,Kalinowski's Little Mastiff Bat,Chiroptera,Molossidae,,none
Mormopterus minutus,Least Little Mastiff Bat,Chiroptera,Molossidae,,none
Mormopterus phrudus,Incan Little Mastiff Bat,Chiroptera,Molossidae,,none
Myopterus daubentonii,Daubenton's Winged-mouse Bat,Chiroptera,Molossidae,,none
Myopterus whitleyi,Bini Winged-mouse Bat,Chiroptera,Molossidae,,none
Neoplatymops mattogrossensis,Mato Grosso Dog-faced Bat,Chiroptera,Molossidae,,none
Nyctinomops aurispinosus,Peale's Free-tailed Bat,Chiroptera,Molossidae,,none
Nyctinomops femorosaccus,Pocketed Free-tailed Bat,Chiroptera,Molossidae,Nyctinomops femorosaccus_Pocketed Free-tailed Bat,exact
Nyctinomops laticaudatus,Broad-eared Free-tailed Bat,Chiroptera,Molossidae,Nyctinomops laticaudatus_Broad-eared Free-tailed Bat,exact
Nyctinomops macrotis,Big Free-tailed Bat,Chiroptera,Molossidae,Nyctinomops macrotis_Big Free-tailed Bat,exact
Nyctinomus aegyptiacus,Egyptian Free-tailed Bat,Chiroptera,Molossidae,Tadarida aegyptiaca_Egyptian Free-tailed Bat,synonym
Otomops formosus,Java Giant Mastiff Bat,Chiroptera,Molossidae,,none
Otomops harrisoni,Harrison's Giant Mastiff Bat,Chiroptera,Molossidae,,none
Otomops johnstonei,Johnstone's Giant Mastiff Bat,Chiroptera,Molossidae,,none
Otomops madagascariensis,Madagascar Giant Mastiff Bat,Chiroptera,Molossidae,,none
Otomops martiensseni,Large-eared Giant Mastiff Bat,Chiroptera,Molossidae,,none
Otomops papuensis,Papuan Giant Mastiff Bat,Chiroptera,Molossidae,,none
Otomops secundus,Mantled Giant Mastiff Bat,Chiroptera,Molossidae,,none
Otomops wroughtoni,Wroughton's Giant Mastiff Bat,Chiroptera,Molossidae,,none
Ozimops beccarii,Beccari's Free-tailed Bat,Chiroptera,Molossidae,,none
Ozimops cobourgianus,Northern Coastal Free-tailed Bat,Chiroptera,Molossidae,,none
Ozimops halli,Cape York Free-tailed Bat,Chiroptera,Molossidae,,none
Ozimops kitcheneri,Southwestern Free-tailed Bat,Chiroptera,Molossidae,,none
Ozimops loriae,Loria's Free-tailed Bat,Chiroptera,Molossidae,,none
Ozimops lumsdenae,Lumsden's Free-tailed Bat,Chiroptera,Molossidae,Ozimops lumsdenae_Northern Free-tailed Bat,exact
Ozimops petersi,Inland Free-tailed Bat,Chiroptera,Molossidae,Ozimops petersi_Inland Free-tailed Bat,exact
Ozimops planiceps,Southern Free-tailed Bat,Chiroptera,Molossidae,Ozimops planiceps_Southeastern Free-tailed Bat,exact
Ozimops ridei,Ride's Free-tailed Bat,Chiroptera,Molossidae,Ozimops ridei_Eastern Free-tailed Bat,exact
Platymops setiger,Peters's Flat-headed Bat,Chiroptera,Molossidae,,none
Promops centralis,Big Crested Mastiff Bat,Chiroptera,Molossidae,Promops centralis_big crested mastiff bat,exact
Promops davisoni,Davison's Mastiff Bat,Chiroptera,Molossidae,,none
Promops nasutus,Brown Mastiff Bat,Chiroptera,Molossidae,Promops nasutus_brown mastiff bat,exact
Sauromys petrophilus,Roberts's Flat-headed Bat,Chiroptera,Molossidae,,none
Setirostris eleryi,Hairy-nosed Free-tailed Bat,Chiroptera,Molossidae,,none
Tadarida brasiliensis,Brazilian Free-tailed Bat,Chiroptera,Molossidae,Tadarida brasiliensis_Mexican Free-tailed Bat,exact
Tadarida fulminans,Malagasy Free-tailed Bat,Chiroptera,Molossidae,,none
Tadarida insignis,East Asian Free-tailed Bat,Chiroptera,Molossidae,,none
Tadarida latouchei,La Touche's Free-tailed Bat,Chiroptera,Molossidae,,none
Tadarida lobata,Kenyan Big-eared Free-tailed Bat,Chiroptera,Molossidae,,none
Tadarida teniotis,European Free-tailed Bat,Chiroptera,Molossidae,Tadarida teniotis_European Free-tailed Bat,exact
Tadarida ventralis,African Giant Free-tailed Bat,Chiroptera,Molossidae,,none
Tomopeas ravum,Blunt-eared Bat,Chiroptera,Molossidae,,none
Chilonatalus macer,Cuban Lesser Funnel-eared Bat,Chiroptera,Natalidae,,none
Chilonatalus micropus,Caribbean Lesser Funnel-eared Bat,Chiroptera,Natalidae,,none
Chilonatalus tumidifrons,Bahamian Lesser Funnel-eared Bat,Chiroptera,Natalidae,,none
Natalus jamaicensis,Jamaican Greater Funnel-eared Bat,Chiroptera,Natalidae,,none
Natalus macrourus,Brazilian Funnel-eared Bat,Chiroptera,Natalidae,,none
Natalus major,Hispaniolan Greater Funnel-eared Bat,Chiroptera,Natalidae,,none
Natalus mexicanus,Mexican Funnel-eared Bat,Chiroptera,Natalidae,Natalus mexicanus_Mexican Greater Funnel-eared Bat,exact
Natalus primus,Cuban Greater Funnel-eared Bat,Chiroptera,Natalidae,,none
Natalus stramineus,Lesser Antillean Funnel-eared Bat,Chiroptera,Natalidae,,none
Natalus tumidirostris,Trinidadian Funnel-eared Bat,Chiroptera,Natalidae,,none
Nyctiellus lepidus,Gervais's Funnel-eared Bat,Chiroptera,Natalidae,,none
Kerivoula africana,Tanzanian Woolly Bat,Chiroptera,Vespertilionidae,,none
Kerivoula agnella,Saint Aignan's Woolly Bat,Chiroptera,Vespertilionidae,,none
Kerivoula argentata,Damara Woolly Bat,Chiroptera,Vespertilionidae,,none
Kerivoula crypta,Cryptic Woolly Bat,Chiroptera,Vespertilionidae,,none
Kerivoula cuprosa,Coppery Woolly Bat,Chiroptera,Vespertilionidae,,none
Kerivoula depressa,Flat-skulled Woolly Bat,Chiroptera,Vespertilionidae,,none
Kerivoula dongduongana,Indochinese Woolly Bat,Chiroptera,Vespertilionidae,,none
Kerivoula eriophora,Ethiopian Woolly Bat,Chiroptera,Vespertilionidae,,none
Kerivoula flora,Flores Woolly Bat,Chiroptera,Vespertilionidae,,none
Kerivoula furva,Dark Woolly Bat,Chiroptera,Vespertilionidae,,none
Kerivoula hardwickii,Hardwicke's Woolly Bat,Chiroptera,Vespertilionidae,,none
Kerivoula intermedia,Small Woolly Bat,Chiroptera,Vespertilionidae,,none
Kerivoula kachinensis,Kachin Woolly Bat,Chiroptera,Vespertilionidae,,none
Kerivoula krauensis,Krau Woolly Bat,Chiroptera,Vespertilionidae,,none
Kerivoula lanosa,Lesser Woolly Bat,Chiroptera,Vespertilionidae,,none
Kerivoula lenis,Lenis Woolly Bat,Chiroptera,Vespertilionidae,,none
Kerivoula malpasi,Sri Lankan Woolly Bat,Chiroptera,Vespertilionidae,,none
Kerivoula minuta,Least Woolly Bat,Chiroptera,Vespertilionidae,,none
Kerivoula muscina,Fly River Woolly Bat,Chiroptera,Vespertilionidae,,none
Kerivoula myrella,Bismarck Woolly Bat,Chiroptera,Vespertilionidae,,none
Kerivoula papillosa,Papillose Woolly Bat,Chiroptera,Vespertilionidae,,none
Kerivoula pellucida,Clear-winged Woolly Bat,Chiroptera,Vespertilionidae,,none
Kerivoula phalaena,Spurrell's Woolly Bat,Chiroptera,Vespertilionidae,,none
Kerivoula picta,Painted Woolly Bat,Chiroptera,Vespertilionidae,,none
Kerivoula pusilla,Bornean Woolly Bat,Chiroptera,Vespertilionidae,,none
Kerivoula smithii,Smith's Woolly Bat,Chiroptera,Vespertilionidae,,none
Kerivoula titania,Titania's Woolly Bat,Chiroptera,Vespertilionidae,,none
Kerivoula whiteheadi,Whitehead's Woolly Bat,Chiroptera,Vespertilionidae,,none
Phoniscus aerosus,Dubious Trumpet-eared Bat,Chiroptera,Vespertilionidae,,none
Phoniscus atrox,Groove-toothed Trumpet-eared Bat,Chiroptera,Vespertilionidae,,none
Phoniscus jagorii,Peters's Trumpet-eared Bat,Chiroptera,Vespertilionidae,,none
Phoniscus papuensis,Golden-tipped Bat,Chiroptera,Vespertilionidae,,none
Harpiocephalus harpia,Hairy-winged Bat,Chiroptera,Vespertilionidae,,none
Harpiola grisea,Gray Tube-nosed Bat,Chiroptera,Vespertilionidae,,none
Harpiola isodon,Formosan Tube-nosed Bat,Chiroptera,Vespertilionidae,,none
Murina aenea,Bronze Tube-nosed Bat,Chiroptera,Vespertilionidae,,none
Murina alvarezi,Alvarez's Tube-nosed Bat,Chiroptera,Vespertilionidae,,none
Murina annamitica,Annamite Tube-nosed Bat,Chiroptera,Vespertilionidae,,none
Murina aurata,Little Tube-nosed Bat,Chiroptera,Vespertilionidae,,none
Murina balaensis,Bala Tube-nosed Bat,Chiroptera,Vespertilionidae,,none
Murina baletei,Balete's Tube-nosed Bat,Chiroptera,Vespertilionidae,,none
Murina beelzebub,Beelzebub Tube-nosed Bat,Chiroptera,Vespertilionidae,,none
Murina beibengensis,Beibeng Tube-nosed Bat,Chiroptera,Vespertilionidae,,none
Murina bicolor,Bicolored Tube-nosed Bat,Chiroptera,Vespertilionidae,,none
Murina chayuensis,Chayu Tube-nosed Bat,Chiroptera,Vespertilionidae,,none
Murina chrysochaetes,Golden-haired Tube-nosed Bat,Chiroptera,Vespertilionidae,,none
Murina cyclotis,Round-eared Tube-nosed Bat,Chiroptera,Vespertilionidae,,none
Murina eleryi,Elery's Tube-nosed Bat,Chiroptera,Vespertilionidae,,none
Murina feae,Fea's Tube-nosed Bat,Chiroptera,Vespertilionidae,,none
Murina fionae,Fiona's Tube-nosed Bat,Chiroptera,Vespertilionidae,,none
Murina florium,Flores Tube-nosed Bat,Chiroptera,Vespertilionidae,,none
Murina fusca,Dusky Tube-nosed Bat,Chiroptera,Vespertilionidae,,none
Murina gracilis,Gracile Tube-nosed Bat,Chiroptera,Vespertilionidae,,none
Murina guilleni,Guillen's Tube-nosed Bat,Chiroptera,Vespertilionidae,,none
Murina harpioloides,Vietnamese Tube-nosed Bat,Chiroptera,Vespertilionidae,,none
Murina harrisoni,Harrison's Tube-nosed Bat,Chiroptera,Vespertilionidae,,none
Murina hilgendorfi,Hilgendorf's Tube-nosed Bat,Chiroptera,Vespertilionidae,Murina hilgendorfi_Greater Tube-nosed Bat,exact
Murina hilonghilong,Hilong-hilong Tube-nosed Bat,Chiroptera,Vespertilionidae,,none
Murina hkakaboraziensis,Hkakabo Razi Tube-nosed Bat,Chiroptera,Vespertilionidae,,none
Murina huanglianensis,Huanglianshan Tube-nosed Bat,Chiroptera,Vespertilionidae,,none
Murina huttonii,Hutton's Tube-nosed Bat,Chiroptera,Vespertilionidae,,none
Murina jaintiana,Jaintia Tube-nosed Bat,Chiroptera,Vespertilionidae,,none
Murina jinchui,Jinchu's Tube-nosed Bat,Chiroptera,Vespertilionidae,,none
Murina kontumensis,Kon Tum Tube-nosed Bat,Chiroptera,Vespertilionidae,,none
Murina leucogaster,Rufous Tube-nosed Bat,Chiroptera,Vespertilionidae,,none
Murina liboensis,Libo Tube-nosed Bat,Chiroptera,Vespertilionidae,,none
Murina lorelieae,Lorelie's Tube-nosed Bat,Chiroptera,Vespertilionidae,,none
Murina luzonensis,Luzon Tube-nosed Bat,Chiroptera,Vespertilionidae,,none
Murina medogensis,Medog Tube-nosed Bat,Chiroptera,Vespertilionidae,,none
Murina milinensis,Milin Tube-nosed Bat,Chiroptera,Vespertilionidae,,none
Murina mindorensis,Mindoro Tube-nosed Bat,Chiroptera,Vespertilionidae,,none
Murina peninsularis,Peninsular Tube-nosed Bat,Chiroptera,Vespertilionidae,,none
Murina philippinensis,Philippine Tube-nosed Bat,Chiroptera,Vespertilionidae,,none
Murina pluvialis,Rainforest Tube-nosed Bat,Chiroptera,Vespertilionidae,,none
Murina puta,Taiwan Tube-nosed Bat,Chiroptera,Vespertilionidae,,none
Murina recondita,Hidden Tube-nosed Bat,Chiroptera,Vespertilionidae,,none
Murina rozendaali,Gilded Tube-nosed Bat,Chiroptera,Vespertilionidae,,none
Murina rubella,Fujian Tube-nosed Bat,Chiroptera,Vespertilionidae,,none
Murina ryukyuana,Ryukyu Tube-nosed Bat,Chiroptera,Vespertilionidae,,none
Murina shuipuensis,Shuipu Tube-nosed Bat,Chiroptera,Vespertilionidae,,none
Murina suilla,Brown Tube-nosed Bat,Chiroptera,Vespertilionidae,,none
Murina tenebrosa,Gloomy Tube-nosed Bat,Chiroptera,Vespertilionidae,,none
Murina tubinaris,Scully's Tube-nosed Bat,Chiroptera,Vespertilionidae,,none
Murina ussuriensis,Ussuri Tube-nosed Bat,Chiroptera,Vespertilionidae,,none
Murina walstoni,Walston's Tube-nosed Bat,Chiroptera,Vespertilionidae,,none
Murina yadongensis,Yadong Tube-nosed Bat,Chiroptera,Vespertilionidae,,none
Murina yuanyang,Yuanyang Tube-nosed Bat,Chiroptera,Vespertilionidae,,none
Murina yushuensis,Yushu Tube-nosed Bat,Chiroptera,Vespertilionidae,,none
Eudiscopus denticulus,Disk-footed Bat,Chiroptera,Vespertilionidae,,none
Myotis adversus,Gray Large-footed Myotis,Chiroptera,Vespertilionidae,,none
Myotis albescens,Silver-tipped Myotis,Chiroptera,Vespertilionidae,Myotis albescens_silver-tipped myotis,exact
Myotis alcathoe,Alcathoe Whiskered Myotis,Chiroptera,Vespertilionidae,Myotis alcathoe_Alcathoe myotis,exact
Myotis altarium,Sichuan Myotis,Chiroptera,Vespertilionidae,,none
Myotis alticraniatus,Indochinese Whiskered Myotis,Chiroptera,Vespertilionidae,,none
Myotis ancricola,Valley Myotis,Chiroptera,Vespertilionidae,,none
Myotis anjouanensis,Anjouan Myotis,Chiroptera,Vespertilionidae,,none
Myotis annatessae,Anna Tess's Myotis,Chiroptera,Vespertilionidae,,none
Myotis annectans,Hairy-faced Myotis,Chiroptera,Vespertilionidae,,none
Myotis arescens,Valparaíso Myotis,Chiroptera,Vespertilionidae,,none
Myotis armiensis,Armién's Myotis,Chiroptera,Vespertilionidae,,none
Myotis atacamensis,Atacama Myotis,Chiroptera,Vespertilionidae,Myotis atacamensis_Atacama myotis,exact
Myotis ater,Peters's Myotis,Chiroptera,Vespertilionidae,,none
Myotis attenboroughi,Sir David Attenborough's Myotis,Chiroptera,Vespertilionidae,,none
Myotis auriculus,Southwestern Myotis,Chiroptera,Vespertilionidae,,none
Myotis australis,Australian Myotis,Chiroptera,Vespertilionidae,,none
Myotis austroriparius,Southeastern Myotis,Chiroptera,Vespertilionidae,Myotis austroriparius_Southeastern Myotis,exact
Myotis badius,Chestnut Myotis,Chiroptera,Vespertilionidae,,none
Myotis bakeri,Baker's Myotis,Chiroptera,Vespertilionidae,,none
Myotis barquezi,Barquez's Myotis,Chiroptera,Vespertilionidae,,none
Myotis bartelsii,Bartels's Myotis,Chiroptera,Vespertilionidae,,none
Myotis bechsteinii,Bechstein's Myotis,Chiroptera,Vespertilionidae,Myotis bechsteinii_Bechstein's bat,exact
Myotis blythii,Lesser Myotis,Chiroptera,Vespertilionidae,Myotis blythii_Lesser mouse-eared bat,exact
Myotis bocagii,Bocage's Myotis,Chiroptera,Vespertilionidae,,none
Myotis bombinus,Far Eastern Myotis,Chiroptera,Vespertilionidae,,none
Myotis borneoensis,Bornean Whiskered Myotis,Chiroptera,Vespertilionidae,,none
Myotis brandtii,Brandt's Myotis,Chiroptera,Vespertilionidae,Myotis brandtii_Brandt's bat,exact
Myotis bucharensis,Bokhara Myotis,Chiroptera,Vespertilionidae,,none
Myotis californicus,California Myotis,Chiroptera,Vespertilionidae,Myotis californicus_California Myotis,exact
Myotis capaccinii,Long-fingered Myotis,Chiroptera,Vespertilionidae,Myotis capaccinii_Long-fingered Bat,exact
Myotis carteri,Carter's Myotis,Chiroptera,Vespertilionidae,,none
Myotis caucensis,Colombian Black Myotis,Chiroptera,Vespertilionidae,,none
Myotis chiloensis,Chilean Myotis,Chiroptera,Vespertilionidae,Myotis chiloensis_Chilean myotis,exact
Myotis chinensis,Large Myotis,Chiroptera,Vespertilionidae,,none
Myotis ciliolabrum,Western Small-footed Myotis,Chiroptera,Vespertilionidae,Myotis ciliolabrum_Western Small-footed Myotis,exact
Myotis clydejonesi,Clyde Jones's Myotis,Chiroptera,Vespertilionidae,,none
Myotis cobanensis,Guatemalan Myotis,Chiroptera,Vespertilionidae,,none
Myotis crypticus,Cryptic Myotis,Chiroptera,Vespertilionidae,,none
Myotis dasycneme,Pond Myotis,Chiroptera,Vespertilionidae,Myotis dasycneme_pond bat,exact
Myotis daubentonii,Daubenton's Myotis,Chiroptera,Vespertilionidae,Myotis daubentonii_Daubenton's bat,exact
Myotis davidii,David's Myotis,Chiroptera,Vespertilionidae,,none
Myotis dieteri,Kock's Myotis,Chiroptera,Vespertilionidae,,none
Myotis diminutus,Diminutive Myotis,Chiroptera,Vespertilionidae,,none
Myotis dominicensis,Dominican Myotis,Chiroptera,Vespertilionidae,,none
Myotis elegans,Elegant Myotis,Chiroptera,Vespertilionidae,,none
Myotis emarginatus,Geoffroy's Myotis,Chiroptera,Vespertilionidae,Myotis emarginatus_Geoffroy's Bat,exact
Myotis escalerai,Escalera's Myotis,Chiroptera,Vespertilionidae,,none
Myotis evotis,Long-eared Myotis,Chiroptera,Vespertilionidae,Myotis evotis_Long-eared Myotis,exact
Myotis extremus,Mexican Black Myotis,Chiroptera,Vespertilionidae,,none
Myotis federatus,Malaysian Whiskered Myotis,Chiroptera,Vespertilionidae,,none
Myotis fimbriatus,Fringed Long-footed Myotis,Chiroptera,Vespertilionidae,,none
Myotis findleyi,Findley's Myotis,Chiroptera,Vespertilionidae,,none
Myotis formosus,Black-and-orange Myotis,Chiroptera,Vespertilionidae,,none
Myotis fortidens,Cinnamon Myotis,Chiroptera,Vespertilionidae,,none
Myotis frater,Fraternal Myotis,Chiroptera,Vespertilionidae,,none
Myotis gomantongensis,Gomantong Myotis,Chiroptera,Vespertilionidae,,none
Myotis goudotii,Malagasy Myotis,Chiroptera,Vespertilionidae,,none
Myotis grisescens,Gray Myotis,Chiroptera,Vespertilionidae,Myotis grisescens_Gray Bat,exact
Myotis guarani,Guaraní Myotis,Chiroptera,Vespertilionidae,,none
Myotis handleyi,Handley's Myotis,Chiroptera,Vespertilionidae,,none
Myotis hasseltii,Lesser Large-footed Myotis,Chiroptera,Vespertilionidae,,none
Myotis hayesi,Hayes's Thick-thumbed Myotis,Chiroptera,Vespertilionidae,,none
Myotis hermani,Herman's Myotis,Chiroptera,Vespertilionidae,,none
Myotis himalaicus,Himalayan Long-tailed Myotis,Chiroptera,Vespertilionidae,,none
Myotis horsfieldii,Horsfield's Myotis,Chiroptera,Vespertilionidae,Myotis horsfieldii_Horsfield's Bat,exact
Myotis hoveli,Hovel's Myotis,Chiroptera,Vespertilionidae,,none
Myotis huariorum,Huari Myotis,Chiroptera,Vespertilionidae,,none
Myotis hyrcanicus,Hyrcanian Myotis,Chiroptera,Vespertilionidae,,none
Myotis ikonnikovi,Ikonnikov's Myotis,Chiroptera,Vespertilionidae,,none
Myotis indochinensis,Indochinese Myotis,Chiroptera,Vespertilionidae,,none
Myotis insularum,Insular Myotis,Chiroptera,Vespertilionidae,,none
Myotis izecksohni,Izecksohn's Myotis,Chiroptera,Vespertilionidae,,none
Myotis kalkoae,Kalko's Myotis,Chiroptera,Vespertilionidae,,none
Myotis keaysi,Southern Hairy-legged Myotis,Chiroptera,Vespertilionidae,Myotis keaysi_hairy-legged myotis,exact
Myotis keenii,Keen's Myotis,Chiroptera,Vespertilionidae,,none
Myotis laniger,Chinese Water Myotis,Chiroptera,Vespertilionidae,,none
Myotis larensis,Lara Myotis,Chiroptera,Vespertilionidae,,none
Myotis lavali,LaVal's Myotis,Chiroptera,Vespertilionidae,,none
Myotis leibii,Eastern Small-footed Myotis,Chiroptera,Vespertilionidae,Myotis leibii_Eastern Small-footed Myotis,exact
Myotis levis,Yellowish Myotis,Chiroptera,Vespertilionidae,Myotis dinellii_Dinelli's Myotis,synonym
Myotis longicaudatus,Long-tailed Myotis,Chiroptera,Vespertilionidae,,none
Myotis longipes,Kashmir Cave Myotis,Chiroptera,Vespertilionidae,,none
Myotis lucifugus,Little Brown Myotis,Chiroptera,Vespertilionidae,Myotis lucifugus_Little Brown Bat,exact
Myotis macrodactylus,Big-footed Myotis,Chiroptera,Vespertilionidae,,none
Myotis macropus,Southern Myotis,Chiroptera,Vespertilionidae,Myotis macropus_Southern Myotis,exact
Myotis macrotarsus,Pallid Large-footed Myotis,Chiroptera,Vespertilionidae,,none
Myotis martiniquensis,Schwartz's Myotis,Chiroptera,Vespertilionidae,,none
Myotis midastactus,Golden Myotis,Chiroptera,Vespertilionidae,,none
Myotis moluccarum,Maluku Myotis,Chiroptera,Vespertilionidae,,none
Myotis montivagus,Burmese Whiskered Myotis,Chiroptera,Vespertilionidae,,none
Myotis moratellii,Moratelli's Myotis,Chiroptera,Vespertilionidae,,none
Myotis morrisi,Morris's Myotis,Chiroptera,Vespertilionidae,,none
Myotis muricola,Nepalese Whiskered Myotis,Chiroptera,Vespertilionidae,Myotis muricola_Whiskered Myotis,exact
Myotis myotis,Greater Myotis,Chiroptera,Vespertilionidae,Myotis myotis_Mouse-eared Bat,exact
Myotis mystacinus,Common Whiskered Myotis,Chiroptera,Vespertilionidae,Myotis mystacinus_Whiskered Bat,exact
Myotis nattereri,Natterer's Myotis,Chiroptera,Vespertilionidae,Myotis nattereri_Natterer's Bat,exact
Myotis nesopolus,Curaçao Myotis,Chiroptera,Vespertilionidae,,none
Myotis nigricans,Common Black Myotis,Chiroptera,Vespertilionidae,Myotis nigricans_Black Myotis,exact
Myotis nimbaensis,Nimba Myotis,Chiroptera,Vespertilionidae,,none
Myotis nipalensis,Nepal Myotis,Chiroptera,Vespertilionidae,,none
Myotis nustrale,Corsican Myotis,Chiroptera,Vespertilionidae,,none
Myotis nyctor,Barbados Myotis,Chiroptera,Vespertilionidae,,none
Myotis occultus,Arizona Myotis,Chiroptera,Vespertilionidae,,none
Myotis oxyotus,Montane Myotis,Chiroptera,Vespertilionidae,Myotis oxyotus_montane myotis,exact
Myotis pampa,Pampas Myotis,Chiroptera,Vespertilionidae,,none
Myotis pequinius,Peking Myotis,Chiroptera,Vespertilionidae,,none
Myotis petax,Russian Myotis,Chiroptera,Vespertilionidae,Myotis petax_Eastern water bat,exact
Myotis peytoni,Peyton's Myotis,Chiroptera,Vespertilionidae,,none
Myotis phanluongi,Phan Luong's Myotis,Chiroptera,Vespertilionidae,,none
Myotis pilosatibialis,Northern Hairy-legged Myotis,Chiroptera,Vespertilionidae,Myotis pilosatibialis_Northern Hairy-legged Myotis,exact
Myotis pilosus,Rickett's Big-footed Myotis,Chiroptera,Vespertilionidae,,none
Myotis planiceps,Flat-headed Myotis,Chiroptera,Vespertilionidae,,none
Myotis pruinosus,Frosted Myotis,Chiroptera,Vespertilionidae,,none
Myotis punicus,Maghreb Myotis,Chiroptera,Vespertilionidae,Myotis punicus_Felten's myotis,exact
Myotis ridleyi,Ridley's Myotis,Chiroptera,Vespertilionidae,,none
Myotis riparius,Riparian Myotis,Chiroptera,Vespertilionidae,Myotis riparius_riparian myotis,exact
Myotis rosseti,Thick-thumbed Myotis,Chiroptera,Vespertilionidae,,none
Myotis ruber,Red Myotis,Chiroptera,Vespertilionidae,,none
Myotis rufoniger,Reddish-black Myotis,Chiroptera,Vespertilionidae,,none
Myotis rufopictus,Orange-fingered Myotis,Chiroptera,Vespertilionidae,,none
Myotis schaubi,Schaub's Myotis,Chiroptera,Vespertilionidae,,none
Myotis scotti,Scott's Myotis,Chiroptera,Vespertilionidae,,none
Myotis secundus,Long-toed Myotis,Chiroptera,Vespertilionidae,,none
Myotis septentrionalis,Northern Myotis,Chiroptera,Vespertilionidae,Myotis septentrionalis_Northern Myotis,exact
Myotis sibiricus,Siberian Whiskered Myotis,Chiroptera,Vespertilionidae,,none
Myotis sicarius,Mandelli's Myotis,Chiroptera,Vespertilionidae,,none
Myotis siligorensis,Himalayan Whiskered Myotis,Chiroptera,Vespertilionidae,,none
Myotis simus,Velvety Myotis,Chiroptera,Vespertilionidae,,none
Myotis sodalis,Indiana Myotis,Chiroptera,Vespertilionidae,,none
Myotis soror,Reddish Myotis,Chiroptera,Vespertilionidae,,none
Myotis sowerbyi,Sowerby's Whiskered Myotis,Chiroptera,Vespertilionidae,,none
Myotis stalkeri,Stalker's Myotis,Chiroptera,Vespertilionidae,,none
Myotis thysanodes,Fringed Myotis,Chiroptera,Vespertilionidae,Myotis thysanodes_Fringed Myotis,exact
Myotis tricolor,Temminck's Myotis,Chiroptera,Vespertilionidae,,none
Myotis tschuliensis,Tschuli Myotis,Chiroptera,Vespertilionidae,,none
Myotis velifer,Cave Myotis,Chiroptera,Vespertilionidae,Myotis velifer_Cave Myotis,exact
Myotis vivesi,Fish-eating Myotis,Chiroptera,Vespertilionidae,Myotis vivesi_fish-eating bat,exact
Myotis volans,Long-legged Myotis,Chiroptera,Vespertilionidae,Myotis volans_Long-legged Myotis,exact
Myotis weberi,Weber's Myotis,Chiroptera,Vespertilionidae,,none
Myotis welwitschii,Welwitsch's Myotis,Chiroptera,Vespertilionidae,,none
Myotis yanbarensis,Yanbaru Whiskered Myotis,Chiroptera,Vespertilionidae,,none
Myotis yumanensis,Yuma Myotis,Chiroptera,Vespertilionidae,Myotis yumanensis_Yuma Myotis,exact
Myotis zenatius,Zenati Myotis,Chiroptera,Vespertilionidae,,none
Submyotodon caliginosus,Himalayan Broad-muzzled Bat,Chiroptera,Vespertilionidae,,none
Submyotodon latirostris,Taiwan Broad-muzzled Bat,Chiroptera,Vespertilionidae,,none
Submyotodon moupinensis,Moupin Broad-muzzled Bat,Chiroptera,Vespertilionidae,,none
Antrozous koopmani,Cuban Pallid Bat,Chiroptera,Vespertilionidae,,none
Antrozous pallidus,Common Pallid Bat,Chiroptera,Vespertilionidae,Antrozous pallidus_Pallid Bat,exact
Baeodon alleni,Allen's Yellow Bat,Chiroptera,Vespertilionidae,,none
Baeodon gracilis,Slender Yellow Bat,Chiroptera,Vespertilionidae,,none
Bauerus dubiaquercus,Van Gelder's Bat,Chiroptera,Vespertilionidae,Bauerus dubiaquercus_Van Gelder's bat,exact
Rhogeessa aenea,Yucatán Yellow Bat,Chiroptera,Vespertilionidae,Rhogeessa aenea_Yucatán Yellow Bat,exact
Rhogeessa bickhami,Bickham's Yellow Bat,Chiroptera,Vespertilionidae,,none
Rhogeessa genowaysi,Genoways's Yellow Bat,Chiroptera,Vespertilionidae,,none
Rhogeessa hussoni,Husson's Yellow Bat,Chiroptera,Vespertilionidae,,none
Rhogeessa io,Thomas's Yellow Bat,Chiroptera,Vespertilionidae,Rhogeessa io_Thomas's Yellow Bat,exact
Rhogeessa menchuae,Menchu's Yellow Bat,Chiroptera,Vespertilionidae,,none
Rhogeessa minutilla,Tiny Yellow Bat,Chiroptera,Vespertilionidae,,none
Rhogeessa mira,Least Yellow Bat,Chiroptera,Vespertilionidae,,none
Rhogeessa parvula,Northern Little Yellow Bat,Chiroptera,Vespertilionidae,Rhogeessa parvula_little yellow bat,exact
Rhogeessa permutandis,Nicaraguan Little Yellow Bat,Chiroptera,Vespertilionidae,,none
Rhogeessa tumida,Black-winged Little Yellow Bat,Chiroptera,Vespertilionidae,,none
Rhogeessa velilla,Ecuadorian Little Yellow Bat,Chiroptera,Vespertilionidae,,none
Parastrellus hesperus,Canyon Bat,Chiroptera,Vespertilionidae,Parastrellus hesperus_Canyon Bat,exact
Perimyotis subflavus,Tricolored Bat,Chiroptera,Vespertilionidae,Perimyotis subflavus_Tricolored Bat,exact
Rhyneptesicus nasutus,Sind Bat,Chiroptera,Vespertilionidae,,none
Lasiurus arequipae,Arequipa Red Bat,Chiroptera,Vespertilionidae,,none
Lasiurus atratus,Greater Red Bat,Chiroptera,Vespertilionidae,,none
Lasiurus blossevillii,Southern Red Bat,Chiroptera,Vespertilionidae,Lasiurus blossevillii_Southern red bat,exact
Lasiurus borealis,Eastern Red Bat,Chiroptera,Vespertilionidae,Lasiurus borealis_Eastern Red Bat,exact
Lasiurus castaneus,Tacarcunan Bat,Chiroptera,Vespertilionidae,,none
Lasiurus cinereus,Northern Hoary Bat,Chiroptera,Vespertilionidae,Lasiurus cinereus_Northern Hoary Bat,exact
Lasiurus degelidus,Jamaican Red Bat,Chiroptera,Vespertilionidae,,none
Lasiurus ebenus,Hairy-tailed Bat,Chiroptera,Vespertilionidae,,none
Lasiurus ega,Southern Yellow Bat,Chiroptera,Vespertilionidae,Lasiurus ega_Southern Yellow Bat,exact
Lasiurus egregius,Big Red Bat,Chiroptera,Vespertilionidae,,none
Lasiurus frantzii,Desert Red Bat,Chiroptera,Vespertilionidae,Lasiurus frantzii_Western red bat,exact
Lasiurus insularis,Cuban Yellow Bat,Chiroptera,Vespertilionidae,,none
Lasiurus intermedius,Northern Yellow Bat,Chiroptera,Vespertilionidae,Lasiurus intermedius_Northern Yellow Bat,exact
Lasiurus minor,Minor Red Bat,Chiroptera,Vespertilionidae,,none
Lasiurus pfeifferi,Pfeiffer's Red Bat,Chiroptera,Vespertilionidae,,none
Lasiurus seminolus,Seminole Bat,Chiroptera,Vespertilionidae,Lasiurus seminolus_Seminole Bat,exact
Lasiurus semotus,Hawaiian Hoary Bat,Chiroptera,Vespertilionidae,,none
Lasiurus varius,Cinnamon Red Bat,Chiroptera,Vespertilionidae,Lasiurus varius_Cinnamon Red Bat,exact
Lasiurus villosissimus,Southern Hoary Bat,Chiroptera,Vespertilionidae,Lasiurus villosissimus_Southern Hoary Bat,exact
Lasiurus xanthinus,Western Yellow Bat,Chiroptera,Vespertilionidae,Lasiurus xanthinus_Western Yellow Bat,exact
Arielulus aureocollaris,Collared Sprite,Chiroptera,Vespertilionidae,,none
Arielulus circumdatus,Bronze Sprite,Chiroptera,Vespertilionidae,,none
Arielulus cuprosus,Southern Coppery Sprite,Chiroptera,Vespertilionidae,,none
Arielulus drungicus,Northern Coppery Sprite,Chiroptera,Vespertilionidae,,none
Arielulus societatis,Social Sprite,Chiroptera,Vespertilionidae,,none
Arielulus torquatus,Necklace Sprite,Chiroptera,Vespertilionidae,,none
Cnephaeus anatolicus,Anatolian Serotine,Chiroptera,Vespertilionidae,,none
Cnephaeus bottae,Botta's Serotine,Chiroptera,Vespertilionidae,,none
Cnephaeus floweri,Horn-skinned Serotine,Chiroptera,Vespertilionidae,,none
Cnephaeus gobiensis,Gobi Serotine,Chiroptera,Vespertilionidae,,none
Cnephaeus hottentotus,Long-tailed Serotine,Chiroptera,Vespertilionidae,,none
Cnephaeus isabellinus,Meridional Serotine,Chiroptera,Vespertilionidae,Cnephaeus isabellinus_Meridional Serotine,exact
Cnephaeus japonensis,Japanese Serotine,Chiroptera,Vespertilionidae,,none
Cnephaeus kobayashii,Kobayashi's Serotine,Chiroptera,Vespertilionidae,,none
Cnephaeus nilssonii,Northern Serotine,Chiroptera,Vespertilionidae,Cnephaeus nilssonii_Northern Serotine,exact
Cnephaeus ognevi,Ognev's Serotine,Chiroptera,Vespertilionidae,,none
Cnephaeus pachyomus,Oriental Serotine,Chiroptera,Vespertilionidae,Cnephaeus pachyomus_Oriental Serotine,exact
Cnephaeus pachyotis,Thick-eared Serotine,Chiroptera,Vespertilionidae,,none
Cnephaeus platyops,Lagos Serotine,Chiroptera,Vespertilionidae,,none
Cnephaeus serotinus,Eurasian Serotine,Chiroptera,Vespertilionidae,Cnephaeus serotinus_Eurasian Serotine,exact
Cnephaeus tatei,Sombre Serotine,Chiroptera,Vespertilionidae,,none
Eptesicus dutertreus,Caribbean Brown Bat,Chiroptera,Vespertilionidae,,none
Eptesicus fuscus,Big Brown Bat,Chiroptera,Vespertilionidae,Eptesicus fuscus_Big Brown Bat,exact
Glauconycteris alboguttata,Striped Butterfly Bat,Chiroptera,Vespertilionidae,,none
Glauconycteris argentata,Common Butterfly Bat,Chiroptera,Vespertilionidae,,none
Glauconycteris atra,Blackish Butterfly Bat,Chiroptera,Vespertilionidae,,none
Glauconycteris baka,Baka Butterfly Bat,Chiroptera,Vespertilionidae,,none
Glauconycteris beatrix,Beatrix's Butterfly Bat,Chiroptera,Vespertilionidae,,none
Glauconycteris curryae,Curry's Butterfly Bat,Chiroptera,Vespertilionidae,,none
Glauconycteris egeria,Bibundi Butterfly Bat,Chiroptera,Vespertilionidae,,none
Glauconycteris gleni,Glen's Butterfly Bat,Chiroptera,Vespertilionidae,,none
Glauconycteris humeralis,Spotted Butterfly Bat,Chiroptera,Vespertilionidae,,none
Glauconycteris kenyacola,Kenyan Butterfly Bat,Chiroptera,Vespertilionidae,,none
Glauconycteris lobeke,Lobéké Butterfly Bat,Chiroptera,Vespertilionidae,,none
Glauconycteris machadoi,Machado's Butterfly Bat,Chiroptera,Vespertilionidae,,none
Glauconycteris poensis,Abo Butterfly Bat,Chiroptera,Vespertilionidae,,none
Glauconycteris superba,Pied Butterfly Bat,Chiroptera,Vespertilionidae,,none
Glauconycteris variegata,Variegated Butterfly Bat,Chiroptera,Vespertilionidae,,none
Hesperoptenus blanfordi,Blanford's False Serotine,Chiroptera,Vespertilionidae,,none
Hesperoptenus doriae,Doria's False Serotine,Chiroptera,Vespertilionidae,,none
Hesperoptenus gaskelli,Gaskell's False Serotine,Chiroptera,Vespertilionidae,,none
Hesperoptenus tickelli,Tickell's False Serotine,Chiroptera,Vespertilionidae,,none
Hesperoptenus tomesi,Large False Serotine,Chiroptera,Vespertilionidae,,none
Histiotus alienus,Strange Big-eared Brown Bat,Chiroptera,Vespertilionidae,,none
Histiotus cadenai,Cadena-García's Big-eared Brown Bat,Chiroptera,Vespertilionidae,,none
Histiotus colombiae,Colombian Big-eared Brown Bat,Chiroptera,Vespertilionidae,,none
Histiotus diaphanopterus,Transparent-winged Big-eared Brown Bat,Chiroptera,Vespertilionidae,,none
Histiotus humboldti,Humboldt's Big-eared Brown Bat,Chiroptera,Vespertilionidae,,none
Histiotus laephotis,Thomas's Big-eared Brown Bat,Chiroptera,Vespertilionidae,,none
Histiotus macrotus,Common Big-eared Brown Bat,Chiroptera,Vespertilionidae,,none
Histiotus magellanicus,Southern Big-eared Brown Bat,Chiroptera,Vespertilionidae,,none
Histiotus mochica,Moche Big-eared Brown Bat,Chiroptera,Vespertilionidae,,none
Histiotus montanus,Small Big-eared Brown Bat,Chiroptera,Vespertilionidae,Histiotus montanus_small big-eared brown bat,exact
Histiotus velatus,Tropical Big-eared Brown Bat,Chiroptera,Vespertilionidae,,none
Ia io,Great Evening Bat,Chiroptera,Vespertilionidae,,none
Lasionycteris noctivagans,Silver-haired Bat,Chiroptera,Vespertilionidae,Lasionycteris noctivagans_Silver-haired Bat,exact
Neoeptesicus andinus,Little Black Serotine,Chiroptera,Vespertilionidae,,none
Neoeptesicus brasiliensis,Brazilian Serotine,Chiroptera,Vespertilionidae,Neoeptesicus brasiliensis_Brazilian Serotine,exact
Neoeptesicus chiriquinus,Chiriquinan Serotine,Chiroptera,Vespertilionidae,Neoeptesicus chiriquinus_Chiriquinan Serotine,exact
Neoeptesicus diminutus,Diminutive Serotine,Chiroptera,Vespertilionidae,,none
Neoeptesicus furinalis,Argentine Serotine,Chiroptera,Vespertilionidae,Neoeptesicus furinalis_Argentine Serotine,exact
Neoeptesicus innoxius,Harmless Serotine,Chiroptera,Vespertilionidae,,none
Neoeptesicus langeri,Langer's Serotine,Chiroptera,Vespertilionidae,,none
Neoeptesicus orinocensis,Orinoco Serotine,Chiroptera,Vespertilionidae,,none
Neoeptesicus taddeii,Taddei's Serotine,Chiroptera,Vespertilionidae,,none
Neoeptesicus ulapesensis,Ulapes Serotine,Chiroptera,Vespertilionidae,,none
Nycticeius aenobarbus,Temminck's Mysterious Bat,Chiroptera,Vespertilionidae,,none
Nycticeius cubanus,Cuban Evening Bat,Chiroptera,Vespertilionidae,,none
Nycticeius humeralis,North American Evening Bat,Chiroptera,Vespertilionidae,Nycticeius humeralis_Evening Bat,exact
Scoteanax rueppellii,Rüppell's Broad-nosed Bat,Chiroptera,Vespertilionidae,,none
Scotomanes ornatus,Harlequin Bat,Chiroptera,Vespertilionidae,,none
Scotorepens balstoni,Inland Broad-nosed Bat,Chiroptera,Vespertilionidae,Scotorepens balstoni_Inland Broad-nosed Bat,exact
Scotorepens greyii,Little Broad-nosed Bat,Chiroptera,Vespertilionidae,,none
Scotorepens orion,Eastern Broad-nosed Bat,Chiroptera,Vespertilionidae,Scotorepens orion_Eastern Broad-nosed Bat,exact
Scotorepens sanborni,Northern Broad-nosed Bat,Chiroptera,Vespertilionidae,,none
Alionoctula abramus,Japanese Pipistrelle,Chiroptera,Vespertilionidae,Pipistrellus abramus_Japanese Pipistrelle,synonym
Alionoctula adamsi,Forest Pipistrelle,Chiroptera,Vespertilionidae,,none
Alionoctula angulata,New Guinea Pipistrelle,Chiroptera,Vespertilionidae,,none
Alionoctula babu,Babu's Pipistrelle,Chiroptera,Vespertilionidae,,none
Alionoctula ceylonica,Kelaart's Pipistrelle,Chiroptera,Vespertilionidae,,none
Alionoctula collina,Greater Papuan Pipistrelle,Chiroptera,Vespertilionidae,,none
Alionoctula coromandra,Indian Pipistrelle,Chiroptera,Vespertilionidae,,none
Alionoctula dhofarensis,Dhofar Pipistrelle,Chiroptera,Vespertilionidae,,none
Alionoctula endoi,Endo's Pipistrelle,Chiroptera,Vespertilionidae,,none
Alionoctula javanica,Javan Pipistrelle,Chiroptera,Vespertilionidae,,none
Alionoctula minahassae,Minahassa Pipistrelle,Chiroptera,Vespertilionidae,,none
Alionoctula murrayi,Christmas Island Pipistrelle,Chiroptera,Vespertilionidae,,none
Alionoctula papuana,Lesser Papuan Pipistrelle,Chiroptera,Vespertilionidae,,none
Alionoctula paterculus,Mount Popa Pipistrelle,Chiroptera,Vespertilionidae,,none
Alionoctula stenoptera,Narrow-winged Pipistrelle,Chiroptera,Vespertilionidae,,none
Alionoctula sturdeei,Sturdee's Pipistrelle,Chiroptera,Vespertilionidae,,none
Alionoctula tenuis,Least Pipistrelle,Chiroptera,Vespertilionidae,,none
Alionoctula wattsi,Watts's Pipistrelle,Chiroptera,Vespertilionidae,,none
Alionoctula westralis,Northern Pipistrelle,Chiroptera,Vespertilionidae,,none
Glischropus aquilus,Dark Thick-thumbed Bat,Chiroptera,Vespertilionidae,,none
Glischropus bucephalus,Indochinese Thick-thumbed Bat,Chiroptera,Vespertilionidae,,none
Glischropus javanus,Javan Thick-thumbed Bat,Chiroptera,Vespertilionidae,,none
Glischropus meghalayanus,Meghalaya Thick-thumbed Bat,Chiroptera,Vespertilionidae,,none
Glischropus tylopus,Common Thick-thumbed Bat,Chiroptera,Vespertilionidae,,none
Nyctalus aviator,Bird-like Noctule,Chiroptera,Vespertilionidae,,none
Nyctalus azoreum,Azores Noctule,Chiroptera,Vespertilionidae,Nyctalus azoreum_Azores Noctule,exact
Nyctalus furvus,Japanese Noctule,Chiroptera,Vespertilionidae,,none
Nyctalus lasiopterus,Greater Noctule,Chiroptera,Vespertilionidae,Nyctalus lasiopterus_Giant Noctule,exact
Nyctalus leisleri,Leisler's Noctule,Chiroptera,Vespertilionidae,Nyctalus leisleri_Lesser Noctule,exact
Nyctalus montanus,Mountain Noctule,Chiroptera,Vespertilionidae,,none
Nyctalus noctula,Common Noctule,Chiroptera,Vespertilionidae,Nyctalus noctula_Common Noctule,exact
Nyctalus plancyi,Chinese Noctule,Chiroptera,Vespertilionidae,Nyctalus plancyi_Chinese Noctule,exact
Pipistrellus aero,Mount Gargues Pipistrelle,Chiroptera,Vespertilionidae,,none
Pipistrellus creticus,Crete Pipistrelle,Chiroptera,Vespertilionidae,,none
Pipistrellus etula,Bioko Pipistrelle,Chiroptera,Vespertilionidae,,none
Pipistrellus hanaki,Hanak's Pipistrelle,Chiroptera,Vespertilionidae,,none
Pipistrellus hesperidus,Dusky Pipistrelle,Chiroptera,Vespertilionidae,,none
Pipistrellus inexspectatus,Aellen's Pipistrelle,Chiroptera,Vespertilionidae,,none
Pipistrellus kuhlii,Kuhl's Pipistrelle,Chiroptera,Vespertilionidae,Pipistrellus kuhlii_Kuhl's pipistrelle,exact
Pipistrellus maderensis,Madeira Pipistrelle,Chiroptera,Vespertilionidae,,none
Pipistrellus nanulus,Tiny Pipistrelle,Chiroptera,Vespertilionidae,,none
Pipistrellus nathusii,Nathusius's Pipistrelle,Chiroptera,Vespertilionidae,Pipistrellus nathusii_Nathusius' Pipistrelle,exact
Pipistrellus permixtus,Dar-es-Salaam Pipistrelle,Chiroptera,Vespertilionidae,,none
Pipistrellus pipistrellus,Common Pipistrelle,Chiroptera,Vespertilionidae,Pipistrellus pipistrellus_Common Pipistrelle,exact
Pipistrellus pygmaeus,Soprano Pipistrelle,Chiroptera,Vespertilionidae,Pipistrellus pygmaeus_Soprano Pipistrelle,exact
Pipistrellus raceyi,Racey's Pipistrelle,Chiroptera,Vespertilionidae,,none
Pipistrellus rusticus,Rusty Pipistrelle,Chiroptera,Vespertilionidae,,none
Pipistrellus simandouensis,Simandou Pipistrelle,Chiroptera,Vespertilionidae,,none
Scotoecus albigula,White-throated Lesser House Bat,Chiroptera,Vespertilionidae,,none
Scotoecus albofuscus,Light-winged Lesser House Bat,Chiroptera,Vespertilionidae,,none
Scotoecus hindei,Hinde's Lesser House Bat,Chiroptera,Vespertilionidae,,none
Scotoecus hirundo,Dark-winged Lesser House Bat,Chiroptera,Vespertilionidae,,none
Scotoecus pallidus,Desert Yellow Lesser House Bat,Chiroptera,Vespertilionidae,,none
Scotozous dormeri,Dormer's Bat,Chiroptera,Vespertilionidae,,none
Vansonia rueppellii,Rüppell's Bat,Chiroptera,Vespertilionidae,Vansonia rueppellii_Rüppell's pipistrelle,exact
Barbastella barbastellus,Western Barbastelle,Chiroptera,Vespertilionidae,Barbastella barbastellus_Western Barbastelle,exact
Barbastella beijingensis,Beijing Barbastelle,Chiroptera,Vespertilionidae,,none
Barbastella caspica,Caspian Barbastelle,Chiroptera,Vespertilionidae,,none
Barbastella darjelingensis,Eastern Barbastelle,Chiroptera,Vespertilionidae,,none
Barbastella leucomelas,Arabian Barbastelle,Chiroptera,Vespertilionidae,,none
Barbastella pacifica,Japanese Barbastelle,Chiroptera,Vespertilionidae,,none
Corynorhinus leonpaniaguae,Paniagua's Big-eared Bat,Chiroptera,Vespertilionidae,,none
Corynorhinus mexicanus,Mexican Big-eared Bat,Chiroptera,Vespertilionidae,,none
Corynorhinus rafinesquii,Rafinesque's Big-eared Bat,Chiroptera,Vespertilionidae,Corynorhinus rafinesquii_Rafinesque's Big-eared Bat,exact
Corynorhinus townsendii,Townsend's Big-eared Bat,Chiroptera,Vespertilionidae,Corynorhinus townsendii_Townsend's Big-eared Bat,exact
Euderma maculatum,Spotted Bat,Chiroptera,Vespertilionidae,Euderma maculatum_Spotted Bat,exact
Idionycteris phyllotis,Allen's Big-eared Bat,Chiroptera,Vespertilionidae,Idionycteris phyllotis_Allen's Big-eared Bat,exact
Otonycteris hemprichii,Desert Long-eared Bat,Chiroptera,Vespertilionidae,Otonycteris hemprichii_Desert Long-eared Bat,exact
Otonycteris leucophaea,Turkestani Long-eared Bat,Chiroptera,Vespertilionidae,,none
Plecotus auritus,Brown Long-eared Bat,Chiroptera,Vespertilionidae,Plecotus auritus_Brown Big-eared Bat,exact
Plecotus austriacus,Gray Long-eared Bat,Chiroptera,Vespertilionidae,Plecotus austriacus_Grey Long-eared Bat,exact
Plecotus balensis,Ethiopian Long-eared Bat,Chiroptera,Vespertilionidae,,none
Plecotus christii,Christie's Long-eared Bat,Chiroptera,Vespertilionidae,,none
Plecotus gaisleri,Gaisler's Long-eared Bat,Chiroptera,Vespertilionidae,Plecotus gaisleri_Gaisler's long-eared bat,exact
Plecotus gobiensis,Gobi Long-eared Bat,Chiroptera,Vespertilionidae,,none
Plecotus homochrous,Himalayan Long-eared Bat,Chiroptera,Vespertilionidae,,none
Plecotus kolombatovici,Mediterranean Long-eared Bat,Chiroptera,Vespertilionidae,,none
Plecotus kozlovi,Kozlov's Long-eared Bat,Chiroptera,Vespertilionidae,,none
Plecotus macrobullaris,Alpine Long-eared Bat,Chiroptera,Vespertilionidae,Plecotus macrobullaris_Mountain Long-eared Bat,exact
Plecotus ognevi,Ognev's Long-eared Bat,Chiroptera,Vespertilionidae,Plecotus ognevi_Ognev's Long-eared Bat,exact
Plecotus sacrimontis,Japanese Long-eared Bat,Chiroptera,Vespertilionidae,,none
Plecotus sardus,Sardinian Long-eared Bat,Chiroptera,Vespertilionidae,,none
Plecotus strelkovi,Strelkov's Long-eared Bat,Chiroptera,Vespertilionidae,,none
Plecotus taivanus,Taiwan Long-eared Bat,Chiroptera,Vespertilionidae,,none
Plecotus teneriffae,Canary Long-eared Bat,Chiroptera,Vespertilionidae,,none
Plecotus turkmenicus,Turkmen Long-eared Bat,Chiroptera,Vespertilionidae,,none
Plecotus wardi,Ward's Long-eared Bat,Chiroptera,Vespertilionidae,,none
Scotophilus altilis,East African Yellow Bat,Chiroptera,Vespertilionidae,,none
Scotophilus andrewreborii,Andrew Rebori's Yellow Bat,Chiroptera,Vespertilionidae,,none
Scotophilus borbonicus,Réunion Yellow Bat,Chiroptera,Vespertilionidae,,none
Scotophilus colias,Eritrean Yellow Bat,Chiroptera,Vespertilionidae,,none
Scotophilus collinus,Sody's Yellow Bat,Chiroptera,Vespertilionidae,,none
Scotophilus dinganii,African Yellow Bat,Chiroptera,Vespertilionidae,Scotophilus dinganii_Yellow-bellied House Bat,exact
Scotophilus ejetai,Ejeta's Yellow Bat,Chiroptera,Vespertilionidae,,none
Scotophilus heathii,Greater Asian Yellow Bat,Chiroptera,Vespertilionidae,,none
Scotophilus kuhlii,Lesser Asian Yellow Bat,Chiroptera,Vespertilionidae,Scotophilus kuhlii_Lesser Asian Yellow Bat,exact
Scotophilus leucogaster,White-bellied Yellow Bat,Chiroptera,Vespertilionidae,,none
Scotophilus livingstonii,Livingstone's Yellow Bat,Chiroptera,Vespertilionidae,,none
Scotophilus marovaza,Marovaza Yellow Bat,Chiroptera,Vespertilionidae,,none
Scotophilus nigrita,Schreber's Yellow Bat,Chiroptera,Vespertilionidae,,none
Scotophilus nigritellus,Western Greenish Yellow Bat,Chiroptera,Vespertilionidae,,none
Scotophilus nucella,Robbins's Yellow Bat,Chiroptera,Vespertilionidae,,none
Scotophilus nux,Nut-colored Yellow Bat,Chiroptera,Vespertilionidae,,none
Scotophilus robustus,Robust Yellow Bat,Chiroptera,Vespertilionidae,,none
Scotophilus tandrefana,Malagasy Yellow Bat,Chiroptera,Vespertilionidae,,none
Scotophilus trujilloi,Trujillo's Yellow Bat,Chiroptera,Vespertilionidae,,none
Scotophilus viridis,Eastern Greenish Yellow Bat,Chiroptera,Vespertilionidae,,none
Afronycteris helios,Heller's Serotine,Chiroptera,Vespertilionidae,,none
Afronycteris nanus,Banana Serotine,Chiroptera,Vespertilionidae,Afronycteris nanus_Banana Serotine,exact
Afronycteris rautenbachi,Kruger Serotine,Chiroptera,Vespertilionidae,,none
Afropipistrellus bellieri,Bellier's Serotine,Chiroptera,Vespertilionidae,,none
Afropipistrellus crassulus,Broad-headed Serotine,Chiroptera,Vespertilionidae,,none
Afropipistrellus eisentrauti,Eisentraut's Serotine,Chiroptera,Vespertilionidae,,none
Afropipistrellus grandidieri,Grandidier's Serotine,Chiroptera,Vespertilionidae,,none
Afropipistrellus happoldorum,Happolds' Serotine,Chiroptera,Vespertilionidae,,none
Afropipistrellus macrocephalus,Large-headed Serotine,Chiroptera,Vespertilionidae,,none
Afropipistrellus musciculus,Mouse-like Pipistrelle,Chiroptera,Vespertilionidae,,none
Cassistrellus dimissus,Surat Helmeted Bat,Chiroptera,Vespertilionidae,,none
Cassistrellus yokdonensis,Yok Don Helmeted Bat,Chiroptera,Vespertilionidae,,none
Chalinolobus dwyeri,Large-eared Pied Bat,Chiroptera,Vespertilionidae,Chalinolobus dwyeri_Large-eared Pied Bat,exact
Chalinolobus gouldii,Gould's Wattled Bat,Chiroptera,Vespertilionidae,Chalinolobus gouldii_Gould's Wattled Bat,exact
Chalinolobus morio,Chocolate Wattled Bat,Chiroptera,Vespertilionidae,Chalinolobus morio_Chocolate Wattled Bat,exact
Chalinolobus neocaledonicus,New Caledonian Wattled Bat,Chiroptera,Vespertilionidae,,none
Chalinolobus nigrogriseus,Hoary Wattled Bat,Chiroptera,Vespertilionidae,Chalinolobus nigrogriseus_Hoary Wattled Bat,exact
Chalinolobus orarius,Coastal Wattled Bat,Chiroptera,Vespertilionidae,,none
Chalinolobus picatus,Little Pied Bat,Chiroptera,Vespertilionidae,Chalinolobus picatus_Little Pied Bat,exact
Chalinolobus tuberculatus,New Zealand Long-tailed Bat,Chiroptera,Vespertilionidae,Chalinolobus tuberculatus_New Zealand Long-tailed Bat,exact
Falsistrellus mackenziei,Western False Pipistrelle,Chiroptera,Vespertilionidae,,none
Falsistrellus tasmaniensis,Eastern False Pipistrelle,Chiroptera,Vespertilionidae,Falsistrellus tasmaniensis_Eastern False Pipistrelle,exact
Hypsugo affinis,Chocolate Pipistrelle,Chiroptera,Vespertilionidae,,none
Hypsugo alashanicus,Alashanian Pipistrelle,Chiroptera,Vespertilionidae,Hypsugo alaschanicus_Alashanian Pipistrelle,synonym
Hypsugo arabicus,Arabian Pipistrelle,Chiroptera,Vespertilionidae,,none
Hypsugo ariel,Fairy Pipistrelle,Chiroptera,Vespertilionidae,,none
Hypsugo cadornae,Cadorna's Pipistrelle,Chiroptera,Vespertilionidae,,none
Hypsugo dolichodon,Long-toothed Pipistrelle,Chiroptera,Vespertilionidae,,none
Hypsugo imbricatus,Brown Pipistrelle,Chiroptera,Vespertilionidae,,none
Hypsugo kitcheneri,Red-brown Pipistrelle,Chiroptera,Vespertilionidae,,none
Hypsugo lanzai,Lanza's Pipistrelle,Chiroptera,Vespertilionidae,,none
Hypsugo lophurus,Burmese Pipistrelle,Chiroptera,Vespertilionidae,,none
Hypsugo macrotis,Big-eared Pipistrelle,Chiroptera,Vespertilionidae,,none
Hypsugo mordax,Pungent Pipistrelle,Chiroptera,Vespertilionidae,,none
Hypsugo petersi,Peters's Pipistrelle,Chiroptera,Vespertilionidae,,none
Hypsugo pulveratus,Chinese Pipistrelle,Chiroptera,Vespertilionidae,Hypsugo pulveratus_Chinese Pipistrelle,exact
Hypsugo savii,Savi's Pipistrelle,Chiroptera,Vespertilionidae,Hypsugo savii_Savi's Pipistrelle,exact
Hypsugo vordermanni,Vordermann's Pipistrelle,Chiroptera,Vespertilionidae,,none
Laephotis angolensis,Angolan Long-eared Serotine,Chiroptera,Vespertilionidae,,none
Laephotis capensis,Cape Serotine,Chiroptera,Vespertilionidae,Laephotis capensis_Cape serotine,exact
Laephotis kirinyaga,East African Serotine,Chiroptera,Vespertilionidae,,none
Laephotis malagasyensis,Isalo Serotine,Chiroptera,Vespertilionidae,,none
Laephotis matroka,Malagasy Serotine,Chiroptera,Vespertilionidae,,none
Laephotis namibensis,Namib Long-eared Serotine,Chiroptera,Vespertilionidae,,none
Laephotis robertsi,Roberts's Serotine,Chiroptera,Vespertilionidae,,none
Laephotis stanleyi,Stanley's Serotine,Chiroptera,Vespertilionidae,,none
Laephotis wintoni,De Winton's Long-eared Serotine,Chiroptera,Vespertilionidae,,none
Mimetillus moloneyi,Moloney's Mimic Bat,Chiroptera,Vespertilionidae,,none
Mirostrellus joffrei,Joffre's Bat,Chiroptera,Vespertilionidae,,none
Neoromicia anchietae,Anchieta's Serotine,Chiroptera,Vespertilionidae,,none
Neoromicia bemainty,Kirindy Serotine,Chiroptera,Vespertilionidae,,none
Neoromicia guineensis,Tiny Serotine,Chiroptera,Vespertilionidae,,none
Neoromicia hlandzeni,Lowveld Serotine,Chiroptera,Vespertilionidae,,none
Neoromicia somalica,Somali Serotine,Chiroptera,Vespertilionidae,,none
Neoromicia zuluensis,Zulu Serotine,Chiroptera,Vespertilionidae,,none
Nycticeinops schlieffenii,Schlieffen's Serotine,Chiroptera,Vespertilionidae,,none
Nyctophilus arnhemensis,Northern Long-eared Bat,Chiroptera,Vespertilionidae,,none
Nyctophilus bifax,Eastern Long-eared Bat,Chiroptera,Vespertilionidae,,none
Nyctophilus corbeni,Corben's Long-eared Bat,Chiroptera,Vespertilionidae,,none
Nyctophilus daedalus,Pallid Long-eared Bat,Chiroptera,Vespertilionidae,,none
Nyctophilus geoffroyi,Lesser Long-eared Bat,Chiroptera,Vespertilionidae,Nyctophilus geoffroyi_Lesser Long-eared Bat,exact
Nyctophilus gouldi,Gould's Long-eared Bat,Chiroptera,Vespertilionidae,Nyctophilus gouldi_Gould's Long-eared Bat,exact
Nyctophilus heran,Sunda Long-eared Bat,Chiroptera,Vespertilionidae,,none
Nyctophilus holtorum,Holts' Long-eared Bat,Chiroptera,Vespertilionidae,,none
Nyctophilus howensis,Lord Howe Long-eared Bat,Chiroptera,Vespertilionidae,,none
Nyctophilus major,Western Long-eared Bat,Chiroptera,Vespertilionidae,,none
Nyctophilus microdon,Small-toothed Long-eared Bat,Chiroptera,Vespertilionidae,,none
Nyctophilus microtis,Papuan Long-eared Bat,Chiroptera,Vespertilionidae,,none
Nyctophilus nebulosus,New Caledonian Long-eared Bat,Chiroptera,Vespertilionidae,,none
Nyctophilus sherrini,Tasmanian Long-eared Bat,Chiroptera,Vespertilionidae,,none
Nyctophilus shirleyae,Mount Missim Long-eared Bat,Chiroptera,Vespertilionidae,,none
Nyctophilus timoriensis,Timor Long-eared Bat,Chiroptera,Vespertilionidae,,none
Nyctophilus walkeri,Pygmy Long-eared Bat,Chiroptera,Vespertilionidae,,none
Pharotis imogene,New Guinea Big-eared Bat,Chiroptera,Vespertilionidae,,none
Philetor brachypterus,Rohu's Bat,Chiroptera,Vespertilionidae,,none
Pseudoromicia brunnea,Dark-brown Serotine,Chiroptera,Vespertilionidae,,none
Pseudoromicia isabella,Isabelline Serotine,Chiroptera,Vespertilionidae,,none
Pseudoromicia kityoi,Kityo's Serotine,Chiroptera,Vespertilionidae,,none
Pseudoromicia mbamminkom,Mbam Minkom Serotine,Chiroptera,Vespertilionidae,,none
Pseudoromicia nyanza,Nyanza Serotine,Chiroptera,Vespertilionidae,,none
Pseudoromicia principis,Principe Serotine,Chiroptera,Vespertilionidae,,none
Pseudoromicia rendalli,Rendall's Serotine,Chiroptera,Vespertilionidae,,none
Pseudoromicia roseveari,Rosevear's Serotine,Chiroptera,Vespertilionidae,,none
Pseudoromicia tenuipinnis,White-winged Serotine,Chiroptera,Vespertilionidae,,none
Tylonycteris fulvida,Indomalayan Lesser Bamboo Bat,Chiroptera,Vespertilionidae,Tylonycteris fulvida_Indomalayan Lesser Bamboo Bat,exact
Tylonycteris malayana,Malayan Greater Bamboo Bat,Chiroptera,Vespertilionidae,,none
Tylonycteris pachypus,Sunda Lesser Bamboo Bat,Chiroptera,Vespertilionidae,,none
Tylonycteris pygmaea,Pygmy Bamboo Bat,Chiroptera,Vespertilionidae,,none
Tylonycteris robustula,Sumatran Greater Bamboo Bat,Chiroptera,Vespertilionidae,,none
Tylonycteris tonkinensis,Tonkin Greater Bamboo Bat,Chiroptera,Vespertilionidae,,none
Vespadelus baverstocki,Inland Forest Bat,Chiroptera,Vespertilionidae,,none
Vespadelus caurinus,Northern Cave Bat,Chiroptera,Vespertilionidae,,none
Vespadelus darlingtoni,Large Forest Bat,Chiroptera,Vespertilionidae,Vespadelus darlingtoni_Large Forest Bat,exact
Vespadelus douglasorum,Yellow-lipped Cave Bat,Chiroptera,Vespertilionidae,,none
Vespadelus finlaysoni,Finlayson's Cave Bat,Chiroptera,Vespertilionidae,Vespadelus finlaysoni_Finlayson's Cave Bat,exact
Vespadelus pumilus,Eastern Forest Bat,Chiroptera,Vespertilionidae,Vespadelus pumilus_Eastern Forest Bat,exact
Vespadelus regulus,Southern Forest Bat,Chiroptera,Vespertilionidae,Vespadelus regulus_Southern Forest Bat,exact
Vespadelus troughtoni,Eastern Cave Bat,Chiroptera,Vespertilionidae,Vespadelus troughtoni_Eastern Cave Bat,exact
Vespadelus vulturnus,Little Forest Bat,Chiroptera,Vespertilionidae,Vespadelus vulturnus_Little Forest Bat,exact
Vespertilio murinus,Eurasian Particolored Bat,Chiroptera,Vespertilionidae,Vespertilio murinus_Particoloured Bat,exact
Vespertilio sinensis,Asian Particolored Bat,Chiroptera,Vespertilionidae,,none
Aethalops aequalis,Bornean Pygmy Fruit Bat,Chiroptera,Pteropodidae,,none
Aethalops alecto,Common Pygmy Fruit Bat,Chiroptera,Pteropodidae,,none
Alionycteris paucidentata,Mindanao Pygmy Fruit Bat,Chiroptera,Pteropodidae,,none
Balionycteris maculata,Bornean Spotted-winged Fruit Bat,Chiroptera,Pteropodidae,,none
Balionycteris seimundi,Malayan Spotted-winged Fruit Bat,Chiroptera,Pteropodidae,,none
Chironax melanocephalus,Sundaic Black-capped Fruit Bat,Chiroptera,Pteropodidae,,none
Chironax tumulus,Sulawesi Black-capped Fruit Bat,Chiroptera,Pteropodidae,,none
Dyacopterus brooksi,Brooks's Dayak Fruit Bat,Chiroptera,Pteropodidae,,none
Dyacopterus rickarti,Philippine Large-headed Fruit Bat,Chiroptera,Pteropodidae,,none
Dyacopterus spadiceus,Common Dayak Fruit Bat,Chiroptera,Pteropodidae,,none
Haplonycteris fischeri,Fischer's Pygmy Fruit Bat,Chiroptera,Pteropodidae,,none
Latidens salimalii,Salim Ali's Fruit Bat,Chiroptera,Pteropodidae,,none
Otopteropus cartilagonodus,Luzon Pygmy Fruit Bat,Chiroptera,Pteropodidae,,none
Penthetor lucasii,Lucas's Short-nosed Fruit Bat,Chiroptera,Pteropodidae,,none
Sphaerias blanfordi,Blanford's Fruit Bat,Chiroptera,Pteropodidae,,none
Thoopterus nigrescens,Common Swift Fruit Bat,Chiroptera,Pteropodidae,,none
Thoopterus suhaniahae,Suhaniah's Swift Fruit Bat,Chiroptera,Pteropodidae,,none
Cynopterus brachyotis,Lesser Short-nosed Fruit Bat,Chiroptera,Pteropodidae,Cynopterus brachyotis_Lesser Short-nosed Fruit Bat,exact
Cynopterus horsfieldii,Horsfield's Short-nosed Fruit Bat,Chiroptera,Pteropodidae,,none
Cynopterus luzoniensis,Peters's Short-nosed Fruit Bat,Chiroptera,Pteropodidae,,none
Cynopterus minutus,Minute Short-nosed Fruit Bat,Chiroptera,Pteropodidae,,none
Cynopterus nusatenggara,Nusatenggara Short-nosed Fruit Bat,Chiroptera,Pteropodidae,,none
Cynopterus sphinx,Greater Short-nosed Fruit Bat,Chiroptera,Pteropodidae,Cynopterus sphinx_Greater Short-nosed Fruit Bat,exact
Cynopterus titthaecheilus,Indonesian Short-nosed Fruit Bat,Chiroptera,Pteropodidae,,none
Megaerops albicollis,White-collared Fruit Bat,Chiroptera,Pteropodidae,,none
Megaerops ecaudatus,Temminck's Tailless Fruit Bat,Chiroptera,Pteropodidae,,none
Megaerops kusnotoi,Javan Tailless Fruit Bat,Chiroptera,Pteropodidae,,none
Megaerops niphanae,Ratanaworabhan's Tailless Fruit Bat,Chiroptera,Pteropodidae,,none
Ptenochirus jagorii,Greater Musky Fruit Bat,Chiroptera,Pteropodidae,,none
Ptenochirus minor,Lesser Musky Fruit Bat,Chiroptera,Pteropodidae,,none
Ptenochirus wetmorei,Mindanao Fruit Bat,Chiroptera,Pteropodidae,,none
Eidolon dupreanum,Madagascan Straw-colored Fruit Bat,Chiroptera,Pteropodidae,Eidolon dupreanum_Madagascan Fruit Bat,exact
Eidolon helvum,African Straw-colored Fruit Bat,Chiroptera,Pteropodidae,Eidolon helvum_Straw-coloured Fruit Bat,exact
Eonycteris major,Greater Dawn Bat,Chiroptera,Pteropodidae,,none
Eonycteris robusta,Philippine Dawn Bat,Chiroptera,Pteropodidae,,none
Eonycteris spelaea,Lesser Dawn Bat,Chiroptera,Pteropodidae,Eonycteris spelaea_Lesser Dawn Bat,exact
Epomophorus angolensis,Angolan Epauletted Fruit Bat,Chiroptera,Pteropodidae,,none
Epomophorus anselli,Ansell's Epauletted Fruit Bat,Chiroptera,Pteropodidae,,none
Epomophorus crypturus,Peters's Epauletted Fruit Bat,Chiroptera,Pteropodidae,Epomophorus crypturus_Peters's Epauletted Fruit Bat,exact
Epomophorus dobsonii,Dobson's Epauletted Fruit Bat,Chiroptera,Pteropodidae,,none
Epomophorus gambianus,Gambian Epauletted Fruit Bat,Chiroptera,Pteropodidae,Epomophorus gambianus_Gambian Epauletted Fruit Bat,exact
Epomophorus grandis,Sanborn's Epauletted Fruit Bat,Chiroptera,Pteropodidae,,none
Epomophorus intermedius,Hayman's Epauletted Fruit Bat,Chiroptera,Pteropodidae,,none
Epomophorus labiatus,Little Epauletted Fruit Bat,Chiroptera,Pteropodidae,,none
Epomophorus minor,Minor Epauletted Fruit Bat,Chiroptera,Pteropodidae,,none
Epomophorus pusillus,Lesser Epauletted Fruit Bat,Chiroptera,Pteropodidae,Epomophorus pusillus_Peter's Dwarf Epauletted Fruit Bat,exact
Epomophorus wahlbergi,Wahlberg's Epauletted Fruit Bat,Chiroptera,Pteropodidae,Epomophorus wahlbergi_Wahlberg's Epauletted Fruit Bat,exact
Epomops buettikoferi,Büttikofer's Epauletted Fruit Bat,Chiroptera,Pteropodidae,,none
Epomops franqueti,Franquet's Epauletted Fruit Bat,Chiroptera,Pteropodidae,,none
Hypsignathus monstrosus,Hammer-headed Fruit Bat,Chiroptera,Pteropodidae,Hypsignathus monstrosus_Hammer-headed Fruit Bat,exact
Nanonycteris veldkampii,Veldkamp's Epauletted Fruit Bat,Chiroptera,Pteropodidae,,none
Pilonycteris celebensis,Sulawesi Fruit Bat,Chiroptera,Pteropodidae,,none
Megaloglossus azagnyi,Western Woermann's Fruit Bat,Chiroptera,Pteropodidae,,none
Megaloglossus woermanni,Eastern Woermann's Fruit Bat,Chiroptera,Pteropodidae,,none
Myonycteris angolensis,Angolan Soft-furred Fruit Bat,Chiroptera,Pteropodidae,,none
Myonycteris brachycephala,Sao Tome Collared Fruit Bat,Chiroptera,Pteropodidae,,none
Myonycteris leptodon,Sierra Leone Collared Fruit Bat,Chiroptera,Pteropodidae,,none
Myonycteris relicta,Bergmans's Collared Fruit Bat,Chiroptera,Pteropodidae,,none
Myonycteris torquata,Little Collared Fruit Bat,Chiroptera,Pteropodidae,,none
Plerotes anchietae,Broad-faced Fruit Bat,Chiroptera,Pteropodidae,,none
Rousettus aegyptiacus,Egyptian Rousette,Chiroptera,Pteropodidae,Rousettus aegyptiacus_Egyptian Rousette,exact
Rousettus amplexicaudatus,Geoffroy's Rousette,Chiroptera,Pteropodidae,Rousettus amplexicaudatus_Geoffroy's Rousette,exact
Rousettus leschenaultii,Leschenault's Rousette,Chiroptera,Pteropodidae,Rousettus leschenaultii_Leschenault’s Rousette,exact
Rousettus linduensis,Linduan Rousette,Chiroptera,Pteropodidae,,none
Rousettus madagascariensis,Malagasy Rousette,Chiroptera,Pteropodidae,Rousettus madagascariensis_Madagascan Rousette,exact
Rousettus obliviosus,Comoro Rousette,Chiroptera,Pteropodidae,,none
Rousettus spinalatus,Bare-backed Rousette,Chiroptera,Pteropodidae,,none
Casinycteris argynnis,Short-palated Fruit Bat,Chiroptera,Pteropodidae,,none
Casinycteris campomaanensis,Campo-Ma'an Fruit Bat,Chiroptera,Pteropodidae,,none
Casinycteris ophiodon,Pohle's Fruit Bat,Chiroptera,Pteropodidae,,none
Scotonycteris bergmansi,Bergmans's Fruit Bat,Chiroptera,Pteropodidae,,none
Scotonycteris occidentalis,Hayman's Fruit Bat,Chiroptera,Pteropodidae,,none
Scotonycteris zenkeri,Zenker's Fruit Bat,Chiroptera,Pteropodidae,,none
Stenonycteris lanosa,Long-haired Fruit Bat,Chiroptera,Pteropodidae,,none
Aproteles bulmerae,Bulmer's Fruit Bat,Chiroptera,Pteropodidae,,none
Dobsonia anderseni,Andersen's Naked-backed Fruit Bat,Chiroptera,Pteropodidae,,none
Dobsonia beauforti,Beaufort's Naked-backed Fruit Bat,Chiroptera,Pteropodidae,,none
Dobsonia chapmani,Philippine Naked-backed Fruit Bat,Chiroptera,Pteropodidae,,none
Dobsonia crenulata,Halmahera Naked-backed Fruit Bat,Chiroptera,Pteropodidae,,none
Dobsonia emersa,Biak Naked-backed Fruit Bat,Chiroptera,Pteropodidae,,none
Dobsonia exoleta,Sulawesi Naked-backed Fruit Bat,Chiroptera,Pteropodidae,,none
Dobsonia inermis,Solomons Naked-backed Fruit Bat,Chiroptera,Pteropodidae,,none
Dobsonia magna,New Guinea Naked-backed Fruit Bat,Chiroptera,Pteropodidae,,none
Dobsonia minor,Lesser Naked-backed Fruit Bat,Chiroptera,Pteropodidae,,none
Dobsonia moluccensis,Moluccan Naked-backed Fruit Bat,Chiroptera,Pteropodidae,,none
Dobsonia pannietensis,Panniet Naked-backed Fruit Bat,Chiroptera,Pteropodidae,,none
Dobsonia peronii,Western Naked-backed Fruit Bat,Chiroptera,Pteropodidae,,none
Dobsonia praedatrix,New Britain Naked-backed Fruit Bat,Chiroptera,Pteropodidae,,none
Dobsonia viridis,Greenish Naked-backed Fruit Bat,Chiroptera,Pteropodidae,,none
Boneia bidens,Manado Fruit Bat,Chiroptera,Pteropodidae,,none
Harpyionycteris celebensis,Sulawesi Harpy Fruit Bat,Chiroptera,Pteropodidae,,none
Harpyionycteris whiteheadi,Philippine Harpy Fruit Bat,Chiroptera,Pteropodidae,,none
Macroglossus minimus,Lesser Long-tongued Blossom Bat,Chiroptera,Pteropodidae,Macroglossus minimus_Lesser Long-tongued Fruit Bat,exact
Macroglossus sobrinus,Greater Long-tongued Blossom Bat,Chiroptera,Pteropodidae,,none
Syconycteris australis,Southern Blossom Bat,Chiroptera,Pteropodidae,,none
Syconycteris carolinae,Halmaheran Blossom Bat,Chiroptera,Pteropodidae,,none
Syconycteris hobbit,Moss-forest Blossom Bat,Chiroptera,Pteropodidae,,none
Notopteris macdonaldii,Fijian Long-tailed Fruit Bat,Chiroptera,Pteropodidae,,none
Notopteris neocaledonicus,New Caledonia Long-tailed Fruit Bat,Chiroptera,Pteropodidae,,none
Nyctimene aello,Broad-striped Tube-nosed Fruit Bat,Chiroptera,Pteropodidae,,none
Nyctimene albiventris,Common Tube-nosed Fruit Bat,Chiroptera,Pteropodidae,,none
Nyctimene cephalotes,Pallas's Tube-nosed Fruit Bat,Chiroptera,Pteropodidae,,none
Nyctimene certans,Mountain Tube-nosed Fruit Bat,Chiroptera,Pteropodidae,,none
Nyctimene cyclotis,Round-eared Tube-nosed Fruit Bat,Chiroptera,Pteropodidae,,none
Nyctimene draconilla,Dragon Tube-nosed Fruit Bat,Chiroptera,Pteropodidae,,none
Nyctimene keasti,Keast's Tube-nosed Fruit Bat,Chiroptera,Pteropodidae,,none
Nyctimene major,Island Tube-nosed Fruit Bat,Chiroptera,Pteropodidae,,none
Nyctimene malaitensis,Malaita Tube-nosed Fruit Bat,Chiroptera,Pteropodidae,,none
Nyctimene masalai,Demonic Tube-nosed Fruit Bat,Chiroptera,Pteropodidae,,none
Nyctimene rabori,Philippine Tube-nosed Fruit Bat,Chiroptera,Pteropodidae,,none
Nyctimene robinsoni,Queensland Tube-nosed Fruit Bat,Chiroptera,Pteropodidae,Nyctimene robinsoni_Queensland Tube-nosed Fruit Bat,exact
Nyctimene sanctacrucis,Nendö Tube-nosed Fruit Bat,Chiroptera,Pteropodidae,,none
Nyctimene varia,Lesser Tube-nosed Fruit Bat,Chiroptera,Pteropodidae,,none
Nyctimene vizcaccia,Umboi Tube-nosed Fruit Bat,Chiroptera,Pteropodidae,,none
Nyctimene wrightae,Happy Tube-nosed Fruit Bat,Chiroptera,Pteropodidae,,none
Paranyctimene raptor,Unstriped Tube-nosed Fruit Bat,Chiroptera,Pteropodidae,,none
Paranyctimene tenax,Steadfast Tube-nosed Fruit Bat,Chiroptera,Pteropodidae,,none
Melonycteris melanops,Black-bellied Blossom Bat,Chiroptera,Pteropodidae,,none
Nesonycteris fardoulisi,Fardoulis's Blossom Bat,Chiroptera,Pteropodidae,,none
Nesonycteris maccoyi,Malaita Blossom Bat,Chiroptera,Pteropodidae,,none
Nesonycteris mengermani,New Georgia Blossom Bat,Chiroptera,Pteropodidae,,none
Nesonycteris woodfordi,Woodford's Blossom Bat,Chiroptera,Pteropodidae,,none
Desmalopex leucoptera,White-winged Flying Fox,Chiroptera,Pteropodidae,,none
Desmalopex microleucoptera,Mindoro Pallid Flying Fox,Chiroptera,Pteropodidae,,none
Mirimiri acrodonta,Fijian Monkey-faced Fruit Bat,Chiroptera,Pteropodidae,,none
Pteralopex anceps,Bougainville Monkey-faced Fruit Bat,Chiroptera,Pteropodidae,,none
Pteralopex atrata,Guadalcanal Monkey-faced Fruit Bat,Chiroptera,Pteropodidae,,none
Pteralopex flanneryi,Greater Monkey-faced Fruit Bat,Chiroptera,Pteropodidae,,none
Pteralopex pulchra,Montane Monkey-faced Fruit Bat,Chiroptera,Pteropodidae,,none
Pteralopex taki,New Georgia Monkey-faced Fruit Bat,Chiroptera,Pteropodidae,,none
Acerodon celebensis,Sulawesi Flying Fox,Chiroptera,Pteropodidae,,none
Acerodon humilis,Talaud Flying Fox,Chiroptera,Pteropodidae,,none
Acerodon jubatus,Golden-capped Flying Fox,Chiroptera,Pteropodidae,,none
Acerodon leucotis,Palawan Flying Fox,Chiroptera,Pteropodidae,,none
Acerodon macklotii,Sunda Flying Fox,Chiroptera,Pteropodidae,,none
Neopteryx frosti,Small-toothed Fruit Bat,Chiroptera,Pteropodidae,,none
Pteropus admiralitatum,Admiralty Flying Fox,Chiroptera,Pteropodidae,,none
Pteropus aldabrensis,Aldabra Flying Fox,Chiroptera,Pteropodidae,,none
Pteropus alecto,Black Flying Fox,Chiroptera,Pteropodidae,Pteropus alecto_Black Flying-fox,exact
Pteropus allenorum,Small Samoan Flying Fox,Chiroptera,Pteropodidae,,none
Pteropus anetianus,Vanuatu Flying Fox,Chiroptera,Pteropodidae,,none
Pteropus aruensis,Aru Flying Fox,Chiroptera,Pteropodidae,,none
Pteropus brunneus,Percy Island Flying Fox,Chiroptera,Pteropodidae,,none
Pteropus caniceps,North Moluccan Flying Fox,Chiroptera,Pteropodidae,,none
Pteropus capistratus,New Britain Masked Flying Fox,Chiroptera,Pteropodidae,,none
Pteropus chrysoproctus,South Moluccan Flying Fox,Chiroptera,Pteropodidae,,none
Pteropus cognatus,Makira Flying Fox,Chiroptera,Pteropodidae,,none
Pteropus comorensis,Comoros Flying Fox,Chiroptera,Pteropodidae,,none
Pteropus conspicillatus,Spectacled Flying Fox,Chiroptera,Pteropodidae,Pteropus conspicillatus_Spectacled Flying-fox,exact
Pteropus coxi,Large Samoan Flying Fox,Chiroptera,Pteropodidae,,none
Pteropus dasymallus,Ryukyu Flying Fox,Chiroptera,Pteropodidae,,none
Pteropus ennisae,New Ireland Masked Flying Fox,Chiroptera,Pteropodidae,,none
Pteropus faunulus,Nicobar Flying Fox,Chiroptera,Pteropodidae,,none
Pteropus fundatus,Banks Flying Fox,Chiroptera,Pteropodidae,,none
Pteropus gilliardi,Gilliards' Flying Fox,Chiroptera,Pteropodidae,,none
Pteropus griseus,Wallacean Gray Flying Fox,Chiroptera,Pteropodidae,,none
Pteropus howensis,Ontong Java Flying Fox,Chiroptera,Pteropodidae,,none
Pteropus hypomelanus,Island Flying Fox,Chiroptera,Pteropodidae,Pteropus hypomelanus_Variable Flying-fox,exact
Pteropus intermedius,Andersen's Flying Fox,Chiroptera,Pteropodidae,,none
Pteropus keyensis,Kai Flying Fox,Chiroptera,Pteropodidae,,none
Pteropus livingstonii,Livingstone's Flying Fox,Chiroptera,Pteropodidae,,none
Pteropus lombocensis,Lombok Flying Fox,Chiroptera,Pteropodidae,,none
Pteropus lylei,Lyle's Flying Fox,Chiroptera,Pteropodidae,Pteropus lylei_Lyle's Flying-fox,exact
Pteropus macrotis,Big-eared Flying Fox,Chiroptera,Pteropodidae,,none
Pteropus mahaganus,Sanborn's Flying Fox,Chiroptera,Pteropodidae,,none
Pteropus mariannus,Marianas Flying Fox,Chiroptera,Pteropodidae,,none
Pteropus medius,Indian Flying Fox,Chiroptera,Pteropodidae,Pteropus medius_Indian Flying Fox,exact
Pteropus melanopogon,Black-bearded Flying Fox,Chiroptera,Pteropodidae,,none
Pteropus melanotus,Black-eared Flying Fox,Chiroptera,Pteropodidae,,none
Pteropus molossinus,Pohnpei Flying Fox,Chiroptera,Pteropodidae,,none
Pteropus neohibernicus,Great Flying Fox,Chiroptera,Pteropodidae,,none
Pteropus niger,Greater Mascarene Flying Fox,Chiroptera,Pteropodidae,Pteropus niger_Mauritius Flying-fox,exact
Pteropus nitendiensis,Temotu Flying Fox,Chiroptera,Pteropodidae,,none
Pteropus ocularis,Seram Flying Fox,Chiroptera,Pteropodidae,,none
Pteropus ornatus,Ornate Flying Fox,Chiroptera,Pteropodidae,,none
Pteropus pelagicus,Chuuk Flying Fox,Chiroptera,Pteropodidae,,none
Pteropus pelewensis,Palau Flying Fox,Chiroptera,Pteropodidae,,none
Pteropus personatus,Moluccan Masked Flying Fox,Chiroptera,Pteropodidae,,none
Pteropus pilosus,Large Palau Flying Fox,Chiroptera,Pteropodidae,,none
Pteropus pohlei,Geelvink Bay Flying Fox,Chiroptera,Pteropodidae,,none
Pteropus poliocephalus,Gray-headed Flying Fox,Chiroptera,Pteropodidae,Pteropus poliocephalus_Grey-headed Flying-fox,exact
Pteropus pselaphon,Bonin Flying Fox,Chiroptera,Pteropodidae,,none
Pteropus pumilus,Little Golden-mantled Flying Fox,Chiroptera,Pteropodidae,,none
Pteropus rayneri,Solomons Flying Fox,Chiroptera,Pteropodidae,,none
Pteropus rennelli,Rennell Flying Fox,Chiroptera,Pteropodidae,,none
Pteropus rodricensis,Rodrigues Flying Fox,Chiroptera,Pteropodidae,,none
Pteropus rufus,Malagasy Flying Fox,Chiroptera,Pteropodidae,Pteropus rufus_Madagascan Flying-fox,exact
Pteropus samoensis,Common Samoan Flying Fox,Chiroptera,Pteropodidae,,none
Pteropus scapulatus,Little Red Flying Fox,Chiroptera,Pteropodidae,Pteropus scapulatus_Little Red Flying-fox,exact
Pteropus seychellensis,Seychelles Flying Fox,Chiroptera,Pteropodidae,Pteropus seychellensis_Seychelles Flying-fox,exact
Pteropus speciosus,Philippine Gray Flying Fox,Chiroptera,Pteropodidae,,none
Pteropus subniger,Lesser Mascarene Flying Fox,Chiroptera,Pteropodidae,,none
Pteropus temminckii,Temminck's Flying Fox,Chiroptera,Pteropodidae,,none
Pteropus tokudae,Guam Flying Fox,Chiroptera,Pteropodidae,,none
Pteropus tonganus,Pacific Flying Fox,Chiroptera,Pteropodidae,Pteropus tonganus_Pacific Flying-fox,exact
Pteropus tuberculatus,Vanikoro Flying Fox,Chiroptera,Pteropodidae,,none
Pteropus ualanus,Kosrae Flying Fox,Chiroptera,Pteropodidae,,none
Pteropus vampyrus,Large Flying Fox,Chiroptera,Pteropodidae,Pteropus vampyrus_Large Flying-fox,exact
Pteropus vetulus,New Caledonia Flying Fox,Chiroptera,Pteropodidae,,none
Pteropus voeltzkowi,Pemba Flying Fox,Chiroptera,Pteropodidae,Pteropus voeltzkowi_Pemba Flying-fox,exact
Pteropus woodfordi,Dwarf Flying Fox,Chiroptera,Pteropodidae,,none
Styloctenium mindorense,Mindoro Stripe-faced Fruit Bat,Chiroptera,Pteropodidae,,none
Styloctenium wallacei,Wallace's Stripe-faced Fruit Bat,Chiroptera,Pteropodidae,,none
Craseonycteris thonglongyai,Kitti's Hog-nosed Bat,Chiroptera,Craseonycteridae,,none
Anthops ornatus,Solomons Roundleaf Bat,Chiroptera,Hipposideridae,,none
Asellia arabica,Arabian Trident Roundleaf Bat,Chiroptera,Hipposideridae,,none
Asellia italosomalica,Somalian Trident Roundleaf Bat,Chiroptera,Hipposideridae,,none
Asellia patrizii,Patrizi's Trident Roundleaf Bat,Chiroptera,Hipposideridae,,none
Asellia tridens,Geoffroy's Trident Roundleaf Bat,Chiroptera,Hipposideridae,Asellia tridens_Geoffroy's Trident Leaf-nosed Bat,exact
Aselliscus dongbacanus,Dong Bac Trident Roundleaf Bat,Chiroptera,Hipposideridae,,none
Aselliscus stoliczkanus,Stoliczka's Trident Roundleaf Bat,Chiroptera,Hipposideridae,,none
Aselliscus tricuspidatus,Temminck's Trident Roundleaf Bat,Chiroptera,Hipposideridae,,none
Coelops frithii,East Asian Tailless Roundleaf Bat,Chiroptera,Hipposideridae,,none
Coelops hirsutus,Philippine Tailless Roundleaf Bat,Chiroptera,Hipposideridae,,none
Coelops robinsoni,Malayan Tailless Roundleaf Bat,Chiroptera,Hipposideridae,,none
Doryrhina camerunensis,Greater Roundleaf Bat,Chiroptera,Hipposideridae,,none
Doryrhina cyclops,Cyclops Roundleaf Bat,Chiroptera,Hipposideridae,,none
Hipposideros abae,Aba Roundleaf Bat,Chiroptera,Hipposideridae,,none
Hipposideros alongensis,Ha Long Roundleaf Bat,Chiroptera,Hipposideridae,,none
Hipposideros antricola,Philippine Dusky Roundleaf Bat,Chiroptera,Hipposideridae,,none
Hipposideros armiger,Great Himalayan Roundleaf Bat,Chiroptera,Hipposideridae,Hipposideros armiger_Great Roundleaf Bat,exact
Hipposideros ater,Common Dusky Roundleaf Bat,Chiroptera,Hipposideridae,,none
Hipposideros beatus,Benito Roundleaf Bat,Chiroptera,Hipposideridae,,none
Hipposideros bicolor,Bicolored Roundleaf Bat,Chiroptera,Hipposideridae,,none
Hipposideros boeadii,Boeadi's Roundleaf Bat,Chiroptera,Hipposideridae,,none
Hipposideros brachyotus,Dobson's Roundleaf Bat,Chiroptera,Hipposideridae,,none
Hipposideros breviceps,Short-headed Roundleaf Bat,Chiroptera,Hipposideridae,,none
Hipposideros caffer,Sundevall's Roundleaf Bat,Chiroptera,Hipposideridae,,none
Hipposideros calcaratus,Spurred Roundleaf Bat,Chiroptera,Hipposideridae,,none
Hipposideros cervinus,Fawn-colored Roundleaf Bat,Chiroptera,Hipposideridae,Hipposideros cervinus_Fawn Roundleaf Bat,exact
Hipposideros cineraceus,Least Roundleaf Bat,Chiroptera,Hipposideridae,,none
Hipposideros coronatus,Large Mindanao Roundleaf Bat,Chiroptera,Hipposideridae,,none
Hipposideros corynophyllus,Telefomin Roundleaf Bat,Chiroptera,Hipposideridae,,none
Hipposideros coxi,Cox's Roundleaf Bat,Chiroptera,Hipposideridae,,none
Hipposideros crumeniferus,Timor Roundleaf Bat,Chiroptera,Hipposideridae,,none
Hipposideros curtus,Short-tailed Roundleaf Bat,Chiroptera,Hipposideridae,,none
Hipposideros demissus,Makira Roundleaf Bat,Chiroptera,Hipposideridae,,none
Hipposideros diadema,Diadem Roundleaf Bat,Chiroptera,Hipposideridae,Hipposideros diadema_Diadem Roundleaf Bat,exact
Hipposideros dinops,Fierce Roundleaf Bat,Chiroptera,Hipposideridae,,none
Hipposideros doriae,Bornean Roundleaf Bat,Chiroptera,Hipposideridae,,none
Hipposideros durgadasi,Durga Das's Roundleaf Bat,Chiroptera,Hipposideridae,,none
Hipposideros dyacorum,Dayak Roundleaf Bat,Chiroptera,Hipposideridae,,none
Hipposideros edwardshilli,Hill's Roundleaf Bat,Chiroptera,Hipposideridae,,none
Hipposideros einnaythu,House-dwelling Roundleaf Bat,Chiroptera,Hipposideridae,,none
Hipposideros fuliginosus,Sooty Roundleaf Bat,Chiroptera,Hipposideridae,,none
Hipposideros fulvus,Fulvus Roundleaf Bat,Chiroptera,Hipposideridae,,none
Hipposideros galeritus,Cantor's Roundleaf Bat,Chiroptera,Hipposideridae,Hipposideros galeritus_Cantor's roundleaf bat,exact
Hipposideros gentilis,Andersen's Roundleaf Bat,Chiroptera,Hipposideridae,Hipposideros gentilis_Exotic Roundleaf Bat,exact
Hipposideros grandis,Grand Roundleaf Bat,Chiroptera,Hipposideridae,,none
Hipposideros griffini,Griffin's Roundleaf Bat,Chiroptera,Hipposideridae,,none
Hipposideros halophyllus,Thailand Roundleaf Bat,Chiroptera,Hipposideridae,,none
Hipposideros hypophyllus,Kolar Roundleaf Bat,Chiroptera,Hipposideridae,,none
Hipposideros inexpectatus,Crested Roundleaf Bat,Chiroptera,Hipposideridae,,none
Hipposideros inornatus,Arnhem Roundleaf Bat,Chiroptera,Hipposideridae,,none
Hipposideros jonesi,Jones's Roundleaf Bat,Chiroptera,Hipposideridae,,none
Hipposideros khaokhouayensis,Phou Khao Khouay Roundleaf Bat,Chiroptera,Hipposideridae,,none
Hipposideros kingstonae,Kingston's Roundleaf Bat,Chiroptera,Hipposideridae,,none
Hipposideros kunzi,Kunz's Roundleaf Bat,Chiroptera,Hipposideridae,,none
Hipposideros lamottei,Lamotte's Roundleaf Bat,Chiroptera,Hipposideridae,,none
Hipposideros lankadiva,Indian Roundleaf Bat,Chiroptera,Hipposideridae,,none
Hipposideros larvatus,Horsfield's Roundleaf Bat,Chiroptera,Hipposideridae,Hipposideros larvatus_intermediate roundleaf bat,exact
Hipposideros lekaguli,Large Asian Roundleaf Bat,Chiroptera,Hipposideridae,,none
Hipposideros lylei,Shield-faced Roundleaf Bat,Chiroptera,Hipposideridae,,none
Hipposideros macrobullatus,Big-eared Roundleaf Bat,Chiroptera,Hipposideridae,,none
Hipposideros madurae,Maduran Roundleaf Bat,Chiroptera,Hipposideridae,,none
Hipposideros maggietaylorae,Maggie Taylor's Roundleaf Bat,Chiroptera,Hipposideridae,,none
Hipposideros marisae,Aellen's Roundleaf Bat,Chiroptera,Hipposideridae,,none
Hipposideros megalotis,Large-eared Roundleaf Bat,Chiroptera,Hipposideridae,,none
Hipposideros muscinus,Fly River Roundleaf Bat,Chiroptera,Hipposideridae,,none
Hipposideros nequam,Malayan Roundleaf Bat,Chiroptera,Hipposideridae,,none
Hipposideros nicobarulae,Nicobar Roundleaf Bat,Chiroptera,Hipposideridae,,none
Hipposideros obscurus,Philippine Forest Roundleaf Bat,Chiroptera,Hipposideridae,,none
Hipposideros orbiculus,Orbiculus Roundleaf Bat,Chiroptera,Hipposideridae,,none
Hipposideros papua,Biak Roundleaf Bat,Chiroptera,Hipposideridae,,none
Hipposideros pelingensis,Peleng Roundleaf Bat,Chiroptera,Hipposideridae,,none
Hipposideros pendleburyi,Pendlebury's Roundleaf Bat,Chiroptera,Hipposideridae,,none
Hipposideros pomona,Pomona Roundleaf Bat,Chiroptera,Hipposideridae,,none
Hipposideros poutensis,Allen's Roundleaf Bat,Chiroptera,Hipposideridae,,none
Hipposideros pygmaeus,Philippine Pygmy Roundleaf Bat,Chiroptera,Hipposideridae,,none
Hipposideros ridleyi,Ridley's Roundleaf Bat,Chiroptera,Hipposideridae,,none
Hipposideros rotalis,Laotian Roundleaf Bat,Chiroptera,Hipposideridae,,none
Hipposideros ruber,Noack's Roundleaf Bat,Chiroptera,Hipposideridae,,none
Hipposideros scutinares,Shield-nosed Roundleaf Bat,Chiroptera,Hipposideridae,,none
Hipposideros semoni,Semon's Roundleaf Bat,Chiroptera,Hipposideridae,,none
Hipposideros sorenseni,Sorensen's Roundleaf Bat,Chiroptera,Hipposideridae,,none
Hipposideros speoris,Schneider's Roundleaf Bat,Chiroptera,Hipposideridae,Hipposideros speoris_Schneider's roundleaf bat,exact
Hipposideros srilankaensis,Sri Lankan Roundleaf Bat,Chiroptera,Hipposideridae,,none
Hipposideros stenotis,Northern Roundleaf Bat,Chiroptera,Hipposideridae,,none
Hipposideros sumbae,Sumban Roundleaf Bat,Chiroptera,Hipposideridae,,none
Hipposideros swinhoii,Swinhoe's Roundleaf Bat,Chiroptera,Hipposideridae,,none
Hipposideros tephrus,Maghreb Roundleaf Bat,Chiroptera,Hipposideridae,,none
Hipposideros turpis,Lesser Roundleaf Bat,Chiroptera,Hipposideridae,,none
Hipposideros wollastoni,Wollaston's Roundleaf Bat,Chiroptera,Hipposideridae,,none
Macronycteris commersonii,Commerson's Roundleaf Bat,Chiroptera,Hipposideridae,,none
Macronycteris cryptovalorona,Madagascar Cryptic Roundleaf Bat,Chiroptera,Hipposideridae,,none
Macronycteris gigas,Giant Roundleaf Bat,Chiroptera,Hipposideridae,,none
Macronycteris thomensis,Sao Tome Roundleaf Bat,Chiroptera,Hipposideridae,,none
Macronycteris vittata,Striped Roundleaf Bat,Chiroptera,Hipposideridae,Macronycteris vittata_Striped leaf-nosed bat,exact
Cardioderma cor,Heart-nosed False-vampire,Chiroptera,Megadermatidae,Cardioderma cor_Heart-nosed bat,exact
Eudiscoderma thongareeae,Thongaree's False-vampire,Chiroptera,Megadermatidae,,none
Lavia frons,Yellow-winged False-vampire,Chiroptera,Megadermatidae,Lavia frons_Yellow-winged Bat,exact
Lyroderma lyra,Indian Greater False-vampire,Chiroptera,Megadermatidae,Lyroderma lyra_Greater False Vampire Bat,exact
Lyroderma sinense,Eastern Greater False-vampire,Chiroptera,Megadermatidae,,none
Macroderma gigas,Ghost False-vampire,Chiroptera,Megadermatidae,Macroderma gigas_Ghost Bat,exact
Megaderma spasma,Lesser Asian False-vampire,Chiroptera,Megadermatidae,Megaderma spasma_Lesser false vampire bat,exact
Rhinolophus achilles,Queensland Horseshoe Bat,Chiroptera,Rhinolophidae,,none
Rhinolophus acrotis,Heuglin's Horseshoe Bat,Chiroptera,Rhinolophidae,,none
Rhinolophus acuminatus,Acuminate Horseshoe Bat,Chiroptera,Rhinolophidae,Rhinolophus acuminatus_acuminate horseshoe bat,exact
Rhinolophus adami,Adam's Horseshoe Bat,Chiroptera,Rhinolophidae,,none
Rhinolophus affinis,Intermediate Horseshoe Bat,Chiroptera,Rhinolophidae,Rhinolophus affinis_Intermediate Horseshoe Bat,exact
Rhinolophus alcyone,Halcyon Horseshoe Bat,Chiroptera,Rhinolophidae,,none
Rhinolophus alticolus,Cameroon Horseshoe Bat,Chiroptera,Rhinolophidae,,none
Rhinolophus andamanensis,Homfray's Horseshoe Bat,Chiroptera,Rhinolophidae,,none
Rhinolophus arcuatus,Arcuate Horseshoe Bat,Chiroptera,Rhinolophidae,,none
Rhinolophus axillaris,Aba Horseshoe Bat,Chiroptera,Rhinolophidae,,none
Rhinolophus beddomei,Beddome's Woolly Horseshoe Bat,Chiroptera,Rhinolophidae,,none
Rhinolophus belligerator,Poso Horseshoe Bat,Chiroptera,Rhinolophidae,,none
Rhinolophus blasii,Blasius's Horseshoe Bat,Chiroptera,Rhinolophidae,Rhinolophus blasii_Blasius's horseshoe bat,exact
Rhinolophus bocharicus,Bokhara Horseshoe Bat,Chiroptera,Rhinolophidae,,none
Rhinolophus borneensis,Bornean Horseshoe Bat,Chiroptera,Rhinolophidae,,none
Rhinolophus canuti,Knud's Horseshoe Bat,Chiroptera,Rhinolophidae,,none
Rhinolophus capensis,Cape Horseshoe Bat,Chiroptera,Rhinolophidae,,none
Rhinolophus celebensis,Sulawesi Horseshoe Bat,Chiroptera,Rhinolophidae,,none
Rhinolophus cervenyi,Červený's Horseshoe Bat,Chiroptera,Rhinolophidae,,none
Rhinolophus chaseni,Indochinese Horseshoe Bat,Chiroptera,Rhinolophidae,,none
Rhinolophus chiewkweeae,Chiew Kwee's Horseshoe Bat,Chiroptera,Rhinolophidae,,none
Rhinolophus chutamasae,Chutamas's Horseshoe Bat,Chiroptera,Rhinolophidae,,none
Rhinolophus clivosus,Geoffroy's Horseshoe Bat,Chiroptera,Rhinolophidae,Rhinolophus clivosus_Geoffroy's horseshoe bat,exact
Rhinolophus coelophyllus,Croslet Horseshoe Bat,Chiroptera,Rhinolophidae,,none
Rhinolophus cognatus,Andaman Horseshoe Bat,Chiroptera,Rhinolophidae,,none
Rhinolophus cohenae,Cohen's Horseshoe Bat,Chiroptera,Rhinolophidae,,none
Rhinolophus convexus,Convex Horseshoe Bat,Chiroptera,Rhinolophidae,,none
Rhinolophus cornutus,Little Japanese Horseshoe Bat,Chiroptera,Rhinolophidae,,none
Rhinolophus creaghi,Creagh's Horseshoe Bat,Chiroptera,Rhinolophidae,Rhinolophus creaghi_Creagh's horseshoe bat,exact
Rhinolophus damarensis,Damara Horseshoe Bat,Chiroptera,Rhinolophidae,,none
Rhinolophus darlingi,Darling's Horseshoe Bat,Chiroptera,Rhinolophidae,,none
Rhinolophus deckenii,Decken's Horseshoe Bat,Chiroptera,Rhinolophidae,,none
Rhinolophus denti,Dent's Horseshoe Bat,Chiroptera,Rhinolophidae,,none
Rhinolophus dobsoni,Sudanese Horseshoe Bat,Chiroptera,Rhinolophidae,,none
Rhinolophus eloquens,Eloquent Horseshoe Bat,Chiroptera,Rhinolophidae,,none
Rhinolophus episcopus,Allen's Horseshoe Bat,Chiroptera,Rhinolophidae,,none
Rhinolophus euryale,Mediterranean Horseshoe Bat,Chiroptera,Rhinolophidae,Rhinolophus euryale_Mediterranean horseshoe bat,exact
Rhinolophus euryotis,New Guinea Broad-eared Horseshoe Bat,Chiroptera,Rhinolophidae,,none
Rhinolophus ferrumequinum,Greater Horseshoe Bat,Chiroptera,Rhinolophidae,Rhinolophus ferrumequinum_Greater Horseshoe Bat,exact
Rhinolophus foetidus,Andersen's Woolly Horseshoe Bat,Chiroptera,Rhinolophidae,,none
Rhinolophus formosae,Formosan Woolly Horseshoe Bat,Chiroptera,Rhinolophidae,Rhinolophus formosae_Formosan Woolly Horseshoe Bat,exact
Rhinolophus francisi,Francis's Woolly Horseshoe Bat,Chiroptera,Rhinolophidae,,none
Rhinolophus fumigatus,Rüppell's Horseshoe Bat,Chiroptera,Rhinolophidae,,none
Rhinolophus guineensis,Guinean Horseshoe Bat,Chiroptera,Rhinolophidae,,none
Rhinolophus hildebrandtii,Hildebrandt's Horseshoe Bat,Chiroptera,Rhinolophidae,Rhinolophus hildebrandtii_Hildebrandt's horseshoe bat,exact
Rhinolophus hilli,Hill's Horseshoe Bat,Chiroptera,Rhinolophidae,,none
Rhinolophus hillorum,Upland Horseshoe Bat,Chiroptera,Rhinolophidae,,none
Rhinolophus hipposideros,Lesser Horseshoe Bat,Chiroptera,Rhinolophidae,Rhinolophus hipposideros_Lesser Horseshoe Bat,exact
Rhinolophus hirsutus,Philippine Horseshoe Bat,Chiroptera,Rhinolophidae,,none
Rhinolophus horaceki,Horacek's Horseshoe Bat,Chiroptera,Rhinolophidae,,none
Rhinolophus imaizumii,Imaizumi's Horseshoe Bat,Chiroptera,Rhinolophidae,,none
Rhinolophus inops,Philippine Forest Horseshoe Bat,Chiroptera,Rhinolophidae,,none
Rhinolophus keyensis,Insular Horseshoe Bat,Chiroptera,Rhinolophidae,,none
Rhinolophus kirghisorum,Kyrgyzstan Horseshoe Bat,Chiroptera,Rhinolophidae,,none
Rhinolophus landeri,Lander's Horseshoe Bat,Chiroptera,Rhinolophidae,,none
Rhinolophus lepidus,Blyth's Horseshoe Bat,Chiroptera,Rhinolophidae,,none
Rhinolophus lobatus,Peters's Horseshoe Bat,Chiroptera,Rhinolophidae,,none
Rhinolophus luctoides,Selangor Woolly Horseshoe Bat,Chiroptera,Rhinolophidae,,none
Rhinolophus luctus,Great Woolly Horseshoe Bat,Chiroptera,Rhinolophidae,Rhinolophus luctus_Woolly Horseshoe Bat,exact
Rhinolophus mabuensis,Mount Mabu Horseshoe Bat,Chiroptera,Rhinolophidae,,none
Rhinolophus maclaudi,Maclaud's Horseshoe Bat,Chiroptera,Rhinolophidae,,none
Rhinolophus macrotis,Big-eared Horseshoe Bat,Chiroptera,Rhinolophidae,,none
Rhinolophus madurensis,Madura Horseshoe Bat,Chiroptera,Rhinolophidae,,none
Rhinolophus maendeleo,Maendeleo Horseshoe Bat,Chiroptera,Rhinolophidae,,none
Rhinolophus malayanus,Malayan Horseshoe Bat,Chiroptera,Rhinolophidae,,none
Rhinolophus marshalli,Marshall's Horseshoe Bat,Chiroptera,Rhinolophidae,,none
Rhinolophus mcintyrei,McIntyre's Horseshoe Bat,Chiroptera,Rhinolophidae,,none
Rhinolophus megaphyllus,Eastern Horseshoe Bat,Chiroptera,Rhinolophidae,Rhinolophus megaphyllus_Eastern Horseshoe Bat,exact
Rhinolophus mehelyi,Mehely's Horseshoe Bat,Chiroptera,Rhinolophidae,,none
Rhinolophus microglobosus,Vietnamese Brown Horseshoe Bat,Chiroptera,Rhinolophidae,,none
Rhinolophus midas,Gulf of Oman Horseshoe Bat,Chiroptera,Rhinolophidae,,none
Rhinolophus mitratus,Mitred Horseshoe Bat,Chiroptera,Rhinolophidae,,none
Rhinolophus monoceros,Formosan Horseshoe Bat,Chiroptera,Rhinolophidae,Rhinolophus monoceros_Formosan Lesser Horseshoe Bat,exact
Rhinolophus montanus,Timorese Horseshoe Bat,Chiroptera,Rhinolophidae,,none
Rhinolophus morio,Malaysian Woolly Horseshoe Bat,Chiroptera,Rhinolophidae,,none
Rhinolophus mossambicus,Mozambican Horseshoe Bat,Chiroptera,Rhinolophidae,,none
Rhinolophus namuli,Namuli Horseshoe Bat,Chiroptera,Rhinolophidae,,none
Rhinolophus nereis,Anamban Horseshoe Bat,Chiroptera,Rhinolophidae,,none
Rhinolophus nippon,Greater Japanese Horseshoe Bat,Chiroptera,Rhinolophidae,Rhinolophus nippon_Japanese greater horseshoe bat,exact
Rhinolophus osgoodi,Osgood's Horseshoe Bat,Chiroptera,Rhinolophidae,,none
Rhinolophus pearsonii,Pearson's Horseshoe Bat,Chiroptera,Rhinolophidae,,none
Rhinolophus perditus,Yaeyama Horseshoe Bat,Chiroptera,Rhinolophidae,,none
Rhinolophus perniger,Northern Woolly Horseshoe Bat,Chiroptera,Rhinolophidae,,none
Rhinolophus philippinensis,Large-eared Horseshoe Bat,Chiroptera,Rhinolophidae,,none
Rhinolophus proconsulis,Bornean Woolly Horseshoe Bat,Chiroptera,Rhinolophidae,,none
Rhinolophus pumilus,Okinawa Horseshoe Bat,Chiroptera,Rhinolophidae,,none
Rhinolophus pusillus,Least Horseshoe Bat,Chiroptera,Rhinolophidae,Rhinolophus pusillus_Least Horseshoe Bat,exact
Rhinolophus refulgens,Glossy Horseshoe Bat,Chiroptera,Rhinolophidae,,none
Rhinolophus rex,King Horseshoe Bat,Chiroptera,Rhinolophidae,,none
Rhinolophus robinsoni,Robinson's Horseshoe Bat,Chiroptera,Rhinolophidae,,none
Rhinolophus rouxii,Indian Rufous Horseshoe Bat,Chiroptera,Rhinolophidae,Rhinolophus rouxii_Rufous Horseshoe Bat,exact
Rhinolophus rufus,Large Rufous Horseshoe Bat,Chiroptera,Rhinolophidae,,none
Rhinolophus ruwenzorii,Ruwenzori Horseshoe Bat,Chiroptera,Rhinolophidae,,none
Rhinolophus sakejiensis,Sakeji Horseshoe Bat,Chiroptera,Rhinolophidae,,none
Rhinolophus sedulus,Lesser Woolly Horseshoe Bat,Chiroptera,Rhinolophidae,Rhinolophus sedulus_Lesser Woolly Horseshoe Bat,exact
Rhinolophus septentrionalis,Yunnan Rufous Horseshoe Bat,Chiroptera,Rhinolophidae,,none
Rhinolophus shameli,Shamel's Horseshoe Bat,Chiroptera,Rhinolophidae,,none
Rhinolophus shortridgei,Shortridge's Horseshoe Bat,Chiroptera,Rhinolophidae,,none
Rhinolophus siamensis,Thai Horseshoe Bat,Chiroptera,Rhinolophidae,,none
Rhinolophus silvestris,African Forest Horseshoe Bat,Chiroptera,Rhinolophidae,,none
Rhinolophus simulator,Bushveld Horseshoe Bat,Chiroptera,Rhinolophidae,Rhinolophus simulator_Bushveld horseshoe bat,exact
Rhinolophus sinicus,Chinese Rufous Horseshoe Bat,Chiroptera,Rhinolophidae,Rhinolophus sinicus_Chinese Rufous Horseshoe Bat,exact
Rhinolophus smithersi,Smithers's Horseshoe Bat,Chiroptera,Rhinolophidae,,none
Rhinolophus stheno,Lesser Brown Horseshoe Bat,Chiroptera,Rhinolophidae,,none
Rhinolophus subbadius,Little Nepalese Horseshoe Bat,Chiroptera,Rhinolophidae,,none
Rhinolophus subrufus,Small Rufous Horseshoe Bat,Chiroptera,Rhinolophidae,,none
Rhinolophus swinnyi,Swinny's Horseshoe Bat,Chiroptera,Rhinolophidae,,none
Rhinolophus tatar,Sulawesi Broad-eared Horseshoe Bat,Chiroptera,Rhinolophidae,,none
Rhinolophus thailandensis,Thailand Horseshoe Bat,Chiroptera,Rhinolophidae,,none
Rhinolophus thomasi,Thomas's Horseshoe Bat,Chiroptera,Rhinolophidae,,none
Rhinolophus trifoliatus,Trefoil Horseshoe Bat,Chiroptera,Rhinolophidae,Rhinolophus trifoliatus_Trefoil Horseshoe Bat,exact
Rhinolophus virgo,Yellow-faced Horseshoe Bat,Chiroptera,Rhinolophidae,,none
Rhinolophus webalai,Webala's Horseshoe Bat,Chiroptera,Rhinolophidae,,none
Rhinolophus willardi,Willard's Horseshoe Bat,Chiroptera,Rhinolophidae,,none
Rhinolophus xinanzhongguoensis,Chinese Horseshoe Bat,Chiroptera,Rhinolophidae,,none
Rhinolophus yonghoiseni,Yong Hoi Sen's Woolly Horseshoe Bat,Chiroptera,Rhinolophidae,,none
Rhinolophus yunanensis,Dobson's Horseshoe Bat,Chiroptera,Rhinolophidae,,none
Rhinolophus ziama,Ziama Horseshoe Bat,Chiroptera,Rhinolophidae,,none
Cloeotis percivali,Percival's Trident Bat,Chiroptera,Rhinonycteridae,,none
Paratriaenops auritus,Grandidier's Trident Bat,Chiroptera,Rhinonycteridae,,none
Paratriaenops furcula,Trouessart's Trident Bat,Chiroptera,Rhinonycteridae,,none
Paratriaenops pauliani,Paulian's Trident Bat,Chiroptera,Rhinonycteridae,,none
Rhinonicteris aurantia,Orange Diamond-faced Bat,Chiroptera,Rhinonycteridae,,none
Triaenops afer,African Trident Bat,Chiroptera,Rhinonycteridae,,none
Triaenops menamena,Rufous Trident Bat,Chiroptera,Rhinonycteridae,,none
Triaenops parvus,Yemeni Trident Bat,Chiroptera,Rhinonycteridae,,none
Triaenops persicus,Persian Trident Bat,Chiroptera,Rhinonycteridae,,none
Rhinopoma cystops,Arabian Mouse-tailed Bat,Chiroptera,Rhinopomatidae,Rhinopoma cystops_Egyptian Mouse-tailed Bat,exact
Rhinopoma funaiolii,Somali Mouse-tailed Bat,Chiroptera,Rhinopomatidae,,none
Rhinopoma hadramauticum,Hadramaut Mouse-tailed Bat,Chiroptera,Rhinopomatidae,,none
Rhinopoma hardwickii,Lesser Mouse-tailed Bat,Chiroptera,Rhinopomatidae,,none
Rhinopoma microphyllum,Greater Mouse-tailed Bat,Chiroptera,Rhinopomatidae,Rhinopoma microphyllum_Greater Mouse-tailed Bat,exact
Rhinopoma muscatellum,Muscat Mouse-tailed Bat,Chiroptera,Rhinopomatidae,,none
Manis aurita,Indo-Burmese Pangolin,Pholidota,Manidae,,none
Manis crassicaudata,Thick-tailed Pangolin,Pholidota,Manidae,,none
Manis culionensis,Palawan Pangolin,Pholidota,Manidae,,none
Manis javanica,Sunda Pangolin,Pholidota,Manidae,,none
Manis pentadactyla,Short-tailed Pangolin,Pholidota,Manidae,Manis pentadactyla_Chinese Pangolin,exact
Phataginus tetradactylus,Black-bellied Pangolin,Pholidota,Manidae,,none
Phataginus tricuspis,White-bellied Pangolin,Pholidota,Manidae,,none
Smutsia gigantea,Giant Pangolin,Pholidota,Manidae,,none
Smutsia temminckii,Ground Pangolin,Pholidota,Manidae,,none
Ailurus fulgens,Western Red Panda,Carnivora,Ailuridae,,none
Ailurus styani,Eastern Red Panda,Carnivora,Ailuridae,,none
Conepatus amazonicus,Amazon Hog-nosed Skunk,Carnivora,Mephitidae,Conepatus amazonicus_Amazon Hog-nosed Skunk,exact
Conepatus chinga,Molina's Hog-nosed Skunk,Carnivora,Mephitidae,Conepatus chinga_Molina's Hog-nosed Skunk,exact
Conepatus leuconotus,American Hog-nosed Skunk,Carnivora,Mephitidae,Conepatus leuconotus_American Hog-nosed Skunk,exact
Conepatus semistriatus,Striped Hog-nosed Skunk,Carnivora,Mephitidae,,none
Mephitis macroura,Hooded Skunk,Carnivora,Mephitidae,Mephitis macroura_Hooded Skunk,exact
Mephitis mephitis,Striped Skunk,Carnivora,Mephitidae,Mephitis mephitis_Striped Skunk,exact
Spilogale angustifrons,Southern Spotted Skunk,Carnivora,Mephitidae,,none
Spilogale gracilis,Western Spotted Skunk,Carnivora,Mephitidae,,none
Spilogale interrupta,Plains Spotted Skunk,Carnivora,Mephitidae,,none
Spilogale leucoparia,Desert Spotted Skunk,Carnivora,Mephitidae,,none
Spilogale putorius,Alleghanian Spotted Skunk,Carnivora,Mephitidae,Spilogale putorius_Alleghanian Spotted Skunk,exact
Spilogale pygmaea,Pygmy Spotted Skunk,Carnivora,Mephitidae,,none
Spilogale yucatanensis,Yucatán Spotted Skunk,Carnivora,Mephitidae,,none
Mydaus javanensis,Sunda Stink Badger,Carnivora,Mephitidae,,none
Mydaus marchei,Palawan Stink Badger,Carnivora,Mephitidae,,none
Eira barbara,Tayra,Carnivora,Mustelidae,Eira barbara_Tayra,exact
Gulo gulo,Wolverine,Carnivora,Mustelidae,,none
Martes americana,American Marten,Carnivora,Mustelidae,Martes americana_American Marten,exact
Martes caurina,Pacific Marten,Carnivora,Mustelidae,Martes caurina_Pacific Marten,exact
Martes flavigula,Yellow-throated Marten,Carnivora,Mustelidae,Martes flavigula_Yellow-throated Marten,exact
Martes foina,Stone Marten,Carnivora,Mustelidae,Martes foina_Stone Marten,exact
Martes gwatkinsii,Nilgiri Marten,Carnivora,Mustelidae,Martes gwatkinsii_Nilgiri Marten,exact
Martes martes,European Pine Marten,Carnivora,Mustelidae,Martes martes_Eurasian Pine Marten,exact
Martes melampus,Japanese Marten,Carnivora,Mustelidae,,none
Martes zibellina,Sable,Carnivora,Mustelidae,Martes zibellina_Sable,exact
Pekania pennanti,Fisher,Carnivora,Mustelidae,Pekania pennanti_Fisher,exact
Melogale cucphuongensis,Cuc Phuong Ferret-badger,Carnivora,Mustelidae,,none
Melogale everetti,Bornean Ferret-badger,Carnivora,Mustelidae,,none
Melogale moschata,Small-toothed Ferret-badger,Carnivora,Mustelidae,Melogale moschata_Small-toothed Ferret Badger,exact
Melogale orientalis,Javan Ferret-badger,Carnivora,Mustelidae,,none
Melogale personata,Large-toothed Ferret-badger,Carnivora,Mustelidae,,none
Melogale subaurantiaca,Formosan Ferret-badger,Carnivora,Mustelidae,Melogale subaurantiaca_Formosan Ferret Badger,exact
Ictonyx striatus,Zorilla,Carnivora,Mustelidae,,none
Poecilictis libyca,Saharan Striped Polecat,Carnivora,Mustelidae,,none
Poecilogale albinucha,African Striped Weasel,Carnivora,Mustelidae,,none
Vormela peregusna,Marbled Polecat,Carnivora,Mustelidae,,none
Galictis cuja,Lesser Grison,Carnivora,Mustelidae,Galictis cuja_Lesser Grison,exact
Galictis vittata,Greater Grison,Carnivora,Mustelidae,,none
Lyncodon patagonicus,Patagonian Weasel,Carnivora,Mustelidae,,none
Enhydra lutris,Sea Otter,Carnivora,Mustelidae,Enhydra lutris_Sea Otter,exact
Hydrictis maculicollis,Spotted-necked Otter,Carnivora,Mustelidae,,none
Lontra annectens,Mesoamerican River Otter,Carnivora,Mustelidae,Lontra annectens_Northern Neotropical River Otter,exact
Lontra canadensis,North American River Otter,Carnivora,Mustelidae,Lontra canadensis_North American River Otter,exact
Lontra felina,Marine Otter,Carnivora,Mustelidae,,none
Lontra longicaudis,Neotropical River Otter,Carnivora,Mustelidae,Lontra longicaudis_Central Neotropical River Otter,exact
Lontra provocax,Southern River Otter,Carnivora,Mustelidae,Lontra provocax_Southern River Otter,exact
Lutra capensis,African Clawless Otter,Carnivora,Mustelidae,,none
Lutra cinerea,Asian Small-clawed Otter,Carnivora,Mustelidae,Lutra cinerea_Asian Small-clawed Otter,exact
Lutra congica,Congo Clawless Otter,Carnivora,Mustelidae,,none
Lutra lutra,Eurasian Otter,Carnivora,Mustelidae,Lutra lutra_Eurasian Otter,exact
Lutra nippon,Japanese Otter,Carnivora,Mustelidae,,none
Lutra perspicillata,Smooth-coated Otter,Carnivora,Mustelidae,Lutra perspicillata_Smooth-coated Otter,exact
Lutra sumatrana,Hairy-nosed Otter,Carnivora,Mustelidae,,none
Pteronura brasiliensis,Giant Otter,Carnivora,Mustelidae,Pteronura brasiliensis_Giant Otter,exact
Arctonyx albogularis,Northern Hog Badger,Carnivora,Mustelidae,,none
Arctonyx collaris,Greater Hog Badger,Carnivora,Mustelidae,,none
Arctonyx hoevenii,Sumatran Hog Badger,Carnivora,Mustelidae,,none
Meles amurensis,Amur Badger,Carnivora,Mustelidae,,none
Meles anakuma,Japanese Badger,Carnivora,Mustelidae,,none
Meles canescens,Caucasian Badger,Carnivora,Mustelidae,,none
Meles leucurus,Asian Badger,Carnivora,Mustelidae,Meles leucurus_Asian Badger,exact
Meles meles,European Badger,Carnivora,Mustelidae,Meles meles_European Badger,exact
Mellivora capensis,Honey Badger,Carnivora,Mustelidae,,none
Mustela aistoodonnivalis,Chinese Pygmy Weasel,Carnivora,Mustelidae,,none
Mustela altaica,Altai Mountain Weasel,Carnivora,Mustelidae,,none
Mustela erminea,Beringian Ermine,Carnivora,Mustelidae,Mustela erminea_Eurasian Stoat,exact
Mustela eversmanii,Steppe Polecat,Carnivora,Mustelidae,,none
Mustela furo,Domestic Ferret,Carnivora,Mustelidae,Mustela furo_Domestic Ferret,exact
Mustela haidarum,Haida Ermine,Carnivora,Mustelidae,,none
Mustela itatsi,Japanese Weasel,Carnivora,Mustelidae,,none
Mustela kathiah,Yellow-bellied Weasel,Carnivora,Mustelidae,,none
Mustela lutreola,European Mink,Carnivora,Mustelidae,,none
Mustela lutreolina,Indonesian Mountain Weasel,Carnivora,Mustelidae,,none
Mustela mopbie,Hengduan Mountain Weasel,Carnivora,Mustelidae,,none
Mustela nigripes,Black-footed Ferret,Carnivora,Mustelidae,Mustela nigripes_Black-footed Ferret,exact
Mustela nivalis,Least Weasel,Carnivora,Mustelidae,Mustela nivalis_Least Weasel,exact
Mustela nudipes,Malay Weasel,Carnivora,Mustelidae,,none
Mustela putorius,European Polecat,Carnivora,Mustelidae,Mustela putorius_Western Polecat,exact
Mustela richardsonii,American Ermine,Carnivora,Mustelidae,Mustela richardsonii_American Ermine,exact
Mustela sibirica,Siberian Weasel,Carnivora,Mustelidae,,none
Mustela strigidorsa,Back-striped Weasel,Carnivora,Mustelidae,,none
Neogale africana,Amazon Weasel,Carnivora,Mustelidae,,none
Neogale felipei,Colombian Weasel,Carnivora,Mustelidae,,none
Neogale frenata,Long-tailed Weasel,Carnivora,Mustelidae,Neogale frenata_Long-tailed Weasel,exact
Neogale macrodon,Sea Mink,Carnivora,Mustelidae,,none
Neogale vison,American Mink,Carnivora,Mustelidae,Neogale vison_American Mink,exact
Taxidea taxus,American Badger,Carnivora,Mustelidae,Taxidea taxus_American Badger,exact
Bassaricyon alleni,Eastern Lowland Olingo,Carnivora,Procyonidae,Bassaricyon alleni_Eastern Lowland Olingo,exact
Bassaricyon gabbii,Northern Olingo,Carnivora,Procyonidae,,none
Bassaricyon medius,Western Lowland Olingo,Carnivora,Procyonidae,Bassaricyon medius_Western Lowland Olingo,exact
Bassaricyon neblina,Olinguito,Carnivora,Procyonidae,Bassaricyon neblina_Olinguito,exact
Bassariscus astutus,Ringtail,Carnivora,Procyonidae,Bassariscus astutus_Ringtail,exact
Bassariscus sumichrasti,Cacomistle,Carnivora,Procyonidae,Bassariscus sumichrasti_Cacomistle,exact
Nasua narica,White-nosed Coati,Carnivora,Procyonidae,Nasua narica_White-nosed Coati,exact
Nasua nasua,South American Coati,Carnivora,Procyonidae,Nasua nasua_South American Coati,exact
Nasua olivacea,Mountain Coati,Carnivora,Procyonidae,Nasua olivacea_Mountain Coati,exact
Potos flavus,Kinkajou,Carnivora,Procyonidae,Potos flavus_Kinkajou,exact
Procyon cancrivorus,Crab-eating Raccoon,Carnivora,Procyonidae,Procyon cancrivorus_Crab-eating Raccoon,exact
Procyon lotor,Northern Raccoon,Carnivora,Procyonidae,Procyon lotor_Common Raccoon,exact
Procyon pygmaeus,Cozumel Raccoon,Carnivora,Procyonidae,,none
Odobenus rosmarus,Walrus,Carnivora,Odobenidae,,none
Arctocephalus australis,South American Fur Seal,Carnivora,Otariidae,,none
Arctocephalus forsteri,New Zealand Fur Seal,Carnivora,Otariidae,Arctocephalus forsteri_Long-nosed Fur Seal,exact
Arctocephalus galapagoensis,Galapagos Fur Seal,Carnivora,Otariidae,,none
Arctocephalus gazella,Antarctic Fur Seal,Carnivora,Otariidae,Arctocephalus gazella_Antarctic Fur Seal,exact
Arctocephalus philippii,Juan Fernandez Fur Seal,Carnivora,Otariidae,,none
Arctocephalus pusillus,Afro-Australian Fur Seal,Carnivora,Otariidae,Arctocephalus pusillus_Brown Fur Seal,exact
Arctocephalus townsendi,Guadalupe Fur Seal,Carnivora,Otariidae,,none
Arctocephalus tropicalis,Subantarctic Fur Seal,Carnivora,Otariidae,,none
Callorhinus ursinus,Northern Fur Seal,Carnivora,Otariidae,Callorhinus ursinus_Northern Fur Seal,exact
Eumetopias jubatus,Steller Sea Lion,Carnivora,Otariidae,Eumetopias jubatus_Steller Sea Lion,exact
Neophoca cinerea,Australian Sea Lion,Carnivora,Otariidae,,none
Otaria flavescens,South American Sea Lion,Carnivora,Otariidae,Otaria flavescens_South American Sea Lion,exact
Phocarctos hookeri,New Zealand Sea Lion,Carnivora,Otariidae,,none
Zalophus californianus,California Sea Lion,Carnivora,Otariidae,Zalophus californianus_California Sea Lion,exact
Zalophus japonicus,Japanese Sea Lion,Carnivora,Otariidae,,none
Zalophus wollebaeki,Galapagos Sea Lion,Carnivora,Otariidae,Zalophus wollebaeki_Galápagos Sea Lion,exact
Hydrurga leptonyx,Leopard Seal,Carnivora,Phocidae,,none
Leptonychotes weddellii,Weddell Seal,Carnivora,Phocidae,Leptonychotes weddellii_Weddell Seal,exact
Lobodon carcinophaga,Crabeater Seal,Carnivora,Phocidae,Lobodon carcinophaga_Crabeater Seal,exact
Ommatophoca rossii,Ross Seal,Carnivora,Phocidae,,none
Mirounga angustirostris,Northern Elephant Seal,Carnivora,Phocidae,Mirounga angustirostris_Northern Elephant Seal,exact
Mirounga leonina,Southern Elephant Seal,Carnivora,Phocidae,Mirounga leonina_Southern Elephant Seal,exact
Monachus monachus,Mediterranean Monk Seal,Carnivora,Phocidae,,none
Neomonachus schauinslandi,Hawaiian Monk Seal,Carnivora,Phocidae,,none
Neomonachus tropicalis,Caribbean Monk Seal,Carnivora,Phocidae,,none
Cystophora cristata,Hooded Seal,Carnivora,Phocidae,,none
Erignathus barbatus,Bearded Seal,Carnivora,Phocidae,Erignathus barbatus_Bearded Seal,exact
Histriophoca fasciata,Ribbon Seal,Carnivora,Phocidae,,none
Pagophilus groenlandicus,Harp Seal,Carnivora,Phocidae,Pagophilus groenlandicus_Harp Seal,exact
Halichoerus grypus,Gray Seal,Carnivora,Phocidae,Halichoerus grypus_Grey Seal,exact
Phoca largha,Spotted Seal,Carnivora,Phocidae,,none
Phoca vitulina,Harbor Seal,Carnivora,Phocidae,Phoca vitulina_Harbor Seal,exact
Pusa caspica,Caspian Seal,Carnivora,Phocidae,,none
Pusa hispida,Ringed Seal,Carnivora,Phocidae,,none
Pusa saimensis,Saimaa Seal,Carnivora,Phocidae,,none
Pusa sibirica,Baikal Seal,Carnivora,Phocidae,,none
Ailuropoda melanoleuca,Giant Panda,Carnivora,Ursidae,,none
Tremarctos ornatus,Andean Bear,Carnivora,Ursidae,Tremarctos ornatus_Spectacled Bear,exact
Helarctos malayanus,Sun Bear,Carnivora,Ursidae,,none
Melursus ursinus,Sloth Bear,Carnivora,Ursidae,,none
Ursus americanus,American Black Bear,Carnivora,Ursidae,Ursus americanus_American Black Bear,exact
Ursus arctos,Brown Bear,Carnivora,Ursidae,Ursus arctos_Brown Bear,exact
Ursus maritimus,Polar Bear,Carnivora,Ursidae,,none
Ursus thibetanus,Asian Black Bear,Carnivora,Ursidae,,none
Canis aureus,Golden Jackal,Carnivora,Canidae,Canis aureus_Golden Jackal,exact
Canis familiaris,Domestic Dog,Carnivora,Canidae,Canis familiaris_Domestic Dog,exact
Canis latrans,Coyote,Carnivora,Canidae,Canis latrans_Coyote,exact
Canis lupaster,African Golden Wolf,Carnivora,Canidae,Canis lupaster_African Wolf,exact
Canis lupus,Gray Wolf,Carnivora,Canidae,Canis lupus_Gray Wolf,exact
Canis lycaon,Eastern Wolf,Carnivora,Canidae,Canis lycaon_Eastern Wolf,exact
Canis rufus,Red Wolf,Carnivora,Canidae,Canis rufus_Red Wolf,exact
Canis simensis,Ethiopian Wolf,Carnivora,Canidae,,none
Cuon alpinus,Dhole,Carnivora,Canidae,Cuon alpinus_Dhole,exact
Lupulella adusta,Side-striped Jackal,Carnivora,Canidae,Lupulella adusta_Side-striped Jackal,exact
Lupulella mesomelas,Black-backed Jackal,Carnivora,Canidae,Lupulella mesomelas_Black-backed Jackal,exact
Lycaon pictus,African Wild Dog,Carnivora,Canidae,Lycaon pictus_African Wild Dog,exact
Atelocynus microtis,Short-eared Dog,Carnivora,Canidae,Atelocynus microtis_Short-eared Dog,exact
Cerdocyon thous,Crab-eating Fox,Carnivora,Canidae,Cerdocyon thous_Crab-eating Fox,exact
Chrysocyon brachyurus,Maned Wolf,Carnivora,Canidae,Chrysocyon brachyurus_Maned Wolf,exact
Dusicyon australis,Warrah,Carnivora,Canidae,,none
Lycalopex culpaeus,Culpeo,Carnivora,Canidae,Lycalopex culpaeus_Culpeo,exact
Lycalopex fulvipes,Darwin's Fox,Carnivora,Canidae,Lycalopex fulvipes_Darwin's Fox,exact
Lycalopex grisea,South American Gray Fox,Carnivora,Canidae,Lycalopex grisea_Chilla,exact
Lycalopex gymnocerca,Pampas Fox,Carnivora,Canidae,Lycalopex gymnocerca_Pampas Fox,exact
Lycalopex sechurae,Sechuran Fox,Carnivora,Canidae,,none
Lycalopex vetula,Hoary Fox,Carnivora,Canidae,Lycalopex vetula_Hoary Fox,exact
Speothos venaticus,Bush Dog,Carnivora,Canidae,,none
Urocyon cinereoargenteus,Northern Gray Fox,Carnivora,Canidae,Urocyon cinereoargenteus_Gray Fox,exact
Urocyon littoralis,Island Fox,Carnivora,Canidae,Urocyon littoralis_Island Fox,exact
Nyctereutes procyonoides,Common Raccoon Dog,Carnivora,Canidae,Nyctereutes procyonoides_Mainland Raccoon Dog,exact
Nyctereutes viverrinus,Japanese Raccoon Dog,Carnivora,Canidae,,none
Otocyon megalotis,Bat-eared Fox,Carnivora,Canidae,Otocyon megalotis_Bat-eared Fox,exact
Vulpes bengalensis,Indian Fox,Carnivora,Canidae,,none
Vulpes cana,Blanford's Fox,Carnivora,Canidae,,none
Vulpes chama,Cape Fox,Carnivora,Canidae,Vulpes chama_Cape Fox,exact
Vulpes corsac,Corsac Fox,Carnivora,Canidae,,none
Vulpes ferrilata,Tibetan Fox,Carnivora,Canidae,,none
Vulpes lagopus,Arctic Fox,Carnivora,Canidae,Vulpes lagopus_Arctic Fox,exact
Vulpes macrotis,Kit Fox,Carnivora,Canidae,Vulpes macrotis_Kit Fox,exact
Vulpes pallida,Pale Fox,Carnivora,Canidae,,none
Vulpes rueppellii,Rüppell's Fox,Carnivora,Canidae,Vulpes rueppellii_Rüppell's Fox,exact
Vulpes velox,Swift Fox,Carnivora,Canidae,,none
Vulpes vulpes,Red Fox,Carnivora,Canidae,Vulpes vulpes_Red Fox,exact
Vulpes zerda,Fennec Fox,Carnivora,Canidae,,none
Acinonyx jubatus,Cheetah,Carnivora,Felidae,Acinonyx jubatus_Cheetah,exact
Caracal auratus,African Golden Cat,Carnivora,Felidae,,none
Caracal caracal,Caracal,Carnivora,Felidae,Caracal caracal_Caracal,exact
Catopuma badia,Bay Cat,Carnivora,Felidae,,none
Catopuma temminckii,Asian Golden Cat,Carnivora,Felidae,,none
Felis bieti,Chinese Mountain Cat,Carnivora,Felidae,,none
Felis catus,Domestic Cat,Carnivora,Felidae,Felis catus_Domestic Cat,exact
Felis chaus,Jungle Cat,Carnivora,Felidae,Felis chaus_Jungle Cat,exact
Felis lybica,African Wildcat,Carnivora,Felidae,,none
Felis margarita,Sand Cat,Carnivora,Felidae,,none
Felis nigripes,Black-footed Cat,Carnivora,Felidae,,none
Felis silvestris,European Wildcat,Carnivora,Felidae,Felis silvestris_European Wildcat,exact
Herpailurus yagouaroundi,Jaguarundi,Carnivora,Felidae,Herpailurus yagouaroundi_Jaguarundi,exact
Leopardus braccatus,Pantanal Cat,Carnivora,Felidae,,none
Leopardus colocola,Central Chilean Colocolo,Carnivora,Felidae,,none
Leopardus fasciatus,Uruguayan Colocolo,Carnivora,Felidae,,none
Leopardus garleppi,Northern Colocolo,Carnivora,Felidae,,none
Leopardus geoffroyi,Geoffroy's Cat,Carnivora,Felidae,,none
Leopardus guigna,Kodkod,Carnivora,Felidae,Leopardus guigna_Guiña,exact
Leopardus guttulus,Atlantic Forest Oncilla,Carnivora,Felidae,Leopardus guttulus_Southern Tigrina,exact
Leopardus jacobita,Andean Mountain Cat,Carnivora,Felidae,,none
Leopardus pajeros,Southern Colocolo,Carnivora,Felidae,Leopardus pajeros_Southern Pampas Cat,exact
Leopardus pardalis,Ocelot,Carnivora,Felidae,Leopardus pardalis_Ocelot,exact
Leopardus pardinoides,Clouded Oncilla,Carnivora,Felidae,,none
Leopardus tigrinus,Savanna Oncilla,Carnivora,Felidae,,none
Leopardus wiedii,Margay,Carnivora,Felidae,Leopardus wiedii_Margay,exact
Leptailurus serval,Serval,Carnivora,Felidae,,none
Lynx canadensis,Canadian Lynx,Carnivora,Felidae,Lynx canadensis_Canada Lynx,exact
Lynx lynx,Eurasian Lynx,Carnivora,Felidae,Lynx lynx_Eurasian Lynx,exact
Lynx pardinus,Iberian Lynx,Carnivora,Felidae,Lynx pardinus_Iberian Lynx,exact
Lynx rufus,Bobcat,Carnivora,Felidae,Lynx rufus_Bobcat,exact
Otocolobus manul,Pallas's Cat,Carnivora,Felidae,,none
Pardofelis marmorata,Marbled Cat,Carnivora,Felidae,,none
Prionailurus bengalensis,Mainland Leopard Cat,Carnivora,Felidae,Prionailurus bengalensis_Mainland Leopard Cat,exact
Prionailurus javanensis,Sunda Leopard Cat,Carnivora,Felidae,,none
Prionailurus planiceps,Flat-headed Cat,Carnivora,Felidae,,none
Prionailurus rubiginosus,Rusty-spotted Cat,Carnivora,Felidae,,none
Prionailurus viverrinus,Fishing Cat,Carnivora,Felidae,,none
Puma concolor,Puma,Carnivora,Felidae,Puma concolor_Mountain Lion,exact
Neofelis diardi,Sunda Clouded Leopard,Carnivora,Felidae,,none
Neofelis nebulosa,Mainland Clouded Leopard,Carnivora,Felidae,,none
Panthera leo,Lion,Carnivora,Felidae,Panthera leo_Lion,exact
Panthera onca,Jaguar,Carnivora,Felidae,Panthera onca_Jaguar,exact
Panthera pardus,Leopard,Carnivora,Felidae,Panthera pardus_Leopard,exact
Panthera tigris,Tiger,Carnivora,Felidae,Panthera tigris_Tiger,exact
Panthera uncia,Snow Leopard,Carnivora,Felidae,Panthera uncia_Snow Leopard,exact
Prionodon linsang,Banded Linsang,Carnivora,Prionodontidae,Prionodon linsang_Banded Linsang,exact
Prionodon pardicolor,Spotted Linsang,Carnivora,Prionodontidae,,none
Cryptoprocta ferox,Fossa,Carnivora,Eupleridae,Cryptoprocta ferox_Fossa,exact
Cryptoprocta spelea,Giant Fosa,Carnivora,Eupleridae,,none
Eupleres goudotii,Falanouc,Carnivora,Eupleridae,,none
Fossa fossana,Spotted Fanaloka,Carnivora,Eupleridae,,none
Galidia elegans,Ring-tailed Vontsira,Carnivora,Eupleridae,,none
Galidictis fasciata,Broad-striped Vontsira,Carnivora,Eupleridae,,none
Mungotictis decemlineata,Narrow-striped Boky,Carnivora,Eupleridae,,none
Salanoia concolor,Brown-tailed Vontsira,Carnivora,Eupleridae,,none
Atilax paludinosus,Marsh Mongoose,Carnivora,Herpestidae,Atilax paludinosus_Marsh Mongoose,exact
Bdeogale crassicauda,Bushy-tailed Mongoose,Carnivora,Herpestidae,,none
Bdeogale jacksoni,Jackson's Mongoose,Carnivora,Herpestidae,,none
Bdeogale nigripes,Black-footed Mongoose,Carnivora,Herpestidae,,none
Bdeogale omnivora,Sokoke Mongoose,Carnivora,Herpestidae,,none
Cynictis penicillata,Yellow Mongoose,Carnivora,Herpestidae,,none
Herpestes flavescens,Angolan Slender Mongoose,Carnivora,Herpestidae,,none
Herpestes ichneumon,Egyptian Mongoose,Carnivora,Herpestidae,Herpestes ichneumon_Egyptian Mongoose,exact
Herpestes ochraceus,Somalian Slender Mongoose,Carnivora,Herpestidae,,none
Herpestes pulverulentus,Cape Gray Mongoose,Carnivora,Herpestidae,Herpestes pulverulentus_Cape Grey Mongoose,exact
Herpestes sanguineus,Common Slender Mongoose,Carnivora,Herpestidae,,none
Ichneumia albicauda,White-tailed Mongoose,Carnivora,Herpestidae,Ichneumia albicauda_White-tailed Mongoose,exact
Paracynictis selousi,Selous's Mongoose,Carnivora,Herpestidae,Paracynictis selousi_Selous' Mongoose,exact
Rhynchogale melleri,Meller's Mongoose,Carnivora,Herpestidae,,none
Urva auropunctata,Small Indian Mongoose,Carnivora,Herpestidae,,none
Urva brachyurus,Short-tailed Mongoose,Carnivora,Herpestidae,,none
Urva edwardsii,Indian Gray Mongoose,Carnivora,Herpestidae,Urva edwardsii_Indian Grey Mongoose,exact
Urva fusca,Indian Brown Mongoose,Carnivora,Herpestidae,Urva fusca_Indian Brown Mongoose,exact
Urva javanica,Javan Mongoose,Carnivora,Herpestidae,,none
Urva semitorquata,Collared Mongoose,Carnivora,Herpestidae,,none
Urva smithii,Ruddy Mongoose,Carnivora,Herpestidae,,none
Urva urva,Crab-eating Mongoose,Carnivora,Herpestidae,Urva urva_Crab-eating Mongoose,exact
Urva vitticollis,Stripe-necked Mongoose,Carnivora,Herpestidae,,none
Xenogale naso,Long-nosed Mongoose,Carnivora,Herpestidae,,none
Crossarchus alexandri,Alexander's Cusimanse,Carnivora,Herpestidae,,none
Crossarchus ansorgei,Angolan Cusimanse,Carnivora,Herpestidae,,none
Crossarchus obscurus,Common Cusimanse,Carnivora,Herpestidae,,none
Crossarchus platycephalus,Flat-headed Cusimanse,Carnivora,Herpestidae,,none
Dologale dybowskii,Pousargues's Mongoose,Carnivora,Herpestidae,,none
Helogale hirtula,Ethiopian Dwarf Mongoose,Carnivora,Herpestidae,,none
Helogale parvula,Common Dwarf Mongoose,Carnivora,Herpestidae,Helogale parvula_Common Dwarf Mongoose,exact
Liberiictis kuhni,Liberian Mongoose,Carnivora,Herpestidae,,none
Mungos gambianus,Gambian Mongoose,Carnivora,Herpestidae,,none
Mungos mungo,Banded Mongoose,Carnivora,Herpestidae,Mungos mungo_Banded Mongoose,exact
Suricata suricatta,Meerkat,Carnivora,Herpestidae,Suricata suricatta_Meerkat,exact
Crocuta crocuta,Spotted Hyena,Carnivora,Hyaenidae,Crocuta crocuta_Spotted Hyena,exact
Hyaena hyaena,Striped Hyena,Carnivora,Hyaenidae,Hyaena hyaena_Striped Hyaena,exact
Parahyaena brunnea,Brown Hyena,Carnivora,Hyaenidae,Parahyaena brunnea_Brown Hyaena,exact
Proteles cristatus,Southern Aardwolf,Carnivora,Hyaenidae,,none
Proteles septentrionalis,Eastern Aardwolf,Carnivora,Hyaenidae,,none
Genetta abyssinica,Abyssinian Genet,Carnivora,Viverridae,,none
Genetta angolensis,Angolan Genet,Carnivora,Viverridae,,none
Genetta bourloni,Bourlon's Genet,Carnivora,Viverridae,,none
Genetta cristata,Crested Genet,Carnivora,Viverridae,,none
Genetta felina,Feline Genet,Carnivora,Viverridae,,none
Genetta fieldiana,Rusty-spotted Genet,Carnivora,Viverridae,Genetta fieldiana_Rusty-spotted Genet,exact
Genetta genetta,Common Genet,Carnivora,Viverridae,Genetta genetta_Northern Small-spotted Genet,exact
Genetta johnstoni,Johnston's Genet,Carnivora,Viverridae,,none
Genetta pardina,Pardine Genet,Carnivora,Viverridae,,none
Genetta piscivora,Aquatic Genet,Carnivora,Viverridae,,none
Genetta poensis,King Genet,Carnivora,Viverridae,,none
Genetta servalina,Servaline Genet,Carnivora,Viverridae,,none
Genetta thierryi,Hausa Genet,Carnivora,Viverridae,,none
Genetta tigrina,Cape Genet,Carnivora,Viverridae,,none
Genetta victoriae,Giant Genet,Carnivora,Viverridae,,none
Poiana leightoni,Leighton's Oyan,Carnivora,Viverridae,,none
Poiana richardsonii,Central African Oyan,Carnivora,Viverridae,,none
Chrotogale owstoni,Owston's Palm Civet,Carnivora,Viverridae,,none
Cynogale bennettii,Otter Civet,Carnivora,Viverridae,,none
Diplogale hosei,Hose's Palm Civet,Carnivora,Viverridae,,none
Hemigalus derbyanus,Banded Palm Civet,Carnivora,Viverridae,,none
Macrogalidia musschenbroekii,Sulawesi Palm Civet,Carnivora,Viverridae,,none
Arctictis binturong,Binturong,Carnivora,Viverridae,,none
Arctogalidia trivirgata,Small-toothed Palm Civet,Carnivora,Viverridae,,none
Paguma larvata,Masked Palm Civet,Carnivora,Viverridae,Paguma larvata_Masked Palm Civet,exact
Paradoxurus hermaphroditus,Northern Palm Civet,Carnivora,Viverridae,Paradoxurus hermaphroditus_Northern Palm Civet,exact
Paradoxurus jerdoni,Brown Palm Civet,Carnivora,Viverridae,,none
Paradoxurus musanga,Southern Palm Civet,Carnivora,Viverridae,Paradoxurus musanga_Southern Palm Civet,exact
Paradoxurus philippinensis,Philippine Palm Civet,Carnivora,Viverridae,,none
Paradoxurus zeylonensis,Golden Palm Civet,Carnivora,Viverridae,,none
Civettictis civetta,African Civet,Carnivora,Viverridae,,none
Viverra civettina,Malabar Civet,Carnivora,Viverridae,,none
Viverra megaspila,Large-spotted Civet,Carnivora,Viverridae,,none
Viverra tangalunga,Malay Civet,Carnivora,Viverridae,,none
Viverra zibetha,Large Indian Civet,Carnivora,Viverridae,,none
Viverricula indica,Small Indian Civet,Carnivora,Viverridae,,none
Nandinia binotata,African Palm Civet,Carnivora,Nandiniidae,,none
Dicerorhinus sumatrensis,Sumatran Rhinoceros,Perissodactyla,Rhinocerotidae,,none
Ceratotherium simum,White Rhinoceros,Perissodactyla,Rhinocerotidae,Ceratotherium simum_White Rhinoceros,exact
Diceros bicornis,Black Rhinoceros,Perissodactyla,Rhinocerotidae,,none
Rhinoceros sondaicus,Lesser One-horned Rhinoceros,Perissodactyla,Rhinocerotidae,,none
Rhinoceros unicornis,Greater One-horned Rhinoceros,Perissodactyla,Rhinocerotidae,Rhinoceros unicornis_Indian Rhinoceros,exact
Tapirus bairdii,Central American Tapir,Perissodactyla,Tapiridae,Tapirus bairdii_Baird's Tapir,exact
Tapirus indicus,Malayan Tapir,Perissodactyla,Tapiridae,,none
Tapirus pinchaque,Mountain Tapir,Perissodactyla,Tapiridae,Tapirus pinchaque_Mountain Tapir,exact
Tapirus terrestris,Lowland Tapir,Perissodactyla,Tapiridae,Tapirus terrestris_South American Tapir,exact
Equus africanus,African Wild Ass,Perissodactyla,Equidae,,none
Equus asinus,Domestic Ass,Perissodactyla,Equidae,Equus asinus_Donkey,exact
Equus caballus,Domestic Horse,Perissodactyla,Equidae,Equus caballus_Domestic Horse,exact
Equus ferus,Wild Horse,Perissodactyla,Equidae,,none
Equus grevyi,Grevy's Zebra,Perissodactyla,Equidae,,none
Equus hemionus,Onager,Perissodactyla,Equidae,,none
Equus kiang,Kiang,Perissodactyla,Equidae,,none
Equus quagga,Plains Zebra,Perissodactyla,Equidae,Equus quagga_Plains Zebra,exact
Equus zebra,Mountain Zebra,Perissodactyla,Equidae,,none
Choeropsis liberiensis,Pygmy Hippopotamus,Artiodactyla,Hippopotamidae,,none
Hippopotamus amphibius,Common Hippopotamus,Artiodactyla,Hippopotamidae,Hippopotamus amphibius_Common Hippopotamus,exact
Hippopotamus lemerlei,Lemerle's Dwarf Hippopotamus,Artiodactyla,Hippopotamidae,,none
Hippopotamus madagascariensis,Madagascan Dwarf Hippopotamus,Artiodactyla,Hippopotamidae,,none
Balaena mysticetus,Bowhead Whale,Artiodactyla,Balaenidae,Balaena mysticetus_Bowhead Whale,exact
Eubalaena australis,Southern Right Whale,Artiodactyla,Balaenidae,Eubalaena australis_Southern Right Whale,exact
Eubalaena glacialis,North Atlantic Right Whale,Artiodactyla,Balaenidae,Eubalaena glacialis_North Atlantic Right Whale,exact
Eubalaena japonica,North Pacific Right Whale,Artiodactyla,Balaenidae,,none
Balaenoptera acutorostrata,Common Minke Whale,Artiodactyla,Balaenopteridae,,none
Balaenoptera bonaerensis,Antarctic Minke Whale,Artiodactyla,Balaenopteridae,Balaenoptera bonaerensis_Antarctic Minke Whale,exact
Balaenoptera borealis,Sei Whale,Artiodactyla,Balaenopteridae,,none
Balaenoptera brydei,Bryde's Whale,Artiodactyla,Balaenopteridae,,none
Balaenoptera edeni,Eden's Whale,Artiodactyla,Balaenopteridae,,none
Balaenoptera musculus,Blue Whale,Artiodactyla,Balaenopteridae,,none
Balaenoptera omurai,Omura's Whale,Artiodactyla,Balaenopteridae,,none
Balaenoptera physalus,Fin Whale,Artiodactyla,Balaenopteridae,Balaenoptera physalus_Fin Whale,exact
Balaenoptera ricei,Rice's Whale,Artiodactyla,Balaenopteridae,,none
Eschrichtius robustus,Gray Whale,Artiodactyla,Balaenopteridae,Eschrichtius robustus_Grey Whale,exact
Megaptera novaeangliae,Humpback Whale,Artiodactyla,Balaenopteridae,Megaptera novaeangliae_Humpback Whale,exact
Caperea marginata,Pygmy Right Whale,Artiodactyla,Cetotheriidae,,none
Delphinus bairdii,Eastern Pacific Long-beaked Common Dolphin,Artiodactyla,Delphinidae,,none
Delphinus delphis,Panglobal Common Dolphin,Artiodactyla,Delphinidae,,none
Lagenodelphis hosei,Fraser's Dolphin,Artiodactyla,Delphinidae,,none
Sotalia fluviatilis,Tucuxi,Artiodactyla,Delphinidae,,none
Sotalia guianensis,Guiana Dolphin,Artiodactyla,Delphinidae,Sotalia guianensis_Guyana Dolphin,exact
Sousa chinensis,Indo-Pacific Humpback Dolphin,Artiodactyla,Delphinidae,,none
Sousa plumbea,Indian Humpback Dolphin,Artiodactyla,Delphinidae,,none
Sousa sahulensis,Australian Humpback Dolphin,Artiodactyla,Delphinidae,Sousa sahulensis_Australian Humpback Dolphin,exact
Sousa teuszii,Atlantic Humpback Dolphin,Artiodactyla,Delphinidae,,none
Stenella attenuata,Pantropical Spotted Dolphin,Artiodactyla,Delphinidae,,none
Stenella clymene,Clymene Dolphin,Artiodactyla,Delphinidae,,none
Stenella coeruleoalba,Striped Dolphin,Artiodactyla,Delphinidae,Stenella coeruleoalba_Striped Dolphin,exact
Stenella frontalis,Atlantic Spotted Dolphin,Artiodactyla,Delphinidae,Stenella frontalis_Atlantic Spotted Dolphin,exact
Stenella longirostris,Spinner Dolphin,Artiodactyla,Delphinidae,,none
Tursiops aduncus,Indo-Pacific Bottlenose Dolphin,Artiodactyla,Delphinidae,Tursiops aduncus_Indo-Pacific Bottlenose Dolphin,exact
Tursiops erebennus,Tamanend's Bottlenose Dolphin,Artiodactyla,Delphinidae,Tursiops erebennus_Tamanend's Bottlenose Dolphin,exact
Tursiops truncatus,Common Bottlenose Dolphin,Artiodactyla,Delphinidae,Tursiops truncatus_Common Bottlenose Dolphin,exact
Feresa attenuata,Pygmy Killer Whale,Artiodactyla,Delphinidae,,none
Globicephala macrorhynchus,Short-finned Pilot Whale,Artiodactyla,Delphinidae,,none
Globicephala melas,Long-finned Pilot Whale,Artiodactyla,Delphinidae,Globicephala melas_Long-finned Pilot Whale,exact
Grampus griseus,Risso's Dolphin,Artiodactyla,Delphinidae,,none
Orcaella brevirostris,Irrawaddy Dolphin,Artiodactyla,Delphinidae,,none
Orcaella heinsohni,Australian Snubfin Dolphin,Artiodactyla,Delphinidae,,none
Peponocephala electra,Melon-headed Whale,Artiodactyla,Delphinidae,,none
Pseudorca crassidens,False Killer Whale,Artiodactyla,Delphinidae,Pseudorca crassidens_False Killer Whale,exact
Steno bredanensis,Rough-toothed Dolphin,Artiodactyla,Delphinidae,,none
Lagenorhynchus albirostris,White-beaked Dolphin,Artiodactyla,Delphinidae,,none
Leucopleurus acutus,Atlantic White-sided Dolphin,Artiodactyla,Delphinidae,,none
Orcinus ater,Resident Killer Whale,Artiodactyla,Delphinidae,,none
Orcinus orca,Common Killer Whale,Artiodactyla,Delphinidae,Orcinus orca_Orca,exact
Orcinus rectipinnus,Bigg's Killer Whale,Artiodactyla,Delphinidae,,none
Aethalodelphis obliquidens,Pacific White-sided Dolphin,Artiodactyla,Delphinidae,,none
Aethalodelphis obscurus,Dusky Dolphin,Artiodactyla,Delphinidae,,none
Cephalorhynchus australis,Peale's Dolphin,Artiodactyla,Delphinidae,,none
Cephalorhynchus commersonii,Commerson's Dolphin,Artiodactyla,Delphinidae,,none
Cephalorhynchus cruciger,Hourglass Dolphin,Artiodactyla,Delphinidae,,none
Cephalorhynchus eutropia,Chilean Dolphin,Artiodactyla,Delphinidae,,none
Cephalorhynchus heavisidii,Heaviside's Dolphin,Artiodactyla,Delphinidae,,none
Cephalorhynchus hectori,Hector's Dolphin,Artiodactyla,Delphinidae,,none
Lissodelphis borealis,Northern Right-whale Dolphin,Artiodactyla,Delphinidae,,none
Lissodelphis peronii,Southern Right-whale Dolphin,Artiodactyla,Delphinidae,,none
Delphinapterus leucas,Beluga,Artiodactyla,Monodontidae,Delphinapterus leucas_Beluga,exact
Monodon monoceros,Narwhal,Artiodactyla,Monodontidae,,none
Neophocaena asiaeorientalis,Yangtze Finless Porpoise,Artiodactyla,Phocoenidae,,none
Neophocaena phocaenoides,Indo-Pacific Finless Porpoise,Artiodactyla,Phocoenidae,,none
Neophocaena sunameri,East Asian Finless Porpoise,Artiodactyla,Phocoenidae,,none
Phocoena dioptrica,Spectacled Porpoise,Artiodactyla,Phocoenidae,,none
Phocoena phocoena,Harbor Porpoise,Artiodactyla,Phocoenidae,,none
Phocoena sinus,Vaquita,Artiodactyla,Phocoenidae,,none
Phocoena spinipinnis,Burmeister's Porpoise,Artiodactyla,Phocoenidae,,none
Phocoenoides dalli,Dall's Porpoise,Artiodactyla,Phocoenidae,,none
Inia araguaiaensis,Araguaian River Dolphin,Artiodactyla,Iniidae,,none
Inia boliviensis,Bolivian River Dolphin,Artiodactyla,Iniidae,,none
Inia geoffrensis,Amazon River Dolphin,Artiodactyla,Iniidae,,none
Inia humboldtiana,Orinoco River Dolphin,Artiodactyla,Iniidae,,none
Pontoporia blainvillei,Franciscana,Artiodactyla,Pontoporiidae,,none
Lipotes vexillifer,Baiji,Artiodactyla,Lipotidae,,none
Kogia breviceps,Pygmy Sperm Whale,Artiodactyla,Kogiidae,,none
Kogia sima,Dwarf Sperm Whale,Artiodactyla,Kogiidae,,none
Physeter macrocephalus,Sperm Whale,Artiodactyla,Physeteridae,Physeter macrocephalus_Sperm Whale,exact
Platanista gangetica,Ganges River Dolphin,Artiodactyla,Platanistidae,,none
Platanista minor,Indus River Dolphin,Artiodactyla,Platanistidae,,none
Berardius arnuxii,Arnoux's Beaked Whale,Artiodactyla,Ziphiidae,,none
Berardius bairdii,Baird's Beaked Whale,Artiodactyla,Ziphiidae,,none
Berardius minimus,Least Beaked Whale,Artiodactyla,Ziphiidae,,none
Hyperoodon ampullatus,Northern Bottlenose Whale,Artiodactyla,Ziphiidae,,none
Hyperoodon planifrons,Southern Bottlenose Whale,Artiodactyla,Ziphiidae,,none
Indopacetus pacificus,Longman's Beaked Whale,Artiodactyla,Ziphiidae,,none
Mesoplodon bidens,Sowerby's Beaked Whale,Artiodactyla,Ziphiidae,,none
Mesoplodon bowdoini,Andrews's Beaked Whale,Artiodactyla,Ziphiidae,,none
Mesoplodon carlhubbsi,Hubbs's Beaked Whale,Artiodactyla,Ziphiidae,,none
Mesoplodon densirostris,Blainville's Beaked Whale,Artiodactyla,Ziphiidae,,none
Mesoplodon eueu,Ramari's Beaked Whale,Artiodactyla,Ziphiidae,,none
Mesoplodon europaeus,Gervais's Beaked Whale,Artiodactyla,Ziphiidae,,none
Mesoplodon ginkgodens,Ginkgo-toothed Beaked Whale,Artiodactyla,Ziphiidae,,none
Mesoplodon grayi,Gray's Beaked Whale,Artiodactyla,Ziphiidae,,none
Mesoplodon hectori,Hector's Beaked Whale,Artiodactyla,Ziphiidae,,none
Mesoplodon hotaula,Deraniyagala's Beaked Whale,Artiodactyla,Ziphiidae,,none
Mesoplodon layardii,Strap-toothed Whale,Artiodactyla,Ziphiidae,,none
Mesoplodon mirus,True's Beaked Whale,Artiodactyla,Ziphiidae,,none
Mesoplodon perrini,Perrin's Beaked Whale,Artiodactyla,Ziphiidae,,none
Mesoplodon peruvianus,Pygmy Beaked Whale,Artiodactyla,Ziphiidae,,none
Mesoplodon stejnegeri,Stejneger's Beaked Whale,Artiodactyla,Ziphiidae,,none
Mesoplodon traversii,Spade-toothed Whale,Artiodactyla,Ziphiidae,,none
Tasmacetus shepherdi,Shepherd's Beaked Whale,Artiodactyla,Ziphiidae,,none
Ziphius cavirostris,Cuvier's Beaked Whale,Artiodactyla,Ziphiidae,,none
Aepyceros melampus,Impala,Artiodactyla,Bovidae,Aepyceros melampus_Impala,exact
Alcelaphus buselaphus,Hartebeest,Artiodactyla,Bovidae,Alcelaphus buselaphus_Hartebeest,exact
Beatragus hunteri,Hirola,Artiodactyla,Bovidae,,none
Connochaetes gnou,Black Wildebeest,Artiodactyla,Bovidae,Connochaetes gnou_Black Wildebeest,exact
Connochaetes taurinus,Blue Wildebeest,Artiodactyla,Bovidae,Connochaetes taurinus_Common Wildebeest,exact
Damaliscus lunatus,Tsessebe,Artiodactyla,Bovidae,,none
Damaliscus pygargus,Bontebok,Artiodactyla,Bovidae,,none
Ammodorcas clarkei,Dibatag,Artiodactyla,Bovidae,,none
Antidorcas marsupialis,Springbok,Artiodactyla,Bovidae,,none
Antilope cervicapra,Blackbuck,Artiodactyla,Bovidae,,none
Eudorcas albonotata,Mongalla Gazelle,Artiodactyla,Bovidae,,none
Eudorcas rufifrons,Red-fronted Gazelle,Artiodactyla,Bovidae,,none
Eudorcas rufina,Red Gazelle,Artiodactyla,Bovidae,,none
Eudorcas thomsonii,Thomson's Gazelle,Artiodactyla,Bovidae,,none
Eudorcas tilonura,Eritrean Gazelle,Artiodactyla,Bovidae,,none
Gazella arabica,Arabian Gazelle,Artiodactyla,Bovidae,Gazella arabica_Arabian Gazelle,exact
Gazella bennettii,Chinkara,Artiodactyla,Bovidae,,none
Gazella cuvieri,Cuvier's Gazelle,Artiodactyla,Bovidae,,none
Gazella dorcas,Dorcas Gazelle,Artiodactyla,Bovidae,,none
Gazella gazella,Mountain Gazelle,Artiodactyla,Bovidae,,none
Gazella leptoceros,Slender-horned Gazelle,Artiodactyla,Bovidae,,none
Gazella marica,Sand Gazelle,Artiodactyla,Bovidae,,none
Gazella spekei,Speke's Gazelle,Artiodactyla,Bovidae,,none
Gazella subgutturosa,Goitered Gazelle,Artiodactyla,Bovidae,,none
Litocranius walleri,Gerenuk,Artiodactyla,Bovidae,,none
Nanger dama,Dama Gazelle,Artiodactyla,Bovidae,,none
Nanger granti,Grant's Gazelle,Artiodactyla,Bovidae,,none
Nanger notatus,Bright's Gazelle,Artiodactyla,Bovidae,,none
Nanger petersii,Peters's Gazelle,Artiodactyla,Bovidae,,none
Nanger soemmerringii,Soemmerring's Gazelle,Artiodactyla,Bovidae,,none
Saiga tatarica,Saiga,Artiodactyla,Bovidae,,none
Ourebia ourebi,Oribi,Artiodactyla,Bovidae,,none
Procapra gutturosa,Mongolian Gazelle,Artiodactyla,Bovidae,,none
Procapra picticaudata,Tibetan Gazelle,Artiodactyla,Bovidae,,none
Procapra przewalskii,Przewalski's Gazelle,Artiodactyla,Bovidae,,none
Dorcatragus megalotis,Beira,Artiodactyla,Bovidae,,none
Madoqua cavendishi,Naivasha Dik-dik,Artiodactyla,Bovidae,,none
Madoqua damarensis,Damara Dik-dik,Artiodactyla,Bovidae,,none
Madoqua guentheri,Guenther's Dik-dik,Artiodactyla,Bovidae,,none
Madoqua kirkii,Kirk's Dik-dik,Artiodactyla,Bovidae,,none
Madoqua piacentinii,Silver Dik-dik,Artiodactyla,Bovidae,,none
Madoqua saltiana,Salt's Dik-dik,Artiodactyla,Bovidae,,none
Madoqua thomasi,Ugogo Dik-dik,Artiodactyla,Bovidae,,none
Raphicerus campestris,Steenbok,Artiodactyla,Bovidae,,none
Raphicerus melanotis,Cape Grysbok,Artiodactyla,Bovidae,,none
Raphicerus sharpei,Sharpe's Grysbok,Artiodactyla,Bovidae,,none
Ammotragus lervia,Aoudad,Artiodactyla,Bovidae,Ammotragus lervia_Aoudad,exact
Arabitragus jayakari,Arabian Tahr,Artiodactyla,Bovidae,,none
Budorcas taxicolor,Himalayan Takin,Artiodactyla,Bovidae,,none
Budorcas tibetana,Chinese Takin,Artiodactyla,Bovidae,Budorcas tibetana_Chinese Takin,exact
Capra aegagrus,Wild Goat,Artiodactyla,Bovidae,,none
Capra caucasica,Kuban Tur,Artiodactyla,Bovidae,,none
Capra cylindricornis,Daghestan Tur,Artiodactyla,Bovidae,,none
Capra falconeri,Markhor,Artiodactyla,Bovidae,,none
Capra hircus,Domestic Goat,Artiodactyla,Bovidae,Capra hircus_Domestic Goat,exact
Capra ibex,Alpine Ibex,Artiodactyla,Bovidae,Capra ibex_Alpine Ibex,exact
Capra nubiana,Nubian Ibex,Artiodactyla,Bovidae,,none
Capra pyrenaica,Iberian Ibex,Artiodactyla,Bovidae,Capra pyrenaica_Iberian Ibex,exact
Capra sibirica,Siberian Ibex,Artiodactyla,Bovidae,,none
Capra walie,Walia Ibex,Artiodactyla,Bovidae,,none
Hemitragus jemlahicus,Himalayan Tahr,Artiodactyla,Bovidae,,none
Nilgiritragus hylocrius,Nilgiri Tahr,Artiodactyla,Bovidae,,none
Oreamnos americanus,Rocky Mountain Goat,Artiodactyla,Bovidae,Oreamnos americanus_Mountain Goat,exact
Ovis ammon,Argali,Artiodactyla,Bovidae,,none
Ovis aries,Domestic Sheep,Artiodactyla,Bovidae,Ovis aries_Domestic Sheep,exact
Ovis canadensis,Bighorn Sheep,Artiodactyla,Bovidae,Ovis canadensis_Bighorn Sheep,exact
Ovis dalli,Thinhorn Sheep,Artiodactyla,Bovidae,,none
Ovis gmelinii,Asian Mouflon,Artiodactyla,Bovidae,,none
Ovis nivicola,Snow Sheep,Artiodactyla,Bovidae,,none
Ovis vignei,Urial,Artiodactyla,Bovidae,,none
Pseudois nayaur,Blue Sheep,Artiodactyla,Bovidae,,none
Rupicapra pyrenaica,Southern Chamois,Artiodactyla,Bovidae,,none
Rupicapra rupicapra,Northern Chamois,Artiodactyla,Bovidae,Rupicapra rupicapra_Northern Chamois,exact
Capricornis crispus,Japanese Serow,Artiodactyla,Bovidae,,none
Capricornis rubidus,Red Serow,Artiodactyla,Bovidae,,none
Capricornis sumatraensis,Maned Serow,Artiodactyla,Bovidae,,none
Capricornis swinhoei,Formosan Serow,Artiodactyla,Bovidae,Capricornis swinhoei_Taiwan Serow,exact
Naemorhedus baileyi,Red Goral,Artiodactyla,Bovidae,,none
Naemorhedus caudatus,Long-tailed Goral,Artiodactyla,Bovidae,,none
Naemorhedus cranbrooki,Cranbrook's Goral,Artiodactyla,Bovidae,,none
Naemorhedus evansi,Burmese Goral,Artiodactyla,Bovidae,,none
Naemorhedus goral,Himalayan Goral,Artiodactyla,Bovidae,Naemorhedus goral_Grey Himalayan Goral,exact
Naemorhedus griseus,Chinese Goral,Artiodactyla,Bovidae,Naemorhedus griseus_Chinese Goral,exact
Ovibos moschatus,Muskox,Artiodactyla,Bovidae,,none
Pantholops hodgsonii,Chiru,Artiodactyla,Bovidae,,none
Cephalophorus brookei,Brooke's Duiker,Artiodactyla,Bovidae,,none
Cephalophorus callipygus,Peters's Duiker,Artiodactyla,Bovidae,,none
Cephalophorus kivuensis,Kivu Duiker,Artiodactyla,Bovidae,,none
Cephalophorus leucogaster,White-bellied Duiker,Artiodactyla,Bovidae,,none
Cephalophorus natalensis,Natal Red Duiker,Artiodactyla,Bovidae,Cephalophorus harveyi_Harvey's Duiker,synonym
Cephalophorus niger,Black Duiker,Artiodactyla,Bovidae,,none
Cephalophorus nigrifrons,Black-fronted Duiker,Artiodactyla,Bovidae,,none
Cephalophorus ogilbyi,Ogilby's Duiker,Artiodactyla,Bovidae,,none
Cephalophorus rubidus,Rwenzori Red Duiker,Artiodactyla,Bovidae,,none
Cephalophorus rufilatus,Red-flanked Duiker,Artiodactyla,Bovidae,,none
Cephalophorus weynsi,Weyns's Duiker,Artiodactyla,Bovidae,,none
Cephalophula zebra,Banded Duiker,Artiodactyla,Bovidae,,none
Cephalophus dorsalis,Bay Duiker,Artiodactyla,Bovidae,,none
Cephalophus jentinki,Jentink's Duiker,Artiodactyla,Bovidae,,none
Cephalophus silvicultor,Yellow-backed Duiker,Artiodactyla,Bovidae,,none
Cephalophus spadix,Abbott's Duiker,Artiodactyla,Bovidae,,none
Leucocephalophus adersi,Aders's Duiker,Artiodactyla,Bovidae,,none
Philantomba maxwellii,Maxwell's Duiker,Artiodactyla,Bovidae,,none
Philantomba monticola,Blue Duiker,Artiodactyla,Bovidae,,none
Philantomba walteri,Walter's Duiker,Artiodactyla,Bovidae,,none
Sylvicapra grimmia,Bush Duiker,Artiodactyla,Bovidae,,none
Addax nasomaculatus,Addax,Artiodactyla,Bovidae,,none
Hippotragus equinus,Roan Antelope,Artiodactyla,Bovidae,Hippotragus equinus_Roan Antelope,exact
Hippotragus leucophaeus,Bluebuck,Artiodactyla,Bovidae,,none
Hippotragus niger,Sable Antelope,Artiodactyla,Bovidae,Hippotragus niger_Sable Antelope,exact
Oryx beisa,Beisa Oryx,Artiodactyla,Bovidae,,none
Oryx dammah,Scimitar-horned Oryx,Artiodactyla,Bovidae,,none
Oryx gazella,Gemsbok,Artiodactyla,Bovidae,,none
Oryx leucoryx,Arabian Oryx,Artiodactyla,Bovidae,,none
Neotragus pygmaeus,Royal Antelope,Artiodactyla,Bovidae,,none
Nesotragus batesi,Dwarf Antelope,Artiodactyla,Bovidae,,none
Nesotragus moschatus,Suni,Artiodactyla,Bovidae,,none
Oreotragus oreotragus,Klipspringer,Artiodactyla,Bovidae,Oreotragus oreotragus_Klipspringer,exact
Kobus ellipsiprymnus,Waterbuck,Artiodactyla,Bovidae,,none
Kobus kob,Kob,Artiodactyla,Bovidae,,none
Kobus leche,Southern Lechwe,Artiodactyla,Bovidae,Kobus leche_Lechwe,exact
Kobus megaceros,Nile Lechwe,Artiodactyla,Bovidae,,none
Kobus vardonii,Puku,Artiodactyla,Bovidae,Kobus vardonii_Puku,exact
Pelea capreolus,Rhebok,Artiodactyla,Bovidae,Pelea capreolus_Grey Rhebok,exact
Redunca arundinum,Southern Reedbuck,Artiodactyla,Bovidae,Redunca arundinum_Southern Reedbuck,exact
Redunca fulvorufula,Mountain Reedbuck,Artiodactyla,Bovidae,Redunca fulvorufula_Mountain Reedbuck,exact
Redunca redunca,Bohor Reedbuck,Artiodactyla,Bovidae,,none
Boselaphus tragocamelus,Nilgai,Artiodactyla,Bovidae,,none
Tetracerus quadricornis,Chowsingha,Artiodactyla,Bovidae,,none
Bos bison,American Bison,Artiodactyla,Bovidae,Bison bison_American Bison,synonym
Bos bonasus,Wisent,Artiodactyla,Bovidae,Bison bonasus_European Bison,synonym
Bos frontalis,Gayal,Artiodactyla,Bovidae,,none
Bos gaurus,Gaur,Artiodactyla,Bovidae,Bos gaurus_Gaur,exact
Bos grunniens,Domestic Yak,Artiodactyla,Bovidae,,none
Bos javanicus,Banteng,Artiodactyla,Bovidae,,none
Bos mutus,Wild Yak,Artiodactyla,Bovidae,,none
Bos primigenius,Aurochs,Artiodactyla,Bovidae,,none
Bos sauveli,Kouprey,Artiodactyla,Bovidae,,none
Bos taurus,Domestic Cattle,Artiodactyla,Bovidae,Bos taurus_Domestic Cattle,exact
Bubalus arnee,Asian Wild Buffalo,Artiodactyla,Bovidae,,none
Bubalus bubalis,Water Buffalo,Artiodactyla,Bovidae,Bubalus bubalis_Domestic Water Buffalo,exact
Bubalus depressicornis,Lowland Anoa,Artiodactyla,Bovidae,,none
Bubalus mindorensis,Tamaraw,Artiodactyla,Bovidae,,none
Bubalus quarlesi,Mountain Anoa,Artiodactyla,Bovidae,,none
Syncerus caffer,Cape Buffalo,Artiodactyla,Bovidae,Syncerus caffer_African Buffalo,exact
Pseudoryx nghetinhensis,Saola,Artiodactyla,Bovidae,,none
Tragelaphus angasii,Nyala,Artiodactyla,Bovidae,,none
Tragelaphus buxtoni,Gedemsa,Artiodactyla,Bovidae,,none
Tragelaphus derbianus,Giant Eland,Artiodactyla,Bovidae,,none
Tragelaphus eurycerus,Bongo,Artiodactyla,Bovidae,,none
Tragelaphus imberbis,Lesser Kudu,Artiodactyla,Bovidae,,none
Tragelaphus oryx,Common Eland,Artiodactyla,Bovidae,Tragelaphus oryx_Common Eland,exact
Tragelaphus scriptus,Northern Bushbuck,Artiodactyla,Bovidae,Tragelaphus scriptus_Northern Bushbuck,exact
Tragelaphus spekii,Sitatunga,Artiodactyla,Bovidae,Tragelaphus spekii_Sitatunga,exact
Tragelaphus strepsiceros,Greater Kudu,Artiodactyla,Bovidae,Tragelaphus strepsiceros_Greater Kudu,exact
Tragelaphus sylvaticus,Southern Bushbuck,Artiodactyla,Bovidae,Tragelaphus sylvaticus_Southern Bushbuck,exact
Moschus anhuiensis,Anhui Musk-deer,Artiodactyla,Moschidae,,none
Moschus berezovskii,Forest Musk-deer,Artiodactyla,Moschidae,,none
Moschus chrysogaster,Alpine Musk-deer,Artiodactyla,Moschidae,,none
Moschus cupreus,Kashmir Musk-deer,Artiodactyla,Moschidae,,none
Moschus fuscus,Black Musk-deer,Artiodactyla,Moschidae,,none
Moschus leucogaster,Himalayan Musk-deer,Artiodactyla,Moschidae,,none
Moschus moschiferus,Siberian Musk-deer,Artiodactyla,Moschidae,Moschus moschiferus_Siberian Musk Deer,exact
Alces alces,Moose,Artiodactyla,Cervidae,Alces alces_Moose,exact
Capreolus capreolus,Western Roe Deer,Artiodactyla,Cervidae,Capreolus capreolus_Western Roe Deer,exact
Capreolus pygargus,Eastern Roe Deer,Artiodactyla,Cervidae,Capreolus pygargus_Eastern Roe Deer,exact
Hydropotes inermis,Water Deer,Artiodactyla,Cervidae,Hydropotes inermis_Water Deer,exact
Andinocervus rufinus,Northern Andean Red Brocket,Artiodactyla,Cervidae,,none
Bisbalus citus,Gray Brocket,Artiodactyla,Cervidae,,none
Blastocerus dichotomus,Marsh Deer,Artiodactyla,Cervidae,,none
Hippocamelus antisensis,Northern Huemul,Artiodactyla,Cervidae,,none
Hippocamelus bisulcus,Southern Huemul,Artiodactyla,Cervidae,,none
Mazama americana,Northwestern Red Brocket,Artiodactyla,Cervidae,,none
Mazama jucunda,Atlantic Forest Red Brocket,Artiodactyla,Cervidae,,none
Mazama nanus,Pygmy Red Brocket,Artiodactyla,Cervidae,,none
Mazama reperticia,Central American Red Brocket,Artiodactyla,Cervidae,,none
Mazama rufa,Southeastern Red Brocket,Artiodactyla,Cervidae,,none
Mazama temama,Mexican Red Brocket,Artiodactyla,Cervidae,Mazama temama_Mexican Red Brocket,exact
Mazama tschudii,Peruvian Brown Brocket,Artiodactyla,Cervidae,,none
Mazama zetta,Colombian Red Brocket,Artiodactyla,Cervidae,,none
Odocoileus hemionus,Mule Deer,Artiodactyla,Cervidae,Odocoileus hemionus_Mule Deer,exact
Odocoileus pandora,Yucatan Brown Brocket,Artiodactyla,Cervidae,,none
Odocoileus virginianus,White-tailed Deer,Artiodactyla,Cervidae,Odocoileus virginianus_White-tailed Deer,exact
Ozotoceros bezoarticus,Pampas Deer,Artiodactyla,Cervidae,Ozotoceros bezoarticus_Pampas Deer,exact
Passalites nemorivagus,Northern Brown Brocket,Artiodactyla,Cervidae,,none
Pudella carlae,Peruvian Yungas Pudu,Artiodactyla,Cervidae,,none
Pudella mephistophiles,Northern Pudu,Artiodactyla,Cervidae,,none
Pudu puda,Southern Pudu,Artiodactyla,Cervidae,Pudu puda_Southern Pudú,exact
Rangifer tarandus,Caribou,Artiodactyla,Cervidae,Rangifer tarandus_Caribou,exact
Subulo chunyi,South Andean Red Brocket,Artiodactyla,Cervidae,,none
Subulo gouazoubira,Southern Brown Brocket,Artiodactyla,Cervidae,,none
Axis axis,Chital,Artiodactyla,Cervidae,Axis axis_Chital,exact
Axis calamianensis,Calamian Deer,Artiodactyla,Cervidae,,none
Axis kuhlii,Bawean Deer,Artiodactyla,Cervidae,,none
Axis porcinus,Hog Deer,Artiodactyla,Cervidae,,none
Cervus albirostris,White-lipped Deer,Artiodactyla,Cervidae,,none
Cervus canadensis,Wapiti,Artiodactyla,Cervidae,Cervus canadensis_Wapiti,exact
Cervus elaphus,Western Red Deer,Artiodactyla,Cervidae,Cervus elaphus_Red Deer,exact
Cervus hanglu,Central Asian Red Deer,Artiodactyla,Cervidae,,none
Cervus nippon,Sika Deer,Artiodactyla,Cervidae,Cervus nippon_Sika Deer,exact
Dama dama,Common Fallow Deer,Artiodactyla,Cervidae,Dama dama_European Fallow Deer,exact
Dama mesopotamica,Persian Fallow Deer,Artiodactyla,Cervidae,,none
Elaphurus davidianus,Pere David's Deer,Artiodactyla,Cervidae,Elaphurus davidianus_Père David's Deer,exact
Rucervus duvaucelii,Barasingha,Artiodactyla,Cervidae,Rucervus duvaucelii_Barasingha,exact
Rucervus eldii,Brow-antlered Deer,Artiodactyla,Cervidae,Rucervus eldii_Eld's Deer,exact
Rucervus schomburgki,Schomburgk's Deer,Artiodactyla,Cervidae,,none
Rusa alfredi,Philippine Spotted Deer,Artiodactyla,Cervidae,,none
Rusa marianna,Philippine Brown Deer,Artiodactyla,Cervidae,,none
Rusa timorensis,Javan Deer,Artiodactyla,Cervidae,Rusa timorensis_Javan Rusa,exact
Rusa unicolor,Sambar,Artiodactyla,Cervidae,Rusa unicolor_Sambar,exact
Elaphodus cephalophus,Tufted Deer,Artiodactyla,Cervidae,,none
Muntiacus atherodes,Bornean Yellow Muntjac,Artiodactyla,Cervidae,,none
Muntiacus crinifrons,Black Muntjac,Artiodactyla,Cervidae,,none
Muntiacus feae,Fea's Muntjac,Artiodactyla,Cervidae,,none
Muntiacus gongshanensis,Gongshan Muntjac,Artiodactyla,Cervidae,,none
Muntiacus montanus,Sumatran Mountain Muntjac,Artiodactyla,Cervidae,,none
Muntiacus muntjak,Southern Red Muntjac,Artiodactyla,Cervidae,Muntiacus muntjak_Southern Red Muntjac,exact
Muntiacus puhoatensis,Puhoat Muntjac,Artiodactyla,Cervidae,,none
Muntiacus putaoensis,Leaf Muntjac,Artiodactyla,Cervidae,,none
Muntiacus reevesi,Reeves's Muntjac,Artiodactyla,Cervidae,Muntiacus reevesi_Reeves's Muntjac,exact
Muntiacus rooseveltorum,Roosevelts' Muntjac,Artiodactyla,Cervidae,,none
Muntiacus truongsonensis,Annamite Muntjac,Artiodactyla,Cervidae,,none
Muntiacus vaginalis,Northern Red Muntjac,Artiodactyla,Cervidae,Muntiacus vaginalis_Northern Red Muntjac,exact
Muntiacus vuquangensis,Giant Muntjac,Artiodactyla,Cervidae,,none
Giraffa camelopardalis,Northern Giraffe,Artiodactyla,Giraffidae,,none
Giraffa giraffa,Southern Giraffe,Artiodactyla,Giraffidae,,none
Giraffa reticulata,Reticulated Giraffe,Artiodactyla,Giraffidae,,none
Giraffa tippelskirchi,Maasai Giraffe,Artiodactyla,Giraffidae,,none
Okapia johnstoni,Okapi,Artiodactyla,Giraffidae,,none
Antilocapra americana,Pronghorn,Artiodactyla,Antilocapridae,Antilocapra americana_Pronghorn,exact
Hyemoschus aquaticus,Water Chevrotain,Artiodactyla,Tragulidae,,none
Moschiola indica,Indian Chevrotain,Artiodactyla,Tragulidae,,none
Moschiola kathygre,Yellow-striped Chevrotain,Artiodactyla,Tragulidae,,none
Moschiola meminna,White-spotted Chevrotain,Artiodactyla,Tragulidae,,none
Tragulus javanicus,Javan Chevrotain,Artiodactyla,Tragulidae,,none
Tragulus kanchil,Lesser Indo-Malayan Chevrotain,Artiodactyla,Tragulidae,,none
Tragulus napu,Greater Indo-Malayan Chevrotain,Artiodactyla,Tragulidae,,none
Tragulus nigricans,Balabac Chevrotain,Artiodactyla,Tragulidae,,none
Tragulus versicolor,Silver-backed Chevrotain,Artiodactyla,Tragulidae,,none
Tragulus williamsoni,Northern Chevrotain,Artiodactyla,Tragulidae,,none
Babyrousa babyrussa,Moluccan Babirusa,Artiodactyla,Suidae,,none
Babyrousa celebensis,Sulawesi Babirusa,Artiodactyla,Suidae,,none
Babyrousa togeanensis,Togian Babirusa,Artiodactyla,Suidae,,none
Phacochoerus aethiopicus,Desert Warthog,Artiodactyla,Suidae,,none
Phacochoerus africanus,Common Warthog,Artiodactyla,Suidae,Phacochoerus africanus_Common Warthog,exact
Hylochoerus meinertzhageni,Giant Forest Hog,Artiodactyla,Suidae,,none
Potamochoerus larvatus,Bushpig,Artiodactyla,Suidae,Potamochoerus larvatus_Bushpig,exact
Potamochoerus porcus,Red River Hog,Artiodactyla,Suidae,Potamochoerus porcus_Red River Hog,exact
Porcula salvania,Pygmy Hog,Artiodactyla,Suidae,,none
Sus ahoenobarbus,Palawan Bearded Pig,Artiodactyla,Suidae,,none
Sus barbatus,Bearded Pig,Artiodactyla,Suidae,,none
Sus cebifrons,Visayan Warty Pig,Artiodactyla,Suidae,,none
Sus celebensis,Sulawesi Warty Pig,Artiodactyla,Suidae,,none
Sus domesticus,Domestic Pig,Artiodactyla,Suidae,,none
Sus oliveri,Mindoro Warty Pig,Artiodactyla,Suidae,,none
Sus philippensis,Philippine Warty Pig,Artiodactyla,Suidae,,none
Sus scrofa,Eurasian Wild Pig,Artiodactyla,Suidae,Sus scrofa_Wild Boar,exact
Sus verrucosus,Javan Warty Pig,Artiodactyla,Suidae,,none
Dicotyles tajacu,Collared Peccary,Artiodactyla,Tayassuidae,Pecari tajacu_Collared Peccary,synonym
Parachoerus wagneri,Chacoan Peccary,Artiodactyla,Tayassuidae,,none
Tayassu pecari,White-lipped Peccary,Artiodactyla,Tayassuidae,Tayassu pecari_White-lipped Peccary,exact
Camelus bactrianus,Domestic Bactrian Camel,Artiodactyla,Camelidae,,none
Camelus dromedarius,Dromedary Camel,Artiodactyla,Camelidae,Camelus dromedarius_Dromedary Camel,exact
Camelus ferus,Wild Bactrian Camel,Artiodactyla,Camelidae,,none
Lama glama,Llama,Artiodactyla,Camelidae,Lama glama_Llama,exact
Lama guanicoe,Guanaco,Artiodactyla,Camelidae,Lama guanicoe_Guanaco,exact
Lama pacos,Alpaca,Artiodactyla,Camelidae,Lama pacos_Alpaca,exact
Lama vicugna,Vicuña,Artiodactyla,Camelidae,,none
